rho,scheme,latency_slots,mean,ci95_low,ci95_high
0.70,Legacy-20,0,0.0,0,0.0
0.70,Legacy-20,1,0.24689999999999998,0.23719515867645072,0.2566048413235492
0.70,Legacy-20,2,0.24714999999999998,0.23744402701850395,0.25685597298149604
0.70,Legacy-20,3,0.6588999999999999,0.649693569551701,0.6681064304482989
0.70,Legacy-20,4,0.65985,0.6505878842258185,0.6691121157741816
0.70,Legacy-20,5,0.89755,0.8943602604905009,0.900739739509499
0.70,Legacy-20,6,0.8981499999999999,0.895169997088813,0.9011300029111868
0.70,Legacy-20,7,0.9789999999999999,0.9762950399450664,0.9817049600549334
0.70,Legacy-20,8,0.9793499999999999,0.9766572486761675,0.9820427513238323
0.70,Legacy-20,9,0.9796,0.9768950399450665,0.9823049600549335
0.70,Legacy-20,10,0.9797,0.9770143031212629,0.9823856968787371
0.70,Legacy-20,11,0.97975,0.9770513223937337,0.9824486776062663
0.70,Legacy-20,12,0.9798,0.9771068779014569,0.9824931220985431
0.70,Legacy-20,13,0.97985,0.9771751063011189,0.9825248936988811
0.70,Legacy-20,14,0.9799,0.9772382030125856,0.9825617969874144
0.70,Legacy-20,15,0.98,0.9773247330514556,0.9826752669485443
0.70,Legacy-20,16,0.98,0.9773247330514556,0.9826752669485443
0.70,Legacy-20,17,0.98005,0.9773780941754933,0.9827219058245067
0.70,Legacy-20,18,0.98005,0.9773780941754933,0.9827219058245067
0.70,Legacy-20,19,0.98015,0.9774751063011189,0.982824893698881
0.70,Legacy-20,20,0.98015,0.9774751063011189,0.982824893698881
0.70,Legacy-20,21,0.98015,0.9774751063011189,0.982824893698881
0.70,Legacy-20,22,0.9802,0.977512816435913,0.9828871835640869
0.70,Legacy-20,23,0.9809,0.9780808079654991,0.9837191920345009
0.70,Legacy-20,24,0.9814,0.9783718034292002,0.9844281965707999
0.70,Legacy-20,25,0.9831500000000001,0.980093251933208,0.9862067480667922
0.70,Legacy-20,26,0.9847,0.9818978596866492,0.9875021403133508
0.70,Legacy-20,27,0.9866499999999999,0.984272321896496,0.9890276781035038
0.70,Legacy-20,28,0.98895,0.9868813157443197,0.9910186842556803
0.70,Legacy-20,29,0.99105,0.9897131131813675,0.9923868868186325
0.70,Legacy-20,30,0.99305,0.9924324106371638,0.9936675893628362
0.70,Legacy-20,31,0.99515,0.9943619326803461,0.9959380673196538
0.70,Legacy-20,32,0.9972500000000001,0.9965708133927305,0.9979291866072697
0.70,Legacy-20,33,0.9982000000000001,0.9976071573259404,0.9987928426740598
0.70,Legacy-20,34,0.99955,0.9992709285382814,0.9998290714617187
0.70,Legacy-20,35,0.9997,0.9995451990054238,0.9998548009945762
0.70,Legacy-20,36,0.99995,0.9998317687874501,1
0.70,Legacy-20,37,0.99995,0.9998317687874501,1
0.70,Legacy-20,38,0.99995,0.9998317687874501,1
0.70,Legacy-20,39,0.99995,0.9998317687874501,1
0.70,Legacy-20,40,0.99995,0.9998317687874501,1
0.70,Legacy-20,41,0.99995,0.9998317687874501,1
0.70,Legacy-20,42,0.99995,0.9998317687874501,1
0.70,Legacy-20,43,0.99995,0.9998317687874501,1
0.70,Legacy-20,44,0.99995,0.9998317687874501,1
0.70,Legacy-20,45,0.99995,0.9998317687874501,1
0.70,Legacy-20,46,0.99995,0.9998317687874501,1
0.70,Legacy-20,47,0.99995,0.9998317687874501,1
0.70,Legacy-20,48,0.99995,0.9998317687874501,1
0.70,Legacy-20,49,0.99995,0.9998317687874501,1
0.70,Legacy-20,50,0.99995,0.9998317687874501,1
0.70,Legacy-20,51,0.99995,0.9998317687874501,1
0.70,Legacy-20,52,0.99995,0.9998317687874501,1
0.70,Legacy-20,53,0.99995,0.9998317687874501,1
0.70,Legacy-20,54,0.99995,0.9998317687874501,1
0.70,Legacy-20,55,0.99995,0.9998317687874501,1
0.70,Legacy-20,56,0.99995,0.9998317687874501,1
0.70,Legacy-20,57,0.99995,0.9998317687874501,1
0.70,Legacy-20,58,0.99995,0.9998317687874501,1
0.70,Legacy-20,59,0.99995,0.9998317687874501,1
0.70,Legacy-20,60,0.99995,0.9998317687874501,1
0.70,Legacy-20,61,0.99995,0.9998317687874501,1
0.70,Legacy-20,62,0.99995,0.9998317687874501,1
0.70,Legacy-20,63,0.99995,0.9998317687874501,1
0.70,Legacy-20,64,0.99995,0.9998317687874501,1
0.70,Legacy-20,65,0.99995,0.9998317687874501,1
0.70,Legacy-20,66,0.99995,0.9998317687874501,1
0.70,Legacy-20,67,0.99995,0.9998317687874501,1
0.70,Legacy-20,68,0.99995,0.9998317687874501,1
0.70,Legacy-20,69,0.99995,0.9998317687874501,1
0.70,Legacy-20,70,0.99995,0.9998317687874501,1
0.70,Legacy-20,71,0.99995,0.9998317687874501,1
0.70,Legacy-20,72,0.99995,0.9998317687874501,1
0.70,Legacy-20,73,0.99995,0.9998317687874501,1
0.70,Legacy-20,74,0.99995,0.9998317687874501,1
0.70,Legacy-20,75,0.99995,0.9998317687874501,1
0.70,Legacy-20,76,0.99995,0.9998317687874501,1
0.70,Legacy-20,77,0.99995,0.9998317687874501,1
0.70,Legacy-20,78,0.99995,0.9998317687874501,1
0.70,Legacy-20,79,0.99995,0.9998317687874501,1
0.70,Legacy-20,80,0.99995,0.9998317687874501,1
0.70,Legacy-20,81,0.99995,0.9998317687874501,1
0.70,Legacy-20,82,0.99995,0.9998317687874501,1
0.70,Legacy-20,83,0.99995,0.9998317687874501,1
0.70,Legacy-20,84,0.99995,0.9998317687874501,1
0.70,Legacy-20,85,0.99995,0.9998317687874501,1
0.70,Legacy-20,86,0.99995,0.9998317687874501,1
0.70,Legacy-20,87,0.99995,0.9998317687874501,1
0.70,Legacy-20,88,0.99995,0.9998317687874501,1
0.70,Legacy-20,89,0.99995,0.9998317687874501,1
0.70,Legacy-20,90,0.99995,0.9998317687874501,1
0.70,Legacy-20,91,0.99995,0.9998317687874501,1
0.70,Legacy-20,92,0.99995,0.9998317687874501,1
0.70,Legacy-20,93,0.99995,0.9998317687874501,1
0.70,Legacy-20,94,0.99995,0.9998317687874501,1
0.70,Legacy-20,95,0.99995,0.9998317687874501,1
0.70,Legacy-20,96,0.99995,0.9998317687874501,1
0.70,Legacy-20,97,0.99995,0.9998317687874501,1
0.70,Legacy-20,98,0.99995,0.9998317687874501,1
0.70,Legacy-20,99,0.99995,0.9998317687874501,1
0.70,Legacy-20,100,0.99995,0.9998317687874501,1
0.70,Legacy-20,101,0.99995,0.9998317687874501,1
0.70,Legacy-20,102,0.99995,0.9998317687874501,1
0.70,Legacy-20,103,0.99995,0.9998317687874501,1
0.70,Legacy-20,104,0.99995,0.9998317687874501,1
0.70,Legacy-20,105,0.99995,0.9998317687874501,1
0.70,Legacy-20,106,0.99995,0.9998317687874501,1
0.70,Legacy-20,107,0.99995,0.9998317687874501,1
0.70,Legacy-20,108,0.99995,0.9998317687874501,1
0.70,Legacy-20,109,0.99995,0.9998317687874501,1
0.70,Legacy-20,110,0.99995,0.9998317687874501,1
0.70,Legacy-20,111,0.99995,0.9998317687874501,1
0.70,Legacy-20,112,0.99995,0.9998317687874501,1
0.70,Legacy-20,113,0.99995,0.9998317687874501,1
0.70,Legacy-20,114,0.99995,0.9998317687874501,1
0.70,Legacy-20,115,0.99995,0.9998317687874501,1
0.70,Legacy-20,116,0.99995,0.9998317687874501,1
0.70,Legacy-20,117,0.99995,0.9998317687874501,1
0.70,Legacy-20,118,0.99995,0.9998317687874501,1
0.70,Legacy-20,119,0.99995,0.9998317687874501,1
0.70,Legacy-20,120,0.99995,0.9998317687874501,1
0.70,Legacy-20,121,0.99995,0.9998317687874501,1
0.70,Legacy-20,122,0.99995,0.9998317687874501,1
0.70,Legacy-20,123,0.99995,0.9998317687874501,1
0.70,Legacy-20,124,0.99995,0.9998317687874501,1
0.70,Legacy-20,125,0.99995,0.9998317687874501,1
0.70,Legacy-20,126,0.99995,0.9998317687874501,1
0.70,Legacy-20,127,0.99995,0.9998317687874501,1
0.70,Legacy-20,128,0.99995,0.9998317687874501,1
0.70,Legacy-20,129,0.99995,0.9998317687874501,1
0.70,Legacy-20,130,0.99995,0.9998317687874501,1
0.70,Legacy-20,131,0.99995,0.9998317687874501,1
0.70,Legacy-20,132,0.99995,0.9998317687874501,1
0.70,Legacy-20,133,0.99995,0.9998317687874501,1
0.70,Legacy-20,134,0.99995,0.9998317687874501,1
0.70,Legacy-20,135,0.99995,0.9998317687874501,1
0.70,Legacy-20,136,0.99995,0.9998317687874501,1
0.70,Legacy-20,137,0.99995,0.9998317687874501,1
0.70,Legacy-20,138,0.99995,0.9998317687874501,1
0.70,Legacy-20,139,0.99995,0.9998317687874501,1
0.70,Legacy-20,140,0.99995,0.9998317687874501,1
0.70,Legacy-20,141,0.99995,0.9998317687874501,1
0.70,Legacy-20,142,0.99995,0.9998317687874501,1
0.70,Legacy-20,143,0.99995,0.9998317687874501,1
0.70,Legacy-20,144,0.99995,0.9998317687874501,1
0.70,Legacy-20,145,0.99995,0.9998317687874501,1
0.70,Legacy-20,146,0.99995,0.9998317687874501,1
0.70,Legacy-20,147,0.99995,0.9998317687874501,1
0.70,Legacy-20,148,0.99995,0.9998317687874501,1
0.70,Legacy-20,149,0.99995,0.9998317687874501,1
0.70,Legacy-20,150,0.99995,0.9998317687874501,1
0.70,Legacy-20,151,0.99995,0.9998317687874501,1
0.70,Legacy-20,152,0.99995,0.9998317687874501,1
0.70,Legacy-20,153,0.99995,0.9998317687874501,1
0.70,Legacy-20,154,0.99995,0.9998317687874501,1
0.70,Legacy-20,155,0.99995,0.9998317687874501,1
0.70,Legacy-20,156,0.99995,0.9998317687874501,1
0.70,Legacy-20,157,0.99995,0.9998317687874501,1
0.70,Legacy-20,158,0.99995,0.9998317687874501,1
0.70,Legacy-20,159,0.99995,0.9998317687874501,1
0.70,Legacy-20,160,0.99995,0.9998317687874501,1
0.70,Legacy-20,161,0.99995,0.9998317687874501,1
0.70,Legacy-20,162,0.99995,0.9998317687874501,1
0.70,Legacy-20,163,0.99995,0.9998317687874501,1
0.70,Legacy-20,164,0.99995,0.9998317687874501,1
0.70,Legacy-20,165,0.99995,0.9998317687874501,1
0.70,Legacy-20,166,0.99995,0.9998317687874501,1
0.70,Legacy-20,167,0.99995,0.9998317687874501,1
0.70,Legacy-20,168,0.99995,0.9998317687874501,1
0.70,Legacy-20,169,0.99995,0.9998317687874501,1
0.70,Legacy-20,170,0.99995,0.9998317687874501,1
0.70,Legacy-20,171,0.99995,0.9998317687874501,1
0.70,Legacy-20,172,0.99995,0.9998317687874501,1
0.70,Legacy-20,173,0.99995,0.9998317687874501,1
0.70,Legacy-20,174,0.99995,0.9998317687874501,1
0.70,Legacy-20,175,0.99995,0.9998317687874501,1
0.70,Legacy-20,176,0.99995,0.9998317687874501,1
0.70,Legacy-20,177,0.99995,0.9998317687874501,1
0.70,Legacy-20,178,0.99995,0.9998317687874501,1
0.70,Legacy-20,179,0.99995,0.9998317687874501,1
0.70,Legacy-20,180,0.99995,0.9998317687874501,1
0.70,Legacy-20,181,0.99995,0.9998317687874501,1
0.70,Legacy-20,182,0.99995,0.9998317687874501,1
0.70,Legacy-20,183,0.99995,0.9998317687874501,1
0.70,Legacy-20,184,0.99995,0.9998317687874501,1
0.70,Legacy-20,185,0.99995,0.9998317687874501,1
0.70,Legacy-20,186,0.99995,0.9998317687874501,1
0.70,Legacy-20,187,0.99995,0.9998317687874501,1
0.70,Legacy-20,188,0.99995,0.9998317687874501,1
0.70,Legacy-20,189,0.99995,0.9998317687874501,1
0.70,Legacy-20,190,0.99995,0.9998317687874501,1
0.70,Legacy-20,191,0.99995,0.9998317687874501,1
0.70,Legacy-20,192,0.99995,0.9998317687874501,1
0.70,Legacy-20,193,0.99995,0.9998317687874501,1
0.70,Legacy-20,194,0.99995,0.9998317687874501,1
0.70,Legacy-20,195,0.99995,0.9998317687874501,1
0.70,Legacy-20,196,0.99995,0.9998317687874501,1
0.70,Legacy-20,197,0.99995,0.9998317687874501,1
0.70,Legacy-20,198,0.99995,0.9998317687874501,1
0.70,Legacy-20,199,0.99995,0.9998317687874501,1
0.70,Legacy-20,200,0.99995,0.9998317687874501,1
0.70,Legacy-20,201,0.99995,0.9998317687874501,1
0.70,Legacy-20,202,0.99995,0.9998317687874501,1
0.70,Legacy-20,203,0.99995,0.9998317687874501,1
0.70,Legacy-20,204,0.99995,0.9998317687874501,1
0.70,Legacy-20,205,0.99995,0.9998317687874501,1
0.70,Legacy-20,206,0.99995,0.9998317687874501,1
0.70,Legacy-20,207,0.99995,0.9998317687874501,1
0.70,Legacy-20,208,0.99995,0.9998317687874501,1
0.70,Legacy-20,209,0.99995,0.9998317687874501,1
0.70,Legacy-20,210,0.99995,0.9998317687874501,1
0.70,Legacy-20,211,0.99995,0.9998317687874501,1
0.70,Legacy-20,212,0.99995,0.9998317687874501,1
0.70,Legacy-20,213,0.99995,0.9998317687874501,1
0.70,Legacy-20,214,0.99995,0.9998317687874501,1
0.70,Legacy-20,215,0.99995,0.9998317687874501,1
0.70,Legacy-20,216,0.99995,0.9998317687874501,1
0.70,Legacy-20,217,0.99995,0.9998317687874501,1
0.70,Legacy-20,218,0.99995,0.9998317687874501,1
0.70,Legacy-20,219,0.99995,0.9998317687874501,1
0.70,Legacy-20,220,0.99995,0.9998317687874501,1
0.70,Legacy-20,221,0.99995,0.9998317687874501,1
0.70,Legacy-20,222,0.99995,0.9998317687874501,1
0.70,Legacy-20,223,0.99995,0.9998317687874501,1
0.70,Legacy-20,224,0.99995,0.9998317687874501,1
0.70,Legacy-20,225,0.99995,0.9998317687874501,1
0.70,Legacy-20,226,0.99995,0.9998317687874501,1
0.70,Legacy-20,227,0.99995,0.9998317687874501,1
0.70,Legacy-20,228,0.99995,0.9998317687874501,1
0.70,Legacy-20,229,0.99995,0.9998317687874501,1
0.70,Legacy-20,230,0.99995,0.9998317687874501,1
0.70,Legacy-20,231,0.99995,0.9998317687874501,1
0.70,Legacy-20,232,0.99995,0.9998317687874501,1
0.70,Legacy-20,233,0.99995,0.9998317687874501,1
0.70,Legacy-20,234,0.99995,0.9998317687874501,1
0.70,Legacy-20,235,0.99995,0.9998317687874501,1
0.70,Legacy-20,236,0.99995,0.9998317687874501,1
0.70,Legacy-20,237,0.99995,0.9998317687874501,1
0.70,Legacy-20,238,0.99995,0.9998317687874501,1
0.70,Legacy-20,239,0.99995,0.9998317687874501,1
0.70,Legacy-20,240,0.99995,0.9998317687874501,1
0.70,Legacy-20,241,0.99995,0.9998317687874501,1
0.70,Legacy-20,242,0.99995,0.9998317687874501,1
0.70,Legacy-20,243,0.99995,0.9998317687874501,1
0.70,Legacy-20,244,0.99995,0.9998317687874501,1
0.70,Legacy-20,245,0.99995,0.9998317687874501,1
0.70,Legacy-20,246,0.99995,0.9998317687874501,1
0.70,Legacy-20,247,0.99995,0.9998317687874501,1
0.70,Legacy-20,248,0.99995,0.9998317687874501,1
0.70,Legacy-20,249,0.99995,0.9998317687874501,1
0.70,Legacy-20,250,0.99995,0.9998317687874501,1
0.70,Legacy-20,251,0.99995,0.9998317687874501,1
0.70,Legacy-20,252,0.99995,0.9998317687874501,1
0.70,Legacy-20,253,0.99995,0.9998317687874501,1
0.70,Legacy-20,254,0.99995,0.9998317687874501,1
0.70,Legacy-20,255,0.99995,0.9998317687874501,1
0.70,Legacy-20,256,0.99995,0.9998317687874501,1
0.70,Legacy-20,257,0.99995,0.9998317687874501,1
0.70,Legacy-20,258,0.99995,0.9998317687874501,1
0.70,Legacy-20,259,0.99995,0.9998317687874501,1
0.70,Legacy-20,260,0.99995,0.9998317687874501,1
0.70,Legacy-20,261,0.99995,0.9998317687874501,1
0.70,Legacy-20,262,0.99995,0.9998317687874501,1
0.70,Legacy-20,263,0.99995,0.9998317687874501,1
0.70,Legacy-20,264,0.99995,0.9998317687874501,1
0.70,Legacy-20,265,0.99995,0.9998317687874501,1
0.70,Legacy-20,266,0.99995,0.9998317687874501,1
0.70,Legacy-20,267,0.99995,0.9998317687874501,1
0.70,Legacy-20,268,0.99995,0.9998317687874501,1
0.70,Legacy-20,269,0.99995,0.9998317687874501,1
0.70,Legacy-20,270,0.99995,0.9998317687874501,1
0.70,Legacy-20,271,0.99995,0.9998317687874501,1
0.70,Legacy-20,272,0.99995,0.9998317687874501,1
0.70,Legacy-20,273,0.99995,0.9998317687874501,1
0.70,Legacy-20,274,0.99995,0.9998317687874501,1
0.70,Legacy-20,275,0.99995,0.9998317687874501,1
0.70,Legacy-20,276,0.99995,0.9998317687874501,1
0.70,Legacy-20,277,0.99995,0.9998317687874501,1
0.70,Legacy-20,278,0.99995,0.9998317687874501,1
0.70,Legacy-20,279,0.99995,0.9998317687874501,1
0.70,Legacy-20,280,0.99995,0.9998317687874501,1
0.70,Legacy-20,281,0.99995,0.9998317687874501,1
0.70,Legacy-20,282,0.99995,0.9998317687874501,1
0.70,Legacy-20,283,0.99995,0.9998317687874501,1
0.70,Legacy-20,284,0.99995,0.9998317687874501,1
0.70,Legacy-20,285,0.99995,0.9998317687874501,1
0.70,Legacy-20,286,0.99995,0.9998317687874501,1
0.70,Legacy-20,287,0.99995,0.9998317687874501,1
0.70,Legacy-20,288,0.99995,0.9998317687874501,1
0.70,Legacy-20,289,0.99995,0.9998317687874501,1
0.70,Legacy-20,290,0.99995,0.9998317687874501,1
0.70,Legacy-20,291,0.99995,0.9998317687874501,1
0.70,Legacy-20,292,0.99995,0.9998317687874501,1
0.70,Legacy-20,293,0.99995,0.9998317687874501,1
0.70,Legacy-20,294,0.99995,0.9998317687874501,1
0.70,Legacy-20,295,0.99995,0.9998317687874501,1
0.70,Legacy-20,296,0.99995,0.9998317687874501,1
0.70,Legacy-20,297,0.99995,0.9998317687874501,1
0.70,Legacy-20,298,0.99995,0.9998317687874501,1
0.70,Legacy-20,299,0.99995,0.9998317687874501,1
0.70,Legacy-20,300,0.99995,0.9998317687874501,1
0.70,Legacy-20,301,0.99995,0.9998317687874501,1
0.70,Legacy-20,302,0.99995,0.9998317687874501,1
0.70,Legacy-20,303,0.99995,0.9998317687874501,1
0.70,Legacy-20,304,0.99995,0.9998317687874501,1
0.70,Legacy-20,305,0.99995,0.9998317687874501,1
0.70,Legacy-20,306,0.99995,0.9998317687874501,1
0.70,Legacy-20,307,0.99995,0.9998317687874501,1
0.70,Legacy-20,308,0.99995,0.9998317687874501,1
0.70,Legacy-20,309,0.99995,0.9998317687874501,1
0.70,Legacy-20,310,0.99995,0.9998317687874501,1
0.70,Legacy-20,311,0.99995,0.9998317687874501,1
0.70,Legacy-20,312,0.99995,0.9998317687874501,1
0.70,Legacy-20,313,0.99995,0.9998317687874501,1
0.70,Legacy-20,314,0.99995,0.9998317687874501,1
0.70,Legacy-20,315,0.99995,0.9998317687874501,1
0.70,Legacy-20,316,0.99995,0.9998317687874501,1
0.70,Legacy-20,317,0.99995,0.9998317687874501,1
0.70,Legacy-20,318,0.99995,0.9998317687874501,1
0.70,Legacy-20,319,0.99995,0.9998317687874501,1
0.70,Legacy-20,320,0.99995,0.9998317687874501,1
0.70,Legacy-20,321,0.99995,0.9998317687874501,1
0.70,Legacy-20,322,0.99995,0.9998317687874501,1
0.70,Legacy-20,323,0.99995,0.9998317687874501,1
0.70,Legacy-20,324,0.99995,0.9998317687874501,1
0.70,Legacy-20,325,0.99995,0.9998317687874501,1
0.70,Legacy-20,326,0.99995,0.9998317687874501,1
0.70,Legacy-20,327,0.99995,0.9998317687874501,1
0.70,Legacy-20,328,0.99995,0.9998317687874501,1
0.70,Legacy-20,329,0.99995,0.9998317687874501,1
0.70,Legacy-20,330,0.99995,0.9998317687874501,1
0.70,Legacy-20,331,0.99995,0.9998317687874501,1
0.70,Legacy-20,332,0.99995,0.9998317687874501,1
0.70,Legacy-20,333,0.99995,0.9998317687874501,1
0.70,Legacy-20,334,0.99995,0.9998317687874501,1
0.70,Legacy-20,335,0.99995,0.9998317687874501,1
0.70,Legacy-20,336,0.99995,0.9998317687874501,1
0.70,Legacy-20,337,0.99995,0.9998317687874501,1
0.70,Legacy-20,338,0.99995,0.9998317687874501,1
0.70,Legacy-20,339,0.99995,0.9998317687874501,1
0.70,Legacy-20,340,0.99995,0.9998317687874501,1
0.70,Legacy-20,341,0.99995,0.9998317687874501,1
0.70,Legacy-20,342,0.99995,0.9998317687874501,1
0.70,Legacy-20,343,0.99995,0.9998317687874501,1
0.70,Legacy-20,344,0.99995,0.9998317687874501,1
0.70,Legacy-20,345,0.99995,0.9998317687874501,1
0.70,Legacy-20,346,0.99995,0.9998317687874501,1
0.70,Legacy-20,347,0.99995,0.9998317687874501,1
0.70,Legacy-20,348,0.99995,0.9998317687874501,1
0.70,Legacy-20,349,0.99995,0.9998317687874501,1
0.70,Legacy-20,350,0.99995,0.9998317687874501,1
0.70,Legacy-20,351,0.99995,0.9998317687874501,1
0.70,Legacy-20,352,0.99995,0.9998317687874501,1
0.70,Legacy-20,353,0.99995,0.9998317687874501,1
0.70,Legacy-20,354,0.99995,0.9998317687874501,1
0.70,Legacy-20,355,0.99995,0.9998317687874501,1
0.70,Legacy-20,356,0.99995,0.9998317687874501,1
0.70,Legacy-20,357,0.99995,0.9998317687874501,1
0.70,Legacy-20,358,0.99995,0.9998317687874501,1
0.70,Legacy-20,359,0.99995,0.9998317687874501,1
0.70,Legacy-20,360,0.99995,0.9998317687874501,1
0.70,Legacy-20,361,0.99995,0.9998317687874501,1
0.70,Legacy-20,362,0.99995,0.9998317687874501,1
0.70,Legacy-20,363,0.99995,0.9998317687874501,1
0.70,Legacy-20,364,0.99995,0.9998317687874501,1
0.70,Legacy-20,365,0.99995,0.9998317687874501,1
0.70,Legacy-20,366,0.99995,0.9998317687874501,1
0.70,Legacy-20,367,0.99995,0.9998317687874501,1
0.70,Legacy-20,368,0.99995,0.9998317687874501,1
0.70,Legacy-20,369,0.99995,0.9998317687874501,1
0.70,Legacy-20,370,0.99995,0.9998317687874501,1
0.70,Legacy-20,371,0.99995,0.9998317687874501,1
0.70,Legacy-20,372,0.99995,0.9998317687874501,1
0.70,Legacy-20,373,0.99995,0.9998317687874501,1
0.70,Legacy-20,374,0.99995,0.9998317687874501,1
0.70,Legacy-20,375,0.99995,0.9998317687874501,1
0.70,Legacy-20,376,0.99995,0.9998317687874501,1
0.70,Legacy-20,377,0.99995,0.9998317687874501,1
0.70,Legacy-20,378,0.99995,0.9998317687874501,1
0.70,Legacy-20,379,0.99995,0.9998317687874501,1
0.70,Legacy-20,380,0.99995,0.9998317687874501,1
0.70,Legacy-20,381,0.99995,0.9998317687874501,1
0.70,Legacy-20,382,0.99995,0.9998317687874501,1
0.70,Legacy-20,383,0.99995,0.9998317687874501,1
0.70,Legacy-20,384,0.99995,0.9998317687874501,1
0.70,Legacy-20,385,0.99995,0.9998317687874501,1
0.70,Legacy-20,386,0.99995,0.9998317687874501,1
0.70,Legacy-20,387,0.99995,0.9998317687874501,1
0.70,Legacy-20,388,0.99995,0.9998317687874501,1
0.70,Legacy-20,389,0.99995,0.9998317687874501,1
0.70,Legacy-20,390,0.99995,0.9998317687874501,1
0.70,Legacy-20,391,0.99995,0.9998317687874501,1
0.70,Legacy-20,392,0.99995,0.9998317687874501,1
0.70,Legacy-20,393,0.99995,0.9998317687874501,1
0.70,Legacy-20,394,0.99995,0.9998317687874501,1
0.70,Legacy-20,395,0.99995,0.9998317687874501,1
0.70,Legacy-20,396,0.99995,0.9998317687874501,1
0.70,Legacy-20,397,0.99995,0.9998317687874501,1
0.70,Legacy-20,398,0.99995,0.9998317687874501,1
0.70,Legacy-20,399,0.99995,0.9998317687874501,1
0.70,Legacy-20,400,0.99995,0.9998317687874501,1
0.70,Legacy-20,401,0.99995,0.9998317687874501,1
0.70,Legacy-20,402,0.99995,0.9998317687874501,1
0.70,Legacy-20,403,0.99995,0.9998317687874501,1
0.70,Legacy-20,404,0.99995,0.9998317687874501,1
0.70,Legacy-20,405,0.99995,0.9998317687874501,1
0.70,Legacy-20,406,0.99995,0.9998317687874501,1
0.70,Legacy-20,407,0.99995,0.9998317687874501,1
0.70,Legacy-20,408,0.99995,0.9998317687874501,1
0.70,Legacy-20,409,0.99995,0.9998317687874501,1
0.70,Legacy-20,410,0.99995,0.9998317687874501,1
0.70,Legacy-20,411,0.99995,0.9998317687874501,1
0.70,Legacy-20,412,0.99995,0.9998317687874501,1
0.70,Legacy-20,413,0.99995,0.9998317687874501,1
0.70,Legacy-20,414,0.99995,0.9998317687874501,1
0.70,Legacy-20,415,0.99995,0.9998317687874501,1
0.70,Legacy-20,416,0.99995,0.9998317687874501,1
0.70,Legacy-20,417,0.99995,0.9998317687874501,1
0.70,Legacy-20,418,0.99995,0.9998317687874501,1
0.70,Legacy-20,419,0.99995,0.9998317687874501,1
0.70,Legacy-20,420,0.99995,0.9998317687874501,1
0.70,Legacy-20,421,0.99995,0.9998317687874501,1
0.70,Legacy-20,422,0.99995,0.9998317687874501,1
0.70,Legacy-20,423,0.99995,0.9998317687874501,1
0.70,Legacy-20,424,0.99995,0.9998317687874501,1
0.70,Legacy-20,425,0.99995,0.9998317687874501,1
0.70,Legacy-20,426,0.99995,0.9998317687874501,1
0.70,Legacy-20,427,0.99995,0.9998317687874501,1
0.70,Legacy-20,428,0.99995,0.9998317687874501,1
0.70,Legacy-20,429,0.99995,0.9998317687874501,1
0.70,Legacy-20,430,0.99995,0.9998317687874501,1
0.70,Legacy-20,431,0.99995,0.9998317687874501,1
0.70,Legacy-20,432,0.99995,0.9998317687874501,1
0.70,Legacy-20,433,0.99995,0.9998317687874501,1
0.70,Legacy-20,434,0.99995,0.9998317687874501,1
0.70,Legacy-20,435,0.99995,0.9998317687874501,1
0.70,Legacy-20,436,0.99995,0.9998317687874501,1
0.70,Legacy-20,437,0.99995,0.9998317687874501,1
0.70,Legacy-20,438,0.99995,0.9998317687874501,1
0.70,Legacy-20,439,0.99995,0.9998317687874501,1
0.70,Legacy-20,440,0.99995,0.9998317687874501,1
0.70,Legacy-20,441,0.99995,0.9998317687874501,1
0.70,Legacy-20,442,0.99995,0.9998317687874501,1
0.70,Legacy-20,443,0.99995,0.9998317687874501,1
0.70,Legacy-20,444,0.99995,0.9998317687874501,1
0.70,Legacy-20,445,0.99995,0.9998317687874501,1
0.70,Legacy-20,446,0.99995,0.9998317687874501,1
0.70,Legacy-20,447,0.99995,0.9998317687874501,1
0.70,Legacy-20,448,0.99995,0.9998317687874501,1
0.70,Legacy-20,449,0.99995,0.9998317687874501,1
0.70,Legacy-20,450,0.99995,0.9998317687874501,1
0.70,Legacy-20,451,0.99995,0.9998317687874501,1
0.70,Legacy-20,452,0.99995,0.9998317687874501,1
0.70,Legacy-20,453,0.99995,0.9998317687874501,1
0.70,Legacy-20,454,0.99995,0.9998317687874501,1
0.70,Legacy-20,455,0.99995,0.9998317687874501,1
0.70,Legacy-20,456,0.99995,0.9998317687874501,1
0.70,Legacy-20,457,0.99995,0.9998317687874501,1
0.70,Legacy-20,458,0.99995,0.9998317687874501,1
0.70,Legacy-20,459,0.99995,0.9998317687874501,1
0.70,Legacy-20,460,0.99995,0.9998317687874501,1
0.70,Legacy-20,461,0.99995,0.9998317687874501,1
0.70,Legacy-20,462,0.99995,0.9998317687874501,1
0.70,Legacy-20,463,0.99995,0.9998317687874501,1
0.70,Legacy-20,464,0.99995,0.9998317687874501,1
0.70,Legacy-20,465,0.99995,0.9998317687874501,1
0.70,Legacy-20,466,0.99995,0.9998317687874501,1
0.70,Legacy-20,467,0.99995,0.9998317687874501,1
0.70,Legacy-20,468,0.99995,0.9998317687874501,1
0.70,Legacy-20,469,0.99995,0.9998317687874501,1
0.70,Legacy-20,470,0.99995,0.9998317687874501,1
0.70,Legacy-20,471,0.99995,0.9998317687874501,1
0.70,Legacy-20,472,0.99995,0.9998317687874501,1
0.70,Legacy-20,473,0.99995,0.9998317687874501,1
0.70,Legacy-20,474,0.99995,0.9998317687874501,1
0.70,Legacy-20,475,0.99995,0.9998317687874501,1
0.70,Legacy-20,476,0.99995,0.9998317687874501,1
0.70,Legacy-20,477,0.99995,0.9998317687874501,1
0.70,Legacy-20,478,0.99995,0.9998317687874501,1
0.70,Legacy-20,479,0.99995,0.9998317687874501,1
0.70,Legacy-20,480,0.99995,0.9998317687874501,1
0.70,Legacy-20,481,0.99995,0.9998317687874501,1
0.70,Legacy-20,482,0.99995,0.9998317687874501,1
0.70,Legacy-20,483,0.99995,0.9998317687874501,1
0.70,Legacy-20,484,0.99995,0.9998317687874501,1
0.70,Legacy-20,485,0.99995,0.9998317687874501,1
0.70,Legacy-20,486,0.99995,0.9998317687874501,1
0.70,Legacy-20,487,0.99995,0.9998317687874501,1
0.70,Legacy-20,488,0.99995,0.9998317687874501,1
0.70,Legacy-20,489,0.99995,0.9998317687874501,1
0.70,Legacy-20,490,0.99995,0.9998317687874501,1
0.70,Legacy-20,491,0.99995,0.9998317687874501,1
0.70,Legacy-20,492,0.99995,0.9998317687874501,1
0.70,Legacy-20,493,0.99995,0.9998317687874501,1
0.70,Legacy-20,494,0.99995,0.9998317687874501,1
0.70,Legacy-20,495,0.99995,0.9998317687874501,1
0.70,Legacy-20,496,0.99995,0.9998317687874501,1
0.70,Legacy-20,497,0.99995,0.9998317687874501,1
0.70,Legacy-20,498,0.99995,0.9998317687874501,1
0.70,Legacy-20,499,0.99995,0.9998317687874501,1
0.70,Legacy-20,500,0.99995,0.9998317687874501,1
0.70,Legacy-20,501,0.99995,0.9998317687874501,1
0.70,Legacy-20,502,0.99995,0.9998317687874501,1
0.70,Legacy-20,503,0.99995,0.9998317687874501,1
0.70,Legacy-20,504,0.99995,0.9998317687874501,1
0.70,Legacy-20,505,0.99995,0.9998317687874501,1
0.70,Legacy-20,506,0.99995,0.9998317687874501,1
0.70,Legacy-20,507,0.99995,0.9998317687874501,1
0.70,Legacy-20,508,0.99995,0.9998317687874501,1
0.70,Legacy-20,509,0.99995,0.9998317687874501,1
0.70,Legacy-20,510,0.99995,0.9998317687874501,1
0.70,Legacy-20,511,0.99995,0.9998317687874501,1
0.70,Legacy-20,512,0.99995,0.9998317687874501,1
0.70,Legacy-20,513,0.99995,0.9998317687874501,1
0.70,Legacy-20,514,0.99995,0.9998317687874501,1
0.70,Legacy-20,515,0.99995,0.9998317687874501,1
0.70,Legacy-20,516,0.99995,0.9998317687874501,1
0.70,Legacy-20,517,0.99995,0.9998317687874501,1
0.70,Legacy-20,518,0.99995,0.9998317687874501,1
0.70,Legacy-20,519,0.99995,0.9998317687874501,1
0.70,Legacy-20,520,0.99995,0.9998317687874501,1
0.70,Legacy-20,521,0.99995,0.9998317687874501,1
0.70,Legacy-20,522,0.99995,0.9998317687874501,1
0.70,Legacy-20,523,0.99995,0.9998317687874501,1
0.70,Legacy-20,524,0.99995,0.9998317687874501,1
0.70,Legacy-20,525,0.99995,0.9998317687874501,1
0.70,Legacy-20,526,0.99995,0.9998317687874501,1
0.70,Legacy-20,527,0.99995,0.9998317687874501,1
0.70,Legacy-20,528,0.99995,0.9998317687874501,1
0.70,Legacy-20,529,0.99995,0.9998317687874501,1
0.70,Legacy-20,530,0.99995,0.9998317687874501,1
0.70,Legacy-20,531,0.99995,0.9998317687874501,1
0.70,Legacy-20,532,0.99995,0.9998317687874501,1
0.70,Legacy-20,533,0.99995,0.9998317687874501,1
0.70,Legacy-20,534,0.99995,0.9998317687874501,1
0.70,Legacy-20,535,0.99995,0.9998317687874501,1
0.70,Legacy-20,536,0.99995,0.9998317687874501,1
0.70,Legacy-20,537,0.99995,0.9998317687874501,1
0.70,Legacy-20,538,0.99995,0.9998317687874501,1
0.70,Legacy-20,539,0.99995,0.9998317687874501,1
0.70,Legacy-20,540,0.99995,0.9998317687874501,1
0.70,Legacy-20,541,0.99995,0.9998317687874501,1
0.70,Legacy-20,542,0.99995,0.9998317687874501,1
0.70,Legacy-20,543,0.99995,0.9998317687874501,1
0.70,Legacy-20,544,0.99995,0.9998317687874501,1
0.70,Legacy-20,545,0.99995,0.9998317687874501,1
0.70,Legacy-20,546,0.99995,0.9998317687874501,1
0.70,Legacy-20,547,0.99995,0.9998317687874501,1
0.70,Legacy-20,548,0.99995,0.9998317687874501,1
0.70,Legacy-20,549,0.99995,0.9998317687874501,1
0.70,Legacy-20,550,0.99995,0.9998317687874501,1
0.70,Legacy-20,551,0.99995,0.9998317687874501,1
0.70,Legacy-20,552,0.99995,0.9998317687874501,1
0.70,Legacy-20,553,0.99995,0.9998317687874501,1
0.70,Legacy-20,554,0.99995,0.9998317687874501,1
0.70,Legacy-20,555,0.99995,0.9998317687874501,1
0.70,Legacy-20,556,0.99995,0.9998317687874501,1
0.70,Legacy-20,557,0.99995,0.9998317687874501,1
0.70,Legacy-20,558,0.99995,0.9998317687874501,1
0.70,Legacy-20,559,0.99995,0.9998317687874501,1
0.70,Legacy-20,560,0.99995,0.9998317687874501,1
0.70,Legacy-20,561,0.99995,0.9998317687874501,1
0.70,Legacy-20,562,0.99995,0.9998317687874501,1
0.70,Legacy-20,563,0.99995,0.9998317687874501,1
0.70,Legacy-20,564,0.99995,0.9998317687874501,1
0.70,Legacy-20,565,0.99995,0.9998317687874501,1
0.70,Legacy-20,566,0.99995,0.9998317687874501,1
0.70,Legacy-20,567,0.99995,0.9998317687874501,1
0.70,Legacy-20,568,0.99995,0.9998317687874501,1
0.70,Legacy-20,569,0.99995,0.9998317687874501,1
0.70,Legacy-20,570,0.99995,0.9998317687874501,1
0.70,Legacy-20,571,0.99995,0.9998317687874501,1
0.70,Legacy-20,572,0.99995,0.9998317687874501,1
0.70,Legacy-20,573,0.99995,0.9998317687874501,1
0.70,Legacy-20,574,0.99995,0.9998317687874501,1
0.70,Legacy-20,575,0.99995,0.9998317687874501,1
0.70,Legacy-20,576,0.99995,0.9998317687874501,1
0.70,Legacy-20,577,0.99995,0.9998317687874501,1
0.70,Legacy-20,578,0.99995,0.9998317687874501,1
0.70,Legacy-20,579,0.99995,0.9998317687874501,1
0.70,Legacy-20,580,0.99995,0.9998317687874501,1
0.70,Legacy-20,581,0.99995,0.9998317687874501,1
0.70,Legacy-20,582,0.99995,0.9998317687874501,1
0.70,Legacy-20,583,0.99995,0.9998317687874501,1
0.70,Legacy-20,584,0.99995,0.9998317687874501,1
0.70,Legacy-20,585,0.99995,0.9998317687874501,1
0.70,Legacy-20,586,0.99995,0.9998317687874501,1
0.70,Legacy-20,587,0.99995,0.9998317687874501,1
0.70,Legacy-20,588,0.99995,0.9998317687874501,1
0.70,Legacy-20,589,0.99995,0.9998317687874501,1
0.70,Legacy-20,590,0.99995,0.9998317687874501,1
0.70,Legacy-20,591,0.99995,0.9998317687874501,1
0.70,Legacy-20,592,0.99995,0.9998317687874501,1
0.70,Legacy-20,593,0.99995,0.9998317687874501,1
0.70,Legacy-20,594,0.99995,0.9998317687874501,1
0.70,Legacy-20,595,0.99995,0.9998317687874501,1
0.70,Legacy-20,596,0.99995,0.9998317687874501,1
0.70,Legacy-20,597,0.99995,0.9998317687874501,1
0.70,Legacy-20,598,0.99995,0.9998317687874501,1
0.70,Legacy-20,599,0.99995,0.9998317687874501,1
0.70,Legacy-20,600,0.99995,0.9998317687874501,1
0.70,Legacy-20,601,0.99995,0.9998317687874501,1
0.70,Legacy-20,602,0.99995,0.9998317687874501,1
0.70,Legacy-20,603,0.99995,0.9998317687874501,1
0.70,Legacy-20,604,0.99995,0.9998317687874501,1
0.70,Legacy-20,605,0.99995,0.9998317687874501,1
0.70,Legacy-20,606,0.99995,0.9998317687874501,1
0.70,Legacy-20,607,0.99995,0.9998317687874501,1
0.70,Legacy-20,608,0.99995,0.9998317687874501,1
0.70,Legacy-20,609,0.99995,0.9998317687874501,1
0.70,Legacy-20,610,0.99995,0.9998317687874501,1
0.70,Legacy-20,611,0.99995,0.9998317687874501,1
0.70,Legacy-20,612,0.99995,0.9998317687874501,1
0.70,Legacy-20,613,0.99995,0.9998317687874501,1
0.70,Legacy-20,614,0.99995,0.9998317687874501,1
0.70,Legacy-20,615,0.99995,0.9998317687874501,1
0.70,Legacy-20,616,0.99995,0.9998317687874501,1
0.70,Legacy-20,617,0.99995,0.9998317687874501,1
0.70,Legacy-20,618,0.99995,0.9998317687874501,1
0.70,Legacy-20,619,0.99995,0.9998317687874501,1
0.70,Legacy-20,620,0.99995,0.9998317687874501,1
0.70,Legacy-20,621,0.99995,0.9998317687874501,1
0.70,Legacy-20,622,0.99995,0.9998317687874501,1
0.70,Legacy-20,623,0.99995,0.9998317687874501,1
0.70,Legacy-20,624,0.99995,0.9998317687874501,1
0.70,Legacy-20,625,0.99995,0.9998317687874501,1
0.70,Legacy-20,626,0.99995,0.9998317687874501,1
0.70,Legacy-20,627,0.99995,0.9998317687874501,1
0.70,Legacy-20,628,0.99995,0.9998317687874501,1
0.70,Legacy-20,629,0.99995,0.9998317687874501,1
0.70,Legacy-20,630,0.99995,0.9998317687874501,1
0.70,Legacy-20,631,0.99995,0.9998317687874501,1
0.70,Legacy-20,632,0.99995,0.9998317687874501,1
0.70,Legacy-20,633,0.99995,0.9998317687874501,1
0.70,Legacy-20,634,0.99995,0.9998317687874501,1
0.70,Legacy-20,635,0.99995,0.9998317687874501,1
0.70,Legacy-20,636,0.99995,0.9998317687874501,1
0.70,Legacy-20,637,0.99995,0.9998317687874501,1
0.70,Legacy-20,638,0.99995,0.9998317687874501,1
0.70,Legacy-20,639,0.99995,0.9998317687874501,1
0.70,Legacy-20,640,0.99995,0.9998317687874501,1
0.70,Legacy-20,641,0.99995,0.9998317687874501,1
0.70,Legacy-20,642,0.99995,0.9998317687874501,1
0.70,Legacy-20,643,0.99995,0.9998317687874501,1
0.70,Legacy-20,644,0.99995,0.9998317687874501,1
0.70,Legacy-20,645,0.99995,0.9998317687874501,1
0.70,Legacy-20,646,0.99995,0.9998317687874501,1
0.70,Legacy-20,647,0.99995,0.9998317687874501,1
0.70,Legacy-20,648,0.99995,0.9998317687874501,1
0.70,Legacy-20,649,0.99995,0.9998317687874501,1
0.70,Legacy-20,650,0.99995,0.9998317687874501,1
0.70,Legacy-20,651,0.99995,0.9998317687874501,1
0.70,Legacy-20,652,0.99995,0.9998317687874501,1
0.70,Legacy-20,653,0.99995,0.9998317687874501,1
0.70,Legacy-20,654,0.99995,0.9998317687874501,1
0.70,Legacy-20,655,0.99995,0.9998317687874501,1
0.70,Legacy-20,656,0.99995,0.9998317687874501,1
0.70,Legacy-20,657,0.99995,0.9998317687874501,1
0.70,Legacy-20,658,0.99995,0.9998317687874501,1
0.70,Legacy-20,659,0.99995,0.9998317687874501,1
0.70,Legacy-20,660,0.99995,0.9998317687874501,1
0.70,Legacy-20,661,0.99995,0.9998317687874501,1
0.70,Legacy-20,662,0.99995,0.9998317687874501,1
0.70,Legacy-20,663,0.99995,0.9998317687874501,1
0.70,Legacy-20,664,0.99995,0.9998317687874501,1
0.70,Legacy-20,665,0.99995,0.9998317687874501,1
0.70,Legacy-20,666,0.99995,0.9998317687874501,1
0.70,Legacy-20,667,0.99995,0.9998317687874501,1
0.70,Legacy-20,668,0.99995,0.9998317687874501,1
0.70,Legacy-20,669,0.99995,0.9998317687874501,1
0.70,Legacy-20,670,0.99995,0.9998317687874501,1
0.70,Legacy-20,671,0.99995,0.9998317687874501,1
0.70,Legacy-20,672,0.99995,0.9998317687874501,1
0.70,Legacy-20,673,0.99995,0.9998317687874501,1
0.70,Legacy-20,674,0.99995,0.9998317687874501,1
0.70,Legacy-20,675,0.99995,0.9998317687874501,1
0.70,Legacy-20,676,0.99995,0.9998317687874501,1
0.70,Legacy-20,677,0.99995,0.9998317687874501,1
0.70,Legacy-20,678,0.99995,0.9998317687874501,1
0.70,Legacy-20,679,0.99995,0.9998317687874501,1
0.70,Legacy-20,680,0.99995,0.9998317687874501,1
0.70,Legacy-20,681,0.99995,0.9998317687874501,1
0.70,Legacy-20,682,0.99995,0.9998317687874501,1
0.70,Legacy-20,683,0.99995,0.9998317687874501,1
0.70,Legacy-20,684,0.99995,0.9998317687874501,1
0.70,Legacy-20,685,0.99995,0.9998317687874501,1
0.70,Legacy-20,686,0.99995,0.9998317687874501,1
0.70,Legacy-20,687,0.99995,0.9998317687874501,1
0.70,Legacy-20,688,0.99995,0.9998317687874501,1
0.70,Legacy-20,689,0.99995,0.9998317687874501,1
0.70,Legacy-20,690,0.99995,0.9998317687874501,1
0.70,Legacy-20,691,0.99995,0.9998317687874501,1
0.70,Legacy-20,692,0.99995,0.9998317687874501,1
0.70,Legacy-20,693,0.99995,0.9998317687874501,1
0.70,Legacy-20,694,0.99995,0.9998317687874501,1
0.70,Legacy-20,695,0.99995,0.9998317687874501,1
0.70,Legacy-20,696,0.99995,0.9998317687874501,1
0.70,Legacy-20,697,0.99995,0.9998317687874501,1
0.70,Legacy-20,698,0.99995,0.9998317687874501,1
0.70,Legacy-20,699,0.99995,0.9998317687874501,1
0.70,Legacy-20,700,0.99995,0.9998317687874501,1
0.70,Legacy-20,701,0.99995,0.9998317687874501,1
0.70,Legacy-20,702,0.99995,0.9998317687874501,1
0.70,Legacy-20,703,0.99995,0.9998317687874501,1
0.70,Legacy-20,704,0.99995,0.9998317687874501,1
0.70,Legacy-20,705,0.99995,0.9998317687874501,1
0.70,Legacy-20,706,0.99995,0.9998317687874501,1
0.70,Legacy-20,707,0.99995,0.9998317687874501,1
0.70,Legacy-20,708,0.99995,0.9998317687874501,1
0.70,Legacy-20,709,0.99995,0.9998317687874501,1
0.70,Legacy-20,710,0.99995,0.9998317687874501,1
0.70,Legacy-20,711,0.99995,0.9998317687874501,1
0.70,Legacy-20,712,0.99995,0.9998317687874501,1
0.70,Legacy-20,713,0.99995,0.9998317687874501,1
0.70,Legacy-20,714,0.99995,0.9998317687874501,1
0.70,Legacy-20,715,0.99995,0.9998317687874501,1
0.70,Legacy-20,716,0.99995,0.9998317687874501,1
0.70,Legacy-20,717,0.99995,0.9998317687874501,1
0.70,Legacy-20,718,0.99995,0.9998317687874501,1
0.70,Legacy-20,719,0.99995,0.9998317687874501,1
0.70,Legacy-20,720,0.99995,0.9998317687874501,1
0.70,Legacy-20,721,0.99995,0.9998317687874501,1
0.70,Legacy-20,722,0.99995,0.9998317687874501,1
0.70,Legacy-20,723,0.99995,0.9998317687874501,1
0.70,Legacy-20,724,0.99995,0.9998317687874501,1
0.70,Legacy-20,725,0.99995,0.9998317687874501,1
0.70,Legacy-20,726,0.99995,0.9998317687874501,1
0.70,Legacy-20,727,0.99995,0.9998317687874501,1
0.70,Legacy-20,728,0.99995,0.9998317687874501,1
0.70,Legacy-20,729,0.99995,0.9998317687874501,1
0.70,Legacy-20,730,0.99995,0.9998317687874501,1
0.70,Legacy-20,731,0.99995,0.9998317687874501,1
0.70,Legacy-20,732,0.99995,0.9998317687874501,1
0.70,Legacy-20,733,0.99995,0.9998317687874501,1
0.70,Legacy-20,734,0.99995,0.9998317687874501,1
0.70,Legacy-20,735,0.99995,0.9998317687874501,1
0.70,Legacy-20,736,0.99995,0.9998317687874501,1
0.70,Legacy-20,737,0.99995,0.9998317687874501,1
0.70,Legacy-20,738,0.99995,0.9998317687874501,1
0.70,Legacy-20,739,0.99995,0.9998317687874501,1
0.70,Legacy-20,740,0.99995,0.9998317687874501,1
0.70,Legacy-20,741,0.99995,0.9998317687874501,1
0.70,Legacy-20,742,0.99995,0.9998317687874501,1
0.70,Legacy-20,743,0.99995,0.9998317687874501,1
0.70,Legacy-20,744,0.99995,0.9998317687874501,1
0.70,Legacy-20,745,0.99995,0.9998317687874501,1
0.70,Legacy-20,746,0.99995,0.9998317687874501,1
0.70,Legacy-20,747,0.99995,0.9998317687874501,1
0.70,Legacy-20,748,0.99995,0.9998317687874501,1
0.70,Legacy-20,749,0.99995,0.9998317687874501,1
0.70,Legacy-20,750,0.99995,0.9998317687874501,1
0.70,Legacy-20,751,0.99995,0.9998317687874501,1
0.70,Legacy-20,752,0.99995,0.9998317687874501,1
0.70,Legacy-20,753,0.99995,0.9998317687874501,1
0.70,Legacy-20,754,0.99995,0.9998317687874501,1
0.70,Legacy-20,755,0.99995,0.9998317687874501,1
0.70,Legacy-20,756,0.99995,0.9998317687874501,1
0.70,Legacy-20,757,0.99995,0.9998317687874501,1
0.70,Legacy-20,758,0.99995,0.9998317687874501,1
0.70,Legacy-20,759,0.99995,0.9998317687874501,1
0.70,Legacy-20,760,0.99995,0.9998317687874501,1
0.70,Legacy-20,761,0.99995,0.9998317687874501,1
0.70,Legacy-20,762,0.99995,0.9998317687874501,1
0.70,Legacy-20,763,0.99995,0.9998317687874501,1
0.70,Legacy-20,764,0.99995,0.9998317687874501,1
0.70,Legacy-20,765,0.99995,0.9998317687874501,1
0.70,Legacy-20,766,0.99995,0.9998317687874501,1
0.70,Legacy-20,767,0.99995,0.9998317687874501,1
0.70,Legacy-20,768,0.99995,0.9998317687874501,1
0.70,Legacy-20,769,0.99995,0.9998317687874501,1
0.70,Legacy-20,770,0.99995,0.9998317687874501,1
0.70,Legacy-20,771,0.99995,0.9998317687874501,1
0.70,Legacy-20,772,0.99995,0.9998317687874501,1
0.70,Legacy-20,773,0.99995,0.9998317687874501,1
0.70,Legacy-20,774,0.99995,0.9998317687874501,1
0.70,Legacy-20,775,0.99995,0.9998317687874501,1
0.70,Legacy-20,776,0.99995,0.9998317687874501,1
0.70,Legacy-20,777,0.99995,0.9998317687874501,1
0.70,Legacy-20,778,0.99995,0.9998317687874501,1
0.70,Legacy-20,779,0.99995,0.9998317687874501,1
0.70,Legacy-20,780,0.99995,0.9998317687874501,1
0.70,Legacy-20,781,0.99995,0.9998317687874501,1
0.70,Legacy-20,782,0.99995,0.9998317687874501,1
0.70,Legacy-20,783,0.99995,0.9998317687874501,1
0.70,Legacy-20,784,0.99995,0.9998317687874501,1
0.70,Legacy-20,785,0.99995,0.9998317687874501,1
0.70,Legacy-20,786,0.99995,0.9998317687874501,1
0.70,Legacy-20,787,0.99995,0.9998317687874501,1
0.70,Legacy-20,788,0.99995,0.9998317687874501,1
0.70,Legacy-20,789,0.99995,0.9998317687874501,1
0.70,Legacy-20,790,0.99995,0.9998317687874501,1
0.70,Legacy-20,791,0.99995,0.9998317687874501,1
0.70,Legacy-20,792,0.99995,0.9998317687874501,1
0.70,Legacy-20,793,0.99995,0.9998317687874501,1
0.70,Legacy-20,794,0.99995,0.9998317687874501,1
0.70,Legacy-20,795,0.99995,0.9998317687874501,1
0.70,Legacy-20,796,0.99995,0.9998317687874501,1
0.70,Legacy-20,797,0.99995,0.9998317687874501,1
0.70,Legacy-20,798,0.99995,0.9998317687874501,1
0.70,Legacy-20,799,0.99995,0.9998317687874501,1
0.70,Legacy-20,800,0.99995,0.9998317687874501,1
0.70,Legacy-20,801,0.99995,0.9998317687874501,1
0.70,Legacy-20,802,0.99995,0.9998317687874501,1
0.70,Legacy-20,803,0.99995,0.9998317687874501,1
0.70,Legacy-20,804,0.99995,0.9998317687874501,1
0.70,Legacy-20,805,0.99995,0.9998317687874501,1
0.70,Legacy-20,806,0.99995,0.9998317687874501,1
0.70,Legacy-20,807,0.99995,0.9998317687874501,1
0.70,Legacy-20,808,0.99995,0.9998317687874501,1
0.70,Legacy-20,809,0.99995,0.9998317687874501,1
0.70,Legacy-20,810,0.99995,0.9998317687874501,1
0.70,Legacy-20,811,0.99995,0.9998317687874501,1
0.70,Legacy-20,812,0.99995,0.9998317687874501,1
0.70,Legacy-20,813,0.99995,0.9998317687874501,1
0.70,Legacy-20,814,0.99995,0.9998317687874501,1
0.70,Legacy-20,815,0.99995,0.9998317687874501,1
0.70,Legacy-20,816,0.99995,0.9998317687874501,1
0.70,Legacy-20,817,0.99995,0.9998317687874501,1
0.70,Legacy-20,818,0.99995,0.9998317687874501,1
0.70,Legacy-20,819,0.99995,0.9998317687874501,1
0.70,Legacy-20,820,0.99995,0.9998317687874501,1
0.70,Legacy-20,821,0.99995,0.9998317687874501,1
0.70,Legacy-20,822,0.99995,0.9998317687874501,1
0.70,Legacy-20,823,0.99995,0.9998317687874501,1
0.70,Legacy-20,824,0.99995,0.9998317687874501,1
0.70,Legacy-20,825,0.99995,0.9998317687874501,1
0.70,Legacy-20,826,0.99995,0.9998317687874501,1
0.70,Legacy-20,827,0.99995,0.9998317687874501,1
0.70,Legacy-20,828,0.99995,0.9998317687874501,1
0.70,Legacy-20,829,0.99995,0.9998317687874501,1
0.70,Legacy-20,830,0.99995,0.9998317687874501,1
0.70,Legacy-20,831,0.99995,0.9998317687874501,1
0.70,Legacy-20,832,0.99995,0.9998317687874501,1
0.70,Legacy-20,833,0.99995,0.9998317687874501,1
0.70,Legacy-20,834,0.99995,0.9998317687874501,1
0.70,Legacy-20,835,0.99995,0.9998317687874501,1
0.70,Legacy-20,836,0.99995,0.9998317687874501,1
0.70,Legacy-20,837,0.99995,0.9998317687874501,1
0.70,Legacy-20,838,0.99995,0.9998317687874501,1
0.70,Legacy-20,839,0.99995,0.9998317687874501,1
0.70,Legacy-20,840,0.99995,0.9998317687874501,1
0.70,Legacy-20,841,0.99995,0.9998317687874501,1
0.70,Legacy-20,842,0.99995,0.9998317687874501,1
0.70,Legacy-20,843,0.99995,0.9998317687874501,1
0.70,Legacy-20,844,0.99995,0.9998317687874501,1
0.70,Legacy-20,845,0.99995,0.9998317687874501,1
0.70,Legacy-20,846,0.99995,0.9998317687874501,1
0.70,Legacy-20,847,0.99995,0.9998317687874501,1
0.70,Legacy-20,848,0.99995,0.9998317687874501,1
0.70,Legacy-20,849,0.99995,0.9998317687874501,1
0.70,Legacy-20,850,0.99995,0.9998317687874501,1
0.70,Legacy-20,851,0.99995,0.9998317687874501,1
0.70,Legacy-20,852,0.99995,0.9998317687874501,1
0.70,Legacy-20,853,0.99995,0.9998317687874501,1
0.70,Legacy-20,854,0.99995,0.9998317687874501,1
0.70,Legacy-20,855,0.99995,0.9998317687874501,1
0.70,Legacy-20,856,0.99995,0.9998317687874501,1
0.70,Legacy-20,857,0.99995,0.9998317687874501,1
0.70,Legacy-20,858,0.99995,0.9998317687874501,1
0.70,Legacy-20,859,0.99995,0.9998317687874501,1
0.70,Legacy-20,860,0.99995,0.9998317687874501,1
0.70,Legacy-20,861,0.99995,0.9998317687874501,1
0.70,Legacy-20,862,0.99995,0.9998317687874501,1
0.70,Legacy-20,863,0.99995,0.9998317687874501,1
0.70,Legacy-20,864,0.99995,0.9998317687874501,1
0.70,Legacy-20,865,0.99995,0.9998317687874501,1
0.70,Legacy-20,866,0.99995,0.9998317687874501,1
0.70,Legacy-20,867,0.99995,0.9998317687874501,1
0.70,Legacy-20,868,0.99995,0.9998317687874501,1
0.70,Legacy-20,869,0.99995,0.9998317687874501,1
0.70,Legacy-20,870,0.99995,0.9998317687874501,1
0.70,Legacy-20,871,0.99995,0.9998317687874501,1
0.70,Legacy-20,872,0.99995,0.9998317687874501,1
0.70,Legacy-20,873,0.99995,0.9998317687874501,1
0.70,Legacy-20,874,0.99995,0.9998317687874501,1
0.70,Legacy-20,875,0.99995,0.9998317687874501,1
0.70,Legacy-20,876,0.99995,0.9998317687874501,1
0.70,Legacy-20,877,0.99995,0.9998317687874501,1
0.70,Legacy-20,878,0.99995,0.9998317687874501,1
0.70,Legacy-20,879,0.99995,0.9998317687874501,1
0.70,Legacy-20,880,0.99995,0.9998317687874501,1
0.70,Legacy-20,881,0.99995,0.9998317687874501,1
0.70,Legacy-20,882,0.99995,0.9998317687874501,1
0.70,Legacy-20,883,0.99995,0.9998317687874501,1
0.70,Legacy-20,884,0.99995,0.9998317687874501,1
0.70,Legacy-20,885,0.99995,0.9998317687874501,1
0.70,Legacy-20,886,0.99995,0.9998317687874501,1
0.70,Legacy-20,887,0.99995,0.9998317687874501,1
0.70,Legacy-20,888,0.99995,0.9998317687874501,1
0.70,Legacy-20,889,0.99995,0.9998317687874501,1
0.70,Legacy-20,890,0.99995,0.9998317687874501,1
0.70,Legacy-20,891,0.99995,0.9998317687874501,1
0.70,Legacy-20,892,0.99995,0.9998317687874501,1
0.70,Legacy-20,893,0.99995,0.9998317687874501,1
0.70,Legacy-20,894,0.99995,0.9998317687874501,1
0.70,Legacy-20,895,0.99995,0.9998317687874501,1
0.70,Legacy-20,896,0.99995,0.9998317687874501,1
0.70,Legacy-20,897,0.99995,0.9998317687874501,1
0.70,Legacy-20,898,0.99995,0.9998317687874501,1
0.70,Legacy-20,899,0.99995,0.9998317687874501,1
0.70,Legacy-20,900,0.99995,0.9998317687874501,1
0.70,Legacy-20,901,0.99995,0.9998317687874501,1
0.70,Legacy-20,902,0.99995,0.9998317687874501,1
0.70,Legacy-20,903,0.99995,0.9998317687874501,1
0.70,Legacy-20,904,0.99995,0.9998317687874501,1
0.70,Legacy-20,905,0.99995,0.9998317687874501,1
0.70,Legacy-20,906,0.99995,0.9998317687874501,1
0.70,Legacy-20,907,0.99995,0.9998317687874501,1
0.70,Legacy-20,908,0.99995,0.9998317687874501,1
0.70,Legacy-20,909,0.99995,0.9998317687874501,1
0.70,Legacy-20,910,0.99995,0.9998317687874501,1
0.70,Legacy-20,911,0.99995,0.9998317687874501,1
0.70,Legacy-20,912,0.99995,0.9998317687874501,1
0.70,Legacy-20,913,0.99995,0.9998317687874501,1
0.70,Legacy-20,914,0.99995,0.9998317687874501,1
0.70,Legacy-20,915,0.99995,0.9998317687874501,1
0.70,Legacy-20,916,0.99995,0.9998317687874501,1
0.70,Legacy-20,917,0.99995,0.9998317687874501,1
0.70,Legacy-20,918,0.99995,0.9998317687874501,1
0.70,Legacy-20,919,0.99995,0.9998317687874501,1
0.70,Legacy-20,920,0.99995,0.9998317687874501,1
0.70,Legacy-20,921,0.99995,0.9998317687874501,1
0.70,Legacy-20,922,0.99995,0.9998317687874501,1
0.70,Legacy-20,923,0.99995,0.9998317687874501,1
0.70,Legacy-20,924,0.99995,0.9998317687874501,1
0.70,Legacy-20,925,0.99995,0.9998317687874501,1
0.70,Legacy-20,926,0.99995,0.9998317687874501,1
0.70,Legacy-20,927,0.99995,0.9998317687874501,1
0.70,Legacy-20,928,0.99995,0.9998317687874501,1
0.70,Legacy-20,929,0.99995,0.9998317687874501,1
0.70,Legacy-20,930,0.99995,0.9998317687874501,1
0.70,Legacy-20,931,0.99995,0.9998317687874501,1
0.70,Legacy-20,932,0.99995,0.9998317687874501,1
0.70,Legacy-20,933,0.99995,0.9998317687874501,1
0.70,Legacy-20,934,0.99995,0.9998317687874501,1
0.70,Legacy-20,935,0.99995,0.9998317687874501,1
0.70,Legacy-20,936,0.99995,0.9998317687874501,1
0.70,Legacy-20,937,0.99995,0.9998317687874501,1
0.70,Legacy-20,938,0.99995,0.9998317687874501,1
0.70,Legacy-20,939,0.99995,0.9998317687874501,1
0.70,Legacy-15,0,0.0,0,0.0
0.70,Legacy-15,1,0.24744999999999998,0.23889254744077854,0.2560074525592214
0.70,Legacy-15,2,0.24769999999999998,0.23919345411220505,0.2562065458877949
0.70,Legacy-15,3,0.66165,0.6519111636152577,0.6713888363847422
0.70,Legacy-15,4,0.6628,0.6530520431734371,0.6725479568265628
0.70,Legacy-15,5,0.8984,0.8940840401857906,0.9027159598142094
0.70,Legacy-15,6,0.8989999999999999,0.8946106342452332,0.9033893657547666
0.70,Legacy-15,7,0.9793,0.9769574358762053,0.9816425641237946
0.70,Legacy-15,8,0.9795499999999999,0.9773000539454293,0.9817999460545705
0.70,Legacy-15,9,0.9799,0.9777643446233579,0.9820356553766421
0.70,Legacy-15,10,0.9801,0.9780405067171373,0.9821594932828627
0.70,Legacy-15,11,0.9801,0.9780405067171373,0.9821594932828627
0.70,Legacy-15,12,0.9801500000000001,0.9781281820640016,0.9821718179359985
0.70,Legacy-15,13,0.9802500000000001,0.9782924150792812,0.9822075849207189
0.70,Legacy-15,14,0.9803,0.9783603490974608,0.9822396509025391
0.70,Legacy-15,15,0.9803,0.9783603490974608,0.9822396509025391
0.70,Legacy-15,16,0.98035,0.9784211895466746,0.9822788104533255
0.70,Legacy-15,17,0.98035,0.9784211895466746,0.9822788104533255
0.70,Legacy-15,18,0.9815000000000002,0.9793568772740829,0.9836431227259174
0.70,Legacy-15,19,0.9827500000000001,0.9804578472930776,0.9850421527069226
0.70,Legacy-15,20,0.9844999999999999,0.9820507501631953,0.9869492498368045
0.70,Legacy-15,21,0.98615,0.984144047481818,0.9881559525181819
0.70,Legacy-15,22,0.9877,0.9862953711122766,0.9891046288877234
0.70,Legacy-15,23,0.9896500000000001,0.9884451018736308,0.9908548981263695
0.70,Legacy-15,24,0.9917,0.9904266108701418,0.9929733891298582
0.70,Legacy-15,25,0.99385,0.9924319293812471,0.9952680706187529
0.70,Legacy-15,26,0.9959500000000001,0.994526307671914,0.9973736923280863
0.70,Legacy-15,27,0.9975,0.9964462914126558,0.9985537085873443
0.70,Legacy-15,28,0.99865,0.9980865158742577,0.9992134841257424
0.70,Legacy-15,29,0.99985,0.9996769272265715,1
0.70,Legacy-15,30,0.9999,0.9997451990054238,1
0.70,Legacy-15,31,0.99995,0.9998317687874501,1
0.70,Legacy-15,32,0.99995,0.9998317687874501,1
0.70,Legacy-15,33,0.99995,0.9998317687874501,1
0.70,Legacy-15,34,0.99995,0.9998317687874501,1
0.70,Legacy-15,35,0.99995,0.9998317687874501,1
0.70,Legacy-15,36,0.99995,0.9998317687874501,1
0.70,Legacy-15,37,0.99995,0.9998317687874501,1
0.70,Legacy-15,38,0.99995,0.9998317687874501,1
0.70,Legacy-15,39,0.99995,0.9998317687874501,1
0.70,Legacy-15,40,0.99995,0.9998317687874501,1
0.70,Legacy-15,41,0.99995,0.9998317687874501,1
0.70,Legacy-15,42,0.99995,0.9998317687874501,1
0.70,Legacy-15,43,0.99995,0.9998317687874501,1
0.70,Legacy-15,44,0.99995,0.9998317687874501,1
0.70,Legacy-15,45,0.99995,0.9998317687874501,1
0.70,Legacy-15,46,0.99995,0.9998317687874501,1
0.70,Legacy-15,47,0.99995,0.9998317687874501,1
0.70,Legacy-15,48,0.99995,0.9998317687874501,1
0.70,Legacy-15,49,0.99995,0.9998317687874501,1
0.70,Legacy-15,50,0.99995,0.9998317687874501,1
0.70,Legacy-15,51,0.99995,0.9998317687874501,1
0.70,Legacy-15,52,0.99995,0.9998317687874501,1
0.70,Legacy-15,53,0.99995,0.9998317687874501,1
0.70,Legacy-15,54,0.99995,0.9998317687874501,1
0.70,Legacy-15,55,0.99995,0.9998317687874501,1
0.70,Legacy-15,56,0.99995,0.9998317687874501,1
0.70,Legacy-15,57,0.99995,0.9998317687874501,1
0.70,Legacy-15,58,0.99995,0.9998317687874501,1
0.70,Legacy-15,59,0.99995,0.9998317687874501,1
0.70,Legacy-15,60,0.99995,0.9998317687874501,1
0.70,Legacy-15,61,0.99995,0.9998317687874501,1
0.70,Legacy-15,62,0.99995,0.9998317687874501,1
0.70,Legacy-15,63,0.99995,0.9998317687874501,1
0.70,Legacy-15,64,0.99995,0.9998317687874501,1
0.70,Legacy-15,65,0.99995,0.9998317687874501,1
0.70,Legacy-15,66,0.99995,0.9998317687874501,1
0.70,Legacy-15,67,0.99995,0.9998317687874501,1
0.70,Legacy-15,68,0.99995,0.9998317687874501,1
0.70,Legacy-15,69,0.99995,0.9998317687874501,1
0.70,Legacy-15,70,0.99995,0.9998317687874501,1
0.70,Legacy-15,71,0.99995,0.9998317687874501,1
0.70,Legacy-15,72,0.99995,0.9998317687874501,1
0.70,Legacy-15,73,0.99995,0.9998317687874501,1
0.70,Legacy-15,74,0.99995,0.9998317687874501,1
0.70,Legacy-15,75,0.99995,0.9998317687874501,1
0.70,Legacy-15,76,0.99995,0.9998317687874501,1
0.70,Legacy-15,77,0.99995,0.9998317687874501,1
0.70,Legacy-15,78,0.99995,0.9998317687874501,1
0.70,Legacy-15,79,0.99995,0.9998317687874501,1
0.70,Legacy-15,80,0.99995,0.9998317687874501,1
0.70,Legacy-15,81,0.99995,0.9998317687874501,1
0.70,Legacy-15,82,0.99995,0.9998317687874501,1
0.70,Legacy-15,83,0.99995,0.9998317687874501,1
0.70,Legacy-15,84,0.99995,0.9998317687874501,1
0.70,Legacy-15,85,0.99995,0.9998317687874501,1
0.70,Legacy-15,86,0.99995,0.9998317687874501,1
0.70,Legacy-15,87,0.99995,0.9998317687874501,1
0.70,Legacy-15,88,0.99995,0.9998317687874501,1
0.70,Legacy-15,89,0.99995,0.9998317687874501,1
0.70,Legacy-15,90,0.99995,0.9998317687874501,1
0.70,Legacy-15,91,0.99995,0.9998317687874501,1
0.70,Legacy-15,92,0.99995,0.9998317687874501,1
0.70,Legacy-15,93,0.99995,0.9998317687874501,1
0.70,Legacy-15,94,0.99995,0.9998317687874501,1
0.70,Legacy-15,95,0.99995,0.9998317687874501,1
0.70,Legacy-15,96,0.99995,0.9998317687874501,1
0.70,Legacy-15,97,0.99995,0.9998317687874501,1
0.70,Legacy-15,98,0.99995,0.9998317687874501,1
0.70,Legacy-15,99,0.99995,0.9998317687874501,1
0.70,Legacy-15,100,0.99995,0.9998317687874501,1
0.70,Legacy-15,101,0.99995,0.9998317687874501,1
0.70,Legacy-15,102,0.99995,0.9998317687874501,1
0.70,Legacy-15,103,0.99995,0.9998317687874501,1
0.70,Legacy-15,104,0.99995,0.9998317687874501,1
0.70,Legacy-15,105,0.99995,0.9998317687874501,1
0.70,Legacy-15,106,0.99995,0.9998317687874501,1
0.70,Legacy-15,107,0.99995,0.9998317687874501,1
0.70,Legacy-15,108,0.99995,0.9998317687874501,1
0.70,Legacy-15,109,0.99995,0.9998317687874501,1
0.70,Legacy-15,110,0.99995,0.9998317687874501,1
0.70,Legacy-15,111,0.99995,0.9998317687874501,1
0.70,Legacy-15,112,0.99995,0.9998317687874501,1
0.70,Legacy-15,113,0.99995,0.9998317687874501,1
0.70,Legacy-15,114,0.99995,0.9998317687874501,1
0.70,Legacy-15,115,0.99995,0.9998317687874501,1
0.70,Legacy-15,116,0.99995,0.9998317687874501,1
0.70,Legacy-15,117,0.99995,0.9998317687874501,1
0.70,Legacy-15,118,0.99995,0.9998317687874501,1
0.70,Legacy-15,119,0.99995,0.9998317687874501,1
0.70,Legacy-15,120,0.99995,0.9998317687874501,1
0.70,Legacy-15,121,0.99995,0.9998317687874501,1
0.70,Legacy-15,122,0.99995,0.9998317687874501,1
0.70,Legacy-15,123,0.99995,0.9998317687874501,1
0.70,Legacy-15,124,0.99995,0.9998317687874501,1
0.70,Legacy-15,125,0.99995,0.9998317687874501,1
0.70,Legacy-15,126,0.99995,0.9998317687874501,1
0.70,Legacy-15,127,0.99995,0.9998317687874501,1
0.70,Legacy-15,128,0.99995,0.9998317687874501,1
0.70,Legacy-15,129,0.99995,0.9998317687874501,1
0.70,Legacy-15,130,0.99995,0.9998317687874501,1
0.70,Legacy-15,131,0.99995,0.9998317687874501,1
0.70,Legacy-15,132,0.99995,0.9998317687874501,1
0.70,Legacy-15,133,0.99995,0.9998317687874501,1
0.70,Legacy-15,134,0.99995,0.9998317687874501,1
0.70,Legacy-15,135,0.99995,0.9998317687874501,1
0.70,Legacy-15,136,0.99995,0.9998317687874501,1
0.70,Legacy-15,137,0.99995,0.9998317687874501,1
0.70,Legacy-15,138,0.99995,0.9998317687874501,1
0.70,Legacy-15,139,0.99995,0.9998317687874501,1
0.70,Legacy-15,140,0.99995,0.9998317687874501,1
0.70,Legacy-15,141,0.99995,0.9998317687874501,1
0.70,Legacy-15,142,0.99995,0.9998317687874501,1
0.70,Legacy-15,143,0.99995,0.9998317687874501,1
0.70,Legacy-15,144,0.99995,0.9998317687874501,1
0.70,Legacy-15,145,0.99995,0.9998317687874501,1
0.70,Legacy-15,146,0.99995,0.9998317687874501,1
0.70,Legacy-15,147,0.99995,0.9998317687874501,1
0.70,Legacy-15,148,0.99995,0.9998317687874501,1
0.70,Legacy-15,149,0.99995,0.9998317687874501,1
0.70,Legacy-15,150,0.99995,0.9998317687874501,1
0.70,Legacy-15,151,0.99995,0.9998317687874501,1
0.70,Legacy-15,152,0.99995,0.9998317687874501,1
0.70,Legacy-15,153,0.99995,0.9998317687874501,1
0.70,Legacy-15,154,0.99995,0.9998317687874501,1
0.70,Legacy-15,155,0.99995,0.9998317687874501,1
0.70,Legacy-15,156,0.99995,0.9998317687874501,1
0.70,Legacy-15,157,0.99995,0.9998317687874501,1
0.70,Legacy-15,158,0.99995,0.9998317687874501,1
0.70,Legacy-15,159,0.99995,0.9998317687874501,1
0.70,Legacy-15,160,0.99995,0.9998317687874501,1
0.70,Legacy-15,161,0.99995,0.9998317687874501,1
0.70,Legacy-15,162,0.99995,0.9998317687874501,1
0.70,Legacy-15,163,0.99995,0.9998317687874501,1
0.70,Legacy-15,164,0.99995,0.9998317687874501,1
0.70,Legacy-15,165,0.99995,0.9998317687874501,1
0.70,Legacy-15,166,0.99995,0.9998317687874501,1
0.70,Legacy-15,167,0.99995,0.9998317687874501,1
0.70,Legacy-15,168,0.99995,0.9998317687874501,1
0.70,Legacy-15,169,0.99995,0.9998317687874501,1
0.70,Legacy-15,170,0.99995,0.9998317687874501,1
0.70,Legacy-15,171,0.99995,0.9998317687874501,1
0.70,Legacy-15,172,0.99995,0.9998317687874501,1
0.70,Legacy-15,173,0.99995,0.9998317687874501,1
0.70,Legacy-15,174,0.99995,0.9998317687874501,1
0.70,Legacy-15,175,0.99995,0.9998317687874501,1
0.70,Legacy-15,176,0.99995,0.9998317687874501,1
0.70,Legacy-15,177,0.99995,0.9998317687874501,1
0.70,Legacy-15,178,0.99995,0.9998317687874501,1
0.70,Legacy-15,179,0.99995,0.9998317687874501,1
0.70,Legacy-15,180,0.99995,0.9998317687874501,1
0.70,Legacy-15,181,0.99995,0.9998317687874501,1
0.70,Legacy-15,182,0.99995,0.9998317687874501,1
0.70,Legacy-15,183,0.99995,0.9998317687874501,1
0.70,Legacy-15,184,0.99995,0.9998317687874501,1
0.70,Legacy-15,185,0.99995,0.9998317687874501,1
0.70,Legacy-15,186,0.99995,0.9998317687874501,1
0.70,Legacy-15,187,0.99995,0.9998317687874501,1
0.70,Legacy-15,188,0.99995,0.9998317687874501,1
0.70,Legacy-15,189,0.99995,0.9998317687874501,1
0.70,Legacy-15,190,0.99995,0.9998317687874501,1
0.70,Legacy-15,191,0.99995,0.9998317687874501,1
0.70,Legacy-15,192,0.99995,0.9998317687874501,1
0.70,Legacy-15,193,0.99995,0.9998317687874501,1
0.70,Legacy-15,194,0.99995,0.9998317687874501,1
0.70,Legacy-15,195,0.99995,0.9998317687874501,1
0.70,Legacy-15,196,0.99995,0.9998317687874501,1
0.70,Legacy-15,197,0.99995,0.9998317687874501,1
0.70,Legacy-15,198,0.99995,0.9998317687874501,1
0.70,Legacy-15,199,0.99995,0.9998317687874501,1
0.70,Legacy-15,200,0.99995,0.9998317687874501,1
0.70,Legacy-15,201,0.99995,0.9998317687874501,1
0.70,Legacy-15,202,0.99995,0.9998317687874501,1
0.70,Legacy-15,203,0.99995,0.9998317687874501,1
0.70,Legacy-15,204,0.99995,0.9998317687874501,1
0.70,Legacy-15,205,0.99995,0.9998317687874501,1
0.70,Legacy-15,206,0.99995,0.9998317687874501,1
0.70,Legacy-15,207,0.99995,0.9998317687874501,1
0.70,Legacy-15,208,0.99995,0.9998317687874501,1
0.70,Legacy-15,209,0.99995,0.9998317687874501,1
0.70,Legacy-15,210,0.99995,0.9998317687874501,1
0.70,Legacy-15,211,0.99995,0.9998317687874501,1
0.70,Legacy-15,212,0.99995,0.9998317687874501,1
0.70,Legacy-15,213,0.99995,0.9998317687874501,1
0.70,Legacy-15,214,0.99995,0.9998317687874501,1
0.70,Legacy-15,215,0.99995,0.9998317687874501,1
0.70,Legacy-15,216,0.99995,0.9998317687874501,1
0.70,Legacy-15,217,0.99995,0.9998317687874501,1
0.70,Legacy-15,218,0.99995,0.9998317687874501,1
0.70,Legacy-15,219,0.99995,0.9998317687874501,1
0.70,Legacy-15,220,0.99995,0.9998317687874501,1
0.70,Legacy-15,221,0.99995,0.9998317687874501,1
0.70,Legacy-15,222,0.99995,0.9998317687874501,1
0.70,Legacy-15,223,0.99995,0.9998317687874501,1
0.70,Legacy-15,224,0.99995,0.9998317687874501,1
0.70,Legacy-15,225,0.99995,0.9998317687874501,1
0.70,Legacy-15,226,0.99995,0.9998317687874501,1
0.70,Legacy-15,227,0.99995,0.9998317687874501,1
0.70,Legacy-15,228,0.99995,0.9998317687874501,1
0.70,Legacy-15,229,0.99995,0.9998317687874501,1
0.70,Legacy-15,230,0.99995,0.9998317687874501,1
0.70,Legacy-15,231,0.99995,0.9998317687874501,1
0.70,Legacy-15,232,0.99995,0.9998317687874501,1
0.70,Legacy-15,233,0.99995,0.9998317687874501,1
0.70,Legacy-15,234,0.99995,0.9998317687874501,1
0.70,Legacy-15,235,0.99995,0.9998317687874501,1
0.70,Legacy-15,236,0.99995,0.9998317687874501,1
0.70,Legacy-15,237,0.99995,0.9998317687874501,1
0.70,Legacy-15,238,0.99995,0.9998317687874501,1
0.70,Legacy-15,239,0.99995,0.9998317687874501,1
0.70,Legacy-15,240,0.99995,0.9998317687874501,1
0.70,Legacy-15,241,0.99995,0.9998317687874501,1
0.70,Legacy-15,242,0.99995,0.9998317687874501,1
0.70,Legacy-15,243,0.99995,0.9998317687874501,1
0.70,Legacy-15,244,0.99995,0.9998317687874501,1
0.70,Legacy-15,245,0.99995,0.9998317687874501,1
0.70,Legacy-15,246,0.99995,0.9998317687874501,1
0.70,Legacy-15,247,0.99995,0.9998317687874501,1
0.70,Legacy-15,248,0.99995,0.9998317687874501,1
0.70,Legacy-15,249,0.99995,0.9998317687874501,1
0.70,Legacy-15,250,0.99995,0.9998317687874501,1
0.70,Legacy-15,251,0.99995,0.9998317687874501,1
0.70,Legacy-15,252,0.99995,0.9998317687874501,1
0.70,Legacy-15,253,0.99995,0.9998317687874501,1
0.70,Legacy-15,254,0.99995,0.9998317687874501,1
0.70,Legacy-15,255,0.99995,0.9998317687874501,1
0.70,Legacy-15,256,0.99995,0.9998317687874501,1
0.70,Legacy-15,257,0.99995,0.9998317687874501,1
0.70,Legacy-15,258,0.99995,0.9998317687874501,1
0.70,Legacy-15,259,0.99995,0.9998317687874501,1
0.70,Legacy-15,260,0.99995,0.9998317687874501,1
0.70,Legacy-15,261,0.99995,0.9998317687874501,1
0.70,Legacy-15,262,0.99995,0.9998317687874501,1
0.70,Legacy-15,263,0.99995,0.9998317687874501,1
0.70,Legacy-15,264,0.99995,0.9998317687874501,1
0.70,Legacy-15,265,0.99995,0.9998317687874501,1
0.70,Legacy-15,266,0.99995,0.9998317687874501,1
0.70,Legacy-15,267,0.99995,0.9998317687874501,1
0.70,Legacy-15,268,0.99995,0.9998317687874501,1
0.70,Legacy-15,269,0.99995,0.9998317687874501,1
0.70,Legacy-15,270,0.99995,0.9998317687874501,1
0.70,Legacy-15,271,0.99995,0.9998317687874501,1
0.70,Legacy-15,272,0.99995,0.9998317687874501,1
0.70,Legacy-15,273,0.99995,0.9998317687874501,1
0.70,Legacy-15,274,0.99995,0.9998317687874501,1
0.70,Legacy-15,275,0.99995,0.9998317687874501,1
0.70,Legacy-15,276,0.99995,0.9998317687874501,1
0.70,Legacy-15,277,0.99995,0.9998317687874501,1
0.70,Legacy-15,278,0.99995,0.9998317687874501,1
0.70,Legacy-15,279,0.99995,0.9998317687874501,1
0.70,Legacy-15,280,0.99995,0.9998317687874501,1
0.70,Legacy-15,281,0.99995,0.9998317687874501,1
0.70,Legacy-15,282,0.99995,0.9998317687874501,1
0.70,Legacy-15,283,0.99995,0.9998317687874501,1
0.70,Legacy-15,284,0.99995,0.9998317687874501,1
0.70,Legacy-15,285,0.99995,0.9998317687874501,1
0.70,Legacy-15,286,0.99995,0.9998317687874501,1
0.70,Legacy-15,287,0.99995,0.9998317687874501,1
0.70,Legacy-15,288,0.99995,0.9998317687874501,1
0.70,Legacy-15,289,0.99995,0.9998317687874501,1
0.70,Legacy-15,290,0.99995,0.9998317687874501,1
0.70,Legacy-15,291,0.99995,0.9998317687874501,1
0.70,Legacy-15,292,0.99995,0.9998317687874501,1
0.70,Legacy-15,293,0.99995,0.9998317687874501,1
0.70,Legacy-15,294,0.99995,0.9998317687874501,1
0.70,Legacy-15,295,0.99995,0.9998317687874501,1
0.70,Legacy-15,296,0.99995,0.9998317687874501,1
0.70,Legacy-15,297,0.99995,0.9998317687874501,1
0.70,Legacy-15,298,0.99995,0.9998317687874501,1
0.70,Legacy-15,299,0.99995,0.9998317687874501,1
0.70,Legacy-15,300,0.99995,0.9998317687874501,1
0.70,Legacy-15,301,0.99995,0.9998317687874501,1
0.70,Legacy-15,302,0.99995,0.9998317687874501,1
0.70,Legacy-15,303,0.99995,0.9998317687874501,1
0.70,Legacy-15,304,0.99995,0.9998317687874501,1
0.70,Legacy-15,305,0.99995,0.9998317687874501,1
0.70,Legacy-15,306,0.99995,0.9998317687874501,1
0.70,Legacy-15,307,0.99995,0.9998317687874501,1
0.70,Legacy-15,308,0.99995,0.9998317687874501,1
0.70,Legacy-15,309,0.99995,0.9998317687874501,1
0.70,Legacy-15,310,0.99995,0.9998317687874501,1
0.70,Legacy-15,311,0.99995,0.9998317687874501,1
0.70,Legacy-15,312,0.99995,0.9998317687874501,1
0.70,Legacy-15,313,0.99995,0.9998317687874501,1
0.70,Legacy-15,314,0.99995,0.9998317687874501,1
0.70,Legacy-15,315,0.99995,0.9998317687874501,1
0.70,Legacy-15,316,0.99995,0.9998317687874501,1
0.70,Legacy-15,317,0.99995,0.9998317687874501,1
0.70,Legacy-15,318,0.99995,0.9998317687874501,1
0.70,Legacy-15,319,0.99995,0.9998317687874501,1
0.70,Legacy-15,320,0.99995,0.9998317687874501,1
0.70,Legacy-15,321,0.99995,0.9998317687874501,1
0.70,Legacy-15,322,0.99995,0.9998317687874501,1
0.70,Legacy-15,323,0.99995,0.9998317687874501,1
0.70,Legacy-15,324,0.99995,0.9998317687874501,1
0.70,Legacy-15,325,0.99995,0.9998317687874501,1
0.70,Legacy-15,326,0.99995,0.9998317687874501,1
0.70,Legacy-15,327,0.99995,0.9998317687874501,1
0.70,Legacy-15,328,0.99995,0.9998317687874501,1
0.70,Legacy-15,329,0.99995,0.9998317687874501,1
0.70,Legacy-15,330,0.99995,0.9998317687874501,1
0.70,Legacy-15,331,0.99995,0.9998317687874501,1
0.70,Legacy-15,332,0.99995,0.9998317687874501,1
0.70,Legacy-15,333,0.99995,0.9998317687874501,1
0.70,Legacy-15,334,0.99995,0.9998317687874501,1
0.70,Legacy-15,335,0.99995,0.9998317687874501,1
0.70,Legacy-15,336,0.99995,0.9998317687874501,1
0.70,Legacy-15,337,0.99995,0.9998317687874501,1
0.70,Legacy-15,338,0.99995,0.9998317687874501,1
0.70,Legacy-15,339,0.99995,0.9998317687874501,1
0.70,Legacy-15,340,0.99995,0.9998317687874501,1
0.70,Legacy-15,341,0.99995,0.9998317687874501,1
0.70,Legacy-15,342,0.99995,0.9998317687874501,1
0.70,Legacy-15,343,0.99995,0.9998317687874501,1
0.70,Legacy-15,344,0.99995,0.9998317687874501,1
0.70,Legacy-15,345,0.99995,0.9998317687874501,1
0.70,Legacy-15,346,0.99995,0.9998317687874501,1
0.70,Legacy-15,347,0.99995,0.9998317687874501,1
0.70,Legacy-15,348,0.99995,0.9998317687874501,1
0.70,Legacy-15,349,0.99995,0.9998317687874501,1
0.70,Legacy-15,350,0.99995,0.9998317687874501,1
0.70,Legacy-15,351,0.99995,0.9998317687874501,1
0.70,Legacy-15,352,0.99995,0.9998317687874501,1
0.70,Legacy-15,353,0.99995,0.9998317687874501,1
0.70,Legacy-15,354,0.99995,0.9998317687874501,1
0.70,Legacy-15,355,0.99995,0.9998317687874501,1
0.70,Legacy-15,356,0.99995,0.9998317687874501,1
0.70,Legacy-15,357,0.99995,0.9998317687874501,1
0.70,Legacy-15,358,0.99995,0.9998317687874501,1
0.70,Legacy-15,359,0.99995,0.9998317687874501,1
0.70,Legacy-15,360,0.99995,0.9998317687874501,1
0.70,Legacy-15,361,0.99995,0.9998317687874501,1
0.70,Legacy-15,362,0.99995,0.9998317687874501,1
0.70,Legacy-15,363,0.99995,0.9998317687874501,1
0.70,Legacy-15,364,0.99995,0.9998317687874501,1
0.70,Legacy-15,365,0.99995,0.9998317687874501,1
0.70,Legacy-15,366,0.99995,0.9998317687874501,1
0.70,Legacy-15,367,0.99995,0.9998317687874501,1
0.70,Legacy-15,368,0.99995,0.9998317687874501,1
0.70,Legacy-15,369,0.99995,0.9998317687874501,1
0.70,Legacy-15,370,0.99995,0.9998317687874501,1
0.70,Legacy-15,371,0.99995,0.9998317687874501,1
0.70,Legacy-15,372,0.99995,0.9998317687874501,1
0.70,Legacy-15,373,0.99995,0.9998317687874501,1
0.70,Legacy-15,374,0.99995,0.9998317687874501,1
0.70,Legacy-15,375,0.99995,0.9998317687874501,1
0.70,Legacy-15,376,0.99995,0.9998317687874501,1
0.70,Legacy-15,377,0.99995,0.9998317687874501,1
0.70,Legacy-15,378,0.99995,0.9998317687874501,1
0.70,Legacy-15,379,0.99995,0.9998317687874501,1
0.70,Legacy-15,380,0.99995,0.9998317687874501,1
0.70,Legacy-15,381,0.99995,0.9998317687874501,1
0.70,Legacy-15,382,0.99995,0.9998317687874501,1
0.70,Legacy-15,383,0.99995,0.9998317687874501,1
0.70,Legacy-15,384,0.99995,0.9998317687874501,1
0.70,Legacy-15,385,0.99995,0.9998317687874501,1
0.70,Legacy-15,386,0.99995,0.9998317687874501,1
0.70,Legacy-15,387,0.99995,0.9998317687874501,1
0.70,Legacy-15,388,0.99995,0.9998317687874501,1
0.70,Legacy-15,389,0.99995,0.9998317687874501,1
0.70,Legacy-15,390,0.99995,0.9998317687874501,1
0.70,Legacy-15,391,0.99995,0.9998317687874501,1
0.70,Legacy-15,392,0.99995,0.9998317687874501,1
0.70,Legacy-15,393,0.99995,0.9998317687874501,1
0.70,Legacy-15,394,0.99995,0.9998317687874501,1
0.70,Legacy-15,395,0.99995,0.9998317687874501,1
0.70,Legacy-15,396,0.99995,0.9998317687874501,1
0.70,Legacy-15,397,0.99995,0.9998317687874501,1
0.70,Legacy-15,398,0.99995,0.9998317687874501,1
0.70,Legacy-15,399,0.99995,0.9998317687874501,1
0.70,Legacy-15,400,0.99995,0.9998317687874501,1
0.70,Legacy-15,401,0.99995,0.9998317687874501,1
0.70,Legacy-15,402,0.99995,0.9998317687874501,1
0.70,Legacy-15,403,0.99995,0.9998317687874501,1
0.70,Legacy-15,404,0.99995,0.9998317687874501,1
0.70,Legacy-15,405,0.99995,0.9998317687874501,1
0.70,Legacy-15,406,0.99995,0.9998317687874501,1
0.70,Legacy-15,407,0.99995,0.9998317687874501,1
0.70,Legacy-15,408,0.99995,0.9998317687874501,1
0.70,Legacy-15,409,0.99995,0.9998317687874501,1
0.70,Legacy-15,410,0.99995,0.9998317687874501,1
0.70,Legacy-15,411,0.99995,0.9998317687874501,1
0.70,Legacy-15,412,0.99995,0.9998317687874501,1
0.70,Legacy-15,413,0.99995,0.9998317687874501,1
0.70,Legacy-15,414,0.99995,0.9998317687874501,1
0.70,Legacy-15,415,0.99995,0.9998317687874501,1
0.70,Legacy-15,416,0.99995,0.9998317687874501,1
0.70,Legacy-15,417,0.99995,0.9998317687874501,1
0.70,Legacy-15,418,0.99995,0.9998317687874501,1
0.70,Legacy-15,419,0.99995,0.9998317687874501,1
0.70,Legacy-15,420,0.99995,0.9998317687874501,1
0.70,Legacy-15,421,0.99995,0.9998317687874501,1
0.70,Legacy-15,422,0.99995,0.9998317687874501,1
0.70,Legacy-15,423,0.99995,0.9998317687874501,1
0.70,Legacy-15,424,0.99995,0.9998317687874501,1
0.70,Legacy-15,425,0.99995,0.9998317687874501,1
0.70,Legacy-15,426,0.99995,0.9998317687874501,1
0.70,Legacy-15,427,0.99995,0.9998317687874501,1
0.70,Legacy-15,428,0.99995,0.9998317687874501,1
0.70,Legacy-15,429,0.99995,0.9998317687874501,1
0.70,Legacy-15,430,0.99995,0.9998317687874501,1
0.70,Legacy-15,431,0.99995,0.9998317687874501,1
0.70,Legacy-15,432,0.99995,0.9998317687874501,1
0.70,Legacy-15,433,0.99995,0.9998317687874501,1
0.70,Legacy-15,434,0.99995,0.9998317687874501,1
0.70,Legacy-15,435,0.99995,0.9998317687874501,1
0.70,Legacy-15,436,0.99995,0.9998317687874501,1
0.70,Legacy-15,437,0.99995,0.9998317687874501,1
0.70,Legacy-15,438,0.99995,0.9998317687874501,1
0.70,Legacy-15,439,0.99995,0.9998317687874501,1
0.70,Legacy-15,440,0.99995,0.9998317687874501,1
0.70,Legacy-15,441,0.99995,0.9998317687874501,1
0.70,Legacy-15,442,0.99995,0.9998317687874501,1
0.70,Legacy-15,443,0.99995,0.9998317687874501,1
0.70,Legacy-15,444,0.99995,0.9998317687874501,1
0.70,Legacy-15,445,0.99995,0.9998317687874501,1
0.70,Legacy-15,446,0.99995,0.9998317687874501,1
0.70,Legacy-15,447,0.99995,0.9998317687874501,1
0.70,Legacy-15,448,0.99995,0.9998317687874501,1
0.70,Legacy-15,449,0.99995,0.9998317687874501,1
0.70,Legacy-15,450,0.99995,0.9998317687874501,1
0.70,Legacy-15,451,0.99995,0.9998317687874501,1
0.70,Legacy-15,452,0.99995,0.9998317687874501,1
0.70,Legacy-15,453,0.99995,0.9998317687874501,1
0.70,Legacy-15,454,0.99995,0.9998317687874501,1
0.70,Legacy-15,455,0.99995,0.9998317687874501,1
0.70,Legacy-15,456,0.99995,0.9998317687874501,1
0.70,Legacy-15,457,0.99995,0.9998317687874501,1
0.70,Legacy-15,458,0.99995,0.9998317687874501,1
0.70,Legacy-15,459,0.99995,0.9998317687874501,1
0.70,Legacy-15,460,0.99995,0.9998317687874501,1
0.70,Legacy-15,461,0.99995,0.9998317687874501,1
0.70,Legacy-15,462,0.99995,0.9998317687874501,1
0.70,Legacy-15,463,0.99995,0.9998317687874501,1
0.70,Legacy-15,464,0.99995,0.9998317687874501,1
0.70,Legacy-15,465,0.99995,0.9998317687874501,1
0.70,Legacy-15,466,0.99995,0.9998317687874501,1
0.70,Legacy-15,467,0.99995,0.9998317687874501,1
0.70,Legacy-15,468,0.99995,0.9998317687874501,1
0.70,Legacy-15,469,0.99995,0.9998317687874501,1
0.70,Legacy-15,470,0.99995,0.9998317687874501,1
0.70,Legacy-15,471,0.99995,0.9998317687874501,1
0.70,Legacy-15,472,0.99995,0.9998317687874501,1
0.70,Legacy-15,473,0.99995,0.9998317687874501,1
0.70,Legacy-15,474,0.99995,0.9998317687874501,1
0.70,Legacy-15,475,0.99995,0.9998317687874501,1
0.70,Legacy-15,476,0.99995,0.9998317687874501,1
0.70,Legacy-15,477,0.99995,0.9998317687874501,1
0.70,Legacy-15,478,0.99995,0.9998317687874501,1
0.70,Legacy-15,479,0.99995,0.9998317687874501,1
0.70,Legacy-15,480,0.99995,0.9998317687874501,1
0.70,Legacy-15,481,0.99995,0.9998317687874501,1
0.70,Legacy-15,482,0.99995,0.9998317687874501,1
0.70,Legacy-15,483,0.99995,0.9998317687874501,1
0.70,Legacy-15,484,0.99995,0.9998317687874501,1
0.70,Legacy-15,485,0.99995,0.9998317687874501,1
0.70,Legacy-15,486,0.99995,0.9998317687874501,1
0.70,Legacy-15,487,0.99995,0.9998317687874501,1
0.70,Legacy-15,488,0.99995,0.9998317687874501,1
0.70,Legacy-15,489,0.99995,0.9998317687874501,1
0.70,Legacy-15,490,0.99995,0.9998317687874501,1
0.70,Legacy-15,491,0.99995,0.9998317687874501,1
0.70,Legacy-15,492,0.99995,0.9998317687874501,1
0.70,Legacy-15,493,0.99995,0.9998317687874501,1
0.70,Legacy-15,494,0.99995,0.9998317687874501,1
0.70,Legacy-15,495,0.99995,0.9998317687874501,1
0.70,Legacy-15,496,0.99995,0.9998317687874501,1
0.70,Legacy-15,497,0.99995,0.9998317687874501,1
0.70,Legacy-15,498,0.99995,0.9998317687874501,1
0.70,Legacy-15,499,0.99995,0.9998317687874501,1
0.70,Legacy-15,500,0.99995,0.9998317687874501,1
0.70,Legacy-15,501,0.99995,0.9998317687874501,1
0.70,Legacy-15,502,0.99995,0.9998317687874501,1
0.70,Legacy-15,503,0.99995,0.9998317687874501,1
0.70,Legacy-15,504,0.99995,0.9998317687874501,1
0.70,Legacy-15,505,0.99995,0.9998317687874501,1
0.70,Legacy-15,506,0.99995,0.9998317687874501,1
0.70,Legacy-15,507,0.99995,0.9998317687874501,1
0.70,Legacy-15,508,0.99995,0.9998317687874501,1
0.70,Legacy-15,509,0.99995,0.9998317687874501,1
0.70,Legacy-15,510,0.99995,0.9998317687874501,1
0.70,Legacy-15,511,0.99995,0.9998317687874501,1
0.70,Legacy-15,512,0.99995,0.9998317687874501,1
0.70,Legacy-15,513,0.99995,0.9998317687874501,1
0.70,Legacy-15,514,0.99995,0.9998317687874501,1
0.70,Legacy-15,515,0.99995,0.9998317687874501,1
0.70,Legacy-15,516,0.99995,0.9998317687874501,1
0.70,Legacy-15,517,0.99995,0.9998317687874501,1
0.70,Legacy-15,518,0.99995,0.9998317687874501,1
0.70,Legacy-15,519,0.99995,0.9998317687874501,1
0.70,Legacy-15,520,0.99995,0.9998317687874501,1
0.70,Legacy-15,521,0.99995,0.9998317687874501,1
0.70,Legacy-15,522,0.99995,0.9998317687874501,1
0.70,Legacy-15,523,0.99995,0.9998317687874501,1
0.70,Legacy-15,524,0.99995,0.9998317687874501,1
0.70,Legacy-15,525,0.99995,0.9998317687874501,1
0.70,Legacy-15,526,0.99995,0.9998317687874501,1
0.70,Legacy-15,527,0.99995,0.9998317687874501,1
0.70,Legacy-15,528,0.99995,0.9998317687874501,1
0.70,Legacy-15,529,0.99995,0.9998317687874501,1
0.70,Legacy-15,530,0.99995,0.9998317687874501,1
0.70,Legacy-15,531,0.99995,0.9998317687874501,1
0.70,Legacy-15,532,0.99995,0.9998317687874501,1
0.70,Legacy-15,533,0.99995,0.9998317687874501,1
0.70,Legacy-15,534,0.99995,0.9998317687874501,1
0.70,Legacy-15,535,0.99995,0.9998317687874501,1
0.70,Legacy-15,536,0.99995,0.9998317687874501,1
0.70,Legacy-15,537,0.99995,0.9998317687874501,1
0.70,Legacy-15,538,0.99995,0.9998317687874501,1
0.70,Legacy-15,539,0.99995,0.9998317687874501,1
0.70,Legacy-15,540,0.99995,0.9998317687874501,1
0.70,Legacy-15,541,0.99995,0.9998317687874501,1
0.70,Legacy-15,542,0.99995,0.9998317687874501,1
0.70,Legacy-15,543,0.99995,0.9998317687874501,1
0.70,Legacy-15,544,0.99995,0.9998317687874501,1
0.70,Legacy-15,545,0.99995,0.9998317687874501,1
0.70,Legacy-15,546,0.99995,0.9998317687874501,1
0.70,Legacy-15,547,0.99995,0.9998317687874501,1
0.70,Legacy-15,548,0.99995,0.9998317687874501,1
0.70,Legacy-15,549,0.99995,0.9998317687874501,1
0.70,Legacy-15,550,0.99995,0.9998317687874501,1
0.70,Legacy-15,551,0.99995,0.9998317687874501,1
0.70,Legacy-15,552,0.99995,0.9998317687874501,1
0.70,Legacy-15,553,0.99995,0.9998317687874501,1
0.70,Legacy-15,554,0.99995,0.9998317687874501,1
0.70,Legacy-15,555,0.99995,0.9998317687874501,1
0.70,Legacy-15,556,0.99995,0.9998317687874501,1
0.70,Legacy-15,557,0.99995,0.9998317687874501,1
0.70,Legacy-15,558,0.99995,0.9998317687874501,1
0.70,Legacy-15,559,0.99995,0.9998317687874501,1
0.70,Legacy-15,560,0.99995,0.9998317687874501,1
0.70,Legacy-15,561,0.99995,0.9998317687874501,1
0.70,Legacy-15,562,0.99995,0.9998317687874501,1
0.70,Legacy-15,563,0.99995,0.9998317687874501,1
0.70,Legacy-15,564,0.99995,0.9998317687874501,1
0.70,Legacy-15,565,0.99995,0.9998317687874501,1
0.70,Legacy-15,566,0.99995,0.9998317687874501,1
0.70,Legacy-15,567,0.99995,0.9998317687874501,1
0.70,Legacy-15,568,0.99995,0.9998317687874501,1
0.70,Legacy-15,569,0.99995,0.9998317687874501,1
0.70,Legacy-15,570,0.99995,0.9998317687874501,1
0.70,Legacy-15,571,0.99995,0.9998317687874501,1
0.70,Legacy-15,572,0.99995,0.9998317687874501,1
0.70,Legacy-15,573,0.99995,0.9998317687874501,1
0.70,Legacy-15,574,0.99995,0.9998317687874501,1
0.70,Legacy-15,575,0.99995,0.9998317687874501,1
0.70,Legacy-15,576,0.99995,0.9998317687874501,1
0.70,Legacy-15,577,0.99995,0.9998317687874501,1
0.70,Legacy-15,578,0.99995,0.9998317687874501,1
0.70,Legacy-15,579,0.99995,0.9998317687874501,1
0.70,Legacy-15,580,0.99995,0.9998317687874501,1
0.70,Legacy-15,581,0.99995,0.9998317687874501,1
0.70,Legacy-15,582,0.99995,0.9998317687874501,1
0.70,Legacy-15,583,0.99995,0.9998317687874501,1
0.70,Legacy-15,584,0.99995,0.9998317687874501,1
0.70,Legacy-15,585,0.99995,0.9998317687874501,1
0.70,Legacy-15,586,0.99995,0.9998317687874501,1
0.70,Legacy-15,587,0.99995,0.9998317687874501,1
0.70,Legacy-15,588,0.99995,0.9998317687874501,1
0.70,Legacy-15,589,0.99995,0.9998317687874501,1
0.70,Legacy-15,590,0.99995,0.9998317687874501,1
0.70,Legacy-15,591,0.99995,0.9998317687874501,1
0.70,Legacy-15,592,0.99995,0.9998317687874501,1
0.70,Legacy-15,593,0.99995,0.9998317687874501,1
0.70,Legacy-15,594,0.99995,0.9998317687874501,1
0.70,Legacy-15,595,0.99995,0.9998317687874501,1
0.70,Legacy-15,596,0.99995,0.9998317687874501,1
0.70,Legacy-15,597,0.99995,0.9998317687874501,1
0.70,Legacy-15,598,0.99995,0.9998317687874501,1
0.70,Legacy-15,599,0.99995,0.9998317687874501,1
0.70,Legacy-15,600,0.99995,0.9998317687874501,1
0.70,Legacy-15,601,0.99995,0.9998317687874501,1
0.70,Legacy-15,602,0.99995,0.9998317687874501,1
0.70,Legacy-15,603,0.99995,0.9998317687874501,1
0.70,Legacy-15,604,0.99995,0.9998317687874501,1
0.70,Legacy-15,605,0.99995,0.9998317687874501,1
0.70,Legacy-15,606,0.99995,0.9998317687874501,1
0.70,Legacy-15,607,0.99995,0.9998317687874501,1
0.70,Legacy-15,608,0.99995,0.9998317687874501,1
0.70,Legacy-15,609,0.99995,0.9998317687874501,1
0.70,Legacy-15,610,0.99995,0.9998317687874501,1
0.70,Legacy-15,611,0.99995,0.9998317687874501,1
0.70,Legacy-15,612,0.99995,0.9998317687874501,1
0.70,Legacy-15,613,0.99995,0.9998317687874501,1
0.70,Legacy-15,614,0.99995,0.9998317687874501,1
0.70,Legacy-15,615,0.99995,0.9998317687874501,1
0.70,Legacy-15,616,0.99995,0.9998317687874501,1
0.70,Legacy-15,617,0.99995,0.9998317687874501,1
0.70,Legacy-15,618,0.99995,0.9998317687874501,1
0.70,Legacy-15,619,0.99995,0.9998317687874501,1
0.70,Legacy-15,620,0.99995,0.9998317687874501,1
0.70,Legacy-15,621,0.99995,0.9998317687874501,1
0.70,Legacy-15,622,0.99995,0.9998317687874501,1
0.70,Legacy-15,623,0.99995,0.9998317687874501,1
0.70,Legacy-15,624,0.99995,0.9998317687874501,1
0.70,Legacy-15,625,0.99995,0.9998317687874501,1
0.70,Legacy-15,626,0.99995,0.9998317687874501,1
0.70,Legacy-15,627,0.99995,0.9998317687874501,1
0.70,Legacy-15,628,0.99995,0.9998317687874501,1
0.70,Legacy-15,629,0.99995,0.9998317687874501,1
0.70,Legacy-15,630,0.99995,0.9998317687874501,1
0.70,Legacy-15,631,0.99995,0.9998317687874501,1
0.70,Legacy-15,632,0.99995,0.9998317687874501,1
0.70,Legacy-15,633,0.99995,0.9998317687874501,1
0.70,Legacy-15,634,0.99995,0.9998317687874501,1
0.70,Legacy-15,635,0.99995,0.9998317687874501,1
0.70,Legacy-15,636,0.99995,0.9998317687874501,1
0.70,Legacy-15,637,0.99995,0.9998317687874501,1
0.70,Legacy-15,638,0.99995,0.9998317687874501,1
0.70,Legacy-15,639,0.99995,0.9998317687874501,1
0.70,Legacy-15,640,0.99995,0.9998317687874501,1
0.70,Legacy-15,641,0.99995,0.9998317687874501,1
0.70,Legacy-15,642,0.99995,0.9998317687874501,1
0.70,Legacy-15,643,0.99995,0.9998317687874501,1
0.70,Legacy-15,644,0.99995,0.9998317687874501,1
0.70,Legacy-15,645,0.99995,0.9998317687874501,1
0.70,Legacy-15,646,0.99995,0.9998317687874501,1
0.70,Legacy-15,647,0.99995,0.9998317687874501,1
0.70,Legacy-15,648,0.99995,0.9998317687874501,1
0.70,Legacy-15,649,0.99995,0.9998317687874501,1
0.70,Legacy-15,650,0.99995,0.9998317687874501,1
0.70,Legacy-15,651,0.99995,0.9998317687874501,1
0.70,Legacy-15,652,0.99995,0.9998317687874501,1
0.70,Legacy-15,653,0.99995,0.9998317687874501,1
0.70,Legacy-15,654,0.99995,0.9998317687874501,1
0.70,Legacy-15,655,0.99995,0.9998317687874501,1
0.70,Legacy-15,656,0.99995,0.9998317687874501,1
0.70,Legacy-15,657,0.99995,0.9998317687874501,1
0.70,Legacy-15,658,0.99995,0.9998317687874501,1
0.70,Legacy-15,659,0.99995,0.9998317687874501,1
0.70,Legacy-15,660,0.99995,0.9998317687874501,1
0.70,Legacy-15,661,0.99995,0.9998317687874501,1
0.70,Legacy-15,662,0.99995,0.9998317687874501,1
0.70,Legacy-15,663,0.99995,0.9998317687874501,1
0.70,Legacy-15,664,0.99995,0.9998317687874501,1
0.70,Legacy-15,665,0.99995,0.9998317687874501,1
0.70,Legacy-15,666,0.99995,0.9998317687874501,1
0.70,Legacy-15,667,0.99995,0.9998317687874501,1
0.70,Legacy-15,668,0.99995,0.9998317687874501,1
0.70,Legacy-15,669,0.99995,0.9998317687874501,1
0.70,Legacy-15,670,0.99995,0.9998317687874501,1
0.70,Legacy-15,671,0.99995,0.9998317687874501,1
0.70,Legacy-15,672,0.99995,0.9998317687874501,1
0.70,Legacy-15,673,0.99995,0.9998317687874501,1
0.70,Legacy-15,674,0.99995,0.9998317687874501,1
0.70,Legacy-15,675,0.99995,0.9998317687874501,1
0.70,Legacy-15,676,0.99995,0.9998317687874501,1
0.70,Legacy-15,677,0.99995,0.9998317687874501,1
0.70,Legacy-15,678,0.99995,0.9998317687874501,1
0.70,Legacy-15,679,0.99995,0.9998317687874501,1
0.70,Legacy-15,680,0.99995,0.9998317687874501,1
0.70,Legacy-15,681,0.99995,0.9998317687874501,1
0.70,Legacy-15,682,0.99995,0.9998317687874501,1
0.70,Legacy-15,683,0.99995,0.9998317687874501,1
0.70,Legacy-15,684,0.99995,0.9998317687874501,1
0.70,Legacy-15,685,0.99995,0.9998317687874501,1
0.70,Legacy-15,686,0.99995,0.9998317687874501,1
0.70,Legacy-15,687,0.99995,0.9998317687874501,1
0.70,Legacy-15,688,0.99995,0.9998317687874501,1
0.70,Legacy-15,689,0.99995,0.9998317687874501,1
0.70,Legacy-15,690,0.99995,0.9998317687874501,1
0.70,Legacy-15,691,0.99995,0.9998317687874501,1
0.70,Legacy-15,692,0.99995,0.9998317687874501,1
0.70,Legacy-15,693,0.99995,0.9998317687874501,1
0.70,Legacy-15,694,0.99995,0.9998317687874501,1
0.70,Legacy-15,695,0.99995,0.9998317687874501,1
0.70,Legacy-15,696,0.99995,0.9998317687874501,1
0.70,Legacy-15,697,0.99995,0.9998317687874501,1
0.70,Legacy-15,698,0.99995,0.9998317687874501,1
0.70,Legacy-15,699,0.99995,0.9998317687874501,1
0.70,Legacy-15,700,0.99995,0.9998317687874501,1
0.70,Legacy-15,701,0.99995,0.9998317687874501,1
0.70,Legacy-15,702,0.99995,0.9998317687874501,1
0.70,Legacy-15,703,0.99995,0.9998317687874501,1
0.70,Legacy-15,704,0.99995,0.9998317687874501,1
0.70,Legacy-15,705,0.99995,0.9998317687874501,1
0.70,Legacy-15,706,0.99995,0.9998317687874501,1
0.70,Legacy-15,707,0.99995,0.9998317687874501,1
0.70,Legacy-15,708,0.99995,0.9998317687874501,1
0.70,Legacy-15,709,0.99995,0.9998317687874501,1
0.70,Legacy-15,710,0.99995,0.9998317687874501,1
0.70,Legacy-15,711,0.99995,0.9998317687874501,1
0.70,Legacy-15,712,0.99995,0.9998317687874501,1
0.70,Legacy-15,713,0.99995,0.9998317687874501,1
0.70,Legacy-15,714,0.99995,0.9998317687874501,1
0.70,Legacy-15,715,0.99995,0.9998317687874501,1
0.70,Legacy-15,716,0.99995,0.9998317687874501,1
0.70,Legacy-15,717,0.99995,0.9998317687874501,1
0.70,Legacy-15,718,0.99995,0.9998317687874501,1
0.70,Legacy-15,719,0.99995,0.9998317687874501,1
0.70,Legacy-15,720,0.99995,0.9998317687874501,1
0.70,Legacy-15,721,0.99995,0.9998317687874501,1
0.70,Legacy-15,722,0.99995,0.9998317687874501,1
0.70,Legacy-15,723,0.99995,0.9998317687874501,1
0.70,Legacy-15,724,0.99995,0.9998317687874501,1
0.70,Legacy-15,725,0.99995,0.9998317687874501,1
0.70,Legacy-15,726,0.99995,0.9998317687874501,1
0.70,Legacy-15,727,0.99995,0.9998317687874501,1
0.70,Legacy-15,728,0.99995,0.9998317687874501,1
0.70,Legacy-15,729,0.99995,0.9998317687874501,1
0.70,Legacy-15,730,0.99995,0.9998317687874501,1
0.70,Legacy-15,731,0.99995,0.9998317687874501,1
0.70,Legacy-15,732,0.99995,0.9998317687874501,1
0.70,Legacy-15,733,0.99995,0.9998317687874501,1
0.70,Legacy-15,734,0.99995,0.9998317687874501,1
0.70,Legacy-15,735,0.99995,0.9998317687874501,1
0.70,Legacy-15,736,0.99995,0.9998317687874501,1
0.70,Legacy-15,737,0.99995,0.9998317687874501,1
0.70,Legacy-15,738,0.99995,0.9998317687874501,1
0.70,Legacy-15,739,0.99995,0.9998317687874501,1
0.70,Legacy-15,740,0.99995,0.9998317687874501,1
0.70,Legacy-15,741,0.99995,0.9998317687874501,1
0.70,Legacy-15,742,0.99995,0.9998317687874501,1
0.70,Legacy-15,743,0.99995,0.9998317687874501,1
0.70,Legacy-15,744,0.99995,0.9998317687874501,1
0.70,Legacy-15,745,0.99995,0.9998317687874501,1
0.70,Legacy-15,746,0.99995,0.9998317687874501,1
0.70,Legacy-15,747,0.99995,0.9998317687874501,1
0.70,Legacy-15,748,0.99995,0.9998317687874501,1
0.70,Legacy-15,749,0.99995,0.9998317687874501,1
0.70,Legacy-15,750,0.99995,0.9998317687874501,1
0.70,Legacy-15,751,0.99995,0.9998317687874501,1
0.70,Legacy-15,752,0.99995,0.9998317687874501,1
0.70,Legacy-15,753,0.99995,0.9998317687874501,1
0.70,Legacy-15,754,0.99995,0.9998317687874501,1
0.70,Legacy-15,755,0.99995,0.9998317687874501,1
0.70,Legacy-15,756,0.99995,0.9998317687874501,1
0.70,Legacy-15,757,0.99995,0.9998317687874501,1
0.70,Legacy-15,758,0.99995,0.9998317687874501,1
0.70,Legacy-15,759,0.99995,0.9998317687874501,1
0.70,Legacy-15,760,0.99995,0.9998317687874501,1
0.70,Legacy-15,761,0.99995,0.9998317687874501,1
0.70,Legacy-15,762,0.99995,0.9998317687874501,1
0.70,Legacy-15,763,0.99995,0.9998317687874501,1
0.70,Legacy-15,764,0.99995,0.9998317687874501,1
0.70,Legacy-15,765,0.99995,0.9998317687874501,1
0.70,Legacy-15,766,0.99995,0.9998317687874501,1
0.70,Legacy-15,767,0.99995,0.9998317687874501,1
0.70,Legacy-15,768,0.99995,0.9998317687874501,1
0.70,Legacy-15,769,0.99995,0.9998317687874501,1
0.70,Legacy-15,770,0.99995,0.9998317687874501,1
0.70,Legacy-15,771,0.99995,0.9998317687874501,1
0.70,Legacy-15,772,0.99995,0.9998317687874501,1
0.70,Legacy-15,773,0.99995,0.9998317687874501,1
0.70,Legacy-15,774,0.99995,0.9998317687874501,1
0.70,Legacy-15,775,0.99995,0.9998317687874501,1
0.70,Legacy-15,776,0.99995,0.9998317687874501,1
0.70,Legacy-15,777,0.99995,0.9998317687874501,1
0.70,Legacy-15,778,0.99995,0.9998317687874501,1
0.70,Legacy-15,779,0.99995,0.9998317687874501,1
0.70,Legacy-15,780,0.99995,0.9998317687874501,1
0.70,Legacy-15,781,0.99995,0.9998317687874501,1
0.70,Legacy-15,782,0.99995,0.9998317687874501,1
0.70,Legacy-15,783,0.99995,0.9998317687874501,1
0.70,Legacy-15,784,0.99995,0.9998317687874501,1
0.70,Legacy-15,785,0.99995,0.9998317687874501,1
0.70,Legacy-15,786,0.99995,0.9998317687874501,1
0.70,Legacy-15,787,0.99995,0.9998317687874501,1
0.70,Legacy-15,788,0.99995,0.9998317687874501,1
0.70,Legacy-15,789,0.99995,0.9998317687874501,1
0.70,Legacy-15,790,0.99995,0.9998317687874501,1
0.70,Legacy-15,791,0.99995,0.9998317687874501,1
0.70,Legacy-15,792,0.99995,0.9998317687874501,1
0.70,Legacy-15,793,0.99995,0.9998317687874501,1
0.70,Legacy-15,794,0.99995,0.9998317687874501,1
0.70,Legacy-15,795,0.99995,0.9998317687874501,1
0.70,Legacy-15,796,0.99995,0.9998317687874501,1
0.70,Legacy-15,797,0.99995,0.9998317687874501,1
0.70,Legacy-15,798,0.99995,0.9998317687874501,1
0.70,Legacy-15,799,0.99995,0.9998317687874501,1
0.70,Legacy-15,800,0.99995,0.9998317687874501,1
0.70,Legacy-15,801,0.99995,0.9998317687874501,1
0.70,Legacy-15,802,0.99995,0.9998317687874501,1
0.70,Legacy-15,803,0.99995,0.9998317687874501,1
0.70,Legacy-15,804,0.99995,0.9998317687874501,1
0.70,Legacy-15,805,0.99995,0.9998317687874501,1
0.70,Legacy-15,806,0.99995,0.9998317687874501,1
0.70,Legacy-15,807,0.99995,0.9998317687874501,1
0.70,Legacy-15,808,0.99995,0.9998317687874501,1
0.70,Legacy-15,809,0.99995,0.9998317687874501,1
0.70,Legacy-15,810,0.99995,0.9998317687874501,1
0.70,Legacy-15,811,0.99995,0.9998317687874501,1
0.70,Legacy-15,812,0.99995,0.9998317687874501,1
0.70,Legacy-15,813,0.99995,0.9998317687874501,1
0.70,Legacy-15,814,0.99995,0.9998317687874501,1
0.70,Legacy-15,815,0.99995,0.9998317687874501,1
0.70,Legacy-15,816,0.99995,0.9998317687874501,1
0.70,Legacy-15,817,0.99995,0.9998317687874501,1
0.70,Legacy-15,818,0.99995,0.9998317687874501,1
0.70,Legacy-15,819,0.99995,0.9998317687874501,1
0.70,Legacy-15,820,0.99995,0.9998317687874501,1
0.70,Legacy-15,821,0.99995,0.9998317687874501,1
0.70,Legacy-15,822,0.99995,0.9998317687874501,1
0.70,Legacy-15,823,0.99995,0.9998317687874501,1
0.70,Legacy-15,824,0.99995,0.9998317687874501,1
0.70,Legacy-15,825,0.99995,0.9998317687874501,1
0.70,Legacy-15,826,0.99995,0.9998317687874501,1
0.70,Legacy-15,827,0.99995,0.9998317687874501,1
0.70,Legacy-15,828,0.99995,0.9998317687874501,1
0.70,Legacy-15,829,0.99995,0.9998317687874501,1
0.70,Legacy-15,830,0.99995,0.9998317687874501,1
0.70,Legacy-15,831,0.99995,0.9998317687874501,1
0.70,Legacy-15,832,0.99995,0.9998317687874501,1
0.70,Legacy-15,833,0.99995,0.9998317687874501,1
0.70,Legacy-15,834,0.99995,0.9998317687874501,1
0.70,Legacy-15,835,0.99995,0.9998317687874501,1
0.70,Legacy-15,836,0.99995,0.9998317687874501,1
0.70,Legacy-15,837,0.99995,0.9998317687874501,1
0.70,Legacy-15,838,0.99995,0.9998317687874501,1
0.70,Legacy-15,839,0.99995,0.9998317687874501,1
0.70,Legacy-15,840,0.99995,0.9998317687874501,1
0.70,Legacy-15,841,0.99995,0.9998317687874501,1
0.70,Legacy-15,842,0.99995,0.9998317687874501,1
0.70,Legacy-15,843,0.99995,0.9998317687874501,1
0.70,Legacy-15,844,0.99995,0.9998317687874501,1
0.70,Legacy-15,845,0.99995,0.9998317687874501,1
0.70,Legacy-15,846,0.99995,0.9998317687874501,1
0.70,Legacy-15,847,0.99995,0.9998317687874501,1
0.70,Legacy-15,848,0.99995,0.9998317687874501,1
0.70,Legacy-15,849,0.99995,0.9998317687874501,1
0.70,Legacy-15,850,0.99995,0.9998317687874501,1
0.70,Legacy-15,851,0.99995,0.9998317687874501,1
0.70,Legacy-15,852,0.99995,0.9998317687874501,1
0.70,Legacy-15,853,0.99995,0.9998317687874501,1
0.70,Legacy-15,854,0.99995,0.9998317687874501,1
0.70,Legacy-15,855,0.99995,0.9998317687874501,1
0.70,Legacy-15,856,0.99995,0.9998317687874501,1
0.70,Legacy-15,857,0.99995,0.9998317687874501,1
0.70,Legacy-15,858,0.99995,0.9998317687874501,1
0.70,Legacy-15,859,0.99995,0.9998317687874501,1
0.70,Legacy-15,860,0.99995,0.9998317687874501,1
0.70,Legacy-15,861,0.99995,0.9998317687874501,1
0.70,Legacy-15,862,0.99995,0.9998317687874501,1
0.70,Legacy-15,863,0.99995,0.9998317687874501,1
0.70,Legacy-15,864,0.99995,0.9998317687874501,1
0.70,Legacy-15,865,0.99995,0.9998317687874501,1
0.70,Legacy-15,866,0.99995,0.9998317687874501,1
0.70,Legacy-15,867,0.99995,0.9998317687874501,1
0.70,Legacy-15,868,0.99995,0.9998317687874501,1
0.70,Legacy-15,869,0.99995,0.9998317687874501,1
0.70,Legacy-15,870,0.99995,0.9998317687874501,1
0.70,Legacy-15,871,0.99995,0.9998317687874501,1
0.70,Legacy-15,872,0.99995,0.9998317687874501,1
0.70,Legacy-15,873,0.99995,0.9998317687874501,1
0.70,Legacy-15,874,0.99995,0.9998317687874501,1
0.70,Legacy-15,875,0.99995,0.9998317687874501,1
0.70,Legacy-15,876,0.99995,0.9998317687874501,1
0.70,Legacy-15,877,0.99995,0.9998317687874501,1
0.70,Legacy-15,878,0.99995,0.9998317687874501,1
0.70,Legacy-15,879,0.99995,0.9998317687874501,1
0.70,Legacy-15,880,0.99995,0.9998317687874501,1
0.70,Legacy-15,881,0.99995,0.9998317687874501,1
0.70,Legacy-15,882,0.99995,0.9998317687874501,1
0.70,Legacy-15,883,0.99995,0.9998317687874501,1
0.70,Legacy-15,884,0.99995,0.9998317687874501,1
0.70,Legacy-15,885,0.99995,0.9998317687874501,1
0.70,Legacy-15,886,0.99995,0.9998317687874501,1
0.70,Legacy-15,887,0.99995,0.9998317687874501,1
0.70,Legacy-15,888,0.99995,0.9998317687874501,1
0.70,Legacy-15,889,0.99995,0.9998317687874501,1
0.70,Legacy-15,890,0.99995,0.9998317687874501,1
0.70,Legacy-15,891,0.99995,0.9998317687874501,1
0.70,Legacy-15,892,0.99995,0.9998317687874501,1
0.70,Legacy-15,893,0.99995,0.9998317687874501,1
0.70,Legacy-15,894,0.99995,0.9998317687874501,1
0.70,Legacy-15,895,0.99995,0.9998317687874501,1
0.70,Legacy-15,896,0.99995,0.9998317687874501,1
0.70,Legacy-15,897,0.99995,0.9998317687874501,1
0.70,Legacy-15,898,0.99995,0.9998317687874501,1
0.70,Legacy-15,899,0.99995,0.9998317687874501,1
0.70,Legacy-15,900,0.99995,0.9998317687874501,1
0.70,Legacy-15,901,0.99995,0.9998317687874501,1
0.70,Legacy-15,902,0.99995,0.9998317687874501,1
0.70,Legacy-15,903,0.99995,0.9998317687874501,1
0.70,Legacy-15,904,0.99995,0.9998317687874501,1
0.70,Legacy-15,905,0.99995,0.9998317687874501,1
0.70,Legacy-15,906,0.99995,0.9998317687874501,1
0.70,Legacy-15,907,0.99995,0.9998317687874501,1
0.70,Legacy-15,908,0.99995,0.9998317687874501,1
0.70,Legacy-15,909,0.99995,0.9998317687874501,1
0.70,Legacy-15,910,0.99995,0.9998317687874501,1
0.70,Legacy-15,911,0.99995,0.9998317687874501,1
0.70,Legacy-15,912,0.99995,0.9998317687874501,1
0.70,Legacy-15,913,0.99995,0.9998317687874501,1
0.70,Legacy-15,914,0.99995,0.9998317687874501,1
0.70,Legacy-15,915,0.99995,0.9998317687874501,1
0.70,Legacy-15,916,0.99995,0.9998317687874501,1
0.70,Legacy-15,917,0.99995,0.9998317687874501,1
0.70,Legacy-15,918,0.99995,0.9998317687874501,1
0.70,Legacy-15,919,0.99995,0.9998317687874501,1
0.70,Legacy-15,920,0.99995,0.9998317687874501,1
0.70,Legacy-15,921,0.99995,0.9998317687874501,1
0.70,Legacy-15,922,0.99995,0.9998317687874501,1
0.70,Legacy-15,923,0.99995,0.9998317687874501,1
0.70,Legacy-15,924,0.99995,0.9998317687874501,1
0.70,Legacy-15,925,0.99995,0.9998317687874501,1
0.70,Legacy-15,926,0.99995,0.9998317687874501,1
0.70,Legacy-15,927,0.99995,0.9998317687874501,1
0.70,Legacy-15,928,0.99995,0.9998317687874501,1
0.70,Legacy-15,929,0.99995,0.9998317687874501,1
0.70,Legacy-15,930,0.99995,0.9998317687874501,1
0.70,Legacy-15,931,0.99995,0.9998317687874501,1
0.70,Legacy-15,932,0.99995,0.9998317687874501,1
0.70,Legacy-15,933,0.99995,0.9998317687874501,1
0.70,Legacy-15,934,0.99995,0.9998317687874501,1
0.70,Legacy-15,935,0.99995,0.9998317687874501,1
0.70,Legacy-15,936,0.99995,0.9998317687874501,1
0.70,Legacy-15,937,0.99995,0.9998317687874501,1
0.70,Legacy-15,938,0.99995,0.9998317687874501,1
0.70,Legacy-15,939,0.99995,0.9998317687874501,1
0.70,Fast-CB,0,0.0,0,0.0
0.70,Fast-CB,1,0.24925,0.24032250884950265,0.2581774911504974
0.70,Fast-CB,2,0.2496,0.24071095360115735,0.2584890463988426
0.70,Fast-CB,3,0.6647500000000001,0.654971873325515,0.6745281266744851
0.70,Fast-CB,4,0.6659,0.655896852838294,0.6759031471617061
0.70,Fast-CB,5,0.9008,0.8949803609737264,0.9066196390262737
0.70,Fast-CB,6,0.90145,0.8955949537877332,0.9073050462122667
0.70,Fast-CB,7,0.9803000000000001,0.9772311898505671,0.983368810149433
0.70,Fast-CB,8,0.98055,0.9775699970888131,0.983530002911187
0.70,Fast-CB,9,0.9853000000000001,0.9824808079654992,0.9881191920345009
0.70,Fast-CB,10,0.9853500000000002,0.9825297456560848,0.9881702543439156
0.70,Fast-CB,11,0.99305,0.9907198293517544,0.9953801706482456
0.70,Fast-CB,12,0.9931000000000001,0.9908266554663964,0.9953733445336038
0.70,Fast-CB,13,0.9974000000000001,0.9965427509096332,0.998257249090367
0.70,Fast-CB,14,0.9974000000000001,0.9965427509096332,0.998257249090367
0.70,Fast-CB,15,0.9993500000000001,0.9989144430717872,0.9997855569282129
0.70,Fast-CB,16,0.9994000000000001,0.9989621566680029,0.9998378433319972
0.70,Fast-CB,17,0.9996,0.999162156668003,1
0.70,Fast-CB,18,0.9996,0.999162156668003,1
0.70,Fast-CB,19,0.99975,0.9993953063623501,1
0.70,Fast-CB,20,0.99975,0.9993953063623501,1
0.70,Fast-CB,21,0.9999,0.9997451990054238,1
0.70,Fast-CB,22,0.9999,0.9997451990054238,1
0.70,Fast-CB,23,0.9999,0.9997451990054238,1
0.70,Fast-CB,24,0.9999,0.9997451990054238,1
0.70,Fast-CB,25,0.9999,0.9997451990054238,1
0.70,Fast-CB,26,0.9999,0.9997451990054238,1
0.70,Fast-CB,27,0.9999,0.9997451990054238,1
0.70,Fast-CB,28,0.9999,0.9997451990054238,1
0.70,Fast-CB,29,0.9999,0.9997451990054238,1
0.70,Fast-CB,30,0.99995,0.9998317687874501,1
0.70,Fast-CB,31,0.99995,0.9998317687874501,1
0.70,Fast-CB,32,0.99995,0.9998317687874501,1
0.70,Fast-CB,33,0.99995,0.9998317687874501,1
0.70,Fast-CB,34,0.99995,0.9998317687874501,1
0.70,Fast-CB,35,0.99995,0.9998317687874501,1
0.70,Fast-CB,36,0.99995,0.9998317687874501,1
0.70,Fast-CB,37,0.99995,0.9998317687874501,1
0.70,Fast-CB,38,0.99995,0.9998317687874501,1
0.70,Fast-CB,39,0.99995,0.9998317687874501,1
0.70,Fast-CB,40,0.99995,0.9998317687874501,1
0.70,Fast-CB,41,0.99995,0.9998317687874501,1
0.70,Fast-CB,42,0.99995,0.9998317687874501,1
0.70,Fast-CB,43,0.99995,0.9998317687874501,1
0.70,Fast-CB,44,0.99995,0.9998317687874501,1
0.70,Fast-CB,45,0.99995,0.9998317687874501,1
0.70,Fast-CB,46,0.99995,0.9998317687874501,1
0.70,Fast-CB,47,0.99995,0.9998317687874501,1
0.70,Fast-CB,48,0.99995,0.9998317687874501,1
0.70,Fast-CB,49,0.99995,0.9998317687874501,1
0.70,Fast-CB,50,0.99995,0.9998317687874501,1
0.70,Fast-CB,51,0.99995,0.9998317687874501,1
0.70,Fast-CB,52,0.99995,0.9998317687874501,1
0.70,Fast-CB,53,0.99995,0.9998317687874501,1
0.70,Fast-CB,54,0.99995,0.9998317687874501,1
0.70,Fast-CB,55,0.99995,0.9998317687874501,1
0.70,Fast-CB,56,0.99995,0.9998317687874501,1
0.70,Fast-CB,57,0.99995,0.9998317687874501,1
0.70,Fast-CB,58,0.99995,0.9998317687874501,1
0.70,Fast-CB,59,0.99995,0.9998317687874501,1
0.70,Fast-CB,60,0.99995,0.9998317687874501,1
0.70,Fast-CB,61,0.99995,0.9998317687874501,1
0.70,Fast-CB,62,0.99995,0.9998317687874501,1
0.70,Fast-CB,63,0.99995,0.9998317687874501,1
0.70,Fast-CB,64,0.99995,0.9998317687874501,1
0.70,Fast-CB,65,0.99995,0.9998317687874501,1
0.70,Fast-CB,66,0.99995,0.9998317687874501,1
0.70,Fast-CB,67,0.99995,0.9998317687874501,1
0.70,Fast-CB,68,0.99995,0.9998317687874501,1
0.70,Fast-CB,69,0.99995,0.9998317687874501,1
0.70,Fast-CB,70,0.99995,0.9998317687874501,1
0.70,Fast-CB,71,0.99995,0.9998317687874501,1
0.70,Fast-CB,72,0.99995,0.9998317687874501,1
0.70,Fast-CB,73,0.99995,0.9998317687874501,1
0.70,Fast-CB,74,0.99995,0.9998317687874501,1
0.70,Fast-CB,75,0.99995,0.9998317687874501,1
0.70,Fast-CB,76,0.99995,0.9998317687874501,1
0.70,Fast-CB,77,0.99995,0.9998317687874501,1
0.70,Fast-CB,78,0.99995,0.9998317687874501,1
0.70,Fast-CB,79,0.99995,0.9998317687874501,1
0.70,Fast-CB,80,0.99995,0.9998317687874501,1
0.70,Fast-CB,81,0.99995,0.9998317687874501,1
0.70,Fast-CB,82,0.99995,0.9998317687874501,1
0.70,Fast-CB,83,0.99995,0.9998317687874501,1
0.70,Fast-CB,84,0.99995,0.9998317687874501,1
0.70,Fast-CB,85,0.99995,0.9998317687874501,1
0.70,Fast-CB,86,0.99995,0.9998317687874501,1
0.70,Fast-CB,87,0.99995,0.9998317687874501,1
0.70,Fast-CB,88,0.99995,0.9998317687874501,1
0.70,Fast-CB,89,0.99995,0.9998317687874501,1
0.70,Fast-CB,90,0.99995,0.9998317687874501,1
0.70,Fast-CB,91,0.99995,0.9998317687874501,1
0.70,Fast-CB,92,0.99995,0.9998317687874501,1
0.70,Fast-CB,93,0.99995,0.9998317687874501,1
0.70,Fast-CB,94,0.99995,0.9998317687874501,1
0.70,Fast-CB,95,0.99995,0.9998317687874501,1
0.70,Fast-CB,96,0.99995,0.9998317687874501,1
0.70,Fast-CB,97,0.99995,0.9998317687874501,1
0.70,Fast-CB,98,0.99995,0.9998317687874501,1
0.70,Fast-CB,99,0.99995,0.9998317687874501,1
0.70,Fast-CB,100,0.99995,0.9998317687874501,1
0.70,Fast-CB,101,0.99995,0.9998317687874501,1
0.70,Fast-CB,102,0.99995,0.9998317687874501,1
0.70,Fast-CB,103,0.99995,0.9998317687874501,1
0.70,Fast-CB,104,0.99995,0.9998317687874501,1
0.70,Fast-CB,105,0.99995,0.9998317687874501,1
0.70,Fast-CB,106,0.99995,0.9998317687874501,1
0.70,Fast-CB,107,0.99995,0.9998317687874501,1
0.70,Fast-CB,108,0.99995,0.9998317687874501,1
0.70,Fast-CB,109,0.99995,0.9998317687874501,1
0.70,Fast-CB,110,0.99995,0.9998317687874501,1
0.70,Fast-CB,111,0.99995,0.9998317687874501,1
0.70,Fast-CB,112,0.99995,0.9998317687874501,1
0.70,Fast-CB,113,0.99995,0.9998317687874501,1
0.70,Fast-CB,114,0.99995,0.9998317687874501,1
0.70,Fast-CB,115,0.99995,0.9998317687874501,1
0.70,Fast-CB,116,0.99995,0.9998317687874501,1
0.70,Fast-CB,117,0.99995,0.9998317687874501,1
0.70,Fast-CB,118,0.99995,0.9998317687874501,1
0.70,Fast-CB,119,0.99995,0.9998317687874501,1
0.70,Fast-CB,120,0.99995,0.9998317687874501,1
0.70,Fast-CB,121,0.99995,0.9998317687874501,1
0.70,Fast-CB,122,0.99995,0.9998317687874501,1
0.70,Fast-CB,123,0.99995,0.9998317687874501,1
0.70,Fast-CB,124,0.99995,0.9998317687874501,1
0.70,Fast-CB,125,0.99995,0.9998317687874501,1
0.70,Fast-CB,126,0.99995,0.9998317687874501,1
0.70,Fast-CB,127,0.99995,0.9998317687874501,1
0.70,Fast-CB,128,0.99995,0.9998317687874501,1
0.70,Fast-CB,129,0.99995,0.9998317687874501,1
0.70,Fast-CB,130,0.99995,0.9998317687874501,1
0.70,Fast-CB,131,0.99995,0.9998317687874501,1
0.70,Fast-CB,132,0.99995,0.9998317687874501,1
0.70,Fast-CB,133,0.99995,0.9998317687874501,1
0.70,Fast-CB,134,0.99995,0.9998317687874501,1
0.70,Fast-CB,135,0.99995,0.9998317687874501,1
0.70,Fast-CB,136,0.99995,0.9998317687874501,1
0.70,Fast-CB,137,0.99995,0.9998317687874501,1
0.70,Fast-CB,138,0.99995,0.9998317687874501,1
0.70,Fast-CB,139,0.99995,0.9998317687874501,1
0.70,Fast-CB,140,0.99995,0.9998317687874501,1
0.70,Fast-CB,141,0.99995,0.9998317687874501,1
0.70,Fast-CB,142,0.99995,0.9998317687874501,1
0.70,Fast-CB,143,0.99995,0.9998317687874501,1
0.70,Fast-CB,144,0.99995,0.9998317687874501,1
0.70,Fast-CB,145,0.99995,0.9998317687874501,1
0.70,Fast-CB,146,0.99995,0.9998317687874501,1
0.70,Fast-CB,147,0.99995,0.9998317687874501,1
0.70,Fast-CB,148,0.99995,0.9998317687874501,1
0.70,Fast-CB,149,0.99995,0.9998317687874501,1
0.70,Fast-CB,150,0.99995,0.9998317687874501,1
0.70,Fast-CB,151,0.99995,0.9998317687874501,1
0.70,Fast-CB,152,0.99995,0.9998317687874501,1
0.70,Fast-CB,153,0.99995,0.9998317687874501,1
0.70,Fast-CB,154,0.99995,0.9998317687874501,1
0.70,Fast-CB,155,0.99995,0.9998317687874501,1
0.70,Fast-CB,156,0.99995,0.9998317687874501,1
0.70,Fast-CB,157,0.99995,0.9998317687874501,1
0.70,Fast-CB,158,0.99995,0.9998317687874501,1
0.70,Fast-CB,159,0.99995,0.9998317687874501,1
0.70,Fast-CB,160,0.99995,0.9998317687874501,1
0.70,Fast-CB,161,0.99995,0.9998317687874501,1
0.70,Fast-CB,162,0.99995,0.9998317687874501,1
0.70,Fast-CB,163,0.99995,0.9998317687874501,1
0.70,Fast-CB,164,0.99995,0.9998317687874501,1
0.70,Fast-CB,165,0.99995,0.9998317687874501,1
0.70,Fast-CB,166,0.99995,0.9998317687874501,1
0.70,Fast-CB,167,0.99995,0.9998317687874501,1
0.70,Fast-CB,168,0.99995,0.9998317687874501,1
0.70,Fast-CB,169,0.99995,0.9998317687874501,1
0.70,Fast-CB,170,0.99995,0.9998317687874501,1
0.70,Fast-CB,171,0.99995,0.9998317687874501,1
0.70,Fast-CB,172,0.99995,0.9998317687874501,1
0.70,Fast-CB,173,0.99995,0.9998317687874501,1
0.70,Fast-CB,174,0.99995,0.9998317687874501,1
0.70,Fast-CB,175,0.99995,0.9998317687874501,1
0.70,Fast-CB,176,0.99995,0.9998317687874501,1
0.70,Fast-CB,177,0.99995,0.9998317687874501,1
0.70,Fast-CB,178,0.99995,0.9998317687874501,1
0.70,Fast-CB,179,0.99995,0.9998317687874501,1
0.70,Fast-CB,180,0.99995,0.9998317687874501,1
0.70,Fast-CB,181,0.99995,0.9998317687874501,1
0.70,Fast-CB,182,0.99995,0.9998317687874501,1
0.70,Fast-CB,183,0.99995,0.9998317687874501,1
0.70,Fast-CB,184,0.99995,0.9998317687874501,1
0.70,Fast-CB,185,0.99995,0.9998317687874501,1
0.70,Fast-CB,186,0.99995,0.9998317687874501,1
0.70,Fast-CB,187,0.99995,0.9998317687874501,1
0.70,Fast-CB,188,0.99995,0.9998317687874501,1
0.70,Fast-CB,189,0.99995,0.9998317687874501,1
0.70,Fast-CB,190,0.99995,0.9998317687874501,1
0.70,Fast-CB,191,0.99995,0.9998317687874501,1
0.70,Fast-CB,192,0.99995,0.9998317687874501,1
0.70,Fast-CB,193,0.99995,0.9998317687874501,1
0.70,Fast-CB,194,0.99995,0.9998317687874501,1
0.70,Fast-CB,195,0.99995,0.9998317687874501,1
0.70,Fast-CB,196,0.99995,0.9998317687874501,1
0.70,Fast-CB,197,0.99995,0.9998317687874501,1
0.70,Fast-CB,198,0.99995,0.9998317687874501,1
0.70,Fast-CB,199,0.99995,0.9998317687874501,1
0.70,Fast-CB,200,0.99995,0.9998317687874501,1
0.70,Fast-CB,201,0.99995,0.9998317687874501,1
0.70,Fast-CB,202,0.99995,0.9998317687874501,1
0.70,Fast-CB,203,0.99995,0.9998317687874501,1
0.70,Fast-CB,204,0.99995,0.9998317687874501,1
0.70,Fast-CB,205,0.99995,0.9998317687874501,1
0.70,Fast-CB,206,0.99995,0.9998317687874501,1
0.70,Fast-CB,207,0.99995,0.9998317687874501,1
0.70,Fast-CB,208,0.99995,0.9998317687874501,1
0.70,Fast-CB,209,0.99995,0.9998317687874501,1
0.70,Fast-CB,210,0.99995,0.9998317687874501,1
0.70,Fast-CB,211,0.99995,0.9998317687874501,1
0.70,Fast-CB,212,0.99995,0.9998317687874501,1
0.70,Fast-CB,213,0.99995,0.9998317687874501,1
0.70,Fast-CB,214,0.99995,0.9998317687874501,1
0.70,Fast-CB,215,0.99995,0.9998317687874501,1
0.70,Fast-CB,216,0.99995,0.9998317687874501,1
0.70,Fast-CB,217,0.99995,0.9998317687874501,1
0.70,Fast-CB,218,0.99995,0.9998317687874501,1
0.70,Fast-CB,219,0.99995,0.9998317687874501,1
0.70,Fast-CB,220,0.99995,0.9998317687874501,1
0.70,Fast-CB,221,0.99995,0.9998317687874501,1
0.70,Fast-CB,222,0.99995,0.9998317687874501,1
0.70,Fast-CB,223,0.99995,0.9998317687874501,1
0.70,Fast-CB,224,0.99995,0.9998317687874501,1
0.70,Fast-CB,225,0.99995,0.9998317687874501,1
0.70,Fast-CB,226,0.99995,0.9998317687874501,1
0.70,Fast-CB,227,0.99995,0.9998317687874501,1
0.70,Fast-CB,228,0.99995,0.9998317687874501,1
0.70,Fast-CB,229,0.99995,0.9998317687874501,1
0.70,Fast-CB,230,0.99995,0.9998317687874501,1
0.70,Fast-CB,231,0.99995,0.9998317687874501,1
0.70,Fast-CB,232,0.99995,0.9998317687874501,1
0.70,Fast-CB,233,0.99995,0.9998317687874501,1
0.70,Fast-CB,234,0.99995,0.9998317687874501,1
0.70,Fast-CB,235,0.99995,0.9998317687874501,1
0.70,Fast-CB,236,0.99995,0.9998317687874501,1
0.70,Fast-CB,237,0.99995,0.9998317687874501,1
0.70,Fast-CB,238,0.99995,0.9998317687874501,1
0.70,Fast-CB,239,0.99995,0.9998317687874501,1
0.70,Fast-CB,240,0.99995,0.9998317687874501,1
0.70,Fast-CB,241,0.99995,0.9998317687874501,1
0.70,Fast-CB,242,0.99995,0.9998317687874501,1
0.70,Fast-CB,243,0.99995,0.9998317687874501,1
0.70,Fast-CB,244,0.99995,0.9998317687874501,1
0.70,Fast-CB,245,0.99995,0.9998317687874501,1
0.70,Fast-CB,246,0.99995,0.9998317687874501,1
0.70,Fast-CB,247,0.99995,0.9998317687874501,1
0.70,Fast-CB,248,0.99995,0.9998317687874501,1
0.70,Fast-CB,249,0.99995,0.9998317687874501,1
0.70,Fast-CB,250,0.99995,0.9998317687874501,1
0.70,Fast-CB,251,0.99995,0.9998317687874501,1
0.70,Fast-CB,252,0.99995,0.9998317687874501,1
0.70,Fast-CB,253,0.99995,0.9998317687874501,1
0.70,Fast-CB,254,0.99995,0.9998317687874501,1
0.70,Fast-CB,255,0.99995,0.9998317687874501,1
0.70,Fast-CB,256,0.99995,0.9998317687874501,1
0.70,Fast-CB,257,0.99995,0.9998317687874501,1
0.70,Fast-CB,258,0.99995,0.9998317687874501,1
0.70,Fast-CB,259,0.99995,0.9998317687874501,1
0.70,Fast-CB,260,0.99995,0.9998317687874501,1
0.70,Fast-CB,261,0.99995,0.9998317687874501,1
0.70,Fast-CB,262,0.99995,0.9998317687874501,1
0.70,Fast-CB,263,0.99995,0.9998317687874501,1
0.70,Fast-CB,264,0.99995,0.9998317687874501,1
0.70,Fast-CB,265,0.99995,0.9998317687874501,1
0.70,Fast-CB,266,0.99995,0.9998317687874501,1
0.70,Fast-CB,267,0.99995,0.9998317687874501,1
0.70,Fast-CB,268,0.99995,0.9998317687874501,1
0.70,Fast-CB,269,0.99995,0.9998317687874501,1
0.70,Fast-CB,270,0.99995,0.9998317687874501,1
0.70,Fast-CB,271,0.99995,0.9998317687874501,1
0.70,Fast-CB,272,0.99995,0.9998317687874501,1
0.70,Fast-CB,273,0.99995,0.9998317687874501,1
0.70,Fast-CB,274,0.99995,0.9998317687874501,1
0.70,Fast-CB,275,0.99995,0.9998317687874501,1
0.70,Fast-CB,276,0.99995,0.9998317687874501,1
0.70,Fast-CB,277,0.99995,0.9998317687874501,1
0.70,Fast-CB,278,0.99995,0.9998317687874501,1
0.70,Fast-CB,279,0.99995,0.9998317687874501,1
0.70,Fast-CB,280,0.99995,0.9998317687874501,1
0.70,Fast-CB,281,0.99995,0.9998317687874501,1
0.70,Fast-CB,282,0.99995,0.9998317687874501,1
0.70,Fast-CB,283,0.99995,0.9998317687874501,1
0.70,Fast-CB,284,0.99995,0.9998317687874501,1
0.70,Fast-CB,285,0.99995,0.9998317687874501,1
0.70,Fast-CB,286,0.99995,0.9998317687874501,1
0.70,Fast-CB,287,0.99995,0.9998317687874501,1
0.70,Fast-CB,288,0.99995,0.9998317687874501,1
0.70,Fast-CB,289,0.99995,0.9998317687874501,1
0.70,Fast-CB,290,0.99995,0.9998317687874501,1
0.70,Fast-CB,291,0.99995,0.9998317687874501,1
0.70,Fast-CB,292,0.99995,0.9998317687874501,1
0.70,Fast-CB,293,0.99995,0.9998317687874501,1
0.70,Fast-CB,294,0.99995,0.9998317687874501,1
0.70,Fast-CB,295,0.99995,0.9998317687874501,1
0.70,Fast-CB,296,0.99995,0.9998317687874501,1
0.70,Fast-CB,297,0.99995,0.9998317687874501,1
0.70,Fast-CB,298,0.99995,0.9998317687874501,1
0.70,Fast-CB,299,0.99995,0.9998317687874501,1
0.70,Fast-CB,300,0.99995,0.9998317687874501,1
0.70,Fast-CB,301,0.99995,0.9998317687874501,1
0.70,Fast-CB,302,0.99995,0.9998317687874501,1
0.70,Fast-CB,303,0.99995,0.9998317687874501,1
0.70,Fast-CB,304,0.99995,0.9998317687874501,1
0.70,Fast-CB,305,0.99995,0.9998317687874501,1
0.70,Fast-CB,306,0.99995,0.9998317687874501,1
0.70,Fast-CB,307,0.99995,0.9998317687874501,1
0.70,Fast-CB,308,0.99995,0.9998317687874501,1
0.70,Fast-CB,309,0.99995,0.9998317687874501,1
0.70,Fast-CB,310,0.99995,0.9998317687874501,1
0.70,Fast-CB,311,0.99995,0.9998317687874501,1
0.70,Fast-CB,312,0.99995,0.9998317687874501,1
0.70,Fast-CB,313,0.99995,0.9998317687874501,1
0.70,Fast-CB,314,0.99995,0.9998317687874501,1
0.70,Fast-CB,315,0.99995,0.9998317687874501,1
0.70,Fast-CB,316,0.99995,0.9998317687874501,1
0.70,Fast-CB,317,0.99995,0.9998317687874501,1
0.70,Fast-CB,318,0.99995,0.9998317687874501,1
0.70,Fast-CB,319,0.99995,0.9998317687874501,1
0.70,Fast-CB,320,0.99995,0.9998317687874501,1
0.70,Fast-CB,321,0.99995,0.9998317687874501,1
0.70,Fast-CB,322,0.99995,0.9998317687874501,1
0.70,Fast-CB,323,0.99995,0.9998317687874501,1
0.70,Fast-CB,324,0.99995,0.9998317687874501,1
0.70,Fast-CB,325,0.99995,0.9998317687874501,1
0.70,Fast-CB,326,0.99995,0.9998317687874501,1
0.70,Fast-CB,327,0.99995,0.9998317687874501,1
0.70,Fast-CB,328,0.99995,0.9998317687874501,1
0.70,Fast-CB,329,0.99995,0.9998317687874501,1
0.70,Fast-CB,330,0.99995,0.9998317687874501,1
0.70,Fast-CB,331,0.99995,0.9998317687874501,1
0.70,Fast-CB,332,0.99995,0.9998317687874501,1
0.70,Fast-CB,333,0.99995,0.9998317687874501,1
0.70,Fast-CB,334,0.99995,0.9998317687874501,1
0.70,Fast-CB,335,0.99995,0.9998317687874501,1
0.70,Fast-CB,336,0.99995,0.9998317687874501,1
0.70,Fast-CB,337,0.99995,0.9998317687874501,1
0.70,Fast-CB,338,0.99995,0.9998317687874501,1
0.70,Fast-CB,339,0.99995,0.9998317687874501,1
0.70,Fast-CB,340,0.99995,0.9998317687874501,1
0.70,Fast-CB,341,0.99995,0.9998317687874501,1
0.70,Fast-CB,342,0.99995,0.9998317687874501,1
0.70,Fast-CB,343,0.99995,0.9998317687874501,1
0.70,Fast-CB,344,0.99995,0.9998317687874501,1
0.70,Fast-CB,345,0.99995,0.9998317687874501,1
0.70,Fast-CB,346,0.99995,0.9998317687874501,1
0.70,Fast-CB,347,0.99995,0.9998317687874501,1
0.70,Fast-CB,348,0.99995,0.9998317687874501,1
0.70,Fast-CB,349,0.99995,0.9998317687874501,1
0.70,Fast-CB,350,0.99995,0.9998317687874501,1
0.70,Fast-CB,351,0.99995,0.9998317687874501,1
0.70,Fast-CB,352,0.99995,0.9998317687874501,1
0.70,Fast-CB,353,0.99995,0.9998317687874501,1
0.70,Fast-CB,354,0.99995,0.9998317687874501,1
0.70,Fast-CB,355,0.99995,0.9998317687874501,1
0.70,Fast-CB,356,0.99995,0.9998317687874501,1
0.70,Fast-CB,357,0.99995,0.9998317687874501,1
0.70,Fast-CB,358,0.99995,0.9998317687874501,1
0.70,Fast-CB,359,0.99995,0.9998317687874501,1
0.70,Fast-CB,360,0.99995,0.9998317687874501,1
0.70,Fast-CB,361,0.99995,0.9998317687874501,1
0.70,Fast-CB,362,0.99995,0.9998317687874501,1
0.70,Fast-CB,363,0.99995,0.9998317687874501,1
0.70,Fast-CB,364,0.99995,0.9998317687874501,1
0.70,Fast-CB,365,0.99995,0.9998317687874501,1
0.70,Fast-CB,366,0.99995,0.9998317687874501,1
0.70,Fast-CB,367,0.99995,0.9998317687874501,1
0.70,Fast-CB,368,0.99995,0.9998317687874501,1
0.70,Fast-CB,369,0.99995,0.9998317687874501,1
0.70,Fast-CB,370,0.99995,0.9998317687874501,1
0.70,Fast-CB,371,0.99995,0.9998317687874501,1
0.70,Fast-CB,372,0.99995,0.9998317687874501,1
0.70,Fast-CB,373,0.99995,0.9998317687874501,1
0.70,Fast-CB,374,0.99995,0.9998317687874501,1
0.70,Fast-CB,375,0.99995,0.9998317687874501,1
0.70,Fast-CB,376,0.99995,0.9998317687874501,1
0.70,Fast-CB,377,0.99995,0.9998317687874501,1
0.70,Fast-CB,378,0.99995,0.9998317687874501,1
0.70,Fast-CB,379,0.99995,0.9998317687874501,1
0.70,Fast-CB,380,0.99995,0.9998317687874501,1
0.70,Fast-CB,381,0.99995,0.9998317687874501,1
0.70,Fast-CB,382,0.99995,0.9998317687874501,1
0.70,Fast-CB,383,0.99995,0.9998317687874501,1
0.70,Fast-CB,384,0.99995,0.9998317687874501,1
0.70,Fast-CB,385,0.99995,0.9998317687874501,1
0.70,Fast-CB,386,0.99995,0.9998317687874501,1
0.70,Fast-CB,387,0.99995,0.9998317687874501,1
0.70,Fast-CB,388,0.99995,0.9998317687874501,1
0.70,Fast-CB,389,0.99995,0.9998317687874501,1
0.70,Fast-CB,390,0.99995,0.9998317687874501,1
0.70,Fast-CB,391,0.99995,0.9998317687874501,1
0.70,Fast-CB,392,0.99995,0.9998317687874501,1
0.70,Fast-CB,393,0.99995,0.9998317687874501,1
0.70,Fast-CB,394,0.99995,0.9998317687874501,1
0.70,Fast-CB,395,0.99995,0.9998317687874501,1
0.70,Fast-CB,396,0.99995,0.9998317687874501,1
0.70,Fast-CB,397,0.99995,0.9998317687874501,1
0.70,Fast-CB,398,0.99995,0.9998317687874501,1
0.70,Fast-CB,399,0.99995,0.9998317687874501,1
0.70,Fast-CB,400,0.99995,0.9998317687874501,1
0.70,Fast-CB,401,0.99995,0.9998317687874501,1
0.70,Fast-CB,402,0.99995,0.9998317687874501,1
0.70,Fast-CB,403,0.99995,0.9998317687874501,1
0.70,Fast-CB,404,0.99995,0.9998317687874501,1
0.70,Fast-CB,405,0.99995,0.9998317687874501,1
0.70,Fast-CB,406,0.99995,0.9998317687874501,1
0.70,Fast-CB,407,0.99995,0.9998317687874501,1
0.70,Fast-CB,408,0.99995,0.9998317687874501,1
0.70,Fast-CB,409,0.99995,0.9998317687874501,1
0.70,Fast-CB,410,0.99995,0.9998317687874501,1
0.70,Fast-CB,411,0.99995,0.9998317687874501,1
0.70,Fast-CB,412,0.99995,0.9998317687874501,1
0.70,Fast-CB,413,0.99995,0.9998317687874501,1
0.70,Fast-CB,414,0.99995,0.9998317687874501,1
0.70,Fast-CB,415,0.99995,0.9998317687874501,1
0.70,Fast-CB,416,0.99995,0.9998317687874501,1
0.70,Fast-CB,417,0.99995,0.9998317687874501,1
0.70,Fast-CB,418,0.99995,0.9998317687874501,1
0.70,Fast-CB,419,0.99995,0.9998317687874501,1
0.70,Fast-CB,420,0.99995,0.9998317687874501,1
0.70,Fast-CB,421,0.99995,0.9998317687874501,1
0.70,Fast-CB,422,0.99995,0.9998317687874501,1
0.70,Fast-CB,423,0.99995,0.9998317687874501,1
0.70,Fast-CB,424,0.99995,0.9998317687874501,1
0.70,Fast-CB,425,0.99995,0.9998317687874501,1
0.70,Fast-CB,426,0.99995,0.9998317687874501,1
0.70,Fast-CB,427,0.99995,0.9998317687874501,1
0.70,Fast-CB,428,0.99995,0.9998317687874501,1
0.70,Fast-CB,429,0.99995,0.9998317687874501,1
0.70,Fast-CB,430,0.99995,0.9998317687874501,1
0.70,Fast-CB,431,0.99995,0.9998317687874501,1
0.70,Fast-CB,432,0.99995,0.9998317687874501,1
0.70,Fast-CB,433,0.99995,0.9998317687874501,1
0.70,Fast-CB,434,0.99995,0.9998317687874501,1
0.70,Fast-CB,435,0.99995,0.9998317687874501,1
0.70,Fast-CB,436,0.99995,0.9998317687874501,1
0.70,Fast-CB,437,0.99995,0.9998317687874501,1
0.70,Fast-CB,438,0.99995,0.9998317687874501,1
0.70,Fast-CB,439,0.99995,0.9998317687874501,1
0.70,Fast-CB,440,0.99995,0.9998317687874501,1
0.70,Fast-CB,441,0.99995,0.9998317687874501,1
0.70,Fast-CB,442,0.99995,0.9998317687874501,1
0.70,Fast-CB,443,0.99995,0.9998317687874501,1
0.70,Fast-CB,444,0.99995,0.9998317687874501,1
0.70,Fast-CB,445,0.99995,0.9998317687874501,1
0.70,Fast-CB,446,0.99995,0.9998317687874501,1
0.70,Fast-CB,447,0.99995,0.9998317687874501,1
0.70,Fast-CB,448,0.99995,0.9998317687874501,1
0.70,Fast-CB,449,0.99995,0.9998317687874501,1
0.70,Fast-CB,450,0.99995,0.9998317687874501,1
0.70,Fast-CB,451,0.99995,0.9998317687874501,1
0.70,Fast-CB,452,0.99995,0.9998317687874501,1
0.70,Fast-CB,453,0.99995,0.9998317687874501,1
0.70,Fast-CB,454,0.99995,0.9998317687874501,1
0.70,Fast-CB,455,0.99995,0.9998317687874501,1
0.70,Fast-CB,456,0.99995,0.9998317687874501,1
0.70,Fast-CB,457,0.99995,0.9998317687874501,1
0.70,Fast-CB,458,0.99995,0.9998317687874501,1
0.70,Fast-CB,459,0.99995,0.9998317687874501,1
0.70,Fast-CB,460,0.99995,0.9998317687874501,1
0.70,Fast-CB,461,0.99995,0.9998317687874501,1
0.70,Fast-CB,462,0.99995,0.9998317687874501,1
0.70,Fast-CB,463,0.99995,0.9998317687874501,1
0.70,Fast-CB,464,0.99995,0.9998317687874501,1
0.70,Fast-CB,465,0.99995,0.9998317687874501,1
0.70,Fast-CB,466,0.99995,0.9998317687874501,1
0.70,Fast-CB,467,0.99995,0.9998317687874501,1
0.70,Fast-CB,468,0.99995,0.9998317687874501,1
0.70,Fast-CB,469,0.99995,0.9998317687874501,1
0.70,Fast-CB,470,0.99995,0.9998317687874501,1
0.70,Fast-CB,471,0.99995,0.9998317687874501,1
0.70,Fast-CB,472,0.99995,0.9998317687874501,1
0.70,Fast-CB,473,0.99995,0.9998317687874501,1
0.70,Fast-CB,474,0.99995,0.9998317687874501,1
0.70,Fast-CB,475,0.99995,0.9998317687874501,1
0.70,Fast-CB,476,0.99995,0.9998317687874501,1
0.70,Fast-CB,477,0.99995,0.9998317687874501,1
0.70,Fast-CB,478,0.99995,0.9998317687874501,1
0.70,Fast-CB,479,0.99995,0.9998317687874501,1
0.70,Fast-CB,480,0.99995,0.9998317687874501,1
0.70,Fast-CB,481,0.99995,0.9998317687874501,1
0.70,Fast-CB,482,0.99995,0.9998317687874501,1
0.70,Fast-CB,483,0.99995,0.9998317687874501,1
0.70,Fast-CB,484,0.99995,0.9998317687874501,1
0.70,Fast-CB,485,0.99995,0.9998317687874501,1
0.70,Fast-CB,486,0.99995,0.9998317687874501,1
0.70,Fast-CB,487,0.99995,0.9998317687874501,1
0.70,Fast-CB,488,0.99995,0.9998317687874501,1
0.70,Fast-CB,489,0.99995,0.9998317687874501,1
0.70,Fast-CB,490,0.99995,0.9998317687874501,1
0.70,Fast-CB,491,0.99995,0.9998317687874501,1
0.70,Fast-CB,492,0.99995,0.9998317687874501,1
0.70,Fast-CB,493,0.99995,0.9998317687874501,1
0.70,Fast-CB,494,0.99995,0.9998317687874501,1
0.70,Fast-CB,495,0.99995,0.9998317687874501,1
0.70,Fast-CB,496,0.99995,0.9998317687874501,1
0.70,Fast-CB,497,0.99995,0.9998317687874501,1
0.70,Fast-CB,498,0.99995,0.9998317687874501,1
0.70,Fast-CB,499,0.99995,0.9998317687874501,1
0.70,Fast-CB,500,0.99995,0.9998317687874501,1
0.70,Fast-CB,501,0.99995,0.9998317687874501,1
0.70,Fast-CB,502,0.99995,0.9998317687874501,1
0.70,Fast-CB,503,0.99995,0.9998317687874501,1
0.70,Fast-CB,504,0.99995,0.9998317687874501,1
0.70,Fast-CB,505,0.99995,0.9998317687874501,1
0.70,Fast-CB,506,0.99995,0.9998317687874501,1
0.70,Fast-CB,507,0.99995,0.9998317687874501,1
0.70,Fast-CB,508,0.99995,0.9998317687874501,1
0.70,Fast-CB,509,0.99995,0.9998317687874501,1
0.70,Fast-CB,510,0.99995,0.9998317687874501,1
0.70,Fast-CB,511,0.99995,0.9998317687874501,1
0.70,Fast-CB,512,0.99995,0.9998317687874501,1
0.70,Fast-CB,513,0.99995,0.9998317687874501,1
0.70,Fast-CB,514,0.99995,0.9998317687874501,1
0.70,Fast-CB,515,0.99995,0.9998317687874501,1
0.70,Fast-CB,516,0.99995,0.9998317687874501,1
0.70,Fast-CB,517,0.99995,0.9998317687874501,1
0.70,Fast-CB,518,0.99995,0.9998317687874501,1
0.70,Fast-CB,519,0.99995,0.9998317687874501,1
0.70,Fast-CB,520,0.99995,0.9998317687874501,1
0.70,Fast-CB,521,0.99995,0.9998317687874501,1
0.70,Fast-CB,522,0.99995,0.9998317687874501,1
0.70,Fast-CB,523,0.99995,0.9998317687874501,1
0.70,Fast-CB,524,0.99995,0.9998317687874501,1
0.70,Fast-CB,525,0.99995,0.9998317687874501,1
0.70,Fast-CB,526,0.99995,0.9998317687874501,1
0.70,Fast-CB,527,0.99995,0.9998317687874501,1
0.70,Fast-CB,528,0.99995,0.9998317687874501,1
0.70,Fast-CB,529,0.99995,0.9998317687874501,1
0.70,Fast-CB,530,0.99995,0.9998317687874501,1
0.70,Fast-CB,531,0.99995,0.9998317687874501,1
0.70,Fast-CB,532,0.99995,0.9998317687874501,1
0.70,Fast-CB,533,0.99995,0.9998317687874501,1
0.70,Fast-CB,534,0.99995,0.9998317687874501,1
0.70,Fast-CB,535,0.99995,0.9998317687874501,1
0.70,Fast-CB,536,0.99995,0.9998317687874501,1
0.70,Fast-CB,537,0.99995,0.9998317687874501,1
0.70,Fast-CB,538,0.99995,0.9998317687874501,1
0.70,Fast-CB,539,0.99995,0.9998317687874501,1
0.70,Fast-CB,540,0.99995,0.9998317687874501,1
0.70,Fast-CB,541,0.99995,0.9998317687874501,1
0.70,Fast-CB,542,0.99995,0.9998317687874501,1
0.70,Fast-CB,543,0.99995,0.9998317687874501,1
0.70,Fast-CB,544,0.99995,0.9998317687874501,1
0.70,Fast-CB,545,0.99995,0.9998317687874501,1
0.70,Fast-CB,546,0.99995,0.9998317687874501,1
0.70,Fast-CB,547,0.99995,0.9998317687874501,1
0.70,Fast-CB,548,0.99995,0.9998317687874501,1
0.70,Fast-CB,549,0.99995,0.9998317687874501,1
0.70,Fast-CB,550,0.99995,0.9998317687874501,1
0.70,Fast-CB,551,0.99995,0.9998317687874501,1
0.70,Fast-CB,552,0.99995,0.9998317687874501,1
0.70,Fast-CB,553,0.99995,0.9998317687874501,1
0.70,Fast-CB,554,0.99995,0.9998317687874501,1
0.70,Fast-CB,555,0.99995,0.9998317687874501,1
0.70,Fast-CB,556,0.99995,0.9998317687874501,1
0.70,Fast-CB,557,0.99995,0.9998317687874501,1
0.70,Fast-CB,558,0.99995,0.9998317687874501,1
0.70,Fast-CB,559,0.99995,0.9998317687874501,1
0.70,Fast-CB,560,0.99995,0.9998317687874501,1
0.70,Fast-CB,561,0.99995,0.9998317687874501,1
0.70,Fast-CB,562,0.99995,0.9998317687874501,1
0.70,Fast-CB,563,0.99995,0.9998317687874501,1
0.70,Fast-CB,564,0.99995,0.9998317687874501,1
0.70,Fast-CB,565,0.99995,0.9998317687874501,1
0.70,Fast-CB,566,0.99995,0.9998317687874501,1
0.70,Fast-CB,567,0.99995,0.9998317687874501,1
0.70,Fast-CB,568,0.99995,0.9998317687874501,1
0.70,Fast-CB,569,0.99995,0.9998317687874501,1
0.70,Fast-CB,570,0.99995,0.9998317687874501,1
0.70,Fast-CB,571,0.99995,0.9998317687874501,1
0.70,Fast-CB,572,0.99995,0.9998317687874501,1
0.70,Fast-CB,573,0.99995,0.9998317687874501,1
0.70,Fast-CB,574,0.99995,0.9998317687874501,1
0.70,Fast-CB,575,0.99995,0.9998317687874501,1
0.70,Fast-CB,576,0.99995,0.9998317687874501,1
0.70,Fast-CB,577,0.99995,0.9998317687874501,1
0.70,Fast-CB,578,0.99995,0.9998317687874501,1
0.70,Fast-CB,579,0.99995,0.9998317687874501,1
0.70,Fast-CB,580,0.99995,0.9998317687874501,1
0.70,Fast-CB,581,0.99995,0.9998317687874501,1
0.70,Fast-CB,582,0.99995,0.9998317687874501,1
0.70,Fast-CB,583,0.99995,0.9998317687874501,1
0.70,Fast-CB,584,0.99995,0.9998317687874501,1
0.70,Fast-CB,585,0.99995,0.9998317687874501,1
0.70,Fast-CB,586,0.99995,0.9998317687874501,1
0.70,Fast-CB,587,0.99995,0.9998317687874501,1
0.70,Fast-CB,588,0.99995,0.9998317687874501,1
0.70,Fast-CB,589,0.99995,0.9998317687874501,1
0.70,Fast-CB,590,0.99995,0.9998317687874501,1
0.70,Fast-CB,591,0.99995,0.9998317687874501,1
0.70,Fast-CB,592,0.99995,0.9998317687874501,1
0.70,Fast-CB,593,0.99995,0.9998317687874501,1
0.70,Fast-CB,594,0.99995,0.9998317687874501,1
0.70,Fast-CB,595,0.99995,0.9998317687874501,1
0.70,Fast-CB,596,0.99995,0.9998317687874501,1
0.70,Fast-CB,597,0.99995,0.9998317687874501,1
0.70,Fast-CB,598,0.99995,0.9998317687874501,1
0.70,Fast-CB,599,0.99995,0.9998317687874501,1
0.70,Fast-CB,600,0.99995,0.9998317687874501,1
0.70,Fast-CB,601,0.99995,0.9998317687874501,1
0.70,Fast-CB,602,0.99995,0.9998317687874501,1
0.70,Fast-CB,603,0.99995,0.9998317687874501,1
0.70,Fast-CB,604,0.99995,0.9998317687874501,1
0.70,Fast-CB,605,0.99995,0.9998317687874501,1
0.70,Fast-CB,606,0.99995,0.9998317687874501,1
0.70,Fast-CB,607,0.99995,0.9998317687874501,1
0.70,Fast-CB,608,0.99995,0.9998317687874501,1
0.70,Fast-CB,609,0.99995,0.9998317687874501,1
0.70,Fast-CB,610,0.99995,0.9998317687874501,1
0.70,Fast-CB,611,0.99995,0.9998317687874501,1
0.70,Fast-CB,612,0.99995,0.9998317687874501,1
0.70,Fast-CB,613,0.99995,0.9998317687874501,1
0.70,Fast-CB,614,0.99995,0.9998317687874501,1
0.70,Fast-CB,615,0.99995,0.9998317687874501,1
0.70,Fast-CB,616,0.99995,0.9998317687874501,1
0.70,Fast-CB,617,0.99995,0.9998317687874501,1
0.70,Fast-CB,618,0.99995,0.9998317687874501,1
0.70,Fast-CB,619,0.99995,0.9998317687874501,1
0.70,Fast-CB,620,0.99995,0.9998317687874501,1
0.70,Fast-CB,621,0.99995,0.9998317687874501,1
0.70,Fast-CB,622,0.99995,0.9998317687874501,1
0.70,Fast-CB,623,0.99995,0.9998317687874501,1
0.70,Fast-CB,624,0.99995,0.9998317687874501,1
0.70,Fast-CB,625,0.99995,0.9998317687874501,1
0.70,Fast-CB,626,0.99995,0.9998317687874501,1
0.70,Fast-CB,627,0.99995,0.9998317687874501,1
0.70,Fast-CB,628,0.99995,0.9998317687874501,1
0.70,Fast-CB,629,0.99995,0.9998317687874501,1
0.70,Fast-CB,630,0.99995,0.9998317687874501,1
0.70,Fast-CB,631,0.99995,0.9998317687874501,1
0.70,Fast-CB,632,0.99995,0.9998317687874501,1
0.70,Fast-CB,633,0.99995,0.9998317687874501,1
0.70,Fast-CB,634,0.99995,0.9998317687874501,1
0.70,Fast-CB,635,0.99995,0.9998317687874501,1
0.70,Fast-CB,636,0.99995,0.9998317687874501,1
0.70,Fast-CB,637,0.99995,0.9998317687874501,1
0.70,Fast-CB,638,0.99995,0.9998317687874501,1
0.70,Fast-CB,639,0.99995,0.9998317687874501,1
0.70,Fast-CB,640,0.99995,0.9998317687874501,1
0.70,Fast-CB,641,0.99995,0.9998317687874501,1
0.70,Fast-CB,642,0.99995,0.9998317687874501,1
0.70,Fast-CB,643,0.99995,0.9998317687874501,1
0.70,Fast-CB,644,0.99995,0.9998317687874501,1
0.70,Fast-CB,645,0.99995,0.9998317687874501,1
0.70,Fast-CB,646,0.99995,0.9998317687874501,1
0.70,Fast-CB,647,0.99995,0.9998317687874501,1
0.70,Fast-CB,648,0.99995,0.9998317687874501,1
0.70,Fast-CB,649,0.99995,0.9998317687874501,1
0.70,Fast-CB,650,0.99995,0.9998317687874501,1
0.70,Fast-CB,651,0.99995,0.9998317687874501,1
0.70,Fast-CB,652,0.99995,0.9998317687874501,1
0.70,Fast-CB,653,0.99995,0.9998317687874501,1
0.70,Fast-CB,654,0.99995,0.9998317687874501,1
0.70,Fast-CB,655,0.99995,0.9998317687874501,1
0.70,Fast-CB,656,0.99995,0.9998317687874501,1
0.70,Fast-CB,657,0.99995,0.9998317687874501,1
0.70,Fast-CB,658,0.99995,0.9998317687874501,1
0.70,Fast-CB,659,0.99995,0.9998317687874501,1
0.70,Fast-CB,660,0.99995,0.9998317687874501,1
0.70,Fast-CB,661,0.99995,0.9998317687874501,1
0.70,Fast-CB,662,0.99995,0.9998317687874501,1
0.70,Fast-CB,663,0.99995,0.9998317687874501,1
0.70,Fast-CB,664,0.99995,0.9998317687874501,1
0.70,Fast-CB,665,0.99995,0.9998317687874501,1
0.70,Fast-CB,666,0.99995,0.9998317687874501,1
0.70,Fast-CB,667,0.99995,0.9998317687874501,1
0.70,Fast-CB,668,0.99995,0.9998317687874501,1
0.70,Fast-CB,669,0.99995,0.9998317687874501,1
0.70,Fast-CB,670,0.99995,0.9998317687874501,1
0.70,Fast-CB,671,0.99995,0.9998317687874501,1
0.70,Fast-CB,672,0.99995,0.9998317687874501,1
0.70,Fast-CB,673,0.99995,0.9998317687874501,1
0.70,Fast-CB,674,0.99995,0.9998317687874501,1
0.70,Fast-CB,675,0.99995,0.9998317687874501,1
0.70,Fast-CB,676,0.99995,0.9998317687874501,1
0.70,Fast-CB,677,0.99995,0.9998317687874501,1
0.70,Fast-CB,678,0.99995,0.9998317687874501,1
0.70,Fast-CB,679,0.99995,0.9998317687874501,1
0.70,Fast-CB,680,0.99995,0.9998317687874501,1
0.70,Fast-CB,681,0.99995,0.9998317687874501,1
0.70,Fast-CB,682,0.99995,0.9998317687874501,1
0.70,Fast-CB,683,0.99995,0.9998317687874501,1
0.70,Fast-CB,684,0.99995,0.9998317687874501,1
0.70,Fast-CB,685,0.99995,0.9998317687874501,1
0.70,Fast-CB,686,0.99995,0.9998317687874501,1
0.70,Fast-CB,687,0.99995,0.9998317687874501,1
0.70,Fast-CB,688,0.99995,0.9998317687874501,1
0.70,Fast-CB,689,0.99995,0.9998317687874501,1
0.70,Fast-CB,690,0.99995,0.9998317687874501,1
0.70,Fast-CB,691,0.99995,0.9998317687874501,1
0.70,Fast-CB,692,0.99995,0.9998317687874501,1
0.70,Fast-CB,693,0.99995,0.9998317687874501,1
0.70,Fast-CB,694,0.99995,0.9998317687874501,1
0.70,Fast-CB,695,0.99995,0.9998317687874501,1
0.70,Fast-CB,696,0.99995,0.9998317687874501,1
0.70,Fast-CB,697,0.99995,0.9998317687874501,1
0.70,Fast-CB,698,0.99995,0.9998317687874501,1
0.70,Fast-CB,699,0.99995,0.9998317687874501,1
0.70,Fast-CB,700,0.99995,0.9998317687874501,1
0.70,Fast-CB,701,0.99995,0.9998317687874501,1
0.70,Fast-CB,702,0.99995,0.9998317687874501,1
0.70,Fast-CB,703,0.99995,0.9998317687874501,1
0.70,Fast-CB,704,0.99995,0.9998317687874501,1
0.70,Fast-CB,705,0.99995,0.9998317687874501,1
0.70,Fast-CB,706,0.99995,0.9998317687874501,1
0.70,Fast-CB,707,0.99995,0.9998317687874501,1
0.70,Fast-CB,708,0.99995,0.9998317687874501,1
0.70,Fast-CB,709,0.99995,0.9998317687874501,1
0.70,Fast-CB,710,0.99995,0.9998317687874501,1
0.70,Fast-CB,711,0.99995,0.9998317687874501,1
0.70,Fast-CB,712,0.99995,0.9998317687874501,1
0.70,Fast-CB,713,0.99995,0.9998317687874501,1
0.70,Fast-CB,714,0.99995,0.9998317687874501,1
0.70,Fast-CB,715,0.99995,0.9998317687874501,1
0.70,Fast-CB,716,0.99995,0.9998317687874501,1
0.70,Fast-CB,717,0.99995,0.9998317687874501,1
0.70,Fast-CB,718,0.99995,0.9998317687874501,1
0.70,Fast-CB,719,0.99995,0.9998317687874501,1
0.70,Fast-CB,720,0.99995,0.9998317687874501,1
0.70,Fast-CB,721,0.99995,0.9998317687874501,1
0.70,Fast-CB,722,0.99995,0.9998317687874501,1
0.70,Fast-CB,723,0.99995,0.9998317687874501,1
0.70,Fast-CB,724,0.99995,0.9998317687874501,1
0.70,Fast-CB,725,0.99995,0.9998317687874501,1
0.70,Fast-CB,726,0.99995,0.9998317687874501,1
0.70,Fast-CB,727,0.99995,0.9998317687874501,1
0.70,Fast-CB,728,0.99995,0.9998317687874501,1
0.70,Fast-CB,729,0.99995,0.9998317687874501,1
0.70,Fast-CB,730,0.99995,0.9998317687874501,1
0.70,Fast-CB,731,0.99995,0.9998317687874501,1
0.70,Fast-CB,732,0.99995,0.9998317687874501,1
0.70,Fast-CB,733,0.99995,0.9998317687874501,1
0.70,Fast-CB,734,0.99995,0.9998317687874501,1
0.70,Fast-CB,735,0.99995,0.9998317687874501,1
0.70,Fast-CB,736,0.99995,0.9998317687874501,1
0.70,Fast-CB,737,0.99995,0.9998317687874501,1
0.70,Fast-CB,738,0.99995,0.9998317687874501,1
0.70,Fast-CB,739,0.99995,0.9998317687874501,1
0.70,Fast-CB,740,0.99995,0.9998317687874501,1
0.70,Fast-CB,741,0.99995,0.9998317687874501,1
0.70,Fast-CB,742,0.99995,0.9998317687874501,1
0.70,Fast-CB,743,0.99995,0.9998317687874501,1
0.70,Fast-CB,744,0.99995,0.9998317687874501,1
0.70,Fast-CB,745,0.99995,0.9998317687874501,1
0.70,Fast-CB,746,0.99995,0.9998317687874501,1
0.70,Fast-CB,747,0.99995,0.9998317687874501,1
0.70,Fast-CB,748,0.99995,0.9998317687874501,1
0.70,Fast-CB,749,0.99995,0.9998317687874501,1
0.70,Fast-CB,750,0.99995,0.9998317687874501,1
0.70,Fast-CB,751,0.99995,0.9998317687874501,1
0.70,Fast-CB,752,0.99995,0.9998317687874501,1
0.70,Fast-CB,753,0.99995,0.9998317687874501,1
0.70,Fast-CB,754,0.99995,0.9998317687874501,1
0.70,Fast-CB,755,0.99995,0.9998317687874501,1
0.70,Fast-CB,756,0.99995,0.9998317687874501,1
0.70,Fast-CB,757,0.99995,0.9998317687874501,1
0.70,Fast-CB,758,0.99995,0.9998317687874501,1
0.70,Fast-CB,759,0.99995,0.9998317687874501,1
0.70,Fast-CB,760,0.99995,0.9998317687874501,1
0.70,Fast-CB,761,0.99995,0.9998317687874501,1
0.70,Fast-CB,762,0.99995,0.9998317687874501,1
0.70,Fast-CB,763,0.99995,0.9998317687874501,1
0.70,Fast-CB,764,0.99995,0.9998317687874501,1
0.70,Fast-CB,765,0.99995,0.9998317687874501,1
0.70,Fast-CB,766,0.99995,0.9998317687874501,1
0.70,Fast-CB,767,0.99995,0.9998317687874501,1
0.70,Fast-CB,768,0.99995,0.9998317687874501,1
0.70,Fast-CB,769,0.99995,0.9998317687874501,1
0.70,Fast-CB,770,0.99995,0.9998317687874501,1
0.70,Fast-CB,771,0.99995,0.9998317687874501,1
0.70,Fast-CB,772,0.99995,0.9998317687874501,1
0.70,Fast-CB,773,0.99995,0.9998317687874501,1
0.70,Fast-CB,774,0.99995,0.9998317687874501,1
0.70,Fast-CB,775,0.99995,0.9998317687874501,1
0.70,Fast-CB,776,0.99995,0.9998317687874501,1
0.70,Fast-CB,777,0.99995,0.9998317687874501,1
0.70,Fast-CB,778,0.99995,0.9998317687874501,1
0.70,Fast-CB,779,0.99995,0.9998317687874501,1
0.70,Fast-CB,780,0.99995,0.9998317687874501,1
0.70,Fast-CB,781,0.99995,0.9998317687874501,1
0.70,Fast-CB,782,0.99995,0.9998317687874501,1
0.70,Fast-CB,783,0.99995,0.9998317687874501,1
0.70,Fast-CB,784,0.99995,0.9998317687874501,1
0.70,Fast-CB,785,0.99995,0.9998317687874501,1
0.70,Fast-CB,786,0.99995,0.9998317687874501,1
0.70,Fast-CB,787,0.99995,0.9998317687874501,1
0.70,Fast-CB,788,0.99995,0.9998317687874501,1
0.70,Fast-CB,789,0.99995,0.9998317687874501,1
0.70,Fast-CB,790,0.99995,0.9998317687874501,1
0.70,Fast-CB,791,0.99995,0.9998317687874501,1
0.70,Fast-CB,792,0.99995,0.9998317687874501,1
0.70,Fast-CB,793,0.99995,0.9998317687874501,1
0.70,Fast-CB,794,0.99995,0.9998317687874501,1
0.70,Fast-CB,795,0.99995,0.9998317687874501,1
0.70,Fast-CB,796,0.99995,0.9998317687874501,1
0.70,Fast-CB,797,0.99995,0.9998317687874501,1
0.70,Fast-CB,798,0.99995,0.9998317687874501,1
0.70,Fast-CB,799,0.99995,0.9998317687874501,1
0.70,Fast-CB,800,0.99995,0.9998317687874501,1
0.70,Fast-CB,801,0.99995,0.9998317687874501,1
0.70,Fast-CB,802,0.99995,0.9998317687874501,1
0.70,Fast-CB,803,0.99995,0.9998317687874501,1
0.70,Fast-CB,804,0.99995,0.9998317687874501,1
0.70,Fast-CB,805,0.99995,0.9998317687874501,1
0.70,Fast-CB,806,0.99995,0.9998317687874501,1
0.70,Fast-CB,807,0.99995,0.9998317687874501,1
0.70,Fast-CB,808,0.99995,0.9998317687874501,1
0.70,Fast-CB,809,0.99995,0.9998317687874501,1
0.70,Fast-CB,810,0.99995,0.9998317687874501,1
0.70,Fast-CB,811,0.99995,0.9998317687874501,1
0.70,Fast-CB,812,0.99995,0.9998317687874501,1
0.70,Fast-CB,813,0.99995,0.9998317687874501,1
0.70,Fast-CB,814,0.99995,0.9998317687874501,1
0.70,Fast-CB,815,0.99995,0.9998317687874501,1
0.70,Fast-CB,816,0.99995,0.9998317687874501,1
0.70,Fast-CB,817,0.99995,0.9998317687874501,1
0.70,Fast-CB,818,0.99995,0.9998317687874501,1
0.70,Fast-CB,819,0.99995,0.9998317687874501,1
0.70,Fast-CB,820,0.99995,0.9998317687874501,1
0.70,Fast-CB,821,0.99995,0.9998317687874501,1
0.70,Fast-CB,822,0.99995,0.9998317687874501,1
0.70,Fast-CB,823,0.99995,0.9998317687874501,1
0.70,Fast-CB,824,0.99995,0.9998317687874501,1
0.70,Fast-CB,825,0.99995,0.9998317687874501,1
0.70,Fast-CB,826,0.99995,0.9998317687874501,1
0.70,Fast-CB,827,0.99995,0.9998317687874501,1
0.70,Fast-CB,828,0.99995,0.9998317687874501,1
0.70,Fast-CB,829,0.99995,0.9998317687874501,1
0.70,Fast-CB,830,0.99995,0.9998317687874501,1
0.70,Fast-CB,831,0.99995,0.9998317687874501,1
0.70,Fast-CB,832,0.99995,0.9998317687874501,1
0.70,Fast-CB,833,0.99995,0.9998317687874501,1
0.70,Fast-CB,834,0.99995,0.9998317687874501,1
0.70,Fast-CB,835,0.99995,0.9998317687874501,1
0.70,Fast-CB,836,0.99995,0.9998317687874501,1
0.70,Fast-CB,837,0.99995,0.9998317687874501,1
0.70,Fast-CB,838,0.99995,0.9998317687874501,1
0.70,Fast-CB,839,0.99995,0.9998317687874501,1
0.70,Fast-CB,840,0.99995,0.9998317687874501,1
0.70,Fast-CB,841,0.99995,0.9998317687874501,1
0.70,Fast-CB,842,0.99995,0.9998317687874501,1
0.70,Fast-CB,843,0.99995,0.9998317687874501,1
0.70,Fast-CB,844,0.99995,0.9998317687874501,1
0.70,Fast-CB,845,0.99995,0.9998317687874501,1
0.70,Fast-CB,846,0.99995,0.9998317687874501,1
0.70,Fast-CB,847,0.99995,0.9998317687874501,1
0.70,Fast-CB,848,0.99995,0.9998317687874501,1
0.70,Fast-CB,849,0.99995,0.9998317687874501,1
0.70,Fast-CB,850,0.99995,0.9998317687874501,1
0.70,Fast-CB,851,0.99995,0.9998317687874501,1
0.70,Fast-CB,852,0.99995,0.9998317687874501,1
0.70,Fast-CB,853,0.99995,0.9998317687874501,1
0.70,Fast-CB,854,0.99995,0.9998317687874501,1
0.70,Fast-CB,855,0.99995,0.9998317687874501,1
0.70,Fast-CB,856,0.99995,0.9998317687874501,1
0.70,Fast-CB,857,0.99995,0.9998317687874501,1
0.70,Fast-CB,858,0.99995,0.9998317687874501,1
0.70,Fast-CB,859,0.99995,0.9998317687874501,1
0.70,Fast-CB,860,0.99995,0.9998317687874501,1
0.70,Fast-CB,861,0.99995,0.9998317687874501,1
0.70,Fast-CB,862,0.99995,0.9998317687874501,1
0.70,Fast-CB,863,0.99995,0.9998317687874501,1
0.70,Fast-CB,864,0.99995,0.9998317687874501,1
0.70,Fast-CB,865,0.99995,0.9998317687874501,1
0.70,Fast-CB,866,0.99995,0.9998317687874501,1
0.70,Fast-CB,867,0.99995,0.9998317687874501,1
0.70,Fast-CB,868,0.99995,0.9998317687874501,1
0.70,Fast-CB,869,0.99995,0.9998317687874501,1
0.70,Fast-CB,870,0.99995,0.9998317687874501,1
0.70,Fast-CB,871,0.99995,0.9998317687874501,1
0.70,Fast-CB,872,0.99995,0.9998317687874501,1
0.70,Fast-CB,873,0.99995,0.9998317687874501,1
0.70,Fast-CB,874,0.99995,0.9998317687874501,1
0.70,Fast-CB,875,0.99995,0.9998317687874501,1
0.70,Fast-CB,876,0.99995,0.9998317687874501,1
0.70,Fast-CB,877,0.99995,0.9998317687874501,1
0.70,Fast-CB,878,0.99995,0.9998317687874501,1
0.70,Fast-CB,879,0.99995,0.9998317687874501,1
0.70,Fast-CB,880,0.99995,0.9998317687874501,1
0.70,Fast-CB,881,0.99995,0.9998317687874501,1
0.70,Fast-CB,882,0.99995,0.9998317687874501,1
0.70,Fast-CB,883,0.99995,0.9998317687874501,1
0.70,Fast-CB,884,0.99995,0.9998317687874501,1
0.70,Fast-CB,885,0.99995,0.9998317687874501,1
0.70,Fast-CB,886,0.99995,0.9998317687874501,1
0.70,Fast-CB,887,0.99995,0.9998317687874501,1
0.70,Fast-CB,888,0.99995,0.9998317687874501,1
0.70,Fast-CB,889,0.99995,0.9998317687874501,1
0.70,Fast-CB,890,0.99995,0.9998317687874501,1
0.70,Fast-CB,891,0.99995,0.9998317687874501,1
0.70,Fast-CB,892,0.99995,0.9998317687874501,1
0.70,Fast-CB,893,0.99995,0.9998317687874501,1
0.70,Fast-CB,894,0.99995,0.9998317687874501,1
0.70,Fast-CB,895,0.99995,0.9998317687874501,1
0.70,Fast-CB,896,0.99995,0.9998317687874501,1
0.70,Fast-CB,897,0.99995,0.9998317687874501,1
0.70,Fast-CB,898,0.99995,0.9998317687874501,1
0.70,Fast-CB,899,0.99995,0.9998317687874501,1
0.70,Fast-CB,900,0.99995,0.9998317687874501,1
0.70,Fast-CB,901,0.99995,0.9998317687874501,1
0.70,Fast-CB,902,0.99995,0.9998317687874501,1
0.70,Fast-CB,903,0.99995,0.9998317687874501,1
0.70,Fast-CB,904,0.99995,0.9998317687874501,1
0.70,Fast-CB,905,0.99995,0.9998317687874501,1
0.70,Fast-CB,906,0.99995,0.9998317687874501,1
0.70,Fast-CB,907,0.99995,0.9998317687874501,1
0.70,Fast-CB,908,0.99995,0.9998317687874501,1
0.70,Fast-CB,909,0.99995,0.9998317687874501,1
0.70,Fast-CB,910,0.99995,0.9998317687874501,1
0.70,Fast-CB,911,0.99995,0.9998317687874501,1
0.70,Fast-CB,912,0.99995,0.9998317687874501,1
0.70,Fast-CB,913,0.99995,0.9998317687874501,1
0.70,Fast-CB,914,0.99995,0.9998317687874501,1
0.70,Fast-CB,915,0.99995,0.9998317687874501,1
0.70,Fast-CB,916,0.99995,0.9998317687874501,1
0.70,Fast-CB,917,0.99995,0.9998317687874501,1
0.70,Fast-CB,918,0.99995,0.9998317687874501,1
0.70,Fast-CB,919,0.99995,0.9998317687874501,1
0.70,Fast-CB,920,0.99995,0.9998317687874501,1
0.70,Fast-CB,921,0.99995,0.9998317687874501,1
0.70,Fast-CB,922,0.99995,0.9998317687874501,1
0.70,Fast-CB,923,0.99995,0.9998317687874501,1
0.70,Fast-CB,924,0.99995,0.9998317687874501,1
0.70,Fast-CB,925,0.99995,0.9998317687874501,1
0.70,Fast-CB,926,0.99995,0.9998317687874501,1
0.70,Fast-CB,927,0.99995,0.9998317687874501,1
0.70,Fast-CB,928,0.99995,0.9998317687874501,1
0.70,Fast-CB,929,0.99995,0.9998317687874501,1
0.70,Fast-CB,930,0.99995,0.9998317687874501,1
0.70,Fast-CB,931,0.99995,0.9998317687874501,1
0.70,Fast-CB,932,0.99995,0.9998317687874501,1
0.70,Fast-CB,933,0.99995,0.9998317687874501,1
0.70,Fast-CB,934,0.99995,0.9998317687874501,1
0.70,Fast-CB,935,0.99995,0.9998317687874501,1
0.70,Fast-CB,936,0.99995,0.9998317687874501,1
0.70,Fast-CB,937,0.99995,0.9998317687874501,1
0.70,Fast-CB,938,0.99995,0.9998317687874501,1
0.70,Fast-CB,939,0.99995,0.9998317687874501,1
0.70,B,0,0.0,0,0.0
0.70,B,1,0.24509999999999998,0.23748742073555057,0.2527125792644494
0.70,B,2,0.2454,0.23768475818669807,0.2531152418133019
0.70,B,3,0.6592500000000001,0.6493194830177308,0.6691805169822694
0.70,B,4,0.6602,0.650064770118144,0.670335229881856
0.70,B,5,0.89645,0.8894435090691956,0.9034564909308044
0.70,B,6,0.8970499999999999,0.8900469300683485,0.9040530699316514
0.70,B,7,0.97715,0.9723289575257549,0.981971042474245
0.70,B,8,0.9775,0.9728396587035089,0.9821603412964912
0.70,B,9,0.98745,0.9842980474846151,0.990601952515385
0.70,B,10,0.9891500000000001,0.9868648275992195,0.9914351724007807
0.70,B,11,0.9978000000000001,0.9968711940325428,0.9987288059674575
0.70,B,12,0.9984500000000001,0.99762238151215,0.9992776184878501
0.70,B,13,0.9997,0.9994035786629701,0.9999964213370299
0.70,B,14,0.9998,0.9996212512082212,0.9999787487917788
0.70,B,15,0.9999,0.9997451990054238,1
0.70,B,16,0.9999,0.9997451990054238,1
0.70,B,17,0.9999,0.9997451990054238,1
0.70,B,18,0.99995,0.9998317687874501,1
0.70,B,19,0.99995,0.9998317687874501,1
0.70,B,20,0.99995,0.9998317687874501,1
0.70,B,21,0.99995,0.9998317687874501,1
0.70,B,22,0.99995,0.9998317687874501,1
0.70,B,23,0.99995,0.9998317687874501,1
0.70,B,24,0.99995,0.9998317687874501,1
0.70,B,25,0.99995,0.9998317687874501,1
0.70,B,26,0.99995,0.9998317687874501,1
0.70,B,27,0.99995,0.9998317687874501,1
0.70,B,28,0.99995,0.9998317687874501,1
0.70,B,29,0.99995,0.9998317687874501,1
0.70,B,30,0.99995,0.9998317687874501,1
0.70,B,31,0.99995,0.9998317687874501,1
0.70,B,32,0.99995,0.9998317687874501,1
0.70,B,33,0.99995,0.9998317687874501,1
0.70,B,34,0.99995,0.9998317687874501,1
0.70,B,35,0.99995,0.9998317687874501,1
0.70,B,36,0.99995,0.9998317687874501,1
0.70,B,37,0.99995,0.9998317687874501,1
0.70,B,38,0.99995,0.9998317687874501,1
0.70,B,39,0.99995,0.9998317687874501,1
0.70,B,40,0.99995,0.9998317687874501,1
0.70,B,41,0.99995,0.9998317687874501,1
0.70,B,42,0.99995,0.9998317687874501,1
0.70,B,43,0.99995,0.9998317687874501,1
0.70,B,44,0.99995,0.9998317687874501,1
0.70,B,45,0.99995,0.9998317687874501,1
0.70,B,46,0.99995,0.9998317687874501,1
0.70,B,47,0.99995,0.9998317687874501,1
0.70,B,48,0.99995,0.9998317687874501,1
0.70,B,49,0.99995,0.9998317687874501,1
0.70,B,50,0.99995,0.9998317687874501,1
0.70,B,51,0.99995,0.9998317687874501,1
0.70,B,52,0.99995,0.9998317687874501,1
0.70,B,53,0.99995,0.9998317687874501,1
0.70,B,54,0.99995,0.9998317687874501,1
0.70,B,55,0.99995,0.9998317687874501,1
0.70,B,56,0.99995,0.9998317687874501,1
0.70,B,57,0.99995,0.9998317687874501,1
0.70,B,58,0.99995,0.9998317687874501,1
0.70,B,59,0.99995,0.9998317687874501,1
0.70,B,60,0.99995,0.9998317687874501,1
0.70,B,61,0.99995,0.9998317687874501,1
0.70,B,62,0.99995,0.9998317687874501,1
0.70,B,63,0.99995,0.9998317687874501,1
0.70,B,64,0.99995,0.9998317687874501,1
0.70,B,65,0.99995,0.9998317687874501,1
0.70,B,66,0.99995,0.9998317687874501,1
0.70,B,67,0.99995,0.9998317687874501,1
0.70,B,68,0.99995,0.9998317687874501,1
0.70,B,69,0.99995,0.9998317687874501,1
0.70,B,70,0.99995,0.9998317687874501,1
0.70,B,71,0.99995,0.9998317687874501,1
0.70,B,72,0.99995,0.9998317687874501,1
0.70,B,73,0.99995,0.9998317687874501,1
0.70,B,74,0.99995,0.9998317687874501,1
0.70,B,75,0.99995,0.9998317687874501,1
0.70,B,76,0.99995,0.9998317687874501,1
0.70,B,77,0.99995,0.9998317687874501,1
0.70,B,78,0.99995,0.9998317687874501,1
0.70,B,79,0.99995,0.9998317687874501,1
0.70,B,80,0.99995,0.9998317687874501,1
0.70,B,81,0.99995,0.9998317687874501,1
0.70,B,82,0.99995,0.9998317687874501,1
0.70,B,83,0.99995,0.9998317687874501,1
0.70,B,84,0.99995,0.9998317687874501,1
0.70,B,85,0.99995,0.9998317687874501,1
0.70,B,86,0.99995,0.9998317687874501,1
0.70,B,87,0.99995,0.9998317687874501,1
0.70,B,88,0.99995,0.9998317687874501,1
0.70,B,89,0.99995,0.9998317687874501,1
0.70,B,90,0.99995,0.9998317687874501,1
0.70,B,91,0.99995,0.9998317687874501,1
0.70,B,92,0.99995,0.9998317687874501,1
0.70,B,93,0.99995,0.9998317687874501,1
0.70,B,94,0.99995,0.9998317687874501,1
0.70,B,95,0.99995,0.9998317687874501,1
0.70,B,96,0.99995,0.9998317687874501,1
0.70,B,97,0.99995,0.9998317687874501,1
0.70,B,98,0.99995,0.9998317687874501,1
0.70,B,99,0.99995,0.9998317687874501,1
0.70,B,100,0.99995,0.9998317687874501,1
0.70,B,101,0.99995,0.9998317687874501,1
0.70,B,102,0.99995,0.9998317687874501,1
0.70,B,103,0.99995,0.9998317687874501,1
0.70,B,104,0.99995,0.9998317687874501,1
0.70,B,105,0.99995,0.9998317687874501,1
0.70,B,106,0.99995,0.9998317687874501,1
0.70,B,107,0.99995,0.9998317687874501,1
0.70,B,108,0.99995,0.9998317687874501,1
0.70,B,109,0.99995,0.9998317687874501,1
0.70,B,110,0.99995,0.9998317687874501,1
0.70,B,111,0.99995,0.9998317687874501,1
0.70,B,112,0.99995,0.9998317687874501,1
0.70,B,113,0.99995,0.9998317687874501,1
0.70,B,114,0.99995,0.9998317687874501,1
0.70,B,115,0.99995,0.9998317687874501,1
0.70,B,116,0.99995,0.9998317687874501,1
0.70,B,117,0.99995,0.9998317687874501,1
0.70,B,118,0.99995,0.9998317687874501,1
0.70,B,119,0.99995,0.9998317687874501,1
0.70,B,120,0.99995,0.9998317687874501,1
0.70,B,121,0.99995,0.9998317687874501,1
0.70,B,122,0.99995,0.9998317687874501,1
0.70,B,123,0.99995,0.9998317687874501,1
0.70,B,124,0.99995,0.9998317687874501,1
0.70,B,125,0.99995,0.9998317687874501,1
0.70,B,126,0.99995,0.9998317687874501,1
0.70,B,127,0.99995,0.9998317687874501,1
0.70,B,128,0.99995,0.9998317687874501,1
0.70,B,129,0.99995,0.9998317687874501,1
0.70,B,130,0.99995,0.9998317687874501,1
0.70,B,131,0.99995,0.9998317687874501,1
0.70,B,132,0.99995,0.9998317687874501,1
0.70,B,133,0.99995,0.9998317687874501,1
0.70,B,134,0.99995,0.9998317687874501,1
0.70,B,135,0.99995,0.9998317687874501,1
0.70,B,136,0.99995,0.9998317687874501,1
0.70,B,137,0.99995,0.9998317687874501,1
0.70,B,138,0.99995,0.9998317687874501,1
0.70,B,139,0.99995,0.9998317687874501,1
0.70,B,140,0.99995,0.9998317687874501,1
0.70,B,141,0.99995,0.9998317687874501,1
0.70,B,142,0.99995,0.9998317687874501,1
0.70,B,143,0.99995,0.9998317687874501,1
0.70,B,144,0.99995,0.9998317687874501,1
0.70,B,145,0.99995,0.9998317687874501,1
0.70,B,146,0.99995,0.9998317687874501,1
0.70,B,147,0.99995,0.9998317687874501,1
0.70,B,148,0.99995,0.9998317687874501,1
0.70,B,149,0.99995,0.9998317687874501,1
0.70,B,150,0.99995,0.9998317687874501,1
0.70,B,151,0.99995,0.9998317687874501,1
0.70,B,152,0.99995,0.9998317687874501,1
0.70,B,153,0.99995,0.9998317687874501,1
0.70,B,154,0.99995,0.9998317687874501,1
0.70,B,155,0.99995,0.9998317687874501,1
0.70,B,156,0.99995,0.9998317687874501,1
0.70,B,157,0.99995,0.9998317687874501,1
0.70,B,158,0.99995,0.9998317687874501,1
0.70,B,159,0.99995,0.9998317687874501,1
0.70,B,160,0.99995,0.9998317687874501,1
0.70,B,161,0.99995,0.9998317687874501,1
0.70,B,162,0.99995,0.9998317687874501,1
0.70,B,163,0.99995,0.9998317687874501,1
0.70,B,164,0.99995,0.9998317687874501,1
0.70,B,165,0.99995,0.9998317687874501,1
0.70,B,166,0.99995,0.9998317687874501,1
0.70,B,167,0.99995,0.9998317687874501,1
0.70,B,168,0.99995,0.9998317687874501,1
0.70,B,169,0.99995,0.9998317687874501,1
0.70,B,170,0.99995,0.9998317687874501,1
0.70,B,171,0.99995,0.9998317687874501,1
0.70,B,172,0.99995,0.9998317687874501,1
0.70,B,173,0.99995,0.9998317687874501,1
0.70,B,174,0.99995,0.9998317687874501,1
0.70,B,175,0.99995,0.9998317687874501,1
0.70,B,176,0.99995,0.9998317687874501,1
0.70,B,177,0.99995,0.9998317687874501,1
0.70,B,178,0.99995,0.9998317687874501,1
0.70,B,179,0.99995,0.9998317687874501,1
0.70,B,180,0.99995,0.9998317687874501,1
0.70,B,181,0.99995,0.9998317687874501,1
0.70,B,182,0.99995,0.9998317687874501,1
0.70,B,183,0.99995,0.9998317687874501,1
0.70,B,184,0.99995,0.9998317687874501,1
0.70,B,185,0.99995,0.9998317687874501,1
0.70,B,186,0.99995,0.9998317687874501,1
0.70,B,187,0.99995,0.9998317687874501,1
0.70,B,188,0.99995,0.9998317687874501,1
0.70,B,189,0.99995,0.9998317687874501,1
0.70,B,190,0.99995,0.9998317687874501,1
0.70,B,191,0.99995,0.9998317687874501,1
0.70,B,192,0.99995,0.9998317687874501,1
0.70,B,193,0.99995,0.9998317687874501,1
0.70,B,194,0.99995,0.9998317687874501,1
0.70,B,195,0.99995,0.9998317687874501,1
0.70,B,196,0.99995,0.9998317687874501,1
0.70,B,197,0.99995,0.9998317687874501,1
0.70,B,198,0.99995,0.9998317687874501,1
0.70,B,199,0.99995,0.9998317687874501,1
0.70,B,200,0.99995,0.9998317687874501,1
0.70,B,201,0.99995,0.9998317687874501,1
0.70,B,202,0.99995,0.9998317687874501,1
0.70,B,203,0.99995,0.9998317687874501,1
0.70,B,204,0.99995,0.9998317687874501,1
0.70,B,205,0.99995,0.9998317687874501,1
0.70,B,206,0.99995,0.9998317687874501,1
0.70,B,207,0.99995,0.9998317687874501,1
0.70,B,208,0.99995,0.9998317687874501,1
0.70,B,209,0.99995,0.9998317687874501,1
0.70,B,210,0.99995,0.9998317687874501,1
0.70,B,211,0.99995,0.9998317687874501,1
0.70,B,212,0.99995,0.9998317687874501,1
0.70,B,213,0.99995,0.9998317687874501,1
0.70,B,214,0.99995,0.9998317687874501,1
0.70,B,215,0.99995,0.9998317687874501,1
0.70,B,216,0.99995,0.9998317687874501,1
0.70,B,217,0.99995,0.9998317687874501,1
0.70,B,218,0.99995,0.9998317687874501,1
0.70,B,219,0.99995,0.9998317687874501,1
0.70,B,220,0.99995,0.9998317687874501,1
0.70,B,221,0.99995,0.9998317687874501,1
0.70,B,222,0.99995,0.9998317687874501,1
0.70,B,223,0.99995,0.9998317687874501,1
0.70,B,224,0.99995,0.9998317687874501,1
0.70,B,225,0.99995,0.9998317687874501,1
0.70,B,226,0.99995,0.9998317687874501,1
0.70,B,227,0.99995,0.9998317687874501,1
0.70,B,228,0.99995,0.9998317687874501,1
0.70,B,229,0.99995,0.9998317687874501,1
0.70,B,230,0.99995,0.9998317687874501,1
0.70,B,231,0.99995,0.9998317687874501,1
0.70,B,232,0.99995,0.9998317687874501,1
0.70,B,233,0.99995,0.9998317687874501,1
0.70,B,234,0.99995,0.9998317687874501,1
0.70,B,235,0.99995,0.9998317687874501,1
0.70,B,236,0.99995,0.9998317687874501,1
0.70,B,237,0.99995,0.9998317687874501,1
0.70,B,238,0.99995,0.9998317687874501,1
0.70,B,239,0.99995,0.9998317687874501,1
0.70,B,240,0.99995,0.9998317687874501,1
0.70,B,241,0.99995,0.9998317687874501,1
0.70,B,242,0.99995,0.9998317687874501,1
0.70,B,243,0.99995,0.9998317687874501,1
0.70,B,244,0.99995,0.9998317687874501,1
0.70,B,245,0.99995,0.9998317687874501,1
0.70,B,246,0.99995,0.9998317687874501,1
0.70,B,247,0.99995,0.9998317687874501,1
0.70,B,248,0.99995,0.9998317687874501,1
0.70,B,249,0.99995,0.9998317687874501,1
0.70,B,250,0.99995,0.9998317687874501,1
0.70,B,251,0.99995,0.9998317687874501,1
0.70,B,252,0.99995,0.9998317687874501,1
0.70,B,253,0.99995,0.9998317687874501,1
0.70,B,254,0.99995,0.9998317687874501,1
0.70,B,255,0.99995,0.9998317687874501,1
0.70,B,256,0.99995,0.9998317687874501,1
0.70,B,257,0.99995,0.9998317687874501,1
0.70,B,258,0.99995,0.9998317687874501,1
0.70,B,259,0.99995,0.9998317687874501,1
0.70,B,260,0.99995,0.9998317687874501,1
0.70,B,261,0.99995,0.9998317687874501,1
0.70,B,262,0.99995,0.9998317687874501,1
0.70,B,263,0.99995,0.9998317687874501,1
0.70,B,264,0.99995,0.9998317687874501,1
0.70,B,265,0.99995,0.9998317687874501,1
0.70,B,266,0.99995,0.9998317687874501,1
0.70,B,267,0.99995,0.9998317687874501,1
0.70,B,268,0.99995,0.9998317687874501,1
0.70,B,269,0.99995,0.9998317687874501,1
0.70,B,270,0.99995,0.9998317687874501,1
0.70,B,271,0.99995,0.9998317687874501,1
0.70,B,272,0.99995,0.9998317687874501,1
0.70,B,273,0.99995,0.9998317687874501,1
0.70,B,274,0.99995,0.9998317687874501,1
0.70,B,275,0.99995,0.9998317687874501,1
0.70,B,276,0.99995,0.9998317687874501,1
0.70,B,277,0.99995,0.9998317687874501,1
0.70,B,278,0.99995,0.9998317687874501,1
0.70,B,279,0.99995,0.9998317687874501,1
0.70,B,280,0.99995,0.9998317687874501,1
0.70,B,281,0.99995,0.9998317687874501,1
0.70,B,282,0.99995,0.9998317687874501,1
0.70,B,283,0.99995,0.9998317687874501,1
0.70,B,284,0.99995,0.9998317687874501,1
0.70,B,285,0.99995,0.9998317687874501,1
0.70,B,286,0.99995,0.9998317687874501,1
0.70,B,287,0.99995,0.9998317687874501,1
0.70,B,288,0.99995,0.9998317687874501,1
0.70,B,289,0.99995,0.9998317687874501,1
0.70,B,290,0.99995,0.9998317687874501,1
0.70,B,291,0.99995,0.9998317687874501,1
0.70,B,292,0.99995,0.9998317687874501,1
0.70,B,293,0.99995,0.9998317687874501,1
0.70,B,294,0.99995,0.9998317687874501,1
0.70,B,295,0.99995,0.9998317687874501,1
0.70,B,296,0.99995,0.9998317687874501,1
0.70,B,297,0.99995,0.9998317687874501,1
0.70,B,298,0.99995,0.9998317687874501,1
0.70,B,299,0.99995,0.9998317687874501,1
0.70,B,300,0.99995,0.9998317687874501,1
0.70,B,301,0.99995,0.9998317687874501,1
0.70,B,302,0.99995,0.9998317687874501,1
0.70,B,303,0.99995,0.9998317687874501,1
0.70,B,304,0.99995,0.9998317687874501,1
0.70,B,305,0.99995,0.9998317687874501,1
0.70,B,306,0.99995,0.9998317687874501,1
0.70,B,307,0.99995,0.9998317687874501,1
0.70,B,308,0.99995,0.9998317687874501,1
0.70,B,309,0.99995,0.9998317687874501,1
0.70,B,310,0.99995,0.9998317687874501,1
0.70,B,311,0.99995,0.9998317687874501,1
0.70,B,312,0.99995,0.9998317687874501,1
0.70,B,313,0.99995,0.9998317687874501,1
0.70,B,314,0.99995,0.9998317687874501,1
0.70,B,315,0.99995,0.9998317687874501,1
0.70,B,316,0.99995,0.9998317687874501,1
0.70,B,317,0.99995,0.9998317687874501,1
0.70,B,318,0.99995,0.9998317687874501,1
0.70,B,319,0.99995,0.9998317687874501,1
0.70,B,320,0.99995,0.9998317687874501,1
0.70,B,321,0.99995,0.9998317687874501,1
0.70,B,322,0.99995,0.9998317687874501,1
0.70,B,323,0.99995,0.9998317687874501,1
0.70,B,324,0.99995,0.9998317687874501,1
0.70,B,325,0.99995,0.9998317687874501,1
0.70,B,326,0.99995,0.9998317687874501,1
0.70,B,327,0.99995,0.9998317687874501,1
0.70,B,328,0.99995,0.9998317687874501,1
0.70,B,329,0.99995,0.9998317687874501,1
0.70,B,330,0.99995,0.9998317687874501,1
0.70,B,331,0.99995,0.9998317687874501,1
0.70,B,332,0.99995,0.9998317687874501,1
0.70,B,333,0.99995,0.9998317687874501,1
0.70,B,334,0.99995,0.9998317687874501,1
0.70,B,335,0.99995,0.9998317687874501,1
0.70,B,336,0.99995,0.9998317687874501,1
0.70,B,337,0.99995,0.9998317687874501,1
0.70,B,338,0.99995,0.9998317687874501,1
0.70,B,339,0.99995,0.9998317687874501,1
0.70,B,340,0.99995,0.9998317687874501,1
0.70,B,341,0.99995,0.9998317687874501,1
0.70,B,342,0.99995,0.9998317687874501,1
0.70,B,343,0.99995,0.9998317687874501,1
0.70,B,344,0.99995,0.9998317687874501,1
0.70,B,345,0.99995,0.9998317687874501,1
0.70,B,346,0.99995,0.9998317687874501,1
0.70,B,347,0.99995,0.9998317687874501,1
0.70,B,348,0.99995,0.9998317687874501,1
0.70,B,349,0.99995,0.9998317687874501,1
0.70,B,350,0.99995,0.9998317687874501,1
0.70,B,351,0.99995,0.9998317687874501,1
0.70,B,352,0.99995,0.9998317687874501,1
0.70,B,353,0.99995,0.9998317687874501,1
0.70,B,354,0.99995,0.9998317687874501,1
0.70,B,355,0.99995,0.9998317687874501,1
0.70,B,356,0.99995,0.9998317687874501,1
0.70,B,357,0.99995,0.9998317687874501,1
0.70,B,358,0.99995,0.9998317687874501,1
0.70,B,359,0.99995,0.9998317687874501,1
0.70,B,360,0.99995,0.9998317687874501,1
0.70,B,361,0.99995,0.9998317687874501,1
0.70,B,362,0.99995,0.9998317687874501,1
0.70,B,363,0.99995,0.9998317687874501,1
0.70,B,364,0.99995,0.9998317687874501,1
0.70,B,365,0.99995,0.9998317687874501,1
0.70,B,366,0.99995,0.9998317687874501,1
0.70,B,367,0.99995,0.9998317687874501,1
0.70,B,368,0.99995,0.9998317687874501,1
0.70,B,369,0.99995,0.9998317687874501,1
0.70,B,370,0.99995,0.9998317687874501,1
0.70,B,371,0.99995,0.9998317687874501,1
0.70,B,372,0.99995,0.9998317687874501,1
0.70,B,373,0.99995,0.9998317687874501,1
0.70,B,374,0.99995,0.9998317687874501,1
0.70,B,375,0.99995,0.9998317687874501,1
0.70,B,376,0.99995,0.9998317687874501,1
0.70,B,377,0.99995,0.9998317687874501,1
0.70,B,378,0.99995,0.9998317687874501,1
0.70,B,379,0.99995,0.9998317687874501,1
0.70,B,380,0.99995,0.9998317687874501,1
0.70,B,381,0.99995,0.9998317687874501,1
0.70,B,382,0.99995,0.9998317687874501,1
0.70,B,383,0.99995,0.9998317687874501,1
0.70,B,384,0.99995,0.9998317687874501,1
0.70,B,385,0.99995,0.9998317687874501,1
0.70,B,386,0.99995,0.9998317687874501,1
0.70,B,387,0.99995,0.9998317687874501,1
0.70,B,388,0.99995,0.9998317687874501,1
0.70,B,389,0.99995,0.9998317687874501,1
0.70,B,390,0.99995,0.9998317687874501,1
0.70,B,391,0.99995,0.9998317687874501,1
0.70,B,392,0.99995,0.9998317687874501,1
0.70,B,393,0.99995,0.9998317687874501,1
0.70,B,394,0.99995,0.9998317687874501,1
0.70,B,395,0.99995,0.9998317687874501,1
0.70,B,396,0.99995,0.9998317687874501,1
0.70,B,397,0.99995,0.9998317687874501,1
0.70,B,398,0.99995,0.9998317687874501,1
0.70,B,399,0.99995,0.9998317687874501,1
0.70,B,400,0.99995,0.9998317687874501,1
0.70,B,401,0.99995,0.9998317687874501,1
0.70,B,402,0.99995,0.9998317687874501,1
0.70,B,403,0.99995,0.9998317687874501,1
0.70,B,404,0.99995,0.9998317687874501,1
0.70,B,405,0.99995,0.9998317687874501,1
0.70,B,406,0.99995,0.9998317687874501,1
0.70,B,407,0.99995,0.9998317687874501,1
0.70,B,408,0.99995,0.9998317687874501,1
0.70,B,409,0.99995,0.9998317687874501,1
0.70,B,410,0.99995,0.9998317687874501,1
0.70,B,411,0.99995,0.9998317687874501,1
0.70,B,412,0.99995,0.9998317687874501,1
0.70,B,413,0.99995,0.9998317687874501,1
0.70,B,414,0.99995,0.9998317687874501,1
0.70,B,415,0.99995,0.9998317687874501,1
0.70,B,416,0.99995,0.9998317687874501,1
0.70,B,417,0.99995,0.9998317687874501,1
0.70,B,418,0.99995,0.9998317687874501,1
0.70,B,419,0.99995,0.9998317687874501,1
0.70,B,420,0.99995,0.9998317687874501,1
0.70,B,421,0.99995,0.9998317687874501,1
0.70,B,422,0.99995,0.9998317687874501,1
0.70,B,423,0.99995,0.9998317687874501,1
0.70,B,424,0.99995,0.9998317687874501,1
0.70,B,425,0.99995,0.9998317687874501,1
0.70,B,426,0.99995,0.9998317687874501,1
0.70,B,427,0.99995,0.9998317687874501,1
0.70,B,428,0.99995,0.9998317687874501,1
0.70,B,429,0.99995,0.9998317687874501,1
0.70,B,430,0.99995,0.9998317687874501,1
0.70,B,431,0.99995,0.9998317687874501,1
0.70,B,432,0.99995,0.9998317687874501,1
0.70,B,433,0.99995,0.9998317687874501,1
0.70,B,434,0.99995,0.9998317687874501,1
0.70,B,435,0.99995,0.9998317687874501,1
0.70,B,436,0.99995,0.9998317687874501,1
0.70,B,437,0.99995,0.9998317687874501,1
0.70,B,438,0.99995,0.9998317687874501,1
0.70,B,439,0.99995,0.9998317687874501,1
0.70,B,440,0.99995,0.9998317687874501,1
0.70,B,441,0.99995,0.9998317687874501,1
0.70,B,442,0.99995,0.9998317687874501,1
0.70,B,443,0.99995,0.9998317687874501,1
0.70,B,444,0.99995,0.9998317687874501,1
0.70,B,445,0.99995,0.9998317687874501,1
0.70,B,446,0.99995,0.9998317687874501,1
0.70,B,447,0.99995,0.9998317687874501,1
0.70,B,448,0.99995,0.9998317687874501,1
0.70,B,449,0.99995,0.9998317687874501,1
0.70,B,450,0.99995,0.9998317687874501,1
0.70,B,451,0.99995,0.9998317687874501,1
0.70,B,452,0.99995,0.9998317687874501,1
0.70,B,453,0.99995,0.9998317687874501,1
0.70,B,454,0.99995,0.9998317687874501,1
0.70,B,455,0.99995,0.9998317687874501,1
0.70,B,456,0.99995,0.9998317687874501,1
0.70,B,457,0.99995,0.9998317687874501,1
0.70,B,458,0.99995,0.9998317687874501,1
0.70,B,459,0.99995,0.9998317687874501,1
0.70,B,460,0.99995,0.9998317687874501,1
0.70,B,461,0.99995,0.9998317687874501,1
0.70,B,462,0.99995,0.9998317687874501,1
0.70,B,463,0.99995,0.9998317687874501,1
0.70,B,464,0.99995,0.9998317687874501,1
0.70,B,465,0.99995,0.9998317687874501,1
0.70,B,466,0.99995,0.9998317687874501,1
0.70,B,467,0.99995,0.9998317687874501,1
0.70,B,468,0.99995,0.9998317687874501,1
0.70,B,469,0.99995,0.9998317687874501,1
0.70,B,470,0.99995,0.9998317687874501,1
0.70,B,471,0.99995,0.9998317687874501,1
0.70,B,472,0.99995,0.9998317687874501,1
0.70,B,473,0.99995,0.9998317687874501,1
0.70,B,474,0.99995,0.9998317687874501,1
0.70,B,475,0.99995,0.9998317687874501,1
0.70,B,476,0.99995,0.9998317687874501,1
0.70,B,477,0.99995,0.9998317687874501,1
0.70,B,478,0.99995,0.9998317687874501,1
0.70,B,479,0.99995,0.9998317687874501,1
0.70,B,480,0.99995,0.9998317687874501,1
0.70,B,481,0.99995,0.9998317687874501,1
0.70,B,482,0.99995,0.9998317687874501,1
0.70,B,483,0.99995,0.9998317687874501,1
0.70,B,484,0.99995,0.9998317687874501,1
0.70,B,485,0.99995,0.9998317687874501,1
0.70,B,486,0.99995,0.9998317687874501,1
0.70,B,487,0.99995,0.9998317687874501,1
0.70,B,488,0.99995,0.9998317687874501,1
0.70,B,489,0.99995,0.9998317687874501,1
0.70,B,490,0.99995,0.9998317687874501,1
0.70,B,491,0.99995,0.9998317687874501,1
0.70,B,492,0.99995,0.9998317687874501,1
0.70,B,493,0.99995,0.9998317687874501,1
0.70,B,494,0.99995,0.9998317687874501,1
0.70,B,495,0.99995,0.9998317687874501,1
0.70,B,496,0.99995,0.9998317687874501,1
0.70,B,497,0.99995,0.9998317687874501,1
0.70,B,498,0.99995,0.9998317687874501,1
0.70,B,499,0.99995,0.9998317687874501,1
0.70,B,500,0.99995,0.9998317687874501,1
0.70,B,501,0.99995,0.9998317687874501,1
0.70,B,502,0.99995,0.9998317687874501,1
0.70,B,503,0.99995,0.9998317687874501,1
0.70,B,504,0.99995,0.9998317687874501,1
0.70,B,505,0.99995,0.9998317687874501,1
0.70,B,506,0.99995,0.9998317687874501,1
0.70,B,507,0.99995,0.9998317687874501,1
0.70,B,508,0.99995,0.9998317687874501,1
0.70,B,509,0.99995,0.9998317687874501,1
0.70,B,510,0.99995,0.9998317687874501,1
0.70,B,511,0.99995,0.9998317687874501,1
0.70,B,512,0.99995,0.9998317687874501,1
0.70,B,513,0.99995,0.9998317687874501,1
0.70,B,514,0.99995,0.9998317687874501,1
0.70,B,515,0.99995,0.9998317687874501,1
0.70,B,516,0.99995,0.9998317687874501,1
0.70,B,517,0.99995,0.9998317687874501,1
0.70,B,518,0.99995,0.9998317687874501,1
0.70,B,519,0.99995,0.9998317687874501,1
0.70,B,520,0.99995,0.9998317687874501,1
0.70,B,521,0.99995,0.9998317687874501,1
0.70,B,522,0.99995,0.9998317687874501,1
0.70,B,523,0.99995,0.9998317687874501,1
0.70,B,524,0.99995,0.9998317687874501,1
0.70,B,525,0.99995,0.9998317687874501,1
0.70,B,526,0.99995,0.9998317687874501,1
0.70,B,527,0.99995,0.9998317687874501,1
0.70,B,528,0.99995,0.9998317687874501,1
0.70,B,529,0.99995,0.9998317687874501,1
0.70,B,530,0.99995,0.9998317687874501,1
0.70,B,531,0.99995,0.9998317687874501,1
0.70,B,532,0.99995,0.9998317687874501,1
0.70,B,533,0.99995,0.9998317687874501,1
0.70,B,534,0.99995,0.9998317687874501,1
0.70,B,535,0.99995,0.9998317687874501,1
0.70,B,536,0.99995,0.9998317687874501,1
0.70,B,537,0.99995,0.9998317687874501,1
0.70,B,538,0.99995,0.9998317687874501,1
0.70,B,539,0.99995,0.9998317687874501,1
0.70,B,540,0.99995,0.9998317687874501,1
0.70,B,541,0.99995,0.9998317687874501,1
0.70,B,542,0.99995,0.9998317687874501,1
0.70,B,543,0.99995,0.9998317687874501,1
0.70,B,544,0.99995,0.9998317687874501,1
0.70,B,545,0.99995,0.9998317687874501,1
0.70,B,546,0.99995,0.9998317687874501,1
0.70,B,547,0.99995,0.9998317687874501,1
0.70,B,548,0.99995,0.9998317687874501,1
0.70,B,549,0.99995,0.9998317687874501,1
0.70,B,550,0.99995,0.9998317687874501,1
0.70,B,551,0.99995,0.9998317687874501,1
0.70,B,552,0.99995,0.9998317687874501,1
0.70,B,553,0.99995,0.9998317687874501,1
0.70,B,554,0.99995,0.9998317687874501,1
0.70,B,555,0.99995,0.9998317687874501,1
0.70,B,556,0.99995,0.9998317687874501,1
0.70,B,557,0.99995,0.9998317687874501,1
0.70,B,558,0.99995,0.9998317687874501,1
0.70,B,559,0.99995,0.9998317687874501,1
0.70,B,560,0.99995,0.9998317687874501,1
0.70,B,561,0.99995,0.9998317687874501,1
0.70,B,562,0.99995,0.9998317687874501,1
0.70,B,563,0.99995,0.9998317687874501,1
0.70,B,564,0.99995,0.9998317687874501,1
0.70,B,565,0.99995,0.9998317687874501,1
0.70,B,566,0.99995,0.9998317687874501,1
0.70,B,567,0.99995,0.9998317687874501,1
0.70,B,568,0.99995,0.9998317687874501,1
0.70,B,569,0.99995,0.9998317687874501,1
0.70,B,570,0.99995,0.9998317687874501,1
0.70,B,571,0.99995,0.9998317687874501,1
0.70,B,572,0.99995,0.9998317687874501,1
0.70,B,573,0.99995,0.9998317687874501,1
0.70,B,574,0.99995,0.9998317687874501,1
0.70,B,575,0.99995,0.9998317687874501,1
0.70,B,576,0.99995,0.9998317687874501,1
0.70,B,577,0.99995,0.9998317687874501,1
0.70,B,578,0.99995,0.9998317687874501,1
0.70,B,579,0.99995,0.9998317687874501,1
0.70,B,580,0.99995,0.9998317687874501,1
0.70,B,581,0.99995,0.9998317687874501,1
0.70,B,582,0.99995,0.9998317687874501,1
0.70,B,583,0.99995,0.9998317687874501,1
0.70,B,584,0.99995,0.9998317687874501,1
0.70,B,585,0.99995,0.9998317687874501,1
0.70,B,586,0.99995,0.9998317687874501,1
0.70,B,587,0.99995,0.9998317687874501,1
0.70,B,588,0.99995,0.9998317687874501,1
0.70,B,589,0.99995,0.9998317687874501,1
0.70,B,590,0.99995,0.9998317687874501,1
0.70,B,591,0.99995,0.9998317687874501,1
0.70,B,592,0.99995,0.9998317687874501,1
0.70,B,593,0.99995,0.9998317687874501,1
0.70,B,594,0.99995,0.9998317687874501,1
0.70,B,595,0.99995,0.9998317687874501,1
0.70,B,596,0.99995,0.9998317687874501,1
0.70,B,597,0.99995,0.9998317687874501,1
0.70,B,598,0.99995,0.9998317687874501,1
0.70,B,599,0.99995,0.9998317687874501,1
0.70,B,600,0.99995,0.9998317687874501,1
0.70,B,601,0.99995,0.9998317687874501,1
0.70,B,602,0.99995,0.9998317687874501,1
0.70,B,603,0.99995,0.9998317687874501,1
0.70,B,604,0.99995,0.9998317687874501,1
0.70,B,605,0.99995,0.9998317687874501,1
0.70,B,606,0.99995,0.9998317687874501,1
0.70,B,607,0.99995,0.9998317687874501,1
0.70,B,608,0.99995,0.9998317687874501,1
0.70,B,609,0.99995,0.9998317687874501,1
0.70,B,610,0.99995,0.9998317687874501,1
0.70,B,611,0.99995,0.9998317687874501,1
0.70,B,612,0.99995,0.9998317687874501,1
0.70,B,613,0.99995,0.9998317687874501,1
0.70,B,614,0.99995,0.9998317687874501,1
0.70,B,615,0.99995,0.9998317687874501,1
0.70,B,616,0.99995,0.9998317687874501,1
0.70,B,617,0.99995,0.9998317687874501,1
0.70,B,618,0.99995,0.9998317687874501,1
0.70,B,619,0.99995,0.9998317687874501,1
0.70,B,620,0.99995,0.9998317687874501,1
0.70,B,621,0.99995,0.9998317687874501,1
0.70,B,622,0.99995,0.9998317687874501,1
0.70,B,623,0.99995,0.9998317687874501,1
0.70,B,624,0.99995,0.9998317687874501,1
0.70,B,625,0.99995,0.9998317687874501,1
0.70,B,626,0.99995,0.9998317687874501,1
0.70,B,627,0.99995,0.9998317687874501,1
0.70,B,628,0.99995,0.9998317687874501,1
0.70,B,629,0.99995,0.9998317687874501,1
0.70,B,630,0.99995,0.9998317687874501,1
0.70,B,631,0.99995,0.9998317687874501,1
0.70,B,632,0.99995,0.9998317687874501,1
0.70,B,633,0.99995,0.9998317687874501,1
0.70,B,634,0.99995,0.9998317687874501,1
0.70,B,635,0.99995,0.9998317687874501,1
0.70,B,636,0.99995,0.9998317687874501,1
0.70,B,637,0.99995,0.9998317687874501,1
0.70,B,638,0.99995,0.9998317687874501,1
0.70,B,639,0.99995,0.9998317687874501,1
0.70,B,640,0.99995,0.9998317687874501,1
0.70,B,641,0.99995,0.9998317687874501,1
0.70,B,642,0.99995,0.9998317687874501,1
0.70,B,643,0.99995,0.9998317687874501,1
0.70,B,644,0.99995,0.9998317687874501,1
0.70,B,645,0.99995,0.9998317687874501,1
0.70,B,646,0.99995,0.9998317687874501,1
0.70,B,647,0.99995,0.9998317687874501,1
0.70,B,648,0.99995,0.9998317687874501,1
0.70,B,649,0.99995,0.9998317687874501,1
0.70,B,650,0.99995,0.9998317687874501,1
0.70,B,651,0.99995,0.9998317687874501,1
0.70,B,652,0.99995,0.9998317687874501,1
0.70,B,653,0.99995,0.9998317687874501,1
0.70,B,654,0.99995,0.9998317687874501,1
0.70,B,655,0.99995,0.9998317687874501,1
0.70,B,656,0.99995,0.9998317687874501,1
0.70,B,657,0.99995,0.9998317687874501,1
0.70,B,658,0.99995,0.9998317687874501,1
0.70,B,659,0.99995,0.9998317687874501,1
0.70,B,660,0.99995,0.9998317687874501,1
0.70,B,661,0.99995,0.9998317687874501,1
0.70,B,662,0.99995,0.9998317687874501,1
0.70,B,663,0.99995,0.9998317687874501,1
0.70,B,664,0.99995,0.9998317687874501,1
0.70,B,665,0.99995,0.9998317687874501,1
0.70,B,666,0.99995,0.9998317687874501,1
0.70,B,667,0.99995,0.9998317687874501,1
0.70,B,668,0.99995,0.9998317687874501,1
0.70,B,669,0.99995,0.9998317687874501,1
0.70,B,670,0.99995,0.9998317687874501,1
0.70,B,671,0.99995,0.9998317687874501,1
0.70,B,672,0.99995,0.9998317687874501,1
0.70,B,673,0.99995,0.9998317687874501,1
0.70,B,674,0.99995,0.9998317687874501,1
0.70,B,675,0.99995,0.9998317687874501,1
0.70,B,676,0.99995,0.9998317687874501,1
0.70,B,677,0.99995,0.9998317687874501,1
0.70,B,678,0.99995,0.9998317687874501,1
0.70,B,679,0.99995,0.9998317687874501,1
0.70,B,680,0.99995,0.9998317687874501,1
0.70,B,681,0.99995,0.9998317687874501,1
0.70,B,682,0.99995,0.9998317687874501,1
0.70,B,683,0.99995,0.9998317687874501,1
0.70,B,684,0.99995,0.9998317687874501,1
0.70,B,685,0.99995,0.9998317687874501,1
0.70,B,686,0.99995,0.9998317687874501,1
0.70,B,687,0.99995,0.9998317687874501,1
0.70,B,688,0.99995,0.9998317687874501,1
0.70,B,689,0.99995,0.9998317687874501,1
0.70,B,690,0.99995,0.9998317687874501,1
0.70,B,691,0.99995,0.9998317687874501,1
0.70,B,692,0.99995,0.9998317687874501,1
0.70,B,693,0.99995,0.9998317687874501,1
0.70,B,694,0.99995,0.9998317687874501,1
0.70,B,695,0.99995,0.9998317687874501,1
0.70,B,696,0.99995,0.9998317687874501,1
0.70,B,697,0.99995,0.9998317687874501,1
0.70,B,698,0.99995,0.9998317687874501,1
0.70,B,699,0.99995,0.9998317687874501,1
0.70,B,700,0.99995,0.9998317687874501,1
0.70,B,701,0.99995,0.9998317687874501,1
0.70,B,702,0.99995,0.9998317687874501,1
0.70,B,703,0.99995,0.9998317687874501,1
0.70,B,704,0.99995,0.9998317687874501,1
0.70,B,705,0.99995,0.9998317687874501,1
0.70,B,706,0.99995,0.9998317687874501,1
0.70,B,707,0.99995,0.9998317687874501,1
0.70,B,708,0.99995,0.9998317687874501,1
0.70,B,709,0.99995,0.9998317687874501,1
0.70,B,710,0.99995,0.9998317687874501,1
0.70,B,711,0.99995,0.9998317687874501,1
0.70,B,712,0.99995,0.9998317687874501,1
0.70,B,713,0.99995,0.9998317687874501,1
0.70,B,714,0.99995,0.9998317687874501,1
0.70,B,715,0.99995,0.9998317687874501,1
0.70,B,716,0.99995,0.9998317687874501,1
0.70,B,717,0.99995,0.9998317687874501,1
0.70,B,718,0.99995,0.9998317687874501,1
0.70,B,719,0.99995,0.9998317687874501,1
0.70,B,720,0.99995,0.9998317687874501,1
0.70,B,721,0.99995,0.9998317687874501,1
0.70,B,722,0.99995,0.9998317687874501,1
0.70,B,723,0.99995,0.9998317687874501,1
0.70,B,724,0.99995,0.9998317687874501,1
0.70,B,725,0.99995,0.9998317687874501,1
0.70,B,726,0.99995,0.9998317687874501,1
0.70,B,727,0.99995,0.9998317687874501,1
0.70,B,728,0.99995,0.9998317687874501,1
0.70,B,729,0.99995,0.9998317687874501,1
0.70,B,730,0.99995,0.9998317687874501,1
0.70,B,731,0.99995,0.9998317687874501,1
0.70,B,732,0.99995,0.9998317687874501,1
0.70,B,733,0.99995,0.9998317687874501,1
0.70,B,734,0.99995,0.9998317687874501,1
0.70,B,735,0.99995,0.9998317687874501,1
0.70,B,736,0.99995,0.9998317687874501,1
0.70,B,737,0.99995,0.9998317687874501,1
0.70,B,738,0.99995,0.9998317687874501,1
0.70,B,739,0.99995,0.9998317687874501,1
0.70,B,740,0.99995,0.9998317687874501,1
0.70,B,741,0.99995,0.9998317687874501,1
0.70,B,742,0.99995,0.9998317687874501,1
0.70,B,743,0.99995,0.9998317687874501,1
0.70,B,744,0.99995,0.9998317687874501,1
0.70,B,745,0.99995,0.9998317687874501,1
0.70,B,746,0.99995,0.9998317687874501,1
0.70,B,747,0.99995,0.9998317687874501,1
0.70,B,748,0.99995,0.9998317687874501,1
0.70,B,749,0.99995,0.9998317687874501,1
0.70,B,750,0.99995,0.9998317687874501,1
0.70,B,751,0.99995,0.9998317687874501,1
0.70,B,752,0.99995,0.9998317687874501,1
0.70,B,753,0.99995,0.9998317687874501,1
0.70,B,754,0.99995,0.9998317687874501,1
0.70,B,755,0.99995,0.9998317687874501,1
0.70,B,756,0.99995,0.9998317687874501,1
0.70,B,757,0.99995,0.9998317687874501,1
0.70,B,758,0.99995,0.9998317687874501,1
0.70,B,759,0.99995,0.9998317687874501,1
0.70,B,760,0.99995,0.9998317687874501,1
0.70,B,761,0.99995,0.9998317687874501,1
0.70,B,762,0.99995,0.9998317687874501,1
0.70,B,763,0.99995,0.9998317687874501,1
0.70,B,764,0.99995,0.9998317687874501,1
0.70,B,765,0.99995,0.9998317687874501,1
0.70,B,766,0.99995,0.9998317687874501,1
0.70,B,767,0.99995,0.9998317687874501,1
0.70,B,768,0.99995,0.9998317687874501,1
0.70,B,769,0.99995,0.9998317687874501,1
0.70,B,770,0.99995,0.9998317687874501,1
0.70,B,771,0.99995,0.9998317687874501,1
0.70,B,772,0.99995,0.9998317687874501,1
0.70,B,773,0.99995,0.9998317687874501,1
0.70,B,774,0.99995,0.9998317687874501,1
0.70,B,775,0.99995,0.9998317687874501,1
0.70,B,776,0.99995,0.9998317687874501,1
0.70,B,777,0.99995,0.9998317687874501,1
0.70,B,778,0.99995,0.9998317687874501,1
0.70,B,779,0.99995,0.9998317687874501,1
0.70,B,780,0.99995,0.9998317687874501,1
0.70,B,781,0.99995,0.9998317687874501,1
0.70,B,782,0.99995,0.9998317687874501,1
0.70,B,783,0.99995,0.9998317687874501,1
0.70,B,784,0.99995,0.9998317687874501,1
0.70,B,785,0.99995,0.9998317687874501,1
0.70,B,786,0.99995,0.9998317687874501,1
0.70,B,787,0.99995,0.9998317687874501,1
0.70,B,788,0.99995,0.9998317687874501,1
0.70,B,789,0.99995,0.9998317687874501,1
0.70,B,790,0.99995,0.9998317687874501,1
0.70,B,791,0.99995,0.9998317687874501,1
0.70,B,792,0.99995,0.9998317687874501,1
0.70,B,793,0.99995,0.9998317687874501,1
0.70,B,794,0.99995,0.9998317687874501,1
0.70,B,795,0.99995,0.9998317687874501,1
0.70,B,796,0.99995,0.9998317687874501,1
0.70,B,797,0.99995,0.9998317687874501,1
0.70,B,798,0.99995,0.9998317687874501,1
0.70,B,799,0.99995,0.9998317687874501,1
0.70,B,800,0.99995,0.9998317687874501,1
0.70,B,801,0.99995,0.9998317687874501,1
0.70,B,802,0.99995,0.9998317687874501,1
0.70,B,803,0.99995,0.9998317687874501,1
0.70,B,804,0.99995,0.9998317687874501,1
0.70,B,805,0.99995,0.9998317687874501,1
0.70,B,806,0.99995,0.9998317687874501,1
0.70,B,807,0.99995,0.9998317687874501,1
0.70,B,808,0.99995,0.9998317687874501,1
0.70,B,809,0.99995,0.9998317687874501,1
0.70,B,810,0.99995,0.9998317687874501,1
0.70,B,811,0.99995,0.9998317687874501,1
0.70,B,812,0.99995,0.9998317687874501,1
0.70,B,813,0.99995,0.9998317687874501,1
0.70,B,814,0.99995,0.9998317687874501,1
0.70,B,815,0.99995,0.9998317687874501,1
0.70,B,816,0.99995,0.9998317687874501,1
0.70,B,817,0.99995,0.9998317687874501,1
0.70,B,818,0.99995,0.9998317687874501,1
0.70,B,819,0.99995,0.9998317687874501,1
0.70,B,820,0.99995,0.9998317687874501,1
0.70,B,821,0.99995,0.9998317687874501,1
0.70,B,822,0.99995,0.9998317687874501,1
0.70,B,823,0.99995,0.9998317687874501,1
0.70,B,824,0.99995,0.9998317687874501,1
0.70,B,825,0.99995,0.9998317687874501,1
0.70,B,826,0.99995,0.9998317687874501,1
0.70,B,827,0.99995,0.9998317687874501,1
0.70,B,828,0.99995,0.9998317687874501,1
0.70,B,829,0.99995,0.9998317687874501,1
0.70,B,830,0.99995,0.9998317687874501,1
0.70,B,831,0.99995,0.9998317687874501,1
0.70,B,832,0.99995,0.9998317687874501,1
0.70,B,833,0.99995,0.9998317687874501,1
0.70,B,834,0.99995,0.9998317687874501,1
0.70,B,835,0.99995,0.9998317687874501,1
0.70,B,836,0.99995,0.9998317687874501,1
0.70,B,837,0.99995,0.9998317687874501,1
0.70,B,838,0.99995,0.9998317687874501,1
0.70,B,839,0.99995,0.9998317687874501,1
0.70,B,840,0.99995,0.9998317687874501,1
0.70,B,841,0.99995,0.9998317687874501,1
0.70,B,842,0.99995,0.9998317687874501,1
0.70,B,843,0.99995,0.9998317687874501,1
0.70,B,844,0.99995,0.9998317687874501,1
0.70,B,845,0.99995,0.9998317687874501,1
0.70,B,846,0.99995,0.9998317687874501,1
0.70,B,847,0.99995,0.9998317687874501,1
0.70,B,848,0.99995,0.9998317687874501,1
0.70,B,849,0.99995,0.9998317687874501,1
0.70,B,850,0.99995,0.9998317687874501,1
0.70,B,851,0.99995,0.9998317687874501,1
0.70,B,852,0.99995,0.9998317687874501,1
0.70,B,853,0.99995,0.9998317687874501,1
0.70,B,854,0.99995,0.9998317687874501,1
0.70,B,855,0.99995,0.9998317687874501,1
0.70,B,856,0.99995,0.9998317687874501,1
0.70,B,857,0.99995,0.9998317687874501,1
0.70,B,858,0.99995,0.9998317687874501,1
0.70,B,859,0.99995,0.9998317687874501,1
0.70,B,860,0.99995,0.9998317687874501,1
0.70,B,861,0.99995,0.9998317687874501,1
0.70,B,862,0.99995,0.9998317687874501,1
0.70,B,863,0.99995,0.9998317687874501,1
0.70,B,864,0.99995,0.9998317687874501,1
0.70,B,865,0.99995,0.9998317687874501,1
0.70,B,866,0.99995,0.9998317687874501,1
0.70,B,867,0.99995,0.9998317687874501,1
0.70,B,868,0.99995,0.9998317687874501,1
0.70,B,869,0.99995,0.9998317687874501,1
0.70,B,870,0.99995,0.9998317687874501,1
0.70,B,871,0.99995,0.9998317687874501,1
0.70,B,872,0.99995,0.9998317687874501,1
0.70,B,873,0.99995,0.9998317687874501,1
0.70,B,874,0.99995,0.9998317687874501,1
0.70,B,875,0.99995,0.9998317687874501,1
0.70,B,876,0.99995,0.9998317687874501,1
0.70,B,877,0.99995,0.9998317687874501,1
0.70,B,878,0.99995,0.9998317687874501,1
0.70,B,879,0.99995,0.9998317687874501,1
0.70,B,880,0.99995,0.9998317687874501,1
0.70,B,881,0.99995,0.9998317687874501,1
0.70,B,882,0.99995,0.9998317687874501,1
0.70,B,883,0.99995,0.9998317687874501,1
0.70,B,884,0.99995,0.9998317687874501,1
0.70,B,885,0.99995,0.9998317687874501,1
0.70,B,886,0.99995,0.9998317687874501,1
0.70,B,887,0.99995,0.9998317687874501,1
0.70,B,888,0.99995,0.9998317687874501,1
0.70,B,889,0.99995,0.9998317687874501,1
0.70,B,890,0.99995,0.9998317687874501,1
0.70,B,891,0.99995,0.9998317687874501,1
0.70,B,892,0.99995,0.9998317687874501,1
0.70,B,893,0.99995,0.9998317687874501,1
0.70,B,894,0.99995,0.9998317687874501,1
0.70,B,895,0.99995,0.9998317687874501,1
0.70,B,896,0.99995,0.9998317687874501,1
0.70,B,897,0.99995,0.9998317687874501,1
0.70,B,898,0.99995,0.9998317687874501,1
0.70,B,899,0.99995,0.9998317687874501,1
0.70,B,900,0.99995,0.9998317687874501,1
0.70,B,901,0.99995,0.9998317687874501,1
0.70,B,902,0.99995,0.9998317687874501,1
0.70,B,903,0.99995,0.9998317687874501,1
0.70,B,904,0.99995,0.9998317687874501,1
0.70,B,905,0.99995,0.9998317687874501,1
0.70,B,906,0.99995,0.9998317687874501,1
0.70,B,907,0.99995,0.9998317687874501,1
0.70,B,908,0.99995,0.9998317687874501,1
0.70,B,909,0.99995,0.9998317687874501,1
0.70,B,910,0.99995,0.9998317687874501,1
0.70,B,911,0.99995,0.9998317687874501,1
0.70,B,912,0.99995,0.9998317687874501,1
0.70,B,913,0.99995,0.9998317687874501,1
0.70,B,914,0.99995,0.9998317687874501,1
0.70,B,915,0.99995,0.9998317687874501,1
0.70,B,916,0.99995,0.9998317687874501,1
0.70,B,917,0.99995,0.9998317687874501,1
0.70,B,918,0.99995,0.9998317687874501,1
0.70,B,919,0.99995,0.9998317687874501,1
0.70,B,920,0.99995,0.9998317687874501,1
0.70,B,921,0.99995,0.9998317687874501,1
0.70,B,922,0.99995,0.9998317687874501,1
0.70,B,923,0.99995,0.9998317687874501,1
0.70,B,924,0.99995,0.9998317687874501,1
0.70,B,925,0.99995,0.9998317687874501,1
0.70,B,926,0.99995,0.9998317687874501,1
0.70,B,927,0.99995,0.9998317687874501,1
0.70,B,928,0.99995,0.9998317687874501,1
0.70,B,929,0.99995,0.9998317687874501,1
0.70,B,930,0.99995,0.9998317687874501,1
0.70,B,931,0.99995,0.9998317687874501,1
0.70,B,932,0.99995,0.9998317687874501,1
0.70,B,933,0.99995,0.9998317687874501,1
0.70,B,934,0.99995,0.9998317687874501,1
0.70,B,935,0.99995,0.9998317687874501,1
0.70,B,936,0.99995,0.9998317687874501,1
0.70,B,937,0.99995,0.9998317687874501,1
0.70,B,938,0.99995,0.9998317687874501,1
0.70,B,939,0.99995,0.9998317687874501,1
0.70,H2,0,0.0,0,0.0
0.70,H2,1,0.21985000000000002,0.21200755590476222,0.2276924440952378
0.70,H2,2,0.22010000000000002,0.21222338221255405,0.227976617787446
0.70,H2,3,0.6209,0.6126392719994777,0.6291607280005224
0.70,H2,4,0.62165,0.613219502209812,0.630080497790188
0.70,H2,5,0.6764000000000001,0.6564272719672207,0.6963727280327795
0.70,H2,6,0.7186,0.6887457408894858,0.7484542591105142
0.70,H2,7,0.75995,0.720558520169315,0.799341479830685
0.70,H2,8,0.79595,0.7470043383224145,0.8448956616775856
0.70,H2,9,0.82465,0.768091911361521,0.881208088638479
0.70,H2,10,0.84945,0.7860274355379363,0.9128725644620638
0.70,H2,11,0.8658,0.7971800173911436,0.9344199826088564
0.70,H2,12,0.88105,0.8076499612578231,0.9544500387421769
0.70,H2,13,0.8945,0.8170723141124654,0.9719276858875345
0.70,H2,14,0.9071999999999999,0.8268719555862667,0.9875280444137331
0.70,H2,15,0.91845,0.8365334173254858,1
0.70,H2,16,0.9268,0.8444134815578411,1
0.70,H2,17,0.93545,0.8537815690998596,1
0.70,H2,18,0.9418,0.8602372573282814,1
0.70,H2,19,0.9467000000000001,0.8694313506565201,1
0.70,H2,20,0.95155,0.8793378248350487,1
0.70,H2,21,0.95745,0.8927822203356877,1
0.70,H2,22,0.96095,0.9012985158575628,1
0.70,H2,23,0.9641000000000001,0.9085897217194483,1
0.70,H2,24,0.9673,0.9163478928423682,1
0.70,H2,25,0.971,0.9254162542800226,1
0.70,H2,26,0.97395,0.9321944821472918,1
0.70,H2,27,0.9767,0.938900758358056,1
0.70,H2,28,0.97935,0.9456072001658885,1
0.70,H2,29,0.9817500000000001,0.9511416832641099,1
0.70,H2,30,0.9848,0.9574199091238683,1
0.70,H2,31,0.9873500000000002,0.9630159024049174,1
0.70,H2,32,0.9887000000000001,0.9664095526381143,1
0.70,H2,33,0.9902000000000001,0.9698956793355098,1
0.70,H2,34,0.99155,0.9741622003691984,1
0.70,H2,35,0.99275,0.9780594617376365,1
0.70,H2,36,0.9932,0.9794293805554087,1
0.70,H2,37,0.994,0.9821014513690985,1
0.70,H2,38,0.9949,0.9850985173663139,1
0.70,H2,39,0.9956999999999999,0.9875345838011123,1
0.70,H2,40,0.99585,0.9880320388962223,1
0.70,H2,41,0.996,0.9884205453526544,1
0.70,H2,42,0.9961,0.9887522504895859,1
0.70,H2,43,0.99635,0.9894723803644029,1
0.70,H2,44,0.9964999999999999,0.9899695504352194,1
0.70,H2,45,0.9968,0.9909611768043497,1
0.70,H2,46,0.9968499999999999,0.9911260252056752,1
0.70,H2,47,0.997,0.99161969106003,1
0.70,H2,48,0.9971,0.9919479711069618,1
0.70,H2,49,0.99745,0.9927616761117366,1
0.70,H2,50,0.9975499999999999,0.9930904504903045,1
0.70,H2,51,0.9977,0.9933481001113476,1
0.70,H2,52,0.9979,0.9937975302531602,1
0.70,H2,53,0.998,0.9939043506564585,1
0.70,H2,54,0.99825,0.994500800018432,1
0.70,H2,55,0.9984999999999999,0.9952149590036887,1
0.70,H2,56,0.99865,0.9957186424347035,1
0.70,H2,57,0.99885,0.99613068211135,1
0.70,H2,58,0.99895,0.99646714453645,1
0.70,H2,59,0.99895,0.99646714453645,1
0.70,H2,60,0.99895,0.99646714453645,1
0.70,H2,61,0.99905,0.99680360696155,1
0.70,H2,62,0.99915,0.99714006938665,1
0.70,H2,63,0.99935,0.99781299423685,1
0.70,H2,64,0.9995499999999999,0.99848591908705,1
0.70,H2,65,0.9997,0.9989906127247,1
0.70,H2,66,0.9997,0.9989906127247,1
0.70,H2,67,0.9997,0.9989906127247,1
0.70,H2,68,0.9998,0.9993270751498,1
0.70,H2,69,0.9998,0.9993270751498,1
0.70,H2,70,0.9998,0.9993270751498,1
0.70,H2,71,0.9998,0.9993270751498,1
0.70,H2,72,0.9998,0.9993270751498,1
0.70,H2,73,0.99985,0.9994953063623501,1
0.70,H2,74,0.99985,0.9994953063623501,1
0.70,H2,75,0.99985,0.9994953063623501,1
0.70,H2,76,0.99985,0.9994953063623501,1
0.70,H2,77,0.99985,0.9994953063623501,1
0.70,H2,78,0.99985,0.9994953063623501,1
0.70,H2,79,0.99985,0.9994953063623501,1
0.70,H2,80,0.99985,0.9994953063623501,1
0.70,H2,81,0.99985,0.9994953063623501,1
0.70,H2,82,0.9999,0.9996635375749,1
0.70,H2,83,0.9999,0.9996635375749,1
0.70,H2,84,0.9999,0.9996635375749,1
0.70,H2,85,0.9999,0.9996635375749,1
0.70,H2,86,0.9999,0.9996635375749,1
0.70,H2,87,0.9999,0.9996635375749,1
0.70,H2,88,0.9999,0.9996635375749,1
0.70,H2,89,0.9999,0.9996635375749,1
0.70,H2,90,0.9999,0.9996635375749,1
0.70,H2,91,0.9999,0.9996635375749,1
0.70,H2,92,0.9999,0.9996635375749,1
0.70,H2,93,0.9999,0.9996635375749,1
0.70,H2,94,0.9999,0.9996635375749,1
0.70,H2,95,0.9999,0.9996635375749,1
0.70,H2,96,0.9999,0.9996635375749,1
0.70,H2,97,0.99995,0.9998317687874501,1
0.70,H2,98,1.0,1.0,1
0.70,H2,99,1.0,1.0,1
0.70,H2,100,1.0,1.0,1
0.70,H2,101,1.0,1.0,1
0.70,H2,102,1.0,1.0,1
0.70,H2,103,1.0,1.0,1
0.70,H2,104,1.0,1.0,1
0.70,H2,105,1.0,1.0,1
0.70,H2,106,1.0,1.0,1
0.70,H2,107,1.0,1.0,1
0.70,H2,108,1.0,1.0,1
0.70,H2,109,1.0,1.0,1
0.70,H2,110,1.0,1.0,1
0.70,H2,111,1.0,1.0,1
0.70,H2,112,1.0,1.0,1
0.70,H2,113,1.0,1.0,1
0.70,H2,114,1.0,1.0,1
0.70,H2,115,1.0,1.0,1
0.70,H2,116,1.0,1.0,1
0.70,H2,117,1.0,1.0,1
0.70,H2,118,1.0,1.0,1
0.70,H2,119,1.0,1.0,1
0.70,H2,120,1.0,1.0,1
0.70,H2,121,1.0,1.0,1
0.70,H2,122,1.0,1.0,1
0.70,H2,123,1.0,1.0,1
0.70,H2,124,1.0,1.0,1
0.70,H2,125,1.0,1.0,1
0.70,H2,126,1.0,1.0,1
0.70,H2,127,1.0,1.0,1
0.70,H2,128,1.0,1.0,1
0.70,H2,129,1.0,1.0,1
0.70,H2,130,1.0,1.0,1
0.70,H2,131,1.0,1.0,1
0.70,H2,132,1.0,1.0,1
0.70,H2,133,1.0,1.0,1
0.70,H2,134,1.0,1.0,1
0.70,H2,135,1.0,1.0,1
0.70,H2,136,1.0,1.0,1
0.70,H2,137,1.0,1.0,1
0.70,H2,138,1.0,1.0,1
0.70,H2,139,1.0,1.0,1
0.70,H2,140,1.0,1.0,1
0.70,H2,141,1.0,1.0,1
0.70,H2,142,1.0,1.0,1
0.70,H2,143,1.0,1.0,1
0.70,H2,144,1.0,1.0,1
0.70,H2,145,1.0,1.0,1
0.70,H2,146,1.0,1.0,1
0.70,H2,147,1.0,1.0,1
0.70,H2,148,1.0,1.0,1
0.70,H2,149,1.0,1.0,1
0.70,H2,150,1.0,1.0,1
0.70,H2,151,1.0,1.0,1
0.70,H2,152,1.0,1.0,1
0.70,H2,153,1.0,1.0,1
0.70,H2,154,1.0,1.0,1
0.70,H2,155,1.0,1.0,1
0.70,H2,156,1.0,1.0,1
0.70,H2,157,1.0,1.0,1
0.70,H2,158,1.0,1.0,1
0.70,H2,159,1.0,1.0,1
0.70,H2,160,1.0,1.0,1
0.70,H2,161,1.0,1.0,1
0.70,H2,162,1.0,1.0,1
0.70,H2,163,1.0,1.0,1
0.70,H2,164,1.0,1.0,1
0.70,H2,165,1.0,1.0,1
0.70,H2,166,1.0,1.0,1
0.70,H2,167,1.0,1.0,1
0.70,H2,168,1.0,1.0,1
0.70,H2,169,1.0,1.0,1
0.70,H2,170,1.0,1.0,1
0.70,H2,171,1.0,1.0,1
0.70,H2,172,1.0,1.0,1
0.70,H2,173,1.0,1.0,1
0.70,H2,174,1.0,1.0,1
0.70,H2,175,1.0,1.0,1
0.70,H2,176,1.0,1.0,1
0.70,H2,177,1.0,1.0,1
0.70,H2,178,1.0,1.0,1
0.70,H2,179,1.0,1.0,1
0.70,H2,180,1.0,1.0,1
0.70,H2,181,1.0,1.0,1
0.70,H2,182,1.0,1.0,1
0.70,H2,183,1.0,1.0,1
0.70,H2,184,1.0,1.0,1
0.70,H2,185,1.0,1.0,1
0.70,H2,186,1.0,1.0,1
0.70,H2,187,1.0,1.0,1
0.70,H2,188,1.0,1.0,1
0.70,H2,189,1.0,1.0,1
0.70,H2,190,1.0,1.0,1
0.70,H2,191,1.0,1.0,1
0.70,H2,192,1.0,1.0,1
0.70,H2,193,1.0,1.0,1
0.70,H2,194,1.0,1.0,1
0.70,H2,195,1.0,1.0,1
0.70,H2,196,1.0,1.0,1
0.70,H2,197,1.0,1.0,1
0.70,H2,198,1.0,1.0,1
0.70,H2,199,1.0,1.0,1
0.70,H2,200,1.0,1.0,1
0.70,H2,201,1.0,1.0,1
0.70,H2,202,1.0,1.0,1
0.70,H2,203,1.0,1.0,1
0.70,H2,204,1.0,1.0,1
0.70,H2,205,1.0,1.0,1
0.70,H2,206,1.0,1.0,1
0.70,H2,207,1.0,1.0,1
0.70,H2,208,1.0,1.0,1
0.70,H2,209,1.0,1.0,1
0.70,H2,210,1.0,1.0,1
0.70,H2,211,1.0,1.0,1
0.70,H2,212,1.0,1.0,1
0.70,H2,213,1.0,1.0,1
0.70,H2,214,1.0,1.0,1
0.70,H2,215,1.0,1.0,1
0.70,H2,216,1.0,1.0,1
0.70,H2,217,1.0,1.0,1
0.70,H2,218,1.0,1.0,1
0.70,H2,219,1.0,1.0,1
0.70,H2,220,1.0,1.0,1
0.70,H2,221,1.0,1.0,1
0.70,H2,222,1.0,1.0,1
0.70,H2,223,1.0,1.0,1
0.70,H2,224,1.0,1.0,1
0.70,H2,225,1.0,1.0,1
0.70,H2,226,1.0,1.0,1
0.70,H2,227,1.0,1.0,1
0.70,H2,228,1.0,1.0,1
0.70,H2,229,1.0,1.0,1
0.70,H2,230,1.0,1.0,1
0.70,H2,231,1.0,1.0,1
0.70,H2,232,1.0,1.0,1
0.70,H2,233,1.0,1.0,1
0.70,H2,234,1.0,1.0,1
0.70,H2,235,1.0,1.0,1
0.70,H2,236,1.0,1.0,1
0.70,H2,237,1.0,1.0,1
0.70,H2,238,1.0,1.0,1
0.70,H2,239,1.0,1.0,1
0.70,H2,240,1.0,1.0,1
0.70,H2,241,1.0,1.0,1
0.70,H2,242,1.0,1.0,1
0.70,H2,243,1.0,1.0,1
0.70,H2,244,1.0,1.0,1
0.70,H2,245,1.0,1.0,1
0.70,H2,246,1.0,1.0,1
0.70,H2,247,1.0,1.0,1
0.70,H2,248,1.0,1.0,1
0.70,H2,249,1.0,1.0,1
0.70,H2,250,1.0,1.0,1
0.70,H2,251,1.0,1.0,1
0.70,H2,252,1.0,1.0,1
0.70,H2,253,1.0,1.0,1
0.70,H2,254,1.0,1.0,1
0.70,H2,255,1.0,1.0,1
0.70,H2,256,1.0,1.0,1
0.70,H2,257,1.0,1.0,1
0.70,H2,258,1.0,1.0,1
0.70,H2,259,1.0,1.0,1
0.70,H2,260,1.0,1.0,1
0.70,H2,261,1.0,1.0,1
0.70,H2,262,1.0,1.0,1
0.70,H2,263,1.0,1.0,1
0.70,H2,264,1.0,1.0,1
0.70,H2,265,1.0,1.0,1
0.70,H2,266,1.0,1.0,1
0.70,H2,267,1.0,1.0,1
0.70,H2,268,1.0,1.0,1
0.70,H2,269,1.0,1.0,1
0.70,H2,270,1.0,1.0,1
0.70,H2,271,1.0,1.0,1
0.70,H2,272,1.0,1.0,1
0.70,H2,273,1.0,1.0,1
0.70,H2,274,1.0,1.0,1
0.70,H2,275,1.0,1.0,1
0.70,H2,276,1.0,1.0,1
0.70,H2,277,1.0,1.0,1
0.70,H2,278,1.0,1.0,1
0.70,H2,279,1.0,1.0,1
0.70,H2,280,1.0,1.0,1
0.70,H2,281,1.0,1.0,1
0.70,H2,282,1.0,1.0,1
0.70,H2,283,1.0,1.0,1
0.70,H2,284,1.0,1.0,1
0.70,H2,285,1.0,1.0,1
0.70,H2,286,1.0,1.0,1
0.70,H2,287,1.0,1.0,1
0.70,H2,288,1.0,1.0,1
0.70,H2,289,1.0,1.0,1
0.70,H2,290,1.0,1.0,1
0.70,H2,291,1.0,1.0,1
0.70,H2,292,1.0,1.0,1
0.70,H2,293,1.0,1.0,1
0.70,H2,294,1.0,1.0,1
0.70,H2,295,1.0,1.0,1
0.70,H2,296,1.0,1.0,1
0.70,H2,297,1.0,1.0,1
0.70,H2,298,1.0,1.0,1
0.70,H2,299,1.0,1.0,1
0.70,H2,300,1.0,1.0,1
0.70,H2,301,1.0,1.0,1
0.70,H2,302,1.0,1.0,1
0.70,H2,303,1.0,1.0,1
0.70,H2,304,1.0,1.0,1
0.70,H2,305,1.0,1.0,1
0.70,H2,306,1.0,1.0,1
0.70,H2,307,1.0,1.0,1
0.70,H2,308,1.0,1.0,1
0.70,H2,309,1.0,1.0,1
0.70,H2,310,1.0,1.0,1
0.70,H2,311,1.0,1.0,1
0.70,H2,312,1.0,1.0,1
0.70,H2,313,1.0,1.0,1
0.70,H2,314,1.0,1.0,1
0.70,H2,315,1.0,1.0,1
0.70,H2,316,1.0,1.0,1
0.70,H2,317,1.0,1.0,1
0.70,H2,318,1.0,1.0,1
0.70,H2,319,1.0,1.0,1
0.70,H2,320,1.0,1.0,1
0.70,H2,321,1.0,1.0,1
0.70,H2,322,1.0,1.0,1
0.70,H2,323,1.0,1.0,1
0.70,H2,324,1.0,1.0,1
0.70,H2,325,1.0,1.0,1
0.70,H2,326,1.0,1.0,1
0.70,H2,327,1.0,1.0,1
0.70,H2,328,1.0,1.0,1
0.70,H2,329,1.0,1.0,1
0.70,H2,330,1.0,1.0,1
0.70,H2,331,1.0,1.0,1
0.70,H2,332,1.0,1.0,1
0.70,H2,333,1.0,1.0,1
0.70,H2,334,1.0,1.0,1
0.70,H2,335,1.0,1.0,1
0.70,H2,336,1.0,1.0,1
0.70,H2,337,1.0,1.0,1
0.70,H2,338,1.0,1.0,1
0.70,H2,339,1.0,1.0,1
0.70,H2,340,1.0,1.0,1
0.70,H2,341,1.0,1.0,1
0.70,H2,342,1.0,1.0,1
0.70,H2,343,1.0,1.0,1
0.70,H2,344,1.0,1.0,1
0.70,H2,345,1.0,1.0,1
0.70,H2,346,1.0,1.0,1
0.70,H2,347,1.0,1.0,1
0.70,H2,348,1.0,1.0,1
0.70,H2,349,1.0,1.0,1
0.70,H2,350,1.0,1.0,1
0.70,H2,351,1.0,1.0,1
0.70,H2,352,1.0,1.0,1
0.70,H2,353,1.0,1.0,1
0.70,H2,354,1.0,1.0,1
0.70,H2,355,1.0,1.0,1
0.70,H2,356,1.0,1.0,1
0.70,H2,357,1.0,1.0,1
0.70,H2,358,1.0,1.0,1
0.70,H2,359,1.0,1.0,1
0.70,H2,360,1.0,1.0,1
0.70,H2,361,1.0,1.0,1
0.70,H2,362,1.0,1.0,1
0.70,H2,363,1.0,1.0,1
0.70,H2,364,1.0,1.0,1
0.70,H2,365,1.0,1.0,1
0.70,H2,366,1.0,1.0,1
0.70,H2,367,1.0,1.0,1
0.70,H2,368,1.0,1.0,1
0.70,H2,369,1.0,1.0,1
0.70,H2,370,1.0,1.0,1
0.70,H2,371,1.0,1.0,1
0.70,H2,372,1.0,1.0,1
0.70,H2,373,1.0,1.0,1
0.70,H2,374,1.0,1.0,1
0.70,H2,375,1.0,1.0,1
0.70,H2,376,1.0,1.0,1
0.70,H2,377,1.0,1.0,1
0.70,H2,378,1.0,1.0,1
0.70,H2,379,1.0,1.0,1
0.70,H2,380,1.0,1.0,1
0.70,H2,381,1.0,1.0,1
0.70,H2,382,1.0,1.0,1
0.70,H2,383,1.0,1.0,1
0.70,H2,384,1.0,1.0,1
0.70,H2,385,1.0,1.0,1
0.70,H2,386,1.0,1.0,1
0.70,H2,387,1.0,1.0,1
0.70,H2,388,1.0,1.0,1
0.70,H2,389,1.0,1.0,1
0.70,H2,390,1.0,1.0,1
0.70,H2,391,1.0,1.0,1
0.70,H2,392,1.0,1.0,1
0.70,H2,393,1.0,1.0,1
0.70,H2,394,1.0,1.0,1
0.70,H2,395,1.0,1.0,1
0.70,H2,396,1.0,1.0,1
0.70,H2,397,1.0,1.0,1
0.70,H2,398,1.0,1.0,1
0.70,H2,399,1.0,1.0,1
0.70,H2,400,1.0,1.0,1
0.70,H2,401,1.0,1.0,1
0.70,H2,402,1.0,1.0,1
0.70,H2,403,1.0,1.0,1
0.70,H2,404,1.0,1.0,1
0.70,H2,405,1.0,1.0,1
0.70,H2,406,1.0,1.0,1
0.70,H2,407,1.0,1.0,1
0.70,H2,408,1.0,1.0,1
0.70,H2,409,1.0,1.0,1
0.70,H2,410,1.0,1.0,1
0.70,H2,411,1.0,1.0,1
0.70,H2,412,1.0,1.0,1
0.70,H2,413,1.0,1.0,1
0.70,H2,414,1.0,1.0,1
0.70,H2,415,1.0,1.0,1
0.70,H2,416,1.0,1.0,1
0.70,H2,417,1.0,1.0,1
0.70,H2,418,1.0,1.0,1
0.70,H2,419,1.0,1.0,1
0.70,H2,420,1.0,1.0,1
0.70,H2,421,1.0,1.0,1
0.70,H2,422,1.0,1.0,1
0.70,H2,423,1.0,1.0,1
0.70,H2,424,1.0,1.0,1
0.70,H2,425,1.0,1.0,1
0.70,H2,426,1.0,1.0,1
0.70,H2,427,1.0,1.0,1
0.70,H2,428,1.0,1.0,1
0.70,H2,429,1.0,1.0,1
0.70,H2,430,1.0,1.0,1
0.70,H2,431,1.0,1.0,1
0.70,H2,432,1.0,1.0,1
0.70,H2,433,1.0,1.0,1
0.70,H2,434,1.0,1.0,1
0.70,H2,435,1.0,1.0,1
0.70,H2,436,1.0,1.0,1
0.70,H2,437,1.0,1.0,1
0.70,H2,438,1.0,1.0,1
0.70,H2,439,1.0,1.0,1
0.70,H2,440,1.0,1.0,1
0.70,H2,441,1.0,1.0,1
0.70,H2,442,1.0,1.0,1
0.70,H2,443,1.0,1.0,1
0.70,H2,444,1.0,1.0,1
0.70,H2,445,1.0,1.0,1
0.70,H2,446,1.0,1.0,1
0.70,H2,447,1.0,1.0,1
0.70,H2,448,1.0,1.0,1
0.70,H2,449,1.0,1.0,1
0.70,H2,450,1.0,1.0,1
0.70,H2,451,1.0,1.0,1
0.70,H2,452,1.0,1.0,1
0.70,H2,453,1.0,1.0,1
0.70,H2,454,1.0,1.0,1
0.70,H2,455,1.0,1.0,1
0.70,H2,456,1.0,1.0,1
0.70,H2,457,1.0,1.0,1
0.70,H2,458,1.0,1.0,1
0.70,H2,459,1.0,1.0,1
0.70,H2,460,1.0,1.0,1
0.70,H2,461,1.0,1.0,1
0.70,H2,462,1.0,1.0,1
0.70,H2,463,1.0,1.0,1
0.70,H2,464,1.0,1.0,1
0.70,H2,465,1.0,1.0,1
0.70,H2,466,1.0,1.0,1
0.70,H2,467,1.0,1.0,1
0.70,H2,468,1.0,1.0,1
0.70,H2,469,1.0,1.0,1
0.70,H2,470,1.0,1.0,1
0.70,H2,471,1.0,1.0,1
0.70,H2,472,1.0,1.0,1
0.70,H2,473,1.0,1.0,1
0.70,H2,474,1.0,1.0,1
0.70,H2,475,1.0,1.0,1
0.70,H2,476,1.0,1.0,1
0.70,H2,477,1.0,1.0,1
0.70,H2,478,1.0,1.0,1
0.70,H2,479,1.0,1.0,1
0.70,H2,480,1.0,1.0,1
0.70,H2,481,1.0,1.0,1
0.70,H2,482,1.0,1.0,1
0.70,H2,483,1.0,1.0,1
0.70,H2,484,1.0,1.0,1
0.70,H2,485,1.0,1.0,1
0.70,H2,486,1.0,1.0,1
0.70,H2,487,1.0,1.0,1
0.70,H2,488,1.0,1.0,1
0.70,H2,489,1.0,1.0,1
0.70,H2,490,1.0,1.0,1
0.70,H2,491,1.0,1.0,1
0.70,H2,492,1.0,1.0,1
0.70,H2,493,1.0,1.0,1
0.70,H2,494,1.0,1.0,1
0.70,H2,495,1.0,1.0,1
0.70,H2,496,1.0,1.0,1
0.70,H2,497,1.0,1.0,1
0.70,H2,498,1.0,1.0,1
0.70,H2,499,1.0,1.0,1
0.70,H2,500,1.0,1.0,1
0.70,H2,501,1.0,1.0,1
0.70,H2,502,1.0,1.0,1
0.70,H2,503,1.0,1.0,1
0.70,H2,504,1.0,1.0,1
0.70,H2,505,1.0,1.0,1
0.70,H2,506,1.0,1.0,1
0.70,H2,507,1.0,1.0,1
0.70,H2,508,1.0,1.0,1
0.70,H2,509,1.0,1.0,1
0.70,H2,510,1.0,1.0,1
0.70,H2,511,1.0,1.0,1
0.70,H2,512,1.0,1.0,1
0.70,H2,513,1.0,1.0,1
0.70,H2,514,1.0,1.0,1
0.70,H2,515,1.0,1.0,1
0.70,H2,516,1.0,1.0,1
0.70,H2,517,1.0,1.0,1
0.70,H2,518,1.0,1.0,1
0.70,H2,519,1.0,1.0,1
0.70,H2,520,1.0,1.0,1
0.70,H2,521,1.0,1.0,1
0.70,H2,522,1.0,1.0,1
0.70,H2,523,1.0,1.0,1
0.70,H2,524,1.0,1.0,1
0.70,H2,525,1.0,1.0,1
0.70,H2,526,1.0,1.0,1
0.70,H2,527,1.0,1.0,1
0.70,H2,528,1.0,1.0,1
0.70,H2,529,1.0,1.0,1
0.70,H2,530,1.0,1.0,1
0.70,H2,531,1.0,1.0,1
0.70,H2,532,1.0,1.0,1
0.70,H2,533,1.0,1.0,1
0.70,H2,534,1.0,1.0,1
0.70,H2,535,1.0,1.0,1
0.70,H2,536,1.0,1.0,1
0.70,H2,537,1.0,1.0,1
0.70,H2,538,1.0,1.0,1
0.70,H2,539,1.0,1.0,1
0.70,H2,540,1.0,1.0,1
0.70,H2,541,1.0,1.0,1
0.70,H2,542,1.0,1.0,1
0.70,H2,543,1.0,1.0,1
0.70,H2,544,1.0,1.0,1
0.70,H2,545,1.0,1.0,1
0.70,H2,546,1.0,1.0,1
0.70,H2,547,1.0,1.0,1
0.70,H2,548,1.0,1.0,1
0.70,H2,549,1.0,1.0,1
0.70,H2,550,1.0,1.0,1
0.70,H2,551,1.0,1.0,1
0.70,H2,552,1.0,1.0,1
0.70,H2,553,1.0,1.0,1
0.70,H2,554,1.0,1.0,1
0.70,H2,555,1.0,1.0,1
0.70,H2,556,1.0,1.0,1
0.70,H2,557,1.0,1.0,1
0.70,H2,558,1.0,1.0,1
0.70,H2,559,1.0,1.0,1
0.70,H2,560,1.0,1.0,1
0.70,H2,561,1.0,1.0,1
0.70,H2,562,1.0,1.0,1
0.70,H2,563,1.0,1.0,1
0.70,H2,564,1.0,1.0,1
0.70,H2,565,1.0,1.0,1
0.70,H2,566,1.0,1.0,1
0.70,H2,567,1.0,1.0,1
0.70,H2,568,1.0,1.0,1
0.70,H2,569,1.0,1.0,1
0.70,H2,570,1.0,1.0,1
0.70,H2,571,1.0,1.0,1
0.70,H2,572,1.0,1.0,1
0.70,H2,573,1.0,1.0,1
0.70,H2,574,1.0,1.0,1
0.70,H2,575,1.0,1.0,1
0.70,H2,576,1.0,1.0,1
0.70,H2,577,1.0,1.0,1
0.70,H2,578,1.0,1.0,1
0.70,H2,579,1.0,1.0,1
0.70,H2,580,1.0,1.0,1
0.70,H2,581,1.0,1.0,1
0.70,H2,582,1.0,1.0,1
0.70,H2,583,1.0,1.0,1
0.70,H2,584,1.0,1.0,1
0.70,H2,585,1.0,1.0,1
0.70,H2,586,1.0,1.0,1
0.70,H2,587,1.0,1.0,1
0.70,H2,588,1.0,1.0,1
0.70,H2,589,1.0,1.0,1
0.70,H2,590,1.0,1.0,1
0.70,H2,591,1.0,1.0,1
0.70,H2,592,1.0,1.0,1
0.70,H2,593,1.0,1.0,1
0.70,H2,594,1.0,1.0,1
0.70,H2,595,1.0,1.0,1
0.70,H2,596,1.0,1.0,1
0.70,H2,597,1.0,1.0,1
0.70,H2,598,1.0,1.0,1
0.70,H2,599,1.0,1.0,1
0.70,H2,600,1.0,1.0,1
0.70,H2,601,1.0,1.0,1
0.70,H2,602,1.0,1.0,1
0.70,H2,603,1.0,1.0,1
0.70,H2,604,1.0,1.0,1
0.70,H2,605,1.0,1.0,1
0.70,H2,606,1.0,1.0,1
0.70,H2,607,1.0,1.0,1
0.70,H2,608,1.0,1.0,1
0.70,H2,609,1.0,1.0,1
0.70,H2,610,1.0,1.0,1
0.70,H2,611,1.0,1.0,1
0.70,H2,612,1.0,1.0,1
0.70,H2,613,1.0,1.0,1
0.70,H2,614,1.0,1.0,1
0.70,H2,615,1.0,1.0,1
0.70,H2,616,1.0,1.0,1
0.70,H2,617,1.0,1.0,1
0.70,H2,618,1.0,1.0,1
0.70,H2,619,1.0,1.0,1
0.70,H2,620,1.0,1.0,1
0.70,H2,621,1.0,1.0,1
0.70,H2,622,1.0,1.0,1
0.70,H2,623,1.0,1.0,1
0.70,H2,624,1.0,1.0,1
0.70,H2,625,1.0,1.0,1
0.70,H2,626,1.0,1.0,1
0.70,H2,627,1.0,1.0,1
0.70,H2,628,1.0,1.0,1
0.70,H2,629,1.0,1.0,1
0.70,H2,630,1.0,1.0,1
0.70,H2,631,1.0,1.0,1
0.70,H2,632,1.0,1.0,1
0.70,H2,633,1.0,1.0,1
0.70,H2,634,1.0,1.0,1
0.70,H2,635,1.0,1.0,1
0.70,H2,636,1.0,1.0,1
0.70,H2,637,1.0,1.0,1
0.70,H2,638,1.0,1.0,1
0.70,H2,639,1.0,1.0,1
0.70,H2,640,1.0,1.0,1
0.70,H2,641,1.0,1.0,1
0.70,H2,642,1.0,1.0,1
0.70,H2,643,1.0,1.0,1
0.70,H2,644,1.0,1.0,1
0.70,H2,645,1.0,1.0,1
0.70,H2,646,1.0,1.0,1
0.70,H2,647,1.0,1.0,1
0.70,H2,648,1.0,1.0,1
0.70,H2,649,1.0,1.0,1
0.70,H2,650,1.0,1.0,1
0.70,H2,651,1.0,1.0,1
0.70,H2,652,1.0,1.0,1
0.70,H2,653,1.0,1.0,1
0.70,H2,654,1.0,1.0,1
0.70,H2,655,1.0,1.0,1
0.70,H2,656,1.0,1.0,1
0.70,H2,657,1.0,1.0,1
0.70,H2,658,1.0,1.0,1
0.70,H2,659,1.0,1.0,1
0.70,H2,660,1.0,1.0,1
0.70,H2,661,1.0,1.0,1
0.70,H2,662,1.0,1.0,1
0.70,H2,663,1.0,1.0,1
0.70,H2,664,1.0,1.0,1
0.70,H2,665,1.0,1.0,1
0.70,H2,666,1.0,1.0,1
0.70,H2,667,1.0,1.0,1
0.70,H2,668,1.0,1.0,1
0.70,H2,669,1.0,1.0,1
0.70,H2,670,1.0,1.0,1
0.70,H2,671,1.0,1.0,1
0.70,H2,672,1.0,1.0,1
0.70,H2,673,1.0,1.0,1
0.70,H2,674,1.0,1.0,1
0.70,H2,675,1.0,1.0,1
0.70,H2,676,1.0,1.0,1
0.70,H2,677,1.0,1.0,1
0.70,H2,678,1.0,1.0,1
0.70,H2,679,1.0,1.0,1
0.70,H2,680,1.0,1.0,1
0.70,H2,681,1.0,1.0,1
0.70,H2,682,1.0,1.0,1
0.70,H2,683,1.0,1.0,1
0.70,H2,684,1.0,1.0,1
0.70,H2,685,1.0,1.0,1
0.70,H2,686,1.0,1.0,1
0.70,H2,687,1.0,1.0,1
0.70,H2,688,1.0,1.0,1
0.70,H2,689,1.0,1.0,1
0.70,H2,690,1.0,1.0,1
0.70,H2,691,1.0,1.0,1
0.70,H2,692,1.0,1.0,1
0.70,H2,693,1.0,1.0,1
0.70,H2,694,1.0,1.0,1
0.70,H2,695,1.0,1.0,1
0.70,H2,696,1.0,1.0,1
0.70,H2,697,1.0,1.0,1
0.70,H2,698,1.0,1.0,1
0.70,H2,699,1.0,1.0,1
0.70,H2,700,1.0,1.0,1
0.70,H2,701,1.0,1.0,1
0.70,H2,702,1.0,1.0,1
0.70,H2,703,1.0,1.0,1
0.70,H2,704,1.0,1.0,1
0.70,H2,705,1.0,1.0,1
0.70,H2,706,1.0,1.0,1
0.70,H2,707,1.0,1.0,1
0.70,H2,708,1.0,1.0,1
0.70,H2,709,1.0,1.0,1
0.70,H2,710,1.0,1.0,1
0.70,H2,711,1.0,1.0,1
0.70,H2,712,1.0,1.0,1
0.70,H2,713,1.0,1.0,1
0.70,H2,714,1.0,1.0,1
0.70,H2,715,1.0,1.0,1
0.70,H2,716,1.0,1.0,1
0.70,H2,717,1.0,1.0,1
0.70,H2,718,1.0,1.0,1
0.70,H2,719,1.0,1.0,1
0.70,H2,720,1.0,1.0,1
0.70,H2,721,1.0,1.0,1
0.70,H2,722,1.0,1.0,1
0.70,H2,723,1.0,1.0,1
0.70,H2,724,1.0,1.0,1
0.70,H2,725,1.0,1.0,1
0.70,H2,726,1.0,1.0,1
0.70,H2,727,1.0,1.0,1
0.70,H2,728,1.0,1.0,1
0.70,H2,729,1.0,1.0,1
0.70,H2,730,1.0,1.0,1
0.70,H2,731,1.0,1.0,1
0.70,H2,732,1.0,1.0,1
0.70,H2,733,1.0,1.0,1
0.70,H2,734,1.0,1.0,1
0.70,H2,735,1.0,1.0,1
0.70,H2,736,1.0,1.0,1
0.70,H2,737,1.0,1.0,1
0.70,H2,738,1.0,1.0,1
0.70,H2,739,1.0,1.0,1
0.70,H2,740,1.0,1.0,1
0.70,H2,741,1.0,1.0,1
0.70,H2,742,1.0,1.0,1
0.70,H2,743,1.0,1.0,1
0.70,H2,744,1.0,1.0,1
0.70,H2,745,1.0,1.0,1
0.70,H2,746,1.0,1.0,1
0.70,H2,747,1.0,1.0,1
0.70,H2,748,1.0,1.0,1
0.70,H2,749,1.0,1.0,1
0.70,H2,750,1.0,1.0,1
0.70,H2,751,1.0,1.0,1
0.70,H2,752,1.0,1.0,1
0.70,H2,753,1.0,1.0,1
0.70,H2,754,1.0,1.0,1
0.70,H2,755,1.0,1.0,1
0.70,H2,756,1.0,1.0,1
0.70,H2,757,1.0,1.0,1
0.70,H2,758,1.0,1.0,1
0.70,H2,759,1.0,1.0,1
0.70,H2,760,1.0,1.0,1
0.70,H2,761,1.0,1.0,1
0.70,H2,762,1.0,1.0,1
0.70,H2,763,1.0,1.0,1
0.70,H2,764,1.0,1.0,1
0.70,H2,765,1.0,1.0,1
0.70,H2,766,1.0,1.0,1
0.70,H2,767,1.0,1.0,1
0.70,H2,768,1.0,1.0,1
0.70,H2,769,1.0,1.0,1
0.70,H2,770,1.0,1.0,1
0.70,H2,771,1.0,1.0,1
0.70,H2,772,1.0,1.0,1
0.70,H2,773,1.0,1.0,1
0.70,H2,774,1.0,1.0,1
0.70,H2,775,1.0,1.0,1
0.70,H2,776,1.0,1.0,1
0.70,H2,777,1.0,1.0,1
0.70,H2,778,1.0,1.0,1
0.70,H2,779,1.0,1.0,1
0.70,H2,780,1.0,1.0,1
0.70,H2,781,1.0,1.0,1
0.70,H2,782,1.0,1.0,1
0.70,H2,783,1.0,1.0,1
0.70,H2,784,1.0,1.0,1
0.70,H2,785,1.0,1.0,1
0.70,H2,786,1.0,1.0,1
0.70,H2,787,1.0,1.0,1
0.70,H2,788,1.0,1.0,1
0.70,H2,789,1.0,1.0,1
0.70,H2,790,1.0,1.0,1
0.70,H2,791,1.0,1.0,1
0.70,H2,792,1.0,1.0,1
0.70,H2,793,1.0,1.0,1
0.70,H2,794,1.0,1.0,1
0.70,H2,795,1.0,1.0,1
0.70,H2,796,1.0,1.0,1
0.70,H2,797,1.0,1.0,1
0.70,H2,798,1.0,1.0,1
0.70,H2,799,1.0,1.0,1
0.70,H2,800,1.0,1.0,1
0.70,H2,801,1.0,1.0,1
0.70,H2,802,1.0,1.0,1
0.70,H2,803,1.0,1.0,1
0.70,H2,804,1.0,1.0,1
0.70,H2,805,1.0,1.0,1
0.70,H2,806,1.0,1.0,1
0.70,H2,807,1.0,1.0,1
0.70,H2,808,1.0,1.0,1
0.70,H2,809,1.0,1.0,1
0.70,H2,810,1.0,1.0,1
0.70,H2,811,1.0,1.0,1
0.70,H2,812,1.0,1.0,1
0.70,H2,813,1.0,1.0,1
0.70,H2,814,1.0,1.0,1
0.70,H2,815,1.0,1.0,1
0.70,H2,816,1.0,1.0,1
0.70,H2,817,1.0,1.0,1
0.70,H2,818,1.0,1.0,1
0.70,H2,819,1.0,1.0,1
0.70,H2,820,1.0,1.0,1
0.70,H2,821,1.0,1.0,1
0.70,H2,822,1.0,1.0,1
0.70,H2,823,1.0,1.0,1
0.70,H2,824,1.0,1.0,1
0.70,H2,825,1.0,1.0,1
0.70,H2,826,1.0,1.0,1
0.70,H2,827,1.0,1.0,1
0.70,H2,828,1.0,1.0,1
0.70,H2,829,1.0,1.0,1
0.70,H2,830,1.0,1.0,1
0.70,H2,831,1.0,1.0,1
0.70,H2,832,1.0,1.0,1
0.70,H2,833,1.0,1.0,1
0.70,H2,834,1.0,1.0,1
0.70,H2,835,1.0,1.0,1
0.70,H2,836,1.0,1.0,1
0.70,H2,837,1.0,1.0,1
0.70,H2,838,1.0,1.0,1
0.70,H2,839,1.0,1.0,1
0.70,H2,840,1.0,1.0,1
0.70,H2,841,1.0,1.0,1
0.70,H2,842,1.0,1.0,1
0.70,H2,843,1.0,1.0,1
0.70,H2,844,1.0,1.0,1
0.70,H2,845,1.0,1.0,1
0.70,H2,846,1.0,1.0,1
0.70,H2,847,1.0,1.0,1
0.70,H2,848,1.0,1.0,1
0.70,H2,849,1.0,1.0,1
0.70,H2,850,1.0,1.0,1
0.70,H2,851,1.0,1.0,1
0.70,H2,852,1.0,1.0,1
0.70,H2,853,1.0,1.0,1
0.70,H2,854,1.0,1.0,1
0.70,H2,855,1.0,1.0,1
0.70,H2,856,1.0,1.0,1
0.70,H2,857,1.0,1.0,1
0.70,H2,858,1.0,1.0,1
0.70,H2,859,1.0,1.0,1
0.70,H2,860,1.0,1.0,1
0.70,H2,861,1.0,1.0,1
0.70,H2,862,1.0,1.0,1
0.70,H2,863,1.0,1.0,1
0.70,H2,864,1.0,1.0,1
0.70,H2,865,1.0,1.0,1
0.70,H2,866,1.0,1.0,1
0.70,H2,867,1.0,1.0,1
0.70,H2,868,1.0,1.0,1
0.70,H2,869,1.0,1.0,1
0.70,H2,870,1.0,1.0,1
0.70,H2,871,1.0,1.0,1
0.70,H2,872,1.0,1.0,1
0.70,H2,873,1.0,1.0,1
0.70,H2,874,1.0,1.0,1
0.70,H2,875,1.0,1.0,1
0.70,H2,876,1.0,1.0,1
0.70,H2,877,1.0,1.0,1
0.70,H2,878,1.0,1.0,1
0.70,H2,879,1.0,1.0,1
0.70,H2,880,1.0,1.0,1
0.70,H2,881,1.0,1.0,1
0.70,H2,882,1.0,1.0,1
0.70,H2,883,1.0,1.0,1
0.70,H2,884,1.0,1.0,1
0.70,H2,885,1.0,1.0,1
0.70,H2,886,1.0,1.0,1
0.70,H2,887,1.0,1.0,1
0.70,H2,888,1.0,1.0,1
0.70,H2,889,1.0,1.0,1
0.70,H2,890,1.0,1.0,1
0.70,H2,891,1.0,1.0,1
0.70,H2,892,1.0,1.0,1
0.70,H2,893,1.0,1.0,1
0.70,H2,894,1.0,1.0,1
0.70,H2,895,1.0,1.0,1
0.70,H2,896,1.0,1.0,1
0.70,H2,897,1.0,1.0,1
0.70,H2,898,1.0,1.0,1
0.70,H2,899,1.0,1.0,1
0.70,H2,900,1.0,1.0,1
0.70,H2,901,1.0,1.0,1
0.70,H2,902,1.0,1.0,1
0.70,H2,903,1.0,1.0,1
0.70,H2,904,1.0,1.0,1
0.70,H2,905,1.0,1.0,1
0.70,H2,906,1.0,1.0,1
0.70,H2,907,1.0,1.0,1
0.70,H2,908,1.0,1.0,1
0.70,H2,909,1.0,1.0,1
0.70,H2,910,1.0,1.0,1
0.70,H2,911,1.0,1.0,1
0.70,H2,912,1.0,1.0,1
0.70,H2,913,1.0,1.0,1
0.70,H2,914,1.0,1.0,1
0.70,H2,915,1.0,1.0,1
0.70,H2,916,1.0,1.0,1
0.70,H2,917,1.0,1.0,1
0.70,H2,918,1.0,1.0,1
0.70,H2,919,1.0,1.0,1
0.70,H2,920,1.0,1.0,1
0.70,H2,921,1.0,1.0,1
0.70,H2,922,1.0,1.0,1
0.70,H2,923,1.0,1.0,1
0.70,H2,924,1.0,1.0,1
0.70,H2,925,1.0,1.0,1
0.70,H2,926,1.0,1.0,1
0.70,H2,927,1.0,1.0,1
0.70,H2,928,1.0,1.0,1
0.70,H2,929,1.0,1.0,1
0.70,H2,930,1.0,1.0,1
0.70,H2,931,1.0,1.0,1
0.70,H2,932,1.0,1.0,1
0.70,H2,933,1.0,1.0,1
0.70,H2,934,1.0,1.0,1
0.70,H2,935,1.0,1.0,1
0.70,H2,936,1.0,1.0,1
0.70,H2,937,1.0,1.0,1
0.70,H2,938,1.0,1.0,1
0.70,H2,939,1.0,1.0,1
0.70,F2,0,0.0,0,0.0
0.70,F2,1,0.2008,0.193111723760139,0.20848827623986102
0.70,F2,2,0.2011,0.19350002261357635,0.20869997738642365
0.70,F2,3,0.57665,0.5667670546301444,0.5865329453698556
0.70,F2,4,0.5772,0.5675029810124401,0.58689701898756
0.70,F2,5,0.5781999999999999,0.5682589313034535,0.5881410686965464
0.70,F2,6,0.5785499999999999,0.5685833522198888,0.588516647780111
0.70,F2,7,0.57925,0.5696100899228761,0.588889910077124
0.70,F2,8,0.5795999999999999,0.5697008021822556,0.5894991978177442
0.70,F2,9,0.58005,0.5701613985751007,0.5899386014248992
0.70,F2,10,0.58045,0.5706246071809528,0.5902753928190473
0.70,F2,11,0.5808,0.5710651629059325,0.5905348370940675
0.70,F2,12,0.58115,0.5711377737144119,0.5911622262855882
0.70,F2,13,0.5815500000000001,0.5716484825816941,0.5914515174183061
0.70,F2,14,0.5820000000000001,0.5723575008459146,0.5916424991540855
0.70,F2,15,0.5826,0.5728980398559473,0.5923019601440527
0.70,F2,16,0.5831000000000001,0.5735813121444034,0.5926186878555967
0.70,F2,17,0.5836,0.5741702600059643,0.5930297399940357
0.70,F2,18,0.5842,0.5748999080417249,0.5935000919582752
0.70,F2,19,0.5845,0.5752313106482302,0.5937686893517699
0.70,F2,20,0.58495,0.5756930601588508,0.5942069398411491
0.70,F2,21,0.5853,0.5760364829083159,0.5945635170916842
0.70,F2,22,0.5854,0.5760776035736681,0.594722396426332
0.70,F2,23,0.58625,0.5767916085601718,0.5957083914398283
0.70,F2,24,0.5869,0.5770400150852704,0.5967599849147296
0.70,F2,25,0.5875499999999999,0.577192687418179,0.5979073125818208
0.70,F2,26,0.58815,0.5775706421076525,0.5987293578923474
0.70,F2,27,0.58885,0.5779047376871086,0.5997952623128914
0.70,F2,28,0.58935,0.5780351344145053,0.6006648655854948
0.70,F2,29,0.5901,0.5782380949584773,0.6019619050415226
0.70,F2,30,0.59105,0.5787254846850711,0.6033745153149288
0.70,F2,31,0.5922999999999999,0.5793437948382973,0.6052562051617025
0.70,F2,32,0.5951,0.5809057814042562,0.6092942185957437
0.70,F2,33,0.597,0.5812498070587578,0.6127501929412421
0.70,F2,34,0.5987499999999999,0.5817046015352123,0.6157953984647875
0.70,F2,35,0.60015,0.5821984790085477,0.6181015209914522
0.70,F2,36,0.60205,0.5833440969368411,0.6207559030631589
0.70,F2,37,0.60375,0.5842500408237022,0.6232499591762978
0.70,F2,38,0.60545,0.5848520130645676,0.6260479869354325
0.70,F2,39,0.6078000000000001,0.5861389207953848,0.6294610792046155
0.70,F2,40,0.6093500000000001,0.587162142447736,0.6315378575522641
0.70,F2,41,0.6102,0.5874532066363793,0.6329467933636206
0.70,F2,42,0.6113500000000001,0.5880248664683217,0.6346751335316784
0.70,F2,43,0.61245,0.5885420985184789,0.6363579014815212
0.70,F2,44,0.6137,0.589381786911935,0.6380182130880651
0.70,F2,45,0.61515,0.5910404801829128,0.6392595198170872
0.70,F2,46,0.6174499999999999,0.594361676861297,0.6405383231387028
0.70,F2,47,0.6194,0.5965991920015855,0.6422008079984144
0.70,F2,48,0.6211,0.5980984612862555,0.6441015387137444
0.70,F2,49,0.6233500000000001,0.5999947499688963,0.6467052500311038
0.70,F2,50,0.6255999999999999,0.6016463279925748,0.6495536720074251
0.70,F2,51,0.628,0.6033067747012961,0.6526932252987039
0.70,F2,52,0.631,0.6053914671487618,0.6566085328512382
0.70,F2,53,0.6335500000000001,0.607039416331023,0.6600605836689771
0.70,F2,54,0.6357999999999999,0.6089121173902614,0.6626878826097384
0.70,F2,55,0.6378,0.6107173458983411,0.6648826541016589
0.70,F2,56,0.6401500000000001,0.612871659091475,0.6674283409085252
0.70,F2,57,0.642,0.6146018274070576,0.6693981725929424
0.70,F2,58,0.6435500000000001,0.6156712405306545,0.6714287594693457
0.70,F2,59,0.6449499999999999,0.6167331924991787,0.6731668075008211
0.70,F2,60,0.64635,0.6178327393725583,0.6748672606274416
0.70,F2,61,0.6496000000000001,0.6194396172585446,0.6797603827414556
0.70,F2,62,0.6523500000000001,0.62130558134265,0.6833944186573502
0.70,F2,63,0.6548,0.6228529349774623,0.6867470650225378
0.70,F2,64,0.6577,0.6248716030533534,0.6905283969466465
0.70,F2,65,0.66065,0.6270010740618134,0.6942989259381865
0.70,F2,66,0.66305,0.628767054665743,0.697332945334257
0.70,F2,67,0.665,0.6300739314750327,0.6999260685249674
0.70,F2,68,0.6672,0.6320087252206171,0.7023912747793829
0.70,F2,69,0.6688,0.6330636503182192,0.7045363496817807
0.70,F2,70,0.6708,0.6344484545335538,0.7071515454664461
0.70,F2,71,0.673,0.636121823901013,0.7098781760989871
0.70,F2,72,0.6754499999999999,0.6382419297688999,0.7126580702310998
0.70,F2,73,0.678,0.6403913221751197,0.7156086778248804
0.70,F2,74,0.6801,0.642230664695833,0.7179693353041671
0.70,F2,75,0.68275,0.6440062509243045,0.7214937490756954
0.70,F2,76,0.6853,0.6459591207945314,0.7246408792054686
0.70,F2,77,0.6880999999999999,0.6492375502217022,0.7269624497782977
0.70,F2,78,0.6900499999999999,0.6510563546225493,0.7290436453774506
0.70,F2,79,0.6924,0.65333203989245,0.73146796010755
0.70,F2,80,0.695,0.6571195924842842,0.7328804075157157
0.70,F2,81,0.6975,0.6602675448845025,0.7347324551154976
0.70,F2,82,0.6999000000000001,0.6625074146820809,0.7372925853179193
0.70,F2,83,0.70295,0.6657037365505946,0.7401962634494054
0.70,F2,84,0.7055,0.6682950159041622,0.7427049840958379
0.70,F2,85,0.70815,0.6708994476249258,0.7454005523750741
0.70,F2,86,0.7115,0.673771829109118,0.749228170890882
0.70,F2,87,0.7150000000000001,0.6767979079163526,0.7532020920836475
0.70,F2,88,0.71775,0.6787590177416146,0.7567409822583854
0.70,F2,89,0.721,0.6809686503680378,0.7610313496319622
0.70,F2,90,0.7236,0.6823496738288004,0.7648503261711996
0.70,F2,91,0.72655,0.6846682244908517,0.7684317755091483
0.70,F2,92,0.7289999999999999,0.6868353612859925,0.7711646387140072
0.70,F2,93,0.7319,0.6896030537060066,0.7741969462939934
0.70,F2,94,0.7339500000000001,0.6915942913241157,0.7763057086758846
0.70,F2,95,0.7352500000000001,0.6926532074901539,0.7778467925098462
0.70,F2,96,0.73765,0.6948982222570838,0.7804017777429163
0.70,F2,97,0.7399,0.697030930265463,0.782769069734537
0.70,F2,98,0.7421,0.6989697462946257,0.7852302537053742
0.70,F2,99,0.7441500000000001,0.7004690697575217,0.7878309302424785
0.70,F2,100,0.7474,0.7027757659878618,0.7920242340121381
0.70,F2,101,0.7507499999999999,0.7046704344623032,0.7968295655376967
0.70,F2,102,0.7545999999999999,0.7066110258752596,0.8025889741247403
0.70,F2,103,0.75705,0.7076564535537596,0.8064435464462404
0.70,F2,104,0.75955,0.7099188158694949,0.809181184130505
0.70,F2,105,0.7619499999999999,0.7116070798824845,0.8122929201175153
0.70,F2,106,0.7642,0.7140572201985653,0.8143427798014347
0.70,F2,107,0.76685,0.7165093012757611,0.817190698724239
0.70,F2,108,0.76955,0.7195599234517948,0.8195400765482052
0.70,F2,109,0.7726,0.7240421414086068,0.8211578585913931
0.70,F2,110,0.7760999999999999,0.7289503682465391,0.8232496317534607
0.70,F2,111,0.7788,0.7318200021606173,0.8257799978393828
0.70,F2,112,0.78095,0.7339411280060822,0.8279588719939178
0.70,F2,113,0.7827,0.7355625675944615,0.8298374324055384
0.70,F2,114,0.7851,0.737979516372828,0.832220483627172
0.70,F2,115,0.7874499999999999,0.7405643120251288,0.8343356879748709
0.70,F2,116,0.7895,0.7424344723379469,0.836565527662053
0.70,F2,117,0.7927000000000002,0.7452511172295363,0.8401488827704641
0.70,F2,118,0.7959,0.7480624850510916,0.8437375149489085
0.70,F2,119,0.7988500000000001,0.7501284311354671,0.847571568864533
0.70,F2,120,0.80095,0.7520420513466707,0.8498579486533294
0.70,F2,121,0.8043999999999999,0.7558506961781415,0.8529493038218583
0.70,F2,122,0.8062499999999999,0.7582776946137542,0.8542223053862457
0.70,F2,123,0.8087500000000001,0.7612534364192863,0.8562465635807138
0.70,F2,124,0.8106,0.7641215330668772,0.8570784669331227
0.70,F2,125,0.8118,0.7656564918902202,0.8579435081097797
0.70,F2,126,0.8126,0.7666386140642815,0.8585613859357185
0.70,F2,127,0.8138500000000001,0.767861184626033,0.8598388153739671
0.70,F2,128,0.8156499999999999,0.7699925626003682,0.8613074373996316
0.70,F2,129,0.8173999999999999,0.7716497364815101,0.8631502635184897
0.70,F2,130,0.81935,0.7734832768483137,0.8652167231516863
0.70,F2,131,0.8214,0.7754254076680018,0.8673745923319982
0.70,F2,132,0.82305,0.7773179198343618,0.8687820801656381
0.70,F2,133,0.8247,0.7793274614263989,0.8700725385736011
0.70,F2,134,0.8263999999999999,0.7814255820339793,0.8713744179660206
0.70,F2,135,0.8276000000000001,0.7826007238889149,0.8725992761110853
0.70,F2,136,0.8289500000000001,0.7844570100977856,0.8734429899022146
0.70,F2,137,0.8303499999999999,0.7867890120453049,0.8739109879546949
0.70,F2,138,0.8318500000000001,0.7890801025251173,0.8746198974748829
0.70,F2,139,0.8330000000000001,0.79119226629659,0.8748077337034101
0.70,F2,140,0.83445,0.7931449337579605,0.8757550662420396
0.70,F2,141,0.83555,0.7954240065553598,0.8756759934446402
0.70,F2,142,0.8370499999999998,0.798709347710706,0.8753906522892937
0.70,F2,143,0.8383499999999999,0.8006020649944963,0.8760979350055036
0.70,F2,144,0.8393499999999999,0.802087441259303,0.8766125587406969
0.70,F2,145,0.8407,0.804250254825823,0.877149745174177
0.70,F2,146,0.8417,0.8059686798682208,0.8774313201317792
0.70,F2,147,0.8434500000000001,0.8089158733652363,0.877984126634764
0.70,F2,148,0.8447500000000001,0.8107330024389727,0.8787669975610275
0.70,F2,149,0.8460500000000001,0.8128674460155648,0.8792325539844353
0.70,F2,150,0.8474,0.8149016212598287,0.8798983787401714
0.70,F2,151,0.849,0.8169590609360465,0.8810409390639534
0.70,F2,152,0.85085,0.8202215953413954,0.8814784046586046
0.70,F2,153,0.8531000000000001,0.8234278351650166,0.8827721648349836
0.70,F2,154,0.8553,0.8268869532056639,0.883713046794336
0.70,F2,155,0.8577,0.8302256943353667,0.8851743056646333
0.70,F2,156,0.85965,0.8325806583787713,0.8867193416212288
0.70,F2,157,0.86125,0.8342734744952488,0.8882265255047511
0.70,F2,158,0.8633500000000001,0.8367470763822629,0.8899529236177373
0.70,F2,159,0.8646499999999999,0.8383399401998322,0.8909600598001677
0.70,F2,160,0.866,0.8394782327261002,0.8925217672738998
0.70,F2,161,0.8671500000000001,0.8403630532225286,0.8939369467774716
0.70,F2,162,0.8684,0.8417322617371183,0.8950677382628816
0.70,F2,163,0.86985,0.8428980621032521,0.8968019378967479
0.70,F2,164,0.8712500000000001,0.8443108090863319,0.8981891909136682
0.70,F2,165,0.87275,0.8460131972238293,0.8994868027761708
0.70,F2,166,0.874,0.8474102535347844,0.9005897464652156
0.70,F2,167,0.8752,0.848747594451237,0.9016524055487629
0.70,F2,168,0.8759999999999999,0.8494210704366347,0.902578929563365
0.70,F2,169,0.87745,0.850510512576362,0.9043894874236379
0.70,F2,170,0.87895,0.8520579957570404,0.9058420042429596
0.70,F2,171,0.8798999999999999,0.8533639306097953,0.9064360693902045
0.70,F2,172,0.8813500000000001,0.8550806543488286,0.9076193456511715
0.70,F2,173,0.8827,0.8568779134087936,0.9085220865912065
0.70,F2,174,0.8836,0.8579671490293242,0.9092328509706759
0.70,F2,175,0.88435,0.8588518513749914,0.9098481486250085
0.70,F2,176,0.88555,0.8596515036848623,0.9114484963151376
0.70,F2,177,0.88705,0.8603942830803475,0.9137057169196525
0.70,F2,178,0.8884500000000001,0.8613464500225634,0.9155535499774368
0.70,F2,179,0.8896499999999999,0.8620094959977789,0.917290504002221
0.70,F2,180,0.89085,0.8627594482256352,0.9189405517743648
0.70,F2,181,0.8917499999999999,0.8635581150719989,0.919941884928001
0.70,F2,182,0.8927999999999999,0.8643446744753824,0.9212553255246174
0.70,F2,183,0.8938,0.8651126287384965,0.9224873712615036
0.70,F2,184,0.8953500000000001,0.8667787305533565,0.9239212694466437
0.70,F2,185,0.89635,0.8680571448489368,0.9246428551510631
0.70,F2,186,0.8973,0.8688509912212548,0.9257490087787452
0.70,F2,187,0.8987,0.8695750523173327,0.9278249476826674
0.70,F2,188,0.9005500000000001,0.8707976206785877,0.9303023793214125
0.70,F2,189,0.9027000000000001,0.8717977767391097,0.9336022232608904
0.70,F2,190,0.9039999999999999,0.8726358260469895,0.9353641739530103
0.70,F2,191,0.9051999999999999,0.873873541149803,0.9365264588501968
0.70,F2,192,0.9065,0.8754101686400422,0.9375898313599578
0.70,F2,193,0.9075999999999999,0.8762246221914847,0.938975377808515
0.70,F2,194,0.9092999999999998,0.8781213990118555,0.9404786009881441
0.70,F2,195,0.9103,0.8789471612912054,0.9416528387087946
0.70,F2,196,0.91165,0.879950708467285,0.943349291532715
0.70,F2,197,0.9129999999999999,0.8810754457716485,0.9449245542283513
0.70,F2,198,0.9142500000000001,0.8820568823332314,0.9464431176667688
0.70,F2,199,0.9151500000000001,0.883057528590532,0.9472424714094683
0.70,F2,200,0.91675,0.8848017160956179,0.948698283904382
0.70,F2,201,0.9177499999999998,0.8858520101603018,0.9496479898396979
0.70,F2,202,0.9195,0.8870258406181248,0.9519741593818751
0.70,F2,203,0.9213999999999999,0.8879223984321342,0.9548776015678656
0.70,F2,204,0.9229,0.8893495850706706,0.9564504149293295
0.70,F2,205,0.9237000000000001,0.8899024130897905,0.9574975869102097
0.70,F2,206,0.92445,0.8903584122865132,0.9585415877134867
0.70,F2,207,0.9255000000000001,0.8909613343787786,0.9600386656212216
0.70,F2,208,0.9269000000000001,0.8917779092169913,0.9620220907830088
0.70,F2,209,0.9279000000000001,0.8924194904718759,0.9633805095281243
0.70,F2,210,0.9286000000000001,0.8930379739217555,0.9641620260782446
0.70,F2,211,0.9294,0.8935378067124011,0.9652621932875989
0.70,F2,212,0.9302499999999999,0.8942659824335089,0.966234017566491
0.70,F2,213,0.9312,0.8948032168420473,0.9675967831579527
0.70,F2,214,0.9325999999999999,0.8958615785811799,0.9693384214188199
0.70,F2,215,0.9338500000000001,0.8967623447254347,0.9709376552745654
0.70,F2,216,0.9356,0.8982073078725199,0.9729926921274801
0.70,F2,217,0.9371999999999999,0.8993647452422145,0.9750352547577853
0.70,F2,218,0.93865,0.9007856482473334,0.9765143517526665
0.70,F2,219,0.9405000000000001,0.9025573320245232,0.9784426679754771
0.70,F2,220,0.9419000000000001,0.9036186394365131,0.980181360563487
0.70,F2,221,0.9429,0.9045873532448634,0.9812126467551365
0.70,F2,222,0.9440999999999999,0.9056084699248562,0.9825915300751437
0.70,F2,223,0.9452999999999999,0.9071231119137363,0.9834768880862635
0.70,F2,224,0.9464,0.9079860570379299,0.9848139429620701
0.70,F2,225,0.9478,0.9094964236096139,0.986103576390386
0.70,F2,226,0.9492,0.9110812176927756,0.9873187823072245
0.70,F2,227,0.9503,0.9124264463288029,0.9881735536711972
0.70,F2,228,0.95185,0.914123443503464,0.989576556496536
0.70,F2,229,0.9527500000000001,0.9149204723082847,0.9905795276917155
0.70,F2,230,0.9533,0.9156108055968312,0.9909891944031689
0.70,F2,231,0.95425,0.9168078077733143,0.9916921922266858
0.70,F2,232,0.9553,0.9181414193022552,0.9924585806977448
0.70,F2,233,0.9563999999999999,0.9193256734968357,0.9934743265031641
0.70,F2,234,0.9571999999999999,0.920239607859294,0.9941603921407058
0.70,F2,235,0.9579999999999999,0.9210508476714263,0.9949491523285734
0.70,F2,236,0.95885,0.9221788510988643,0.9955211489011356
0.70,F2,237,0.9595,0.9228121642854347,0.9961878357145654
0.70,F2,238,0.9604999999999999,0.924141533474231,0.9968584665257688
0.70,F2,239,0.9612499999999999,0.9248539026734248,0.997646097326575
0.70,F2,240,0.96185,0.9259624516734076,0.9977375483265923
0.70,F2,241,0.9622499999999999,0.9268785372988874,0.9976214627011125
0.70,F2,242,0.9628499999999999,0.9282084853061868,0.9974915146938129
0.70,F2,243,0.9635499999999999,0.9295908166469249,0.9975091833530749
0.70,F2,244,0.9639499999999999,0.9306151774068281,0.9972848225931716
0.70,F2,245,0.96495,0.9327553936427528,0.9971446063572471
0.70,F2,246,0.9656999999999999,0.9341586879705626,0.9972413120294372
0.70,F2,247,0.9658999999999999,0.9345670397024514,0.9972329602975484
0.70,F2,248,0.9661499999999998,0.9348950504900632,0.9974049495099365
0.70,F2,249,0.9665000000000001,0.9353706271980319,0.9976293728019684
0.70,F2,250,0.9672499999999999,0.9364515066663134,0.9980484933336865
0.70,F2,251,0.9677499999999999,0.9377250245316998,0.9977749754683
0.70,F2,252,0.9682999999999999,0.938808751514118,0.9977912484858819
0.70,F2,253,0.9688999999999999,0.939999161476192,0.9978008385238077
0.70,F2,254,0.9694499999999999,0.9411771970355948,0.9977228029644051
0.70,F2,255,0.9701500000000001,0.9424699329130091,0.9978300670869911
0.70,F2,256,0.97055,0.9433972774701805,0.9977027225298195
0.70,F2,257,0.9714,0.9451427820347408,0.9976572179652593
0.70,F2,258,0.9721000000000001,0.9464997343312029,0.9977002656687972
0.70,F2,259,0.9726000000000001,0.9476897027988009,0.9975102972011993
0.70,F2,260,0.9733,0.9491578266111691,0.997442173388831
0.70,F2,261,0.9740000000000001,0.9508556550345798,0.9971443449654204
0.70,F2,262,0.9742500000000001,0.95149342013374,0.9970065798662601
0.70,F2,263,0.9742500000000001,0.95149342013374,0.9970065798662601
0.70,F2,264,0.9745,0.9519183247744324,0.9970816752255677
0.70,F2,265,0.9749,0.9525180030313426,0.9972819969686574
0.70,F2,266,0.97535,0.9531499055862566,0.9975500944137435
0.70,F2,267,0.9757000000000001,0.9539412347572117,0.9974587652427885
0.70,F2,268,0.9759000000000001,0.9544451182657738,0.9973548817342264
0.70,F2,269,0.97645,0.9554179903450651,0.9974820096549349
0.70,F2,270,0.97685,0.9563285507472827,0.9973714492527173
0.70,F2,271,0.9772,0.957100495159562,0.997299504840438
0.70,F2,272,0.9777,0.9579616085180409,0.9974383914819591
0.70,F2,273,0.9779,0.958376450122311,0.997423549877689
0.70,F2,274,0.97865,0.9598516621193705,0.9974483378806296
0.70,F2,275,0.97925,0.9610857121580061,0.9974142878419938
0.70,F2,276,0.9798999999999999,0.9619914137687371,0.9978085862312627
0.70,F2,277,0.9803999999999999,0.963197344063523,0.9976026559364769
0.70,F2,278,0.9809999999999999,0.9641947614405233,0.9978052385594764
0.70,F2,279,0.9815999999999999,0.9655066515498267,0.9976933484501731
0.70,F2,280,0.98225,0.9669903197086898,0.9975096802913102
0.70,F2,281,0.9827,0.9679072549728209,0.9974927450271791
0.70,F2,282,0.9834499999999999,0.9695996357105345,0.9973003642894653
0.70,F2,283,0.9840999999999999,0.9707562500457505,0.9974437499542492
0.70,F2,284,0.9847499999999999,0.9722472439306044,0.9972527560693955
0.70,F2,285,0.9853499999999998,0.9732650249956815,0.9974349750043182
0.70,F2,286,0.9860499999999999,0.9745412461664736,0.9975587538335261
0.70,F2,287,0.9861999999999999,0.9749119041161588,0.9974880958838409
0.70,F2,288,0.9866999999999999,0.9758348520651869,0.9975651479348129
0.70,F2,289,0.98705,0.9764872659326201,0.9976127340673798
0.70,F2,290,0.9874499999999999,0.9774929742799658,0.997407025720034
0.70,F2,291,0.9878499999999999,0.978466220437144,0.9972337795628557
0.70,F2,292,0.98825,0.9790467152507801,0.9974532847492198
0.70,F2,293,0.9886499999999999,0.9798968968849362,0.9974031031150636
0.70,F2,294,0.9887999999999999,0.9799849475595592,0.9976150524404406
0.70,F2,295,0.9888999999999999,0.9802759496658129,0.9975240503341869
0.70,F2,296,0.98905,0.9804645902100272,0.9976354097899728
0.70,F2,297,0.9893000000000001,0.980724248442733,0.9978757515572672
0.70,F2,298,0.9894000000000001,0.9807866078014608,0.9980133921985394
0.70,F2,299,0.9895499999999999,0.9810949034489441,0.9980050965510557
0.70,F2,300,0.9897,0.981170947502336,0.998229052497664
0.70,F2,301,0.9900499999999999,0.9815590796041676,0.9985409203958322
0.70,F2,302,0.9903499999999998,0.9821131177740867,0.998586882225913
0.70,F2,303,0.9905999999999999,0.9824615300175141,0.9987384699824857
0.70,F2,304,0.9910000000000001,0.9833304477728261,0.9986695522271741
0.70,F2,305,0.9912000000000001,0.9837566633560497,0.9986433366439504
0.70,F2,306,0.9916,0.9844971248667878,0.9987028751332123
0.70,F2,307,0.99175,0.984604658182212,0.998895341817788
0.70,F2,308,0.9920500000000002,0.9850617737501608,0.9990382262498396
0.70,F2,309,0.99245,0.9857655659068375,0.9991344340931626
0.70,F2,310,0.99265,0.9861534280941985,0.9991465719058016
0.70,F2,311,0.9930500000000001,0.9865608095161599,0.9995391904838403
0.70,F2,312,0.9932500000000001,0.9869595724902156,0.9995404275097846
0.70,F2,313,0.9934000000000001,0.9871361363097041,0.999663863690296
0.70,F2,314,0.9934000000000001,0.9871361363097041,0.999663863690296
0.70,F2,315,0.99365,0.9873748289686671,0.9999251710313329
0.70,F2,316,0.9938,0.9874500136401935,1
0.70,F2,317,0.9940000000000001,0.9877565731135771,1
0.70,F2,318,0.9940000000000001,0.9877565731135771,1
0.70,F2,319,0.9940000000000001,0.9877565731135771,1
0.70,F2,320,0.9940500000000001,0.9877799227108948,1
0.70,F2,321,0.9941000000000001,0.9877986297120069,1
0.70,F2,322,0.9941500000000001,0.9878253799704295,1
0.70,F2,323,0.9942500000000001,0.9880969444362362,1
0.70,F2,324,0.9943500000000001,0.9882582645163674,1
0.70,F2,325,0.99455,0.9884700772114263,1
0.70,F2,326,0.99455,0.9884700772114263,1
0.70,F2,327,0.99465,0.9887244371117674,1
0.70,F2,328,0.9947,0.9887480409938372,1
0.70,F2,329,0.9947,0.9887480409938372,1
0.70,F2,330,0.99485,0.9889311810539606,1
0.70,F2,331,0.9949500000000001,0.9890867739648326,1
0.70,F2,332,0.9949500000000001,0.9890867739648326,1
0.70,F2,333,0.9950500000000001,0.9893413962978701,1
0.70,F2,334,0.9951000000000001,0.9893667875003579,1
0.70,F2,335,0.9953500000000001,0.9896919936481258,1
0.70,F2,336,0.9953500000000001,0.9896919936481258,1
0.70,F2,337,0.9954000000000001,0.9898214337713206,1
0.70,F2,338,0.9954500000000001,0.989845897538663,1
0.70,F2,339,0.99555,0.98999313301015,1
0.70,F2,340,0.99555,0.98999313301015,1
0.70,F2,341,0.9956,0.9901225816666901,1
0.70,F2,342,0.9956,0.9901225816666901,1
0.70,F2,343,0.9956,0.9901225816666901,1
0.70,F2,344,0.9957,0.990276071214948,1
0.70,F2,345,0.9957,0.990276071214948,1
0.70,F2,346,0.99575,0.9904026394447659,1
0.70,F2,347,0.99575,0.9904026394447659,1
0.70,F2,348,0.99585,0.9906572399199469,1
0.70,F2,349,0.99585,0.9906572399199469,1
0.70,F2,350,0.9959,0.9907853164176117,1
0.70,F2,351,0.99595,0.9909118280809251,1
0.70,F2,352,0.996,0.9910367025412938,1
0.70,F2,353,0.9961,0.9912911923780914,1
0.70,F2,354,0.99615,0.991414211078486,1
0.70,F2,355,0.99615,0.991414211078486,1
0.70,F2,356,0.99625,0.9915684961155483,1
0.70,F2,357,0.9963,0.9916913652736037,1
0.70,F2,358,0.99635,0.9918228979125593,1
0.70,F2,359,0.99635,0.9918228979125593,1
0.70,F2,360,0.9964500000000001,0.9920809264637266,1
0.70,F2,361,0.9965,0.992207236956009,1
0.70,F2,362,0.99665,0.992574145372222,1
0.70,F2,363,0.9967,0.9927080548140049,1
0.70,F2,364,0.99675,0.9927353582447418,1
0.70,F2,365,0.9968,0.9928675265808662,1
0.70,F2,366,0.99685,0.9928954985820426,1
0.70,F2,367,0.9969,0.9930258493083413,1
0.70,F2,368,0.9969,0.9930258493083413,1
0.70,F2,369,0.9969,0.9930258493083413,1
0.70,F2,370,0.997,0.9932804785881094,1
0.70,F2,371,0.99705,0.9934088844789365,1
0.70,F2,372,0.99705,0.9934088844789365,1
0.70,F2,373,0.99715,0.9935596958017096,1
0.70,F2,374,0.99715,0.9935596958017096,1
0.70,F2,375,0.9972,0.9936881434543705,1
0.70,F2,376,0.9972,0.9936881434543705,1
0.70,F2,377,0.9973500000000001,0.9940591891098108,1
0.70,F2,378,0.9974500000000001,0.9942929830868676,1
0.70,F2,379,0.9974500000000001,0.9942929830868676,1
0.70,F2,380,0.9974500000000001,0.9942929830868676,1
0.70,F2,381,0.9976,0.9946846954310752,1
0.70,F2,382,0.99765,0.9947987606585089,1
0.70,F2,383,0.99765,0.9947987606585089,1
0.70,F2,384,0.99765,0.9947987606585089,1
0.70,F2,385,0.9977,0.994909285382813,1
0.70,F2,386,0.9978,0.9950773795177306,1
0.70,F2,387,0.99795,0.9953817493277578,1
0.70,F2,388,0.998,0.9954975169150966,1
0.70,F2,389,0.99805,0.9956356503190351,1
0.70,F2,390,0.99805,0.9956356503190351,1
0.70,F2,391,0.9981,0.9956572815077203,1
0.70,F2,392,0.9981,0.9956572815077203,1
0.70,F2,393,0.99815,0.995792565001491,1
0.70,F2,394,0.9982,0.9959248993096774,1
0.70,F2,395,0.99825,0.9960466900127711,1
0.70,F2,396,0.9983000000000001,0.9961643446233579,1
0.70,F2,397,0.9983500000000001,0.9963007131183523,1
0.70,F2,398,0.9984500000000001,0.9965546094749081,1
0.70,F2,399,0.9984500000000001,0.9965546094749081,1
0.70,F2,400,0.9985,0.9966881008126044,1
0.70,F2,401,0.9986,0.9969423518985125,1
0.70,F2,402,0.9986,0.9969423518985125,1
0.70,F2,403,0.99865,0.997061874573981,1
0.70,F2,404,0.99875,0.9973263076719139,1
0.70,F2,405,0.99875,0.9973263076719139,1
0.70,F2,406,0.9988,0.9973478379508067,1
0.70,F2,407,0.9988,0.9973478379508067,1
0.70,F2,408,0.9988,0.9973478379508067,1
0.70,F2,409,0.99885,0.9974719233247741,1
0.70,F2,410,0.99885,0.9974719233247741,1
0.70,F2,411,0.99885,0.9974719233247741,1
0.70,F2,412,0.99895,0.9976131131813675,1
0.70,F2,413,0.99895,0.9976131131813675,1
0.70,F2,414,0.99895,0.9976131131813675,1
0.70,F2,415,0.99895,0.9976131131813675,1
0.70,F2,416,0.99895,0.9976131131813675,1
0.70,F2,417,0.99895,0.9976131131813675,1
0.70,F2,418,0.99895,0.9976131131813675,1
0.70,F2,419,0.999,0.9977234782968231,1
0.70,F2,420,0.99905,0.99774945666195,1
0.70,F2,421,0.99905,0.99774945666195,1
0.70,F2,422,0.99905,0.99774945666195,1
0.70,F2,423,0.99905,0.99774945666195,1
0.70,F2,424,0.99905,0.99774945666195,1
0.70,F2,425,0.9991,0.9978519544820335,1
0.70,F2,426,0.99915,0.9979993588862383,1
0.70,F2,427,0.99915,0.9979993588862383,1
0.70,F2,428,0.9992,0.9981425078867039,1
0.70,F2,429,0.9992,0.9981425078867039,1
0.70,F2,430,0.9992,0.9981425078867039,1
0.70,F2,431,0.9992,0.9981425078867039,1
0.70,F2,432,0.9992,0.9981425078867039,1
0.70,F2,433,0.9992,0.9981425078867039,1
0.70,F2,434,0.9993,0.9983087899996502,1
0.70,F2,435,0.9993,0.9983087899996502,1
0.70,F2,436,0.9993,0.9983087899996502,1
0.70,F2,437,0.9993,0.9983087899996502,1
0.70,F2,438,0.9993500000000001,0.9984396525668946,1
0.70,F2,439,0.9993500000000001,0.9984396525668946,1
0.70,F2,440,0.9993500000000001,0.9984396525668946,1
0.70,F2,441,0.9994000000000001,0.9985615938499913,1
0.70,F2,442,0.9994000000000001,0.9985615938499913,1
0.70,F2,443,0.9994000000000001,0.9985615938499913,1
0.70,F2,444,0.9994000000000001,0.9985615938499913,1
0.70,F2,445,0.9994000000000001,0.9985615938499913,1
0.70,F2,446,0.9994000000000001,0.9985615938499913,1
0.70,F2,447,0.9994000000000001,0.9985615938499913,1
0.70,F2,448,0.9994000000000001,0.9985615938499913,1
0.70,F2,449,0.9994000000000001,0.9985615938499913,1
0.70,F2,450,0.9994000000000001,0.9985615938499913,1
0.70,F2,451,0.9994000000000001,0.9985615938499913,1
0.70,F2,452,0.9994000000000001,0.9985615938499913,1
0.70,F2,453,0.9994000000000001,0.9985615938499913,1
0.70,F2,454,0.9994000000000001,0.9985615938499913,1
0.70,F2,455,0.9994000000000001,0.9985615938499913,1
0.70,F2,456,0.9994000000000001,0.9985615938499913,1
0.70,F2,457,0.9994000000000001,0.9985615938499913,1
0.70,F2,458,0.9994000000000001,0.9985615938499913,1
0.70,F2,459,0.9994000000000001,0.9985615938499913,1
0.70,F2,460,0.9994000000000001,0.9985615938499913,1
0.70,F2,461,0.9994000000000001,0.9985615938499913,1
0.70,F2,462,0.9994500000000001,0.9986721346292416,1
0.70,F2,463,0.9994500000000001,0.9986721346292416,1
0.70,F2,464,0.9994500000000001,0.9986721346292416,1
0.70,F2,465,0.99955,0.998919609496923,1
0.70,F2,466,0.99955,0.998919609496923,1
0.70,F2,467,0.99955,0.998919609496923,1
0.70,F2,468,0.9996,0.9990637536246636,1
0.70,F2,469,0.9996,0.9990637536246636,1
0.70,F2,470,0.9996,0.9990637536246636,1
0.70,F2,471,0.9996,0.9990637536246636,1
0.70,F2,472,0.9996,0.9990637536246636,1
0.70,F2,473,0.9996,0.9990637536246636,1
0.70,F2,474,0.9996,0.9990637536246636,1
0.70,F2,475,0.9996,0.9990637536246636,1
0.70,F2,476,0.9996,0.9990637536246636,1
0.70,F2,477,0.99965,0.9991625202224115,1
0.70,F2,478,0.99965,0.9991625202224115,1
0.70,F2,479,0.99965,0.9991625202224115,1
0.70,F2,480,0.99965,0.9991625202224115,1
0.70,F2,481,0.99965,0.9991625202224115,1
0.70,F2,482,0.99965,0.9991625202224115,1
0.70,F2,483,0.9997,0.9992355970162713,1
0.70,F2,484,0.9997,0.9992355970162713,1
0.70,F2,485,0.9997,0.9992355970162713,1
0.70,F2,486,0.9997,0.9992355970162713,1
0.70,F2,487,0.9997,0.9992355970162713,1
0.70,F2,488,0.9997,0.9992355970162713,1
0.70,F2,489,0.9997,0.9992355970162713,1
0.70,F2,490,0.9997,0.9992355970162713,1
0.70,F2,491,0.9997,0.9992355970162713,1
0.70,F2,492,0.9997,0.9992355970162713,1
0.70,F2,493,0.9997,0.9992355970162713,1
0.70,F2,494,0.9997,0.9992355970162713,1
0.70,F2,495,0.9997,0.9992355970162713,1
0.70,F2,496,0.9997,0.9992355970162713,1
0.70,F2,497,0.99975,0.9993953063623501,1
0.70,F2,498,0.99975,0.9993953063623501,1
0.70,F2,499,0.99975,0.9993953063623501,1
0.70,F2,500,0.99975,0.9993953063623501,1
0.70,F2,501,0.99975,0.9993953063623501,1
0.70,F2,502,0.99975,0.9993953063623501,1
0.70,F2,503,0.99975,0.9993953063623501,1
0.70,F2,504,0.9998,0.9994425024164424,1
0.70,F2,505,0.9998,0.9994425024164424,1
0.70,F2,506,0.9998,0.9994425024164424,1
0.70,F2,507,0.9998,0.9994425024164424,1
0.70,F2,508,0.9998,0.9994425024164424,1
0.70,F2,509,0.9998,0.9994425024164424,1
0.70,F2,510,0.9998,0.9994425024164424,1
0.70,F2,511,0.9998,0.9994425024164424,1
0.70,F2,512,0.9998,0.9994425024164424,1
0.70,F2,513,0.9998,0.9994425024164424,1
0.70,F2,514,0.9998,0.9994425024164424,1
0.70,F2,515,0.9998,0.9994425024164424,1
0.70,F2,516,0.9998,0.9994425024164424,1
0.70,F2,517,0.99985,0.9996011922118088,1
0.70,F2,518,0.99985,0.9996011922118088,1
0.70,F2,519,0.99985,0.9996011922118088,1
0.70,F2,520,0.99985,0.9996011922118088,1
0.70,F2,521,0.99985,0.9996011922118088,1
0.70,F2,522,0.99985,0.9996011922118088,1
0.70,F2,523,0.99985,0.9996011922118088,1
0.70,F2,524,0.99985,0.9996011922118088,1
0.70,F2,525,0.99985,0.9996011922118088,1
0.70,F2,526,0.99985,0.9996011922118088,1
0.70,F2,527,0.99985,0.9996011922118088,1
0.70,F2,528,0.9999,0.9997451990054238,1
0.70,F2,529,0.9999,0.9997451990054238,1
0.70,F2,530,0.9999,0.9997451990054238,1
0.70,F2,531,0.9999,0.9997451990054238,1
0.70,F2,532,0.9999,0.9997451990054238,1
0.70,F2,533,0.9999,0.9997451990054238,1
0.70,F2,534,0.9999,0.9997451990054238,1
0.70,F2,535,0.9999,0.9997451990054238,1
0.70,F2,536,0.9999,0.9997451990054238,1
0.70,F2,537,0.9999,0.9997451990054238,1
0.70,F2,538,0.9999,0.9997451990054238,1
0.70,F2,539,0.9999,0.9997451990054238,1
0.70,F2,540,0.9999,0.9997451990054238,1
0.70,F2,541,0.9999,0.9997451990054238,1
0.70,F2,542,0.9999,0.9997451990054238,1
0.70,F2,543,0.9999,0.9997451990054238,1
0.70,F2,544,0.9999,0.9997451990054238,1
0.70,F2,545,0.9999,0.9997451990054238,1
0.70,F2,546,0.9999,0.9997451990054238,1
0.70,F2,547,0.9999,0.9997451990054238,1
0.70,F2,548,0.9999,0.9997451990054238,1
0.70,F2,549,0.9999,0.9997451990054238,1
0.70,F2,550,0.9999,0.9997451990054238,1
0.70,F2,551,0.9999,0.9997451990054238,1
0.70,F2,552,0.9999,0.9997451990054238,1
0.70,F2,553,0.9999,0.9997451990054238,1
0.70,F2,554,0.9999,0.9997451990054238,1
0.70,F2,555,0.9999,0.9997451990054238,1
0.70,F2,556,0.9999,0.9997451990054238,1
0.70,F2,557,0.9999,0.9997451990054238,1
0.70,F2,558,0.9999,0.9997451990054238,1
0.70,F2,559,0.9999,0.9997451990054238,1
0.70,F2,560,0.9999,0.9997451990054238,1
0.70,F2,561,0.9999,0.9997451990054238,1
0.70,F2,562,0.9999,0.9997451990054238,1
0.70,F2,563,0.99995,0.9998317687874501,1
0.70,F2,564,0.99995,0.9998317687874501,1
0.70,F2,565,0.99995,0.9998317687874501,1
0.70,F2,566,0.99995,0.9998317687874501,1
0.70,F2,567,0.99995,0.9998317687874501,1
0.70,F2,568,0.99995,0.9998317687874501,1
0.70,F2,569,0.99995,0.9998317687874501,1
0.70,F2,570,0.99995,0.9998317687874501,1
0.70,F2,571,0.99995,0.9998317687874501,1
0.70,F2,572,0.99995,0.9998317687874501,1
0.70,F2,573,0.99995,0.9998317687874501,1
0.70,F2,574,0.99995,0.9998317687874501,1
0.70,F2,575,0.99995,0.9998317687874501,1
0.70,F2,576,0.99995,0.9998317687874501,1
0.70,F2,577,0.99995,0.9998317687874501,1
0.70,F2,578,0.99995,0.9998317687874501,1
0.70,F2,579,0.99995,0.9998317687874501,1
0.70,F2,580,0.99995,0.9998317687874501,1
0.70,F2,581,0.99995,0.9998317687874501,1
0.70,F2,582,0.99995,0.9998317687874501,1
0.70,F2,583,0.99995,0.9998317687874501,1
0.70,F2,584,0.99995,0.9998317687874501,1
0.70,F2,585,0.99995,0.9998317687874501,1
0.70,F2,586,0.99995,0.9998317687874501,1
0.70,F2,587,0.99995,0.9998317687874501,1
0.70,F2,588,0.99995,0.9998317687874501,1
0.70,F2,589,0.99995,0.9998317687874501,1
0.70,F2,590,0.99995,0.9998317687874501,1
0.70,F2,591,0.99995,0.9998317687874501,1
0.70,F2,592,0.99995,0.9998317687874501,1
0.70,F2,593,0.99995,0.9998317687874501,1
0.70,F2,594,0.99995,0.9998317687874501,1
0.70,F2,595,0.99995,0.9998317687874501,1
0.70,F2,596,0.99995,0.9998317687874501,1
0.70,F2,597,0.99995,0.9998317687874501,1
0.70,F2,598,0.99995,0.9998317687874501,1
0.70,F2,599,0.99995,0.9998317687874501,1
0.70,F2,600,0.99995,0.9998317687874501,1
0.70,F2,601,0.99995,0.9998317687874501,1
0.70,F2,602,0.99995,0.9998317687874501,1
0.70,F2,603,1.0,1.0,1
0.70,F2,604,1.0,1.0,1
0.70,F2,605,1.0,1.0,1
0.70,F2,606,1.0,1.0,1
0.70,F2,607,1.0,1.0,1
0.70,F2,608,1.0,1.0,1
0.70,F2,609,1.0,1.0,1
0.70,F2,610,1.0,1.0,1
0.70,F2,611,1.0,1.0,1
0.70,F2,612,1.0,1.0,1
0.70,F2,613,1.0,1.0,1
0.70,F2,614,1.0,1.0,1
0.70,F2,615,1.0,1.0,1
0.70,F2,616,1.0,1.0,1
0.70,F2,617,1.0,1.0,1
0.70,F2,618,1.0,1.0,1
0.70,F2,619,1.0,1.0,1
0.70,F2,620,1.0,1.0,1
0.70,F2,621,1.0,1.0,1
0.70,F2,622,1.0,1.0,1
0.70,F2,623,1.0,1.0,1
0.70,F2,624,1.0,1.0,1
0.70,F2,625,1.0,1.0,1
0.70,F2,626,1.0,1.0,1
0.70,F2,627,1.0,1.0,1
0.70,F2,628,1.0,1.0,1
0.70,F2,629,1.0,1.0,1
0.70,F2,630,1.0,1.0,1
0.70,F2,631,1.0,1.0,1
0.70,F2,632,1.0,1.0,1
0.70,F2,633,1.0,1.0,1
0.70,F2,634,1.0,1.0,1
0.70,F2,635,1.0,1.0,1
0.70,F2,636,1.0,1.0,1
0.70,F2,637,1.0,1.0,1
0.70,F2,638,1.0,1.0,1
0.70,F2,639,1.0,1.0,1
0.70,F2,640,1.0,1.0,1
0.70,F2,641,1.0,1.0,1
0.70,F2,642,1.0,1.0,1
0.70,F2,643,1.0,1.0,1
0.70,F2,644,1.0,1.0,1
0.70,F2,645,1.0,1.0,1
0.70,F2,646,1.0,1.0,1
0.70,F2,647,1.0,1.0,1
0.70,F2,648,1.0,1.0,1
0.70,F2,649,1.0,1.0,1
0.70,F2,650,1.0,1.0,1
0.70,F2,651,1.0,1.0,1
0.70,F2,652,1.0,1.0,1
0.70,F2,653,1.0,1.0,1
0.70,F2,654,1.0,1.0,1
0.70,F2,655,1.0,1.0,1
0.70,F2,656,1.0,1.0,1
0.70,F2,657,1.0,1.0,1
0.70,F2,658,1.0,1.0,1
0.70,F2,659,1.0,1.0,1
0.70,F2,660,1.0,1.0,1
0.70,F2,661,1.0,1.0,1
0.70,F2,662,1.0,1.0,1
0.70,F2,663,1.0,1.0,1
0.70,F2,664,1.0,1.0,1
0.70,F2,665,1.0,1.0,1
0.70,F2,666,1.0,1.0,1
0.70,F2,667,1.0,1.0,1
0.70,F2,668,1.0,1.0,1
0.70,F2,669,1.0,1.0,1
0.70,F2,670,1.0,1.0,1
0.70,F2,671,1.0,1.0,1
0.70,F2,672,1.0,1.0,1
0.70,F2,673,1.0,1.0,1
0.70,F2,674,1.0,1.0,1
0.70,F2,675,1.0,1.0,1
0.70,F2,676,1.0,1.0,1
0.70,F2,677,1.0,1.0,1
0.70,F2,678,1.0,1.0,1
0.70,F2,679,1.0,1.0,1
0.70,F2,680,1.0,1.0,1
0.70,F2,681,1.0,1.0,1
0.70,F2,682,1.0,1.0,1
0.70,F2,683,1.0,1.0,1
0.70,F2,684,1.0,1.0,1
0.70,F2,685,1.0,1.0,1
0.70,F2,686,1.0,1.0,1
0.70,F2,687,1.0,1.0,1
0.70,F2,688,1.0,1.0,1
0.70,F2,689,1.0,1.0,1
0.70,F2,690,1.0,1.0,1
0.70,F2,691,1.0,1.0,1
0.70,F2,692,1.0,1.0,1
0.70,F2,693,1.0,1.0,1
0.70,F2,694,1.0,1.0,1
0.70,F2,695,1.0,1.0,1
0.70,F2,696,1.0,1.0,1
0.70,F2,697,1.0,1.0,1
0.70,F2,698,1.0,1.0,1
0.70,F2,699,1.0,1.0,1
0.70,F2,700,1.0,1.0,1
0.70,F2,701,1.0,1.0,1
0.70,F2,702,1.0,1.0,1
0.70,F2,703,1.0,1.0,1
0.70,F2,704,1.0,1.0,1
0.70,F2,705,1.0,1.0,1
0.70,F2,706,1.0,1.0,1
0.70,F2,707,1.0,1.0,1
0.70,F2,708,1.0,1.0,1
0.70,F2,709,1.0,1.0,1
0.70,F2,710,1.0,1.0,1
0.70,F2,711,1.0,1.0,1
0.70,F2,712,1.0,1.0,1
0.70,F2,713,1.0,1.0,1
0.70,F2,714,1.0,1.0,1
0.70,F2,715,1.0,1.0,1
0.70,F2,716,1.0,1.0,1
0.70,F2,717,1.0,1.0,1
0.70,F2,718,1.0,1.0,1
0.70,F2,719,1.0,1.0,1
0.70,F2,720,1.0,1.0,1
0.70,F2,721,1.0,1.0,1
0.70,F2,722,1.0,1.0,1
0.70,F2,723,1.0,1.0,1
0.70,F2,724,1.0,1.0,1
0.70,F2,725,1.0,1.0,1
0.70,F2,726,1.0,1.0,1
0.70,F2,727,1.0,1.0,1
0.70,F2,728,1.0,1.0,1
0.70,F2,729,1.0,1.0,1
0.70,F2,730,1.0,1.0,1
0.70,F2,731,1.0,1.0,1
0.70,F2,732,1.0,1.0,1
0.70,F2,733,1.0,1.0,1
0.70,F2,734,1.0,1.0,1
0.70,F2,735,1.0,1.0,1
0.70,F2,736,1.0,1.0,1
0.70,F2,737,1.0,1.0,1
0.70,F2,738,1.0,1.0,1
0.70,F2,739,1.0,1.0,1
0.70,F2,740,1.0,1.0,1
0.70,F2,741,1.0,1.0,1
0.70,F2,742,1.0,1.0,1
0.70,F2,743,1.0,1.0,1
0.70,F2,744,1.0,1.0,1
0.70,F2,745,1.0,1.0,1
0.70,F2,746,1.0,1.0,1
0.70,F2,747,1.0,1.0,1
0.70,F2,748,1.0,1.0,1
0.70,F2,749,1.0,1.0,1
0.70,F2,750,1.0,1.0,1
0.70,F2,751,1.0,1.0,1
0.70,F2,752,1.0,1.0,1
0.70,F2,753,1.0,1.0,1
0.70,F2,754,1.0,1.0,1
0.70,F2,755,1.0,1.0,1
0.70,F2,756,1.0,1.0,1
0.70,F2,757,1.0,1.0,1
0.70,F2,758,1.0,1.0,1
0.70,F2,759,1.0,1.0,1
0.70,F2,760,1.0,1.0,1
0.70,F2,761,1.0,1.0,1
0.70,F2,762,1.0,1.0,1
0.70,F2,763,1.0,1.0,1
0.70,F2,764,1.0,1.0,1
0.70,F2,765,1.0,1.0,1
0.70,F2,766,1.0,1.0,1
0.70,F2,767,1.0,1.0,1
0.70,F2,768,1.0,1.0,1
0.70,F2,769,1.0,1.0,1
0.70,F2,770,1.0,1.0,1
0.70,F2,771,1.0,1.0,1
0.70,F2,772,1.0,1.0,1
0.70,F2,773,1.0,1.0,1
0.70,F2,774,1.0,1.0,1
0.70,F2,775,1.0,1.0,1
0.70,F2,776,1.0,1.0,1
0.70,F2,777,1.0,1.0,1
0.70,F2,778,1.0,1.0,1
0.70,F2,779,1.0,1.0,1
0.70,F2,780,1.0,1.0,1
0.70,F2,781,1.0,1.0,1
0.70,F2,782,1.0,1.0,1
0.70,F2,783,1.0,1.0,1
0.70,F2,784,1.0,1.0,1
0.70,F2,785,1.0,1.0,1
0.70,F2,786,1.0,1.0,1
0.70,F2,787,1.0,1.0,1
0.70,F2,788,1.0,1.0,1
0.70,F2,789,1.0,1.0,1
0.70,F2,790,1.0,1.0,1
0.70,F2,791,1.0,1.0,1
0.70,F2,792,1.0,1.0,1
0.70,F2,793,1.0,1.0,1
0.70,F2,794,1.0,1.0,1
0.70,F2,795,1.0,1.0,1
0.70,F2,796,1.0,1.0,1
0.70,F2,797,1.0,1.0,1
0.70,F2,798,1.0,1.0,1
0.70,F2,799,1.0,1.0,1
0.70,F2,800,1.0,1.0,1
0.70,F2,801,1.0,1.0,1
0.70,F2,802,1.0,1.0,1
0.70,F2,803,1.0,1.0,1
0.70,F2,804,1.0,1.0,1
0.70,F2,805,1.0,1.0,1
0.70,F2,806,1.0,1.0,1
0.70,F2,807,1.0,1.0,1
0.70,F2,808,1.0,1.0,1
0.70,F2,809,1.0,1.0,1
0.70,F2,810,1.0,1.0,1
0.70,F2,811,1.0,1.0,1
0.70,F2,812,1.0,1.0,1
0.70,F2,813,1.0,1.0,1
0.70,F2,814,1.0,1.0,1
0.70,F2,815,1.0,1.0,1
0.70,F2,816,1.0,1.0,1
0.70,F2,817,1.0,1.0,1
0.70,F2,818,1.0,1.0,1
0.70,F2,819,1.0,1.0,1
0.70,F2,820,1.0,1.0,1
0.70,F2,821,1.0,1.0,1
0.70,F2,822,1.0,1.0,1
0.70,F2,823,1.0,1.0,1
0.70,F2,824,1.0,1.0,1
0.70,F2,825,1.0,1.0,1
0.70,F2,826,1.0,1.0,1
0.70,F2,827,1.0,1.0,1
0.70,F2,828,1.0,1.0,1
0.70,F2,829,1.0,1.0,1
0.70,F2,830,1.0,1.0,1
0.70,F2,831,1.0,1.0,1
0.70,F2,832,1.0,1.0,1
0.70,F2,833,1.0,1.0,1
0.70,F2,834,1.0,1.0,1
0.70,F2,835,1.0,1.0,1
0.70,F2,836,1.0,1.0,1
0.70,F2,837,1.0,1.0,1
0.70,F2,838,1.0,1.0,1
0.70,F2,839,1.0,1.0,1
0.70,F2,840,1.0,1.0,1
0.70,F2,841,1.0,1.0,1
0.70,F2,842,1.0,1.0,1
0.70,F2,843,1.0,1.0,1
0.70,F2,844,1.0,1.0,1
0.70,F2,845,1.0,1.0,1
0.70,F2,846,1.0,1.0,1
0.70,F2,847,1.0,1.0,1
0.70,F2,848,1.0,1.0,1
0.70,F2,849,1.0,1.0,1
0.70,F2,850,1.0,1.0,1
0.70,F2,851,1.0,1.0,1
0.70,F2,852,1.0,1.0,1
0.70,F2,853,1.0,1.0,1
0.70,F2,854,1.0,1.0,1
0.70,F2,855,1.0,1.0,1
0.70,F2,856,1.0,1.0,1
0.70,F2,857,1.0,1.0,1
0.70,F2,858,1.0,1.0,1
0.70,F2,859,1.0,1.0,1
0.70,F2,860,1.0,1.0,1
0.70,F2,861,1.0,1.0,1
0.70,F2,862,1.0,1.0,1
0.70,F2,863,1.0,1.0,1
0.70,F2,864,1.0,1.0,1
0.70,F2,865,1.0,1.0,1
0.70,F2,866,1.0,1.0,1
0.70,F2,867,1.0,1.0,1
0.70,F2,868,1.0,1.0,1
0.70,F2,869,1.0,1.0,1
0.70,F2,870,1.0,1.0,1
0.70,F2,871,1.0,1.0,1
0.70,F2,872,1.0,1.0,1
0.70,F2,873,1.0,1.0,1
0.70,F2,874,1.0,1.0,1
0.70,F2,875,1.0,1.0,1
0.70,F2,876,1.0,1.0,1
0.70,F2,877,1.0,1.0,1
0.70,F2,878,1.0,1.0,1
0.70,F2,879,1.0,1.0,1
0.70,F2,880,1.0,1.0,1
0.70,F2,881,1.0,1.0,1
0.70,F2,882,1.0,1.0,1
0.70,F2,883,1.0,1.0,1
0.70,F2,884,1.0,1.0,1
0.70,F2,885,1.0,1.0,1
0.70,F2,886,1.0,1.0,1
0.70,F2,887,1.0,1.0,1
0.70,F2,888,1.0,1.0,1
0.70,F2,889,1.0,1.0,1
0.70,F2,890,1.0,1.0,1
0.70,F2,891,1.0,1.0,1
0.70,F2,892,1.0,1.0,1
0.70,F2,893,1.0,1.0,1
0.70,F2,894,1.0,1.0,1
0.70,F2,895,1.0,1.0,1
0.70,F2,896,1.0,1.0,1
0.70,F2,897,1.0,1.0,1
0.70,F2,898,1.0,1.0,1
0.70,F2,899,1.0,1.0,1
0.70,F2,900,1.0,1.0,1
0.70,F2,901,1.0,1.0,1
0.70,F2,902,1.0,1.0,1
0.70,F2,903,1.0,1.0,1
0.70,F2,904,1.0,1.0,1
0.70,F2,905,1.0,1.0,1
0.70,F2,906,1.0,1.0,1
0.70,F2,907,1.0,1.0,1
0.70,F2,908,1.0,1.0,1
0.70,F2,909,1.0,1.0,1
0.70,F2,910,1.0,1.0,1
0.70,F2,911,1.0,1.0,1
0.70,F2,912,1.0,1.0,1
0.70,F2,913,1.0,1.0,1
0.70,F2,914,1.0,1.0,1
0.70,F2,915,1.0,1.0,1
0.70,F2,916,1.0,1.0,1
0.70,F2,917,1.0,1.0,1
0.70,F2,918,1.0,1.0,1
0.70,F2,919,1.0,1.0,1
0.70,F2,920,1.0,1.0,1
0.70,F2,921,1.0,1.0,1
0.70,F2,922,1.0,1.0,1
0.70,F2,923,1.0,1.0,1
0.70,F2,924,1.0,1.0,1
0.70,F2,925,1.0,1.0,1
0.70,F2,926,1.0,1.0,1
0.70,F2,927,1.0,1.0,1
0.70,F2,928,1.0,1.0,1
0.70,F2,929,1.0,1.0,1
0.70,F2,930,1.0,1.0,1
0.70,F2,931,1.0,1.0,1
0.70,F2,932,1.0,1.0,1
0.70,F2,933,1.0,1.0,1
0.70,F2,934,1.0,1.0,1
0.70,F2,935,1.0,1.0,1
0.70,F2,936,1.0,1.0,1
0.70,F2,937,1.0,1.0,1
0.70,F2,938,1.0,1.0,1
0.70,F2,939,1.0,1.0,1
0.70,H3,0,0.0,0,0.0
0.70,H3,1,0.2328,0.22133496833263638,0.24426503166736363
0.70,H3,2,0.23304999999999998,0.22159063048567937,0.2445093695143206
0.70,H3,3,0.6336999999999999,0.618136789116291,0.6492632108837089
0.70,H3,4,0.6347499999999999,0.6192426408685382,0.6502573591314617
0.70,H3,5,0.8816,0.8718980398559475,0.8913019601440526
0.70,H3,6,0.8823,0.8726894469111703,0.8919105530888296
0.70,H3,7,0.96525,0.9552250169956095,0.9752749830043906
0.70,H3,8,0.98065,0.972773001929257,0.9885269980707431
0.70,H3,9,0.98845,0.9814230180490836,0.9954769819509165
0.70,H3,10,0.9913500000000002,0.9855195621114092,0.9971804378885911
0.70,H3,11,0.9954000000000001,0.9914472664085464,0.9993527335914537
0.70,H3,12,0.9975499999999999,0.9955321367238972,0.9995678632761027
0.70,H3,13,0.99855,0.9973924376742654,0.9997075623257347
0.70,H3,14,0.99905,0.9981754542963132,0.9999245457036868
0.70,H3,15,0.99925,0.9984223815121499,1
0.70,H3,16,0.9994000000000001,0.9987311832628639,1
0.70,H3,17,0.9995,0.9988135022390459,1
0.70,H3,18,0.99955,0.9989725141341601,1
0.70,H3,19,0.9996,0.9991270751498,1
0.70,H3,20,0.9997,0.9993538544531431,1
0.70,H3,21,0.99975,0.9995011922118088,0.9999988077881913
0.70,H3,22,0.9998,0.9995472110344086,1
0.70,H3,23,0.99985,0.9996769272265715,1
0.70,H3,24,0.99985,0.9996769272265715,1
0.70,H3,25,0.9999,0.9997451990054238,1
0.70,H3,26,0.99995,0.9998317687874501,1
0.70,H3,27,0.99995,0.9998317687874501,1
0.70,H3,28,0.99995,0.9998317687874501,1
0.70,H3,29,0.99995,0.9998317687874501,1
0.70,H3,30,0.99995,0.9998317687874501,1
0.70,H3,31,0.99995,0.9998317687874501,1
0.70,H3,32,0.99995,0.9998317687874501,1
0.70,H3,33,0.99995,0.9998317687874501,1
0.70,H3,34,0.99995,0.9998317687874501,1
0.70,H3,35,0.99995,0.9998317687874501,1
0.70,H3,36,0.99995,0.9998317687874501,1
0.70,H3,37,0.99995,0.9998317687874501,1
0.70,H3,38,0.99995,0.9998317687874501,1
0.70,H3,39,0.99995,0.9998317687874501,1
0.70,H3,40,0.99995,0.9998317687874501,1
0.70,H3,41,0.99995,0.9998317687874501,1
0.70,H3,42,0.99995,0.9998317687874501,1
0.70,H3,43,0.99995,0.9998317687874501,1
0.70,H3,44,0.99995,0.9998317687874501,1
0.70,H3,45,0.99995,0.9998317687874501,1
0.70,H3,46,0.99995,0.9998317687874501,1
0.70,H3,47,0.99995,0.9998317687874501,1
0.70,H3,48,0.99995,0.9998317687874501,1
0.70,H3,49,0.99995,0.9998317687874501,1
0.70,H3,50,0.99995,0.9998317687874501,1
0.70,H3,51,0.99995,0.9998317687874501,1
0.70,H3,52,0.99995,0.9998317687874501,1
0.70,H3,53,0.99995,0.9998317687874501,1
0.70,H3,54,0.99995,0.9998317687874501,1
0.70,H3,55,0.99995,0.9998317687874501,1
0.70,H3,56,0.99995,0.9998317687874501,1
0.70,H3,57,0.99995,0.9998317687874501,1
0.70,H3,58,0.99995,0.9998317687874501,1
0.70,H3,59,0.99995,0.9998317687874501,1
0.70,H3,60,0.99995,0.9998317687874501,1
0.70,H3,61,0.99995,0.9998317687874501,1
0.70,H3,62,0.99995,0.9998317687874501,1
0.70,H3,63,0.99995,0.9998317687874501,1
0.70,H3,64,0.99995,0.9998317687874501,1
0.70,H3,65,0.99995,0.9998317687874501,1
0.70,H3,66,0.99995,0.9998317687874501,1
0.70,H3,67,0.99995,0.9998317687874501,1
0.70,H3,68,0.99995,0.9998317687874501,1
0.70,H3,69,0.99995,0.9998317687874501,1
0.70,H3,70,0.99995,0.9998317687874501,1
0.70,H3,71,0.99995,0.9998317687874501,1
0.70,H3,72,0.99995,0.9998317687874501,1
0.70,H3,73,0.99995,0.9998317687874501,1
0.70,H3,74,0.99995,0.9998317687874501,1
0.70,H3,75,0.99995,0.9998317687874501,1
0.70,H3,76,0.99995,0.9998317687874501,1
0.70,H3,77,0.99995,0.9998317687874501,1
0.70,H3,78,0.99995,0.9998317687874501,1
0.70,H3,79,0.99995,0.9998317687874501,1
0.70,H3,80,0.99995,0.9998317687874501,1
0.70,H3,81,0.99995,0.9998317687874501,1
0.70,H3,82,0.99995,0.9998317687874501,1
0.70,H3,83,0.99995,0.9998317687874501,1
0.70,H3,84,0.99995,0.9998317687874501,1
0.70,H3,85,0.99995,0.9998317687874501,1
0.70,H3,86,0.99995,0.9998317687874501,1
0.70,H3,87,0.99995,0.9998317687874501,1
0.70,H3,88,0.99995,0.9998317687874501,1
0.70,H3,89,0.99995,0.9998317687874501,1
0.70,H3,90,0.99995,0.9998317687874501,1
0.70,H3,91,0.99995,0.9998317687874501,1
0.70,H3,92,0.99995,0.9998317687874501,1
0.70,H3,93,0.99995,0.9998317687874501,1
0.70,H3,94,0.99995,0.9998317687874501,1
0.70,H3,95,0.99995,0.9998317687874501,1
0.70,H3,96,0.99995,0.9998317687874501,1
0.70,H3,97,0.99995,0.9998317687874501,1
0.70,H3,98,0.99995,0.9998317687874501,1
0.70,H3,99,0.99995,0.9998317687874501,1
0.70,H3,100,0.99995,0.9998317687874501,1
0.70,H3,101,0.99995,0.9998317687874501,1
0.70,H3,102,0.99995,0.9998317687874501,1
0.70,H3,103,0.99995,0.9998317687874501,1
0.70,H3,104,0.99995,0.9998317687874501,1
0.70,H3,105,0.99995,0.9998317687874501,1
0.70,H3,106,0.99995,0.9998317687874501,1
0.70,H3,107,0.99995,0.9998317687874501,1
0.70,H3,108,0.99995,0.9998317687874501,1
0.70,H3,109,0.99995,0.9998317687874501,1
0.70,H3,110,0.99995,0.9998317687874501,1
0.70,H3,111,0.99995,0.9998317687874501,1
0.70,H3,112,0.99995,0.9998317687874501,1
0.70,H3,113,0.99995,0.9998317687874501,1
0.70,H3,114,0.99995,0.9998317687874501,1
0.70,H3,115,0.99995,0.9998317687874501,1
0.70,H3,116,0.99995,0.9998317687874501,1
0.70,H3,117,0.99995,0.9998317687874501,1
0.70,H3,118,0.99995,0.9998317687874501,1
0.70,H3,119,0.99995,0.9998317687874501,1
0.70,H3,120,0.99995,0.9998317687874501,1
0.70,H3,121,0.99995,0.9998317687874501,1
0.70,H3,122,0.99995,0.9998317687874501,1
0.70,H3,123,0.99995,0.9998317687874501,1
0.70,H3,124,0.99995,0.9998317687874501,1
0.70,H3,125,0.99995,0.9998317687874501,1
0.70,H3,126,0.99995,0.9998317687874501,1
0.70,H3,127,0.99995,0.9998317687874501,1
0.70,H3,128,0.99995,0.9998317687874501,1
0.70,H3,129,0.99995,0.9998317687874501,1
0.70,H3,130,0.99995,0.9998317687874501,1
0.70,H3,131,0.99995,0.9998317687874501,1
0.70,H3,132,0.99995,0.9998317687874501,1
0.70,H3,133,0.99995,0.9998317687874501,1
0.70,H3,134,0.99995,0.9998317687874501,1
0.70,H3,135,0.99995,0.9998317687874501,1
0.70,H3,136,0.99995,0.9998317687874501,1
0.70,H3,137,0.99995,0.9998317687874501,1
0.70,H3,138,0.99995,0.9998317687874501,1
0.70,H3,139,0.99995,0.9998317687874501,1
0.70,H3,140,0.99995,0.9998317687874501,1
0.70,H3,141,0.99995,0.9998317687874501,1
0.70,H3,142,0.99995,0.9998317687874501,1
0.70,H3,143,0.99995,0.9998317687874501,1
0.70,H3,144,0.99995,0.9998317687874501,1
0.70,H3,145,0.99995,0.9998317687874501,1
0.70,H3,146,0.99995,0.9998317687874501,1
0.70,H3,147,0.99995,0.9998317687874501,1
0.70,H3,148,0.99995,0.9998317687874501,1
0.70,H3,149,0.99995,0.9998317687874501,1
0.70,H3,150,0.99995,0.9998317687874501,1
0.70,H3,151,0.99995,0.9998317687874501,1
0.70,H3,152,0.99995,0.9998317687874501,1
0.70,H3,153,0.99995,0.9998317687874501,1
0.70,H3,154,0.99995,0.9998317687874501,1
0.70,H3,155,0.99995,0.9998317687874501,1
0.70,H3,156,0.99995,0.9998317687874501,1
0.70,H3,157,0.99995,0.9998317687874501,1
0.70,H3,158,0.99995,0.9998317687874501,1
0.70,H3,159,0.99995,0.9998317687874501,1
0.70,H3,160,0.99995,0.9998317687874501,1
0.70,H3,161,0.99995,0.9998317687874501,1
0.70,H3,162,0.99995,0.9998317687874501,1
0.70,H3,163,0.99995,0.9998317687874501,1
0.70,H3,164,0.99995,0.9998317687874501,1
0.70,H3,165,0.99995,0.9998317687874501,1
0.70,H3,166,0.99995,0.9998317687874501,1
0.70,H3,167,0.99995,0.9998317687874501,1
0.70,H3,168,0.99995,0.9998317687874501,1
0.70,H3,169,0.99995,0.9998317687874501,1
0.70,H3,170,0.99995,0.9998317687874501,1
0.70,H3,171,0.99995,0.9998317687874501,1
0.70,H3,172,0.99995,0.9998317687874501,1
0.70,H3,173,0.99995,0.9998317687874501,1
0.70,H3,174,0.99995,0.9998317687874501,1
0.70,H3,175,0.99995,0.9998317687874501,1
0.70,H3,176,0.99995,0.9998317687874501,1
0.70,H3,177,0.99995,0.9998317687874501,1
0.70,H3,178,0.99995,0.9998317687874501,1
0.70,H3,179,0.99995,0.9998317687874501,1
0.70,H3,180,0.99995,0.9998317687874501,1
0.70,H3,181,0.99995,0.9998317687874501,1
0.70,H3,182,0.99995,0.9998317687874501,1
0.70,H3,183,0.99995,0.9998317687874501,1
0.70,H3,184,0.99995,0.9998317687874501,1
0.70,H3,185,0.99995,0.9998317687874501,1
0.70,H3,186,0.99995,0.9998317687874501,1
0.70,H3,187,0.99995,0.9998317687874501,1
0.70,H3,188,0.99995,0.9998317687874501,1
0.70,H3,189,0.99995,0.9998317687874501,1
0.70,H3,190,0.99995,0.9998317687874501,1
0.70,H3,191,0.99995,0.9998317687874501,1
0.70,H3,192,0.99995,0.9998317687874501,1
0.70,H3,193,0.99995,0.9998317687874501,1
0.70,H3,194,0.99995,0.9998317687874501,1
0.70,H3,195,0.99995,0.9998317687874501,1
0.70,H3,196,0.99995,0.9998317687874501,1
0.70,H3,197,0.99995,0.9998317687874501,1
0.70,H3,198,0.99995,0.9998317687874501,1
0.70,H3,199,0.99995,0.9998317687874501,1
0.70,H3,200,0.99995,0.9998317687874501,1
0.70,H3,201,0.99995,0.9998317687874501,1
0.70,H3,202,0.99995,0.9998317687874501,1
0.70,H3,203,0.99995,0.9998317687874501,1
0.70,H3,204,0.99995,0.9998317687874501,1
0.70,H3,205,0.99995,0.9998317687874501,1
0.70,H3,206,0.99995,0.9998317687874501,1
0.70,H3,207,0.99995,0.9998317687874501,1
0.70,H3,208,0.99995,0.9998317687874501,1
0.70,H3,209,0.99995,0.9998317687874501,1
0.70,H3,210,0.99995,0.9998317687874501,1
0.70,H3,211,0.99995,0.9998317687874501,1
0.70,H3,212,0.99995,0.9998317687874501,1
0.70,H3,213,0.99995,0.9998317687874501,1
0.70,H3,214,0.99995,0.9998317687874501,1
0.70,H3,215,0.99995,0.9998317687874501,1
0.70,H3,216,0.99995,0.9998317687874501,1
0.70,H3,217,0.99995,0.9998317687874501,1
0.70,H3,218,0.99995,0.9998317687874501,1
0.70,H3,219,0.99995,0.9998317687874501,1
0.70,H3,220,0.99995,0.9998317687874501,1
0.70,H3,221,0.99995,0.9998317687874501,1
0.70,H3,222,0.99995,0.9998317687874501,1
0.70,H3,223,0.99995,0.9998317687874501,1
0.70,H3,224,0.99995,0.9998317687874501,1
0.70,H3,225,0.99995,0.9998317687874501,1
0.70,H3,226,0.99995,0.9998317687874501,1
0.70,H3,227,0.99995,0.9998317687874501,1
0.70,H3,228,0.99995,0.9998317687874501,1
0.70,H3,229,0.99995,0.9998317687874501,1
0.70,H3,230,0.99995,0.9998317687874501,1
0.70,H3,231,0.99995,0.9998317687874501,1
0.70,H3,232,0.99995,0.9998317687874501,1
0.70,H3,233,0.99995,0.9998317687874501,1
0.70,H3,234,0.99995,0.9998317687874501,1
0.70,H3,235,0.99995,0.9998317687874501,1
0.70,H3,236,0.99995,0.9998317687874501,1
0.70,H3,237,0.99995,0.9998317687874501,1
0.70,H3,238,0.99995,0.9998317687874501,1
0.70,H3,239,0.99995,0.9998317687874501,1
0.70,H3,240,0.99995,0.9998317687874501,1
0.70,H3,241,0.99995,0.9998317687874501,1
0.70,H3,242,0.99995,0.9998317687874501,1
0.70,H3,243,0.99995,0.9998317687874501,1
0.70,H3,244,0.99995,0.9998317687874501,1
0.70,H3,245,0.99995,0.9998317687874501,1
0.70,H3,246,0.99995,0.9998317687874501,1
0.70,H3,247,0.99995,0.9998317687874501,1
0.70,H3,248,0.99995,0.9998317687874501,1
0.70,H3,249,0.99995,0.9998317687874501,1
0.70,H3,250,0.99995,0.9998317687874501,1
0.70,H3,251,0.99995,0.9998317687874501,1
0.70,H3,252,0.99995,0.9998317687874501,1
0.70,H3,253,0.99995,0.9998317687874501,1
0.70,H3,254,0.99995,0.9998317687874501,1
0.70,H3,255,0.99995,0.9998317687874501,1
0.70,H3,256,0.99995,0.9998317687874501,1
0.70,H3,257,0.99995,0.9998317687874501,1
0.70,H3,258,0.99995,0.9998317687874501,1
0.70,H3,259,0.99995,0.9998317687874501,1
0.70,H3,260,0.99995,0.9998317687874501,1
0.70,H3,261,0.99995,0.9998317687874501,1
0.70,H3,262,0.99995,0.9998317687874501,1
0.70,H3,263,0.99995,0.9998317687874501,1
0.70,H3,264,0.99995,0.9998317687874501,1
0.70,H3,265,0.99995,0.9998317687874501,1
0.70,H3,266,0.99995,0.9998317687874501,1
0.70,H3,267,0.99995,0.9998317687874501,1
0.70,H3,268,0.99995,0.9998317687874501,1
0.70,H3,269,0.99995,0.9998317687874501,1
0.70,H3,270,0.99995,0.9998317687874501,1
0.70,H3,271,0.99995,0.9998317687874501,1
0.70,H3,272,0.99995,0.9998317687874501,1
0.70,H3,273,0.99995,0.9998317687874501,1
0.70,H3,274,0.99995,0.9998317687874501,1
0.70,H3,275,0.99995,0.9998317687874501,1
0.70,H3,276,0.99995,0.9998317687874501,1
0.70,H3,277,0.99995,0.9998317687874501,1
0.70,H3,278,0.99995,0.9998317687874501,1
0.70,H3,279,0.99995,0.9998317687874501,1
0.70,H3,280,0.99995,0.9998317687874501,1
0.70,H3,281,0.99995,0.9998317687874501,1
0.70,H3,282,0.99995,0.9998317687874501,1
0.70,H3,283,0.99995,0.9998317687874501,1
0.70,H3,284,0.99995,0.9998317687874501,1
0.70,H3,285,0.99995,0.9998317687874501,1
0.70,H3,286,0.99995,0.9998317687874501,1
0.70,H3,287,0.99995,0.9998317687874501,1
0.70,H3,288,0.99995,0.9998317687874501,1
0.70,H3,289,0.99995,0.9998317687874501,1
0.70,H3,290,0.99995,0.9998317687874501,1
0.70,H3,291,0.99995,0.9998317687874501,1
0.70,H3,292,0.99995,0.9998317687874501,1
0.70,H3,293,0.99995,0.9998317687874501,1
0.70,H3,294,0.99995,0.9998317687874501,1
0.70,H3,295,0.99995,0.9998317687874501,1
0.70,H3,296,0.99995,0.9998317687874501,1
0.70,H3,297,0.99995,0.9998317687874501,1
0.70,H3,298,0.99995,0.9998317687874501,1
0.70,H3,299,0.99995,0.9998317687874501,1
0.70,H3,300,0.99995,0.9998317687874501,1
0.70,H3,301,0.99995,0.9998317687874501,1
0.70,H3,302,0.99995,0.9998317687874501,1
0.70,H3,303,0.99995,0.9998317687874501,1
0.70,H3,304,0.99995,0.9998317687874501,1
0.70,H3,305,0.99995,0.9998317687874501,1
0.70,H3,306,0.99995,0.9998317687874501,1
0.70,H3,307,0.99995,0.9998317687874501,1
0.70,H3,308,0.99995,0.9998317687874501,1
0.70,H3,309,0.99995,0.9998317687874501,1
0.70,H3,310,0.99995,0.9998317687874501,1
0.70,H3,311,0.99995,0.9998317687874501,1
0.70,H3,312,0.99995,0.9998317687874501,1
0.70,H3,313,0.99995,0.9998317687874501,1
0.70,H3,314,0.99995,0.9998317687874501,1
0.70,H3,315,0.99995,0.9998317687874501,1
0.70,H3,316,0.99995,0.9998317687874501,1
0.70,H3,317,0.99995,0.9998317687874501,1
0.70,H3,318,0.99995,0.9998317687874501,1
0.70,H3,319,0.99995,0.9998317687874501,1
0.70,H3,320,0.99995,0.9998317687874501,1
0.70,H3,321,0.99995,0.9998317687874501,1
0.70,H3,322,0.99995,0.9998317687874501,1
0.70,H3,323,0.99995,0.9998317687874501,1
0.70,H3,324,0.99995,0.9998317687874501,1
0.70,H3,325,0.99995,0.9998317687874501,1
0.70,H3,326,0.99995,0.9998317687874501,1
0.70,H3,327,0.99995,0.9998317687874501,1
0.70,H3,328,0.99995,0.9998317687874501,1
0.70,H3,329,0.99995,0.9998317687874501,1
0.70,H3,330,0.99995,0.9998317687874501,1
0.70,H3,331,0.99995,0.9998317687874501,1
0.70,H3,332,0.99995,0.9998317687874501,1
0.70,H3,333,0.99995,0.9998317687874501,1
0.70,H3,334,0.99995,0.9998317687874501,1
0.70,H3,335,0.99995,0.9998317687874501,1
0.70,H3,336,0.99995,0.9998317687874501,1
0.70,H3,337,0.99995,0.9998317687874501,1
0.70,H3,338,0.99995,0.9998317687874501,1
0.70,H3,339,0.99995,0.9998317687874501,1
0.70,H3,340,0.99995,0.9998317687874501,1
0.70,H3,341,0.99995,0.9998317687874501,1
0.70,H3,342,0.99995,0.9998317687874501,1
0.70,H3,343,0.99995,0.9998317687874501,1
0.70,H3,344,0.99995,0.9998317687874501,1
0.70,H3,345,0.99995,0.9998317687874501,1
0.70,H3,346,0.99995,0.9998317687874501,1
0.70,H3,347,0.99995,0.9998317687874501,1
0.70,H3,348,0.99995,0.9998317687874501,1
0.70,H3,349,0.99995,0.9998317687874501,1
0.70,H3,350,0.99995,0.9998317687874501,1
0.70,H3,351,0.99995,0.9998317687874501,1
0.70,H3,352,0.99995,0.9998317687874501,1
0.70,H3,353,0.99995,0.9998317687874501,1
0.70,H3,354,0.99995,0.9998317687874501,1
0.70,H3,355,0.99995,0.9998317687874501,1
0.70,H3,356,0.99995,0.9998317687874501,1
0.70,H3,357,0.99995,0.9998317687874501,1
0.70,H3,358,0.99995,0.9998317687874501,1
0.70,H3,359,0.99995,0.9998317687874501,1
0.70,H3,360,0.99995,0.9998317687874501,1
0.70,H3,361,0.99995,0.9998317687874501,1
0.70,H3,362,0.99995,0.9998317687874501,1
0.70,H3,363,0.99995,0.9998317687874501,1
0.70,H3,364,0.99995,0.9998317687874501,1
0.70,H3,365,0.99995,0.9998317687874501,1
0.70,H3,366,0.99995,0.9998317687874501,1
0.70,H3,367,0.99995,0.9998317687874501,1
0.70,H3,368,0.99995,0.9998317687874501,1
0.70,H3,369,0.99995,0.9998317687874501,1
0.70,H3,370,0.99995,0.9998317687874501,1
0.70,H3,371,0.99995,0.9998317687874501,1
0.70,H3,372,0.99995,0.9998317687874501,1
0.70,H3,373,0.99995,0.9998317687874501,1
0.70,H3,374,0.99995,0.9998317687874501,1
0.70,H3,375,0.99995,0.9998317687874501,1
0.70,H3,376,0.99995,0.9998317687874501,1
0.70,H3,377,0.99995,0.9998317687874501,1
0.70,H3,378,0.99995,0.9998317687874501,1
0.70,H3,379,0.99995,0.9998317687874501,1
0.70,H3,380,0.99995,0.9998317687874501,1
0.70,H3,381,0.99995,0.9998317687874501,1
0.70,H3,382,0.99995,0.9998317687874501,1
0.70,H3,383,0.99995,0.9998317687874501,1
0.70,H3,384,0.99995,0.9998317687874501,1
0.70,H3,385,0.99995,0.9998317687874501,1
0.70,H3,386,0.99995,0.9998317687874501,1
0.70,H3,387,0.99995,0.9998317687874501,1
0.70,H3,388,0.99995,0.9998317687874501,1
0.70,H3,389,0.99995,0.9998317687874501,1
0.70,H3,390,0.99995,0.9998317687874501,1
0.70,H3,391,0.99995,0.9998317687874501,1
0.70,H3,392,0.99995,0.9998317687874501,1
0.70,H3,393,0.99995,0.9998317687874501,1
0.70,H3,394,0.99995,0.9998317687874501,1
0.70,H3,395,0.99995,0.9998317687874501,1
0.70,H3,396,0.99995,0.9998317687874501,1
0.70,H3,397,0.99995,0.9998317687874501,1
0.70,H3,398,0.99995,0.9998317687874501,1
0.70,H3,399,0.99995,0.9998317687874501,1
0.70,H3,400,0.99995,0.9998317687874501,1
0.70,H3,401,0.99995,0.9998317687874501,1
0.70,H3,402,0.99995,0.9998317687874501,1
0.70,H3,403,0.99995,0.9998317687874501,1
0.70,H3,404,0.99995,0.9998317687874501,1
0.70,H3,405,0.99995,0.9998317687874501,1
0.70,H3,406,0.99995,0.9998317687874501,1
0.70,H3,407,0.99995,0.9998317687874501,1
0.70,H3,408,0.99995,0.9998317687874501,1
0.70,H3,409,0.99995,0.9998317687874501,1
0.70,H3,410,0.99995,0.9998317687874501,1
0.70,H3,411,0.99995,0.9998317687874501,1
0.70,H3,412,0.99995,0.9998317687874501,1
0.70,H3,413,0.99995,0.9998317687874501,1
0.70,H3,414,0.99995,0.9998317687874501,1
0.70,H3,415,0.99995,0.9998317687874501,1
0.70,H3,416,0.99995,0.9998317687874501,1
0.70,H3,417,0.99995,0.9998317687874501,1
0.70,H3,418,0.99995,0.9998317687874501,1
0.70,H3,419,0.99995,0.9998317687874501,1
0.70,H3,420,0.99995,0.9998317687874501,1
0.70,H3,421,0.99995,0.9998317687874501,1
0.70,H3,422,0.99995,0.9998317687874501,1
0.70,H3,423,0.99995,0.9998317687874501,1
0.70,H3,424,0.99995,0.9998317687874501,1
0.70,H3,425,0.99995,0.9998317687874501,1
0.70,H3,426,0.99995,0.9998317687874501,1
0.70,H3,427,0.99995,0.9998317687874501,1
0.70,H3,428,0.99995,0.9998317687874501,1
0.70,H3,429,0.99995,0.9998317687874501,1
0.70,H3,430,0.99995,0.9998317687874501,1
0.70,H3,431,0.99995,0.9998317687874501,1
0.70,H3,432,0.99995,0.9998317687874501,1
0.70,H3,433,0.99995,0.9998317687874501,1
0.70,H3,434,0.99995,0.9998317687874501,1
0.70,H3,435,0.99995,0.9998317687874501,1
0.70,H3,436,0.99995,0.9998317687874501,1
0.70,H3,437,0.99995,0.9998317687874501,1
0.70,H3,438,0.99995,0.9998317687874501,1
0.70,H3,439,0.99995,0.9998317687874501,1
0.70,H3,440,0.99995,0.9998317687874501,1
0.70,H3,441,0.99995,0.9998317687874501,1
0.70,H3,442,0.99995,0.9998317687874501,1
0.70,H3,443,0.99995,0.9998317687874501,1
0.70,H3,444,0.99995,0.9998317687874501,1
0.70,H3,445,0.99995,0.9998317687874501,1
0.70,H3,446,0.99995,0.9998317687874501,1
0.70,H3,447,0.99995,0.9998317687874501,1
0.70,H3,448,0.99995,0.9998317687874501,1
0.70,H3,449,0.99995,0.9998317687874501,1
0.70,H3,450,0.99995,0.9998317687874501,1
0.70,H3,451,0.99995,0.9998317687874501,1
0.70,H3,452,0.99995,0.9998317687874501,1
0.70,H3,453,0.99995,0.9998317687874501,1
0.70,H3,454,0.99995,0.9998317687874501,1
0.70,H3,455,0.99995,0.9998317687874501,1
0.70,H3,456,0.99995,0.9998317687874501,1
0.70,H3,457,0.99995,0.9998317687874501,1
0.70,H3,458,0.99995,0.9998317687874501,1
0.70,H3,459,0.99995,0.9998317687874501,1
0.70,H3,460,0.99995,0.9998317687874501,1
0.70,H3,461,0.99995,0.9998317687874501,1
0.70,H3,462,0.99995,0.9998317687874501,1
0.70,H3,463,0.99995,0.9998317687874501,1
0.70,H3,464,0.99995,0.9998317687874501,1
0.70,H3,465,0.99995,0.9998317687874501,1
0.70,H3,466,0.99995,0.9998317687874501,1
0.70,H3,467,0.99995,0.9998317687874501,1
0.70,H3,468,0.99995,0.9998317687874501,1
0.70,H3,469,0.99995,0.9998317687874501,1
0.70,H3,470,0.99995,0.9998317687874501,1
0.70,H3,471,0.99995,0.9998317687874501,1
0.70,H3,472,0.99995,0.9998317687874501,1
0.70,H3,473,0.99995,0.9998317687874501,1
0.70,H3,474,0.99995,0.9998317687874501,1
0.70,H3,475,0.99995,0.9998317687874501,1
0.70,H3,476,0.99995,0.9998317687874501,1
0.70,H3,477,0.99995,0.9998317687874501,1
0.70,H3,478,0.99995,0.9998317687874501,1
0.70,H3,479,0.99995,0.9998317687874501,1
0.70,H3,480,0.99995,0.9998317687874501,1
0.70,H3,481,0.99995,0.9998317687874501,1
0.70,H3,482,0.99995,0.9998317687874501,1
0.70,H3,483,0.99995,0.9998317687874501,1
0.70,H3,484,0.99995,0.9998317687874501,1
0.70,H3,485,0.99995,0.9998317687874501,1
0.70,H3,486,0.99995,0.9998317687874501,1
0.70,H3,487,0.99995,0.9998317687874501,1
0.70,H3,488,0.99995,0.9998317687874501,1
0.70,H3,489,0.99995,0.9998317687874501,1
0.70,H3,490,0.99995,0.9998317687874501,1
0.70,H3,491,0.99995,0.9998317687874501,1
0.70,H3,492,0.99995,0.9998317687874501,1
0.70,H3,493,0.99995,0.9998317687874501,1
0.70,H3,494,0.99995,0.9998317687874501,1
0.70,H3,495,0.99995,0.9998317687874501,1
0.70,H3,496,0.99995,0.9998317687874501,1
0.70,H3,497,0.99995,0.9998317687874501,1
0.70,H3,498,0.99995,0.9998317687874501,1
0.70,H3,499,0.99995,0.9998317687874501,1
0.70,H3,500,0.99995,0.9998317687874501,1
0.70,H3,501,0.99995,0.9998317687874501,1
0.70,H3,502,0.99995,0.9998317687874501,1
0.70,H3,503,0.99995,0.9998317687874501,1
0.70,H3,504,0.99995,0.9998317687874501,1
0.70,H3,505,0.99995,0.9998317687874501,1
0.70,H3,506,0.99995,0.9998317687874501,1
0.70,H3,507,0.99995,0.9998317687874501,1
0.70,H3,508,0.99995,0.9998317687874501,1
0.70,H3,509,0.99995,0.9998317687874501,1
0.70,H3,510,0.99995,0.9998317687874501,1
0.70,H3,511,0.99995,0.9998317687874501,1
0.70,H3,512,0.99995,0.9998317687874501,1
0.70,H3,513,0.99995,0.9998317687874501,1
0.70,H3,514,0.99995,0.9998317687874501,1
0.70,H3,515,0.99995,0.9998317687874501,1
0.70,H3,516,0.99995,0.9998317687874501,1
0.70,H3,517,0.99995,0.9998317687874501,1
0.70,H3,518,0.99995,0.9998317687874501,1
0.70,H3,519,0.99995,0.9998317687874501,1
0.70,H3,520,0.99995,0.9998317687874501,1
0.70,H3,521,0.99995,0.9998317687874501,1
0.70,H3,522,0.99995,0.9998317687874501,1
0.70,H3,523,0.99995,0.9998317687874501,1
0.70,H3,524,0.99995,0.9998317687874501,1
0.70,H3,525,0.99995,0.9998317687874501,1
0.70,H3,526,0.99995,0.9998317687874501,1
0.70,H3,527,0.99995,0.9998317687874501,1
0.70,H3,528,0.99995,0.9998317687874501,1
0.70,H3,529,0.99995,0.9998317687874501,1
0.70,H3,530,0.99995,0.9998317687874501,1
0.70,H3,531,0.99995,0.9998317687874501,1
0.70,H3,532,0.99995,0.9998317687874501,1
0.70,H3,533,0.99995,0.9998317687874501,1
0.70,H3,534,0.99995,0.9998317687874501,1
0.70,H3,535,0.99995,0.9998317687874501,1
0.70,H3,536,0.99995,0.9998317687874501,1
0.70,H3,537,0.99995,0.9998317687874501,1
0.70,H3,538,0.99995,0.9998317687874501,1
0.70,H3,539,0.99995,0.9998317687874501,1
0.70,H3,540,0.99995,0.9998317687874501,1
0.70,H3,541,0.99995,0.9998317687874501,1
0.70,H3,542,0.99995,0.9998317687874501,1
0.70,H3,543,0.99995,0.9998317687874501,1
0.70,H3,544,0.99995,0.9998317687874501,1
0.70,H3,545,0.99995,0.9998317687874501,1
0.70,H3,546,0.99995,0.9998317687874501,1
0.70,H3,547,0.99995,0.9998317687874501,1
0.70,H3,548,0.99995,0.9998317687874501,1
0.70,H3,549,0.99995,0.9998317687874501,1
0.70,H3,550,0.99995,0.9998317687874501,1
0.70,H3,551,0.99995,0.9998317687874501,1
0.70,H3,552,0.99995,0.9998317687874501,1
0.70,H3,553,0.99995,0.9998317687874501,1
0.70,H3,554,0.99995,0.9998317687874501,1
0.70,H3,555,0.99995,0.9998317687874501,1
0.70,H3,556,0.99995,0.9998317687874501,1
0.70,H3,557,0.99995,0.9998317687874501,1
0.70,H3,558,0.99995,0.9998317687874501,1
0.70,H3,559,0.99995,0.9998317687874501,1
0.70,H3,560,0.99995,0.9998317687874501,1
0.70,H3,561,0.99995,0.9998317687874501,1
0.70,H3,562,0.99995,0.9998317687874501,1
0.70,H3,563,0.99995,0.9998317687874501,1
0.70,H3,564,0.99995,0.9998317687874501,1
0.70,H3,565,0.99995,0.9998317687874501,1
0.70,H3,566,0.99995,0.9998317687874501,1
0.70,H3,567,0.99995,0.9998317687874501,1
0.70,H3,568,0.99995,0.9998317687874501,1
0.70,H3,569,0.99995,0.9998317687874501,1
0.70,H3,570,0.99995,0.9998317687874501,1
0.70,H3,571,0.99995,0.9998317687874501,1
0.70,H3,572,0.99995,0.9998317687874501,1
0.70,H3,573,0.99995,0.9998317687874501,1
0.70,H3,574,0.99995,0.9998317687874501,1
0.70,H3,575,0.99995,0.9998317687874501,1
0.70,H3,576,0.99995,0.9998317687874501,1
0.70,H3,577,0.99995,0.9998317687874501,1
0.70,H3,578,0.99995,0.9998317687874501,1
0.70,H3,579,0.99995,0.9998317687874501,1
0.70,H3,580,0.99995,0.9998317687874501,1
0.70,H3,581,0.99995,0.9998317687874501,1
0.70,H3,582,0.99995,0.9998317687874501,1
0.70,H3,583,0.99995,0.9998317687874501,1
0.70,H3,584,0.99995,0.9998317687874501,1
0.70,H3,585,0.99995,0.9998317687874501,1
0.70,H3,586,0.99995,0.9998317687874501,1
0.70,H3,587,0.99995,0.9998317687874501,1
0.70,H3,588,0.99995,0.9998317687874501,1
0.70,H3,589,0.99995,0.9998317687874501,1
0.70,H3,590,0.99995,0.9998317687874501,1
0.70,H3,591,0.99995,0.9998317687874501,1
0.70,H3,592,0.99995,0.9998317687874501,1
0.70,H3,593,0.99995,0.9998317687874501,1
0.70,H3,594,0.99995,0.9998317687874501,1
0.70,H3,595,0.99995,0.9998317687874501,1
0.70,H3,596,0.99995,0.9998317687874501,1
0.70,H3,597,0.99995,0.9998317687874501,1
0.70,H3,598,0.99995,0.9998317687874501,1
0.70,H3,599,0.99995,0.9998317687874501,1
0.70,H3,600,0.99995,0.9998317687874501,1
0.70,H3,601,0.99995,0.9998317687874501,1
0.70,H3,602,0.99995,0.9998317687874501,1
0.70,H3,603,0.99995,0.9998317687874501,1
0.70,H3,604,0.99995,0.9998317687874501,1
0.70,H3,605,0.99995,0.9998317687874501,1
0.70,H3,606,0.99995,0.9998317687874501,1
0.70,H3,607,0.99995,0.9998317687874501,1
0.70,H3,608,0.99995,0.9998317687874501,1
0.70,H3,609,0.99995,0.9998317687874501,1
0.70,H3,610,0.99995,0.9998317687874501,1
0.70,H3,611,0.99995,0.9998317687874501,1
0.70,H3,612,0.99995,0.9998317687874501,1
0.70,H3,613,0.99995,0.9998317687874501,1
0.70,H3,614,0.99995,0.9998317687874501,1
0.70,H3,615,0.99995,0.9998317687874501,1
0.70,H3,616,0.99995,0.9998317687874501,1
0.70,H3,617,0.99995,0.9998317687874501,1
0.70,H3,618,0.99995,0.9998317687874501,1
0.70,H3,619,0.99995,0.9998317687874501,1
0.70,H3,620,0.99995,0.9998317687874501,1
0.70,H3,621,0.99995,0.9998317687874501,1
0.70,H3,622,0.99995,0.9998317687874501,1
0.70,H3,623,0.99995,0.9998317687874501,1
0.70,H3,624,0.99995,0.9998317687874501,1
0.70,H3,625,0.99995,0.9998317687874501,1
0.70,H3,626,0.99995,0.9998317687874501,1
0.70,H3,627,0.99995,0.9998317687874501,1
0.70,H3,628,0.99995,0.9998317687874501,1
0.70,H3,629,0.99995,0.9998317687874501,1
0.70,H3,630,0.99995,0.9998317687874501,1
0.70,H3,631,0.99995,0.9998317687874501,1
0.70,H3,632,0.99995,0.9998317687874501,1
0.70,H3,633,0.99995,0.9998317687874501,1
0.70,H3,634,0.99995,0.9998317687874501,1
0.70,H3,635,0.99995,0.9998317687874501,1
0.70,H3,636,0.99995,0.9998317687874501,1
0.70,H3,637,0.99995,0.9998317687874501,1
0.70,H3,638,0.99995,0.9998317687874501,1
0.70,H3,639,0.99995,0.9998317687874501,1
0.70,H3,640,0.99995,0.9998317687874501,1
0.70,H3,641,0.99995,0.9998317687874501,1
0.70,H3,642,0.99995,0.9998317687874501,1
0.70,H3,643,0.99995,0.9998317687874501,1
0.70,H3,644,0.99995,0.9998317687874501,1
0.70,H3,645,0.99995,0.9998317687874501,1
0.70,H3,646,0.99995,0.9998317687874501,1
0.70,H3,647,0.99995,0.9998317687874501,1
0.70,H3,648,0.99995,0.9998317687874501,1
0.70,H3,649,0.99995,0.9998317687874501,1
0.70,H3,650,0.99995,0.9998317687874501,1
0.70,H3,651,0.99995,0.9998317687874501,1
0.70,H3,652,0.99995,0.9998317687874501,1
0.70,H3,653,0.99995,0.9998317687874501,1
0.70,H3,654,0.99995,0.9998317687874501,1
0.70,H3,655,0.99995,0.9998317687874501,1
0.70,H3,656,0.99995,0.9998317687874501,1
0.70,H3,657,0.99995,0.9998317687874501,1
0.70,H3,658,0.99995,0.9998317687874501,1
0.70,H3,659,0.99995,0.9998317687874501,1
0.70,H3,660,0.99995,0.9998317687874501,1
0.70,H3,661,0.99995,0.9998317687874501,1
0.70,H3,662,0.99995,0.9998317687874501,1
0.70,H3,663,0.99995,0.9998317687874501,1
0.70,H3,664,0.99995,0.9998317687874501,1
0.70,H3,665,0.99995,0.9998317687874501,1
0.70,H3,666,0.99995,0.9998317687874501,1
0.70,H3,667,0.99995,0.9998317687874501,1
0.70,H3,668,0.99995,0.9998317687874501,1
0.70,H3,669,0.99995,0.9998317687874501,1
0.70,H3,670,0.99995,0.9998317687874501,1
0.70,H3,671,0.99995,0.9998317687874501,1
0.70,H3,672,0.99995,0.9998317687874501,1
0.70,H3,673,0.99995,0.9998317687874501,1
0.70,H3,674,0.99995,0.9998317687874501,1
0.70,H3,675,0.99995,0.9998317687874501,1
0.70,H3,676,0.99995,0.9998317687874501,1
0.70,H3,677,0.99995,0.9998317687874501,1
0.70,H3,678,0.99995,0.9998317687874501,1
0.70,H3,679,0.99995,0.9998317687874501,1
0.70,H3,680,0.99995,0.9998317687874501,1
0.70,H3,681,0.99995,0.9998317687874501,1
0.70,H3,682,0.99995,0.9998317687874501,1
0.70,H3,683,0.99995,0.9998317687874501,1
0.70,H3,684,0.99995,0.9998317687874501,1
0.70,H3,685,0.99995,0.9998317687874501,1
0.70,H3,686,0.99995,0.9998317687874501,1
0.70,H3,687,0.99995,0.9998317687874501,1
0.70,H3,688,0.99995,0.9998317687874501,1
0.70,H3,689,0.99995,0.9998317687874501,1
0.70,H3,690,0.99995,0.9998317687874501,1
0.70,H3,691,0.99995,0.9998317687874501,1
0.70,H3,692,0.99995,0.9998317687874501,1
0.70,H3,693,0.99995,0.9998317687874501,1
0.70,H3,694,0.99995,0.9998317687874501,1
0.70,H3,695,0.99995,0.9998317687874501,1
0.70,H3,696,0.99995,0.9998317687874501,1
0.70,H3,697,0.99995,0.9998317687874501,1
0.70,H3,698,0.99995,0.9998317687874501,1
0.70,H3,699,0.99995,0.9998317687874501,1
0.70,H3,700,0.99995,0.9998317687874501,1
0.70,H3,701,0.99995,0.9998317687874501,1
0.70,H3,702,0.99995,0.9998317687874501,1
0.70,H3,703,0.99995,0.9998317687874501,1
0.70,H3,704,0.99995,0.9998317687874501,1
0.70,H3,705,0.99995,0.9998317687874501,1
0.70,H3,706,0.99995,0.9998317687874501,1
0.70,H3,707,0.99995,0.9998317687874501,1
0.70,H3,708,0.99995,0.9998317687874501,1
0.70,H3,709,0.99995,0.9998317687874501,1
0.70,H3,710,0.99995,0.9998317687874501,1
0.70,H3,711,0.99995,0.9998317687874501,1
0.70,H3,712,0.99995,0.9998317687874501,1
0.70,H3,713,0.99995,0.9998317687874501,1
0.70,H3,714,0.99995,0.9998317687874501,1
0.70,H3,715,0.99995,0.9998317687874501,1
0.70,H3,716,0.99995,0.9998317687874501,1
0.70,H3,717,0.99995,0.9998317687874501,1
0.70,H3,718,0.99995,0.9998317687874501,1
0.70,H3,719,0.99995,0.9998317687874501,1
0.70,H3,720,0.99995,0.9998317687874501,1
0.70,H3,721,0.99995,0.9998317687874501,1
0.70,H3,722,0.99995,0.9998317687874501,1
0.70,H3,723,0.99995,0.9998317687874501,1
0.70,H3,724,0.99995,0.9998317687874501,1
0.70,H3,725,0.99995,0.9998317687874501,1
0.70,H3,726,0.99995,0.9998317687874501,1
0.70,H3,727,0.99995,0.9998317687874501,1
0.70,H3,728,0.99995,0.9998317687874501,1
0.70,H3,729,0.99995,0.9998317687874501,1
0.70,H3,730,0.99995,0.9998317687874501,1
0.70,H3,731,0.99995,0.9998317687874501,1
0.70,H3,732,0.99995,0.9998317687874501,1
0.70,H3,733,0.99995,0.9998317687874501,1
0.70,H3,734,0.99995,0.9998317687874501,1
0.70,H3,735,0.99995,0.9998317687874501,1
0.70,H3,736,0.99995,0.9998317687874501,1
0.70,H3,737,0.99995,0.9998317687874501,1
0.70,H3,738,0.99995,0.9998317687874501,1
0.70,H3,739,0.99995,0.9998317687874501,1
0.70,H3,740,0.99995,0.9998317687874501,1
0.70,H3,741,0.99995,0.9998317687874501,1
0.70,H3,742,0.99995,0.9998317687874501,1
0.70,H3,743,0.99995,0.9998317687874501,1
0.70,H3,744,0.99995,0.9998317687874501,1
0.70,H3,745,0.99995,0.9998317687874501,1
0.70,H3,746,0.99995,0.9998317687874501,1
0.70,H3,747,0.99995,0.9998317687874501,1
0.70,H3,748,0.99995,0.9998317687874501,1
0.70,H3,749,0.99995,0.9998317687874501,1
0.70,H3,750,0.99995,0.9998317687874501,1
0.70,H3,751,0.99995,0.9998317687874501,1
0.70,H3,752,0.99995,0.9998317687874501,1
0.70,H3,753,0.99995,0.9998317687874501,1
0.70,H3,754,0.99995,0.9998317687874501,1
0.70,H3,755,0.99995,0.9998317687874501,1
0.70,H3,756,0.99995,0.9998317687874501,1
0.70,H3,757,0.99995,0.9998317687874501,1
0.70,H3,758,0.99995,0.9998317687874501,1
0.70,H3,759,0.99995,0.9998317687874501,1
0.70,H3,760,0.99995,0.9998317687874501,1
0.70,H3,761,0.99995,0.9998317687874501,1
0.70,H3,762,0.99995,0.9998317687874501,1
0.70,H3,763,0.99995,0.9998317687874501,1
0.70,H3,764,0.99995,0.9998317687874501,1
0.70,H3,765,0.99995,0.9998317687874501,1
0.70,H3,766,0.99995,0.9998317687874501,1
0.70,H3,767,0.99995,0.9998317687874501,1
0.70,H3,768,0.99995,0.9998317687874501,1
0.70,H3,769,0.99995,0.9998317687874501,1
0.70,H3,770,0.99995,0.9998317687874501,1
0.70,H3,771,0.99995,0.9998317687874501,1
0.70,H3,772,0.99995,0.9998317687874501,1
0.70,H3,773,0.99995,0.9998317687874501,1
0.70,H3,774,0.99995,0.9998317687874501,1
0.70,H3,775,0.99995,0.9998317687874501,1
0.70,H3,776,0.99995,0.9998317687874501,1
0.70,H3,777,0.99995,0.9998317687874501,1
0.70,H3,778,0.99995,0.9998317687874501,1
0.70,H3,779,0.99995,0.9998317687874501,1
0.70,H3,780,0.99995,0.9998317687874501,1
0.70,H3,781,0.99995,0.9998317687874501,1
0.70,H3,782,0.99995,0.9998317687874501,1
0.70,H3,783,0.99995,0.9998317687874501,1
0.70,H3,784,0.99995,0.9998317687874501,1
0.70,H3,785,0.99995,0.9998317687874501,1
0.70,H3,786,0.99995,0.9998317687874501,1
0.70,H3,787,0.99995,0.9998317687874501,1
0.70,H3,788,0.99995,0.9998317687874501,1
0.70,H3,789,0.99995,0.9998317687874501,1
0.70,H3,790,0.99995,0.9998317687874501,1
0.70,H3,791,0.99995,0.9998317687874501,1
0.70,H3,792,0.99995,0.9998317687874501,1
0.70,H3,793,0.99995,0.9998317687874501,1
0.70,H3,794,0.99995,0.9998317687874501,1
0.70,H3,795,0.99995,0.9998317687874501,1
0.70,H3,796,0.99995,0.9998317687874501,1
0.70,H3,797,0.99995,0.9998317687874501,1
0.70,H3,798,0.99995,0.9998317687874501,1
0.70,H3,799,0.99995,0.9998317687874501,1
0.70,H3,800,0.99995,0.9998317687874501,1
0.70,H3,801,0.99995,0.9998317687874501,1
0.70,H3,802,0.99995,0.9998317687874501,1
0.70,H3,803,0.99995,0.9998317687874501,1
0.70,H3,804,0.99995,0.9998317687874501,1
0.70,H3,805,0.99995,0.9998317687874501,1
0.70,H3,806,0.99995,0.9998317687874501,1
0.70,H3,807,0.99995,0.9998317687874501,1
0.70,H3,808,0.99995,0.9998317687874501,1
0.70,H3,809,0.99995,0.9998317687874501,1
0.70,H3,810,0.99995,0.9998317687874501,1
0.70,H3,811,0.99995,0.9998317687874501,1
0.70,H3,812,0.99995,0.9998317687874501,1
0.70,H3,813,0.99995,0.9998317687874501,1
0.70,H3,814,0.99995,0.9998317687874501,1
0.70,H3,815,0.99995,0.9998317687874501,1
0.70,H3,816,0.99995,0.9998317687874501,1
0.70,H3,817,0.99995,0.9998317687874501,1
0.70,H3,818,0.99995,0.9998317687874501,1
0.70,H3,819,0.99995,0.9998317687874501,1
0.70,H3,820,0.99995,0.9998317687874501,1
0.70,H3,821,0.99995,0.9998317687874501,1
0.70,H3,822,0.99995,0.9998317687874501,1
0.70,H3,823,0.99995,0.9998317687874501,1
0.70,H3,824,0.99995,0.9998317687874501,1
0.70,H3,825,0.99995,0.9998317687874501,1
0.70,H3,826,0.99995,0.9998317687874501,1
0.70,H3,827,0.99995,0.9998317687874501,1
0.70,H3,828,0.99995,0.9998317687874501,1
0.70,H3,829,0.99995,0.9998317687874501,1
0.70,H3,830,0.99995,0.9998317687874501,1
0.70,H3,831,0.99995,0.9998317687874501,1
0.70,H3,832,0.99995,0.9998317687874501,1
0.70,H3,833,0.99995,0.9998317687874501,1
0.70,H3,834,0.99995,0.9998317687874501,1
0.70,H3,835,0.99995,0.9998317687874501,1
0.70,H3,836,0.99995,0.9998317687874501,1
0.70,H3,837,0.99995,0.9998317687874501,1
0.70,H3,838,0.99995,0.9998317687874501,1
0.70,H3,839,0.99995,0.9998317687874501,1
0.70,H3,840,0.99995,0.9998317687874501,1
0.70,H3,841,0.99995,0.9998317687874501,1
0.70,H3,842,0.99995,0.9998317687874501,1
0.70,H3,843,0.99995,0.9998317687874501,1
0.70,H3,844,0.99995,0.9998317687874501,1
0.70,H3,845,0.99995,0.9998317687874501,1
0.70,H3,846,0.99995,0.9998317687874501,1
0.70,H3,847,0.99995,0.9998317687874501,1
0.70,H3,848,0.99995,0.9998317687874501,1
0.70,H3,849,0.99995,0.9998317687874501,1
0.70,H3,850,0.99995,0.9998317687874501,1
0.70,H3,851,0.99995,0.9998317687874501,1
0.70,H3,852,0.99995,0.9998317687874501,1
0.70,H3,853,0.99995,0.9998317687874501,1
0.70,H3,854,0.99995,0.9998317687874501,1
0.70,H3,855,0.99995,0.9998317687874501,1
0.70,H3,856,0.99995,0.9998317687874501,1
0.70,H3,857,0.99995,0.9998317687874501,1
0.70,H3,858,0.99995,0.9998317687874501,1
0.70,H3,859,0.99995,0.9998317687874501,1
0.70,H3,860,0.99995,0.9998317687874501,1
0.70,H3,861,0.99995,0.9998317687874501,1
0.70,H3,862,0.99995,0.9998317687874501,1
0.70,H3,863,0.99995,0.9998317687874501,1
0.70,H3,864,0.99995,0.9998317687874501,1
0.70,H3,865,0.99995,0.9998317687874501,1
0.70,H3,866,0.99995,0.9998317687874501,1
0.70,H3,867,0.99995,0.9998317687874501,1
0.70,H3,868,0.99995,0.9998317687874501,1
0.70,H3,869,0.99995,0.9998317687874501,1
0.70,H3,870,0.99995,0.9998317687874501,1
0.70,H3,871,0.99995,0.9998317687874501,1
0.70,H3,872,0.99995,0.9998317687874501,1
0.70,H3,873,0.99995,0.9998317687874501,1
0.70,H3,874,0.99995,0.9998317687874501,1
0.70,H3,875,0.99995,0.9998317687874501,1
0.70,H3,876,0.99995,0.9998317687874501,1
0.70,H3,877,0.99995,0.9998317687874501,1
0.70,H3,878,0.99995,0.9998317687874501,1
0.70,H3,879,0.99995,0.9998317687874501,1
0.70,H3,880,0.99995,0.9998317687874501,1
0.70,H3,881,0.99995,0.9998317687874501,1
0.70,H3,882,0.99995,0.9998317687874501,1
0.70,H3,883,0.99995,0.9998317687874501,1
0.70,H3,884,0.99995,0.9998317687874501,1
0.70,H3,885,0.99995,0.9998317687874501,1
0.70,H3,886,0.99995,0.9998317687874501,1
0.70,H3,887,0.99995,0.9998317687874501,1
0.70,H3,888,0.99995,0.9998317687874501,1
0.70,H3,889,0.99995,0.9998317687874501,1
0.70,H3,890,0.99995,0.9998317687874501,1
0.70,H3,891,0.99995,0.9998317687874501,1
0.70,H3,892,0.99995,0.9998317687874501,1
0.70,H3,893,0.99995,0.9998317687874501,1
0.70,H3,894,0.99995,0.9998317687874501,1
0.70,H3,895,0.99995,0.9998317687874501,1
0.70,H3,896,0.99995,0.9998317687874501,1
0.70,H3,897,0.99995,0.9998317687874501,1
0.70,H3,898,0.99995,0.9998317687874501,1
0.70,H3,899,0.99995,0.9998317687874501,1
0.70,H3,900,0.99995,0.9998317687874501,1
0.70,H3,901,0.99995,0.9998317687874501,1
0.70,H3,902,0.99995,0.9998317687874501,1
0.70,H3,903,0.99995,0.9998317687874501,1
0.70,H3,904,0.99995,0.9998317687874501,1
0.70,H3,905,0.99995,0.9998317687874501,1
0.70,H3,906,0.99995,0.9998317687874501,1
0.70,H3,907,0.99995,0.9998317687874501,1
0.70,H3,908,0.99995,0.9998317687874501,1
0.70,H3,909,0.99995,0.9998317687874501,1
0.70,H3,910,0.99995,0.9998317687874501,1
0.70,H3,911,0.99995,0.9998317687874501,1
0.70,H3,912,0.99995,0.9998317687874501,1
0.70,H3,913,0.99995,0.9998317687874501,1
0.70,H3,914,0.99995,0.9998317687874501,1
0.70,H3,915,0.99995,0.9998317687874501,1
0.70,H3,916,0.99995,0.9998317687874501,1
0.70,H3,917,0.99995,0.9998317687874501,1
0.70,H3,918,0.99995,0.9998317687874501,1
0.70,H3,919,0.99995,0.9998317687874501,1
0.70,H3,920,0.99995,0.9998317687874501,1
0.70,H3,921,0.99995,0.9998317687874501,1
0.70,H3,922,0.99995,0.9998317687874501,1
0.70,H3,923,0.99995,0.9998317687874501,1
0.70,H3,924,0.99995,0.9998317687874501,1
0.70,H3,925,0.99995,0.9998317687874501,1
0.70,H3,926,0.99995,0.9998317687874501,1
0.70,H3,927,0.99995,0.9998317687874501,1
0.70,H3,928,0.99995,0.9998317687874501,1
0.70,H3,929,0.99995,0.9998317687874501,1
0.70,H3,930,0.99995,0.9998317687874501,1
0.70,H3,931,0.99995,0.9998317687874501,1
0.70,H3,932,0.99995,0.9998317687874501,1
0.70,H3,933,0.99995,0.9998317687874501,1
0.70,H3,934,0.99995,0.9998317687874501,1
0.70,H3,935,0.99995,0.9998317687874501,1
0.70,H3,936,0.99995,0.9998317687874501,1
0.70,H3,937,0.99995,0.9998317687874501,1
0.70,H3,938,0.99995,0.9998317687874501,1
0.70,H3,939,0.99995,0.9998317687874501,1
0.70,F3,0,0.0,0,0.0
0.70,F3,1,0.2129,0.20144507505755394,0.22435492494244608
0.70,F3,2,0.21335,0.20186973795489946,0.22483026204510057
0.70,F3,3,0.59675,0.5840205788937016,0.6094794211062984
0.70,F3,4,0.5976,0.5849176504049508,0.6102823495950492
0.70,F3,5,0.85275,0.8418003598009027,0.8636996401990973
0.70,F3,6,0.8533999999999999,0.8424963237014925,0.8643036762985074
0.70,F3,7,0.8895,0.8761108325201713,0.9028891674798286
0.70,F3,8,0.90325,0.88942099081512,0.91707900918488
0.70,F3,9,0.9379,0.9209803622362556,0.9548196377637443
0.70,F3,10,0.9517500000000002,0.9325847136729057,0.9709152863270947
0.70,F3,11,0.9627,0.9434483734001248,0.9819516265998752
0.70,F3,12,0.9690000000000001,0.9499156887134846,0.9880843112865155
0.70,F3,13,0.97415,0.9554770063760081,0.9928229936239918
0.70,F3,14,0.9781000000000001,0.9592314160554108,0.9969685839445893
0.70,F3,15,0.9805,0.9623213709091114,0.9986786290908887
0.70,F3,16,0.98285,0.9649309908298191,1
0.70,F3,17,0.9847999999999999,0.967553751874531,1
0.70,F3,18,0.9865,0.9701195968706425,1
0.70,F3,19,0.98745,0.9714423121543221,1
0.70,F3,20,0.9889,0.9737055641216545,1
0.70,F3,21,0.9899,0.9750254044975376,1
0.70,F3,22,0.9910000000000001,0.9765677645482004,1
0.70,F3,23,0.9918,0.9781096628281496,1
0.70,F3,24,0.9926,0.9801208249326704,1
0.70,F3,25,0.9934,0.9825949349342563,1
0.70,F3,26,0.9939,0.9840985173663139,1
0.70,F3,27,0.99455,0.9855948148670212,1
0.70,F3,28,0.9952,0.9869252629772789,1
0.70,F3,29,0.9955,0.9878811276130118,1
0.70,F3,30,0.9957,0.9884375397573648,1
0.70,F3,31,0.99585,0.98875626799984,1
0.70,F3,32,0.99605,0.9890549189060718,1
0.70,F3,33,0.99625,0.9895191229255169,1
0.70,F3,34,0.99665,0.9899979086834859,1
0.70,F3,35,0.99685,0.9901871103137773,1
0.70,F3,36,0.99715,0.9905449056148095,1
0.70,F3,37,0.9972,0.990713117933039,1
0.70,F3,38,0.9972,0.990713117933039,1
0.70,F3,39,0.99735,0.991217750516632,1
0.70,F3,40,0.9974000000000001,0.9913859597776022,1
0.70,F3,41,0.9975499999999999,0.9918905820579205,1
0.70,F3,42,0.9976,0.9920587874548569,1
0.70,F3,43,0.9977,0.9923951947969016,1
0.70,F3,44,0.99785,0.9928997959440353,1
0.70,F3,45,0.9982500000000001,0.9942453189144882,1
0.70,F3,46,0.9984500000000001,0.9949180147878353,1
0.70,F3,47,0.9985999999999999,0.9954224919736192,1
0.70,F3,48,0.99895,0.9965993514423392,1
0.70,F3,49,0.99925,0.9976074795018444,1
0.70,F3,50,0.9994000000000001,0.9981110241316286,1
0.70,F3,51,0.99945,0.9982787179381026,1
0.70,F3,52,0.99945,0.9982787179381026,1
0.70,F3,53,0.99945,0.9982787179381026,1
0.70,F3,54,0.99945,0.9982787179381026,1
0.70,F3,55,0.99945,0.9982787179381026,1
0.70,F3,56,0.99945,0.9982787179381026,1
0.70,F3,57,0.9995,0.9984462914126558,1
0.70,F3,58,0.9995,0.9984462914126558,1
0.70,F3,59,0.9995,0.9984462914126558,1
0.70,F3,60,0.9995,0.9984462914126558,1
0.70,F3,61,0.9995,0.9984462914126558,1
0.70,F3,62,0.9996,0.9987808701312917,1
0.70,F3,63,0.9996,0.9987808701312917,1
0.70,F3,64,0.9996,0.9987808701312917,1
0.70,F3,65,0.99975,0.9992791911552694,1
0.70,F3,66,0.99975,0.9992791911552694,1
0.70,F3,67,0.99975,0.9992791911552694,1
0.70,F3,68,0.99975,0.9992791911552694,1
0.70,F3,69,0.99985,0.9996011922118088,1
0.70,F3,70,0.99995,0.9998317687874501,1
0.70,F3,71,0.99995,0.9998317687874501,1
0.70,F3,72,0.99995,0.9998317687874501,1
0.70,F3,73,0.99995,0.9998317687874501,1
0.70,F3,74,0.99995,0.9998317687874501,1
0.70,F3,75,0.99995,0.9998317687874501,1
0.70,F3,76,0.99995,0.9998317687874501,1
0.70,F3,77,0.99995,0.9998317687874501,1
0.70,F3,78,0.99995,0.9998317687874501,1
0.70,F3,79,0.99995,0.9998317687874501,1
0.70,F3,80,0.99995,0.9998317687874501,1
0.70,F3,81,0.99995,0.9998317687874501,1
0.70,F3,82,0.99995,0.9998317687874501,1
0.70,F3,83,0.99995,0.9998317687874501,1
0.70,F3,84,0.99995,0.9998317687874501,1
0.70,F3,85,0.99995,0.9998317687874501,1
0.70,F3,86,0.99995,0.9998317687874501,1
0.70,F3,87,0.99995,0.9998317687874501,1
0.70,F3,88,0.99995,0.9998317687874501,1
0.70,F3,89,0.99995,0.9998317687874501,1
0.70,F3,90,0.99995,0.9998317687874501,1
0.70,F3,91,0.99995,0.9998317687874501,1
0.70,F3,92,0.99995,0.9998317687874501,1
0.70,F3,93,0.99995,0.9998317687874501,1
0.70,F3,94,0.99995,0.9998317687874501,1
0.70,F3,95,0.99995,0.9998317687874501,1
0.70,F3,96,0.99995,0.9998317687874501,1
0.70,F3,97,0.99995,0.9998317687874501,1
0.70,F3,98,0.99995,0.9998317687874501,1
0.70,F3,99,0.99995,0.9998317687874501,1
0.70,F3,100,0.99995,0.9998317687874501,1
0.70,F3,101,0.99995,0.9998317687874501,1
0.70,F3,102,0.99995,0.9998317687874501,1
0.70,F3,103,0.99995,0.9998317687874501,1
0.70,F3,104,0.99995,0.9998317687874501,1
0.70,F3,105,0.99995,0.9998317687874501,1
0.70,F3,106,0.99995,0.9998317687874501,1
0.70,F3,107,0.99995,0.9998317687874501,1
0.70,F3,108,0.99995,0.9998317687874501,1
0.70,F3,109,0.99995,0.9998317687874501,1
0.70,F3,110,0.99995,0.9998317687874501,1
0.70,F3,111,0.99995,0.9998317687874501,1
0.70,F3,112,0.99995,0.9998317687874501,1
0.70,F3,113,0.99995,0.9998317687874501,1
0.70,F3,114,0.99995,0.9998317687874501,1
0.70,F3,115,0.99995,0.9998317687874501,1
0.70,F3,116,0.99995,0.9998317687874501,1
0.70,F3,117,0.99995,0.9998317687874501,1
0.70,F3,118,0.99995,0.9998317687874501,1
0.70,F3,119,0.99995,0.9998317687874501,1
0.70,F3,120,0.99995,0.9998317687874501,1
0.70,F3,121,0.99995,0.9998317687874501,1
0.70,F3,122,0.99995,0.9998317687874501,1
0.70,F3,123,0.99995,0.9998317687874501,1
0.70,F3,124,0.99995,0.9998317687874501,1
0.70,F3,125,0.99995,0.9998317687874501,1
0.70,F3,126,0.99995,0.9998317687874501,1
0.70,F3,127,0.99995,0.9998317687874501,1
0.70,F3,128,0.99995,0.9998317687874501,1
0.70,F3,129,0.99995,0.9998317687874501,1
0.70,F3,130,0.99995,0.9998317687874501,1
0.70,F3,131,0.99995,0.9998317687874501,1
0.70,F3,132,0.99995,0.9998317687874501,1
0.70,F3,133,0.99995,0.9998317687874501,1
0.70,F3,134,0.99995,0.9998317687874501,1
0.70,F3,135,0.99995,0.9998317687874501,1
0.70,F3,136,0.99995,0.9998317687874501,1
0.70,F3,137,0.99995,0.9998317687874501,1
0.70,F3,138,0.99995,0.9998317687874501,1
0.70,F3,139,0.99995,0.9998317687874501,1
0.70,F3,140,0.99995,0.9998317687874501,1
0.70,F3,141,0.99995,0.9998317687874501,1
0.70,F3,142,0.99995,0.9998317687874501,1
0.70,F3,143,0.99995,0.9998317687874501,1
0.70,F3,144,0.99995,0.9998317687874501,1
0.70,F3,145,0.99995,0.9998317687874501,1
0.70,F3,146,0.99995,0.9998317687874501,1
0.70,F3,147,0.99995,0.9998317687874501,1
0.70,F3,148,0.99995,0.9998317687874501,1
0.70,F3,149,0.99995,0.9998317687874501,1
0.70,F3,150,0.99995,0.9998317687874501,1
0.70,F3,151,0.99995,0.9998317687874501,1
0.70,F3,152,0.99995,0.9998317687874501,1
0.70,F3,153,0.99995,0.9998317687874501,1
0.70,F3,154,0.99995,0.9998317687874501,1
0.70,F3,155,0.99995,0.9998317687874501,1
0.70,F3,156,0.99995,0.9998317687874501,1
0.70,F3,157,0.99995,0.9998317687874501,1
0.70,F3,158,0.99995,0.9998317687874501,1
0.70,F3,159,0.99995,0.9998317687874501,1
0.70,F3,160,0.99995,0.9998317687874501,1
0.70,F3,161,0.99995,0.9998317687874501,1
0.70,F3,162,0.99995,0.9998317687874501,1
0.70,F3,163,0.99995,0.9998317687874501,1
0.70,F3,164,0.99995,0.9998317687874501,1
0.70,F3,165,0.99995,0.9998317687874501,1
0.70,F3,166,0.99995,0.9998317687874501,1
0.70,F3,167,0.99995,0.9998317687874501,1
0.70,F3,168,0.99995,0.9998317687874501,1
0.70,F3,169,0.99995,0.9998317687874501,1
0.70,F3,170,0.99995,0.9998317687874501,1
0.70,F3,171,0.99995,0.9998317687874501,1
0.70,F3,172,0.99995,0.9998317687874501,1
0.70,F3,173,0.99995,0.9998317687874501,1
0.70,F3,174,0.99995,0.9998317687874501,1
0.70,F3,175,0.99995,0.9998317687874501,1
0.70,F3,176,0.99995,0.9998317687874501,1
0.70,F3,177,0.99995,0.9998317687874501,1
0.70,F3,178,0.99995,0.9998317687874501,1
0.70,F3,179,0.99995,0.9998317687874501,1
0.70,F3,180,0.99995,0.9998317687874501,1
0.70,F3,181,0.99995,0.9998317687874501,1
0.70,F3,182,0.99995,0.9998317687874501,1
0.70,F3,183,0.99995,0.9998317687874501,1
0.70,F3,184,0.99995,0.9998317687874501,1
0.70,F3,185,0.99995,0.9998317687874501,1
0.70,F3,186,0.99995,0.9998317687874501,1
0.70,F3,187,0.99995,0.9998317687874501,1
0.70,F3,188,0.99995,0.9998317687874501,1
0.70,F3,189,0.99995,0.9998317687874501,1
0.70,F3,190,0.99995,0.9998317687874501,1
0.70,F3,191,0.99995,0.9998317687874501,1
0.70,F3,192,0.99995,0.9998317687874501,1
0.70,F3,193,0.99995,0.9998317687874501,1
0.70,F3,194,0.99995,0.9998317687874501,1
0.70,F3,195,0.99995,0.9998317687874501,1
0.70,F3,196,0.99995,0.9998317687874501,1
0.70,F3,197,0.99995,0.9998317687874501,1
0.70,F3,198,0.99995,0.9998317687874501,1
0.70,F3,199,0.99995,0.9998317687874501,1
0.70,F3,200,0.99995,0.9998317687874501,1
0.70,F3,201,0.99995,0.9998317687874501,1
0.70,F3,202,0.99995,0.9998317687874501,1
0.70,F3,203,0.99995,0.9998317687874501,1
0.70,F3,204,0.99995,0.9998317687874501,1
0.70,F3,205,0.99995,0.9998317687874501,1
0.70,F3,206,0.99995,0.9998317687874501,1
0.70,F3,207,0.99995,0.9998317687874501,1
0.70,F3,208,0.99995,0.9998317687874501,1
0.70,F3,209,0.99995,0.9998317687874501,1
0.70,F3,210,0.99995,0.9998317687874501,1
0.70,F3,211,0.99995,0.9998317687874501,1
0.70,F3,212,0.99995,0.9998317687874501,1
0.70,F3,213,0.99995,0.9998317687874501,1
0.70,F3,214,0.99995,0.9998317687874501,1
0.70,F3,215,0.99995,0.9998317687874501,1
0.70,F3,216,0.99995,0.9998317687874501,1
0.70,F3,217,0.99995,0.9998317687874501,1
0.70,F3,218,0.99995,0.9998317687874501,1
0.70,F3,219,0.99995,0.9998317687874501,1
0.70,F3,220,0.99995,0.9998317687874501,1
0.70,F3,221,0.99995,0.9998317687874501,1
0.70,F3,222,0.99995,0.9998317687874501,1
0.70,F3,223,0.99995,0.9998317687874501,1
0.70,F3,224,0.99995,0.9998317687874501,1
0.70,F3,225,0.99995,0.9998317687874501,1
0.70,F3,226,0.99995,0.9998317687874501,1
0.70,F3,227,0.99995,0.9998317687874501,1
0.70,F3,228,0.99995,0.9998317687874501,1
0.70,F3,229,0.99995,0.9998317687874501,1
0.70,F3,230,0.99995,0.9998317687874501,1
0.70,F3,231,0.99995,0.9998317687874501,1
0.70,F3,232,0.99995,0.9998317687874501,1
0.70,F3,233,0.99995,0.9998317687874501,1
0.70,F3,234,0.99995,0.9998317687874501,1
0.70,F3,235,0.99995,0.9998317687874501,1
0.70,F3,236,0.99995,0.9998317687874501,1
0.70,F3,237,0.99995,0.9998317687874501,1
0.70,F3,238,0.99995,0.9998317687874501,1
0.70,F3,239,0.99995,0.9998317687874501,1
0.70,F3,240,0.99995,0.9998317687874501,1
0.70,F3,241,0.99995,0.9998317687874501,1
0.70,F3,242,0.99995,0.9998317687874501,1
0.70,F3,243,0.99995,0.9998317687874501,1
0.70,F3,244,0.99995,0.9998317687874501,1
0.70,F3,245,0.99995,0.9998317687874501,1
0.70,F3,246,0.99995,0.9998317687874501,1
0.70,F3,247,0.99995,0.9998317687874501,1
0.70,F3,248,0.99995,0.9998317687874501,1
0.70,F3,249,0.99995,0.9998317687874501,1
0.70,F3,250,0.99995,0.9998317687874501,1
0.70,F3,251,0.99995,0.9998317687874501,1
0.70,F3,252,0.99995,0.9998317687874501,1
0.70,F3,253,0.99995,0.9998317687874501,1
0.70,F3,254,0.99995,0.9998317687874501,1
0.70,F3,255,0.99995,0.9998317687874501,1
0.70,F3,256,0.99995,0.9998317687874501,1
0.70,F3,257,0.99995,0.9998317687874501,1
0.70,F3,258,0.99995,0.9998317687874501,1
0.70,F3,259,0.99995,0.9998317687874501,1
0.70,F3,260,0.99995,0.9998317687874501,1
0.70,F3,261,0.99995,0.9998317687874501,1
0.70,F3,262,0.99995,0.9998317687874501,1
0.70,F3,263,0.99995,0.9998317687874501,1
0.70,F3,264,0.99995,0.9998317687874501,1
0.70,F3,265,0.99995,0.9998317687874501,1
0.70,F3,266,0.99995,0.9998317687874501,1
0.70,F3,267,0.99995,0.9998317687874501,1
0.70,F3,268,0.99995,0.9998317687874501,1
0.70,F3,269,0.99995,0.9998317687874501,1
0.70,F3,270,0.99995,0.9998317687874501,1
0.70,F3,271,0.99995,0.9998317687874501,1
0.70,F3,272,0.99995,0.9998317687874501,1
0.70,F3,273,0.99995,0.9998317687874501,1
0.70,F3,274,0.99995,0.9998317687874501,1
0.70,F3,275,0.99995,0.9998317687874501,1
0.70,F3,276,0.99995,0.9998317687874501,1
0.70,F3,277,0.99995,0.9998317687874501,1
0.70,F3,278,0.99995,0.9998317687874501,1
0.70,F3,279,0.99995,0.9998317687874501,1
0.70,F3,280,0.99995,0.9998317687874501,1
0.70,F3,281,0.99995,0.9998317687874501,1
0.70,F3,282,0.99995,0.9998317687874501,1
0.70,F3,283,0.99995,0.9998317687874501,1
0.70,F3,284,0.99995,0.9998317687874501,1
0.70,F3,285,0.99995,0.9998317687874501,1
0.70,F3,286,0.99995,0.9998317687874501,1
0.70,F3,287,0.99995,0.9998317687874501,1
0.70,F3,288,0.99995,0.9998317687874501,1
0.70,F3,289,0.99995,0.9998317687874501,1
0.70,F3,290,0.99995,0.9998317687874501,1
0.70,F3,291,0.99995,0.9998317687874501,1
0.70,F3,292,0.99995,0.9998317687874501,1
0.70,F3,293,0.99995,0.9998317687874501,1
0.70,F3,294,0.99995,0.9998317687874501,1
0.70,F3,295,0.99995,0.9998317687874501,1
0.70,F3,296,0.99995,0.9998317687874501,1
0.70,F3,297,0.99995,0.9998317687874501,1
0.70,F3,298,0.99995,0.9998317687874501,1
0.70,F3,299,0.99995,0.9998317687874501,1
0.70,F3,300,0.99995,0.9998317687874501,1
0.70,F3,301,0.99995,0.9998317687874501,1
0.70,F3,302,0.99995,0.9998317687874501,1
0.70,F3,303,0.99995,0.9998317687874501,1
0.70,F3,304,0.99995,0.9998317687874501,1
0.70,F3,305,0.99995,0.9998317687874501,1
0.70,F3,306,0.99995,0.9998317687874501,1
0.70,F3,307,0.99995,0.9998317687874501,1
0.70,F3,308,0.99995,0.9998317687874501,1
0.70,F3,309,0.99995,0.9998317687874501,1
0.70,F3,310,0.99995,0.9998317687874501,1
0.70,F3,311,0.99995,0.9998317687874501,1
0.70,F3,312,0.99995,0.9998317687874501,1
0.70,F3,313,0.99995,0.9998317687874501,1
0.70,F3,314,0.99995,0.9998317687874501,1
0.70,F3,315,0.99995,0.9998317687874501,1
0.70,F3,316,0.99995,0.9998317687874501,1
0.70,F3,317,0.99995,0.9998317687874501,1
0.70,F3,318,0.99995,0.9998317687874501,1
0.70,F3,319,0.99995,0.9998317687874501,1
0.70,F3,320,0.99995,0.9998317687874501,1
0.70,F3,321,0.99995,0.9998317687874501,1
0.70,F3,322,0.99995,0.9998317687874501,1
0.70,F3,323,0.99995,0.9998317687874501,1
0.70,F3,324,0.99995,0.9998317687874501,1
0.70,F3,325,0.99995,0.9998317687874501,1
0.70,F3,326,0.99995,0.9998317687874501,1
0.70,F3,327,0.99995,0.9998317687874501,1
0.70,F3,328,0.99995,0.9998317687874501,1
0.70,F3,329,0.99995,0.9998317687874501,1
0.70,F3,330,0.99995,0.9998317687874501,1
0.70,F3,331,0.99995,0.9998317687874501,1
0.70,F3,332,0.99995,0.9998317687874501,1
0.70,F3,333,0.99995,0.9998317687874501,1
0.70,F3,334,0.99995,0.9998317687874501,1
0.70,F3,335,0.99995,0.9998317687874501,1
0.70,F3,336,0.99995,0.9998317687874501,1
0.70,F3,337,0.99995,0.9998317687874501,1
0.70,F3,338,0.99995,0.9998317687874501,1
0.70,F3,339,0.99995,0.9998317687874501,1
0.70,F3,340,0.99995,0.9998317687874501,1
0.70,F3,341,0.99995,0.9998317687874501,1
0.70,F3,342,0.99995,0.9998317687874501,1
0.70,F3,343,0.99995,0.9998317687874501,1
0.70,F3,344,0.99995,0.9998317687874501,1
0.70,F3,345,0.99995,0.9998317687874501,1
0.70,F3,346,0.99995,0.9998317687874501,1
0.70,F3,347,0.99995,0.9998317687874501,1
0.70,F3,348,0.99995,0.9998317687874501,1
0.70,F3,349,0.99995,0.9998317687874501,1
0.70,F3,350,0.99995,0.9998317687874501,1
0.70,F3,351,0.99995,0.9998317687874501,1
0.70,F3,352,0.99995,0.9998317687874501,1
0.70,F3,353,0.99995,0.9998317687874501,1
0.70,F3,354,0.99995,0.9998317687874501,1
0.70,F3,355,0.99995,0.9998317687874501,1
0.70,F3,356,0.99995,0.9998317687874501,1
0.70,F3,357,0.99995,0.9998317687874501,1
0.70,F3,358,0.99995,0.9998317687874501,1
0.70,F3,359,0.99995,0.9998317687874501,1
0.70,F3,360,0.99995,0.9998317687874501,1
0.70,F3,361,0.99995,0.9998317687874501,1
0.70,F3,362,0.99995,0.9998317687874501,1
0.70,F3,363,0.99995,0.9998317687874501,1
0.70,F3,364,0.99995,0.9998317687874501,1
0.70,F3,365,0.99995,0.9998317687874501,1
0.70,F3,366,0.99995,0.9998317687874501,1
0.70,F3,367,0.99995,0.9998317687874501,1
0.70,F3,368,0.99995,0.9998317687874501,1
0.70,F3,369,0.99995,0.9998317687874501,1
0.70,F3,370,0.99995,0.9998317687874501,1
0.70,F3,371,0.99995,0.9998317687874501,1
0.70,F3,372,0.99995,0.9998317687874501,1
0.70,F3,373,0.99995,0.9998317687874501,1
0.70,F3,374,0.99995,0.9998317687874501,1
0.70,F3,375,0.99995,0.9998317687874501,1
0.70,F3,376,0.99995,0.9998317687874501,1
0.70,F3,377,0.99995,0.9998317687874501,1
0.70,F3,378,0.99995,0.9998317687874501,1
0.70,F3,379,0.99995,0.9998317687874501,1
0.70,F3,380,0.99995,0.9998317687874501,1
0.70,F3,381,0.99995,0.9998317687874501,1
0.70,F3,382,0.99995,0.9998317687874501,1
0.70,F3,383,0.99995,0.9998317687874501,1
0.70,F3,384,0.99995,0.9998317687874501,1
0.70,F3,385,0.99995,0.9998317687874501,1
0.70,F3,386,0.99995,0.9998317687874501,1
0.70,F3,387,0.99995,0.9998317687874501,1
0.70,F3,388,0.99995,0.9998317687874501,1
0.70,F3,389,0.99995,0.9998317687874501,1
0.70,F3,390,0.99995,0.9998317687874501,1
0.70,F3,391,0.99995,0.9998317687874501,1
0.70,F3,392,0.99995,0.9998317687874501,1
0.70,F3,393,0.99995,0.9998317687874501,1
0.70,F3,394,0.99995,0.9998317687874501,1
0.70,F3,395,0.99995,0.9998317687874501,1
0.70,F3,396,0.99995,0.9998317687874501,1
0.70,F3,397,0.99995,0.9998317687874501,1
0.70,F3,398,0.99995,0.9998317687874501,1
0.70,F3,399,0.99995,0.9998317687874501,1
0.70,F3,400,0.99995,0.9998317687874501,1
0.70,F3,401,0.99995,0.9998317687874501,1
0.70,F3,402,0.99995,0.9998317687874501,1
0.70,F3,403,0.99995,0.9998317687874501,1
0.70,F3,404,0.99995,0.9998317687874501,1
0.70,F3,405,0.99995,0.9998317687874501,1
0.70,F3,406,0.99995,0.9998317687874501,1
0.70,F3,407,0.99995,0.9998317687874501,1
0.70,F3,408,0.99995,0.9998317687874501,1
0.70,F3,409,0.99995,0.9998317687874501,1
0.70,F3,410,0.99995,0.9998317687874501,1
0.70,F3,411,0.99995,0.9998317687874501,1
0.70,F3,412,0.99995,0.9998317687874501,1
0.70,F3,413,0.99995,0.9998317687874501,1
0.70,F3,414,0.99995,0.9998317687874501,1
0.70,F3,415,0.99995,0.9998317687874501,1
0.70,F3,416,0.99995,0.9998317687874501,1
0.70,F3,417,0.99995,0.9998317687874501,1
0.70,F3,418,0.99995,0.9998317687874501,1
0.70,F3,419,0.99995,0.9998317687874501,1
0.70,F3,420,0.99995,0.9998317687874501,1
0.70,F3,421,0.99995,0.9998317687874501,1
0.70,F3,422,0.99995,0.9998317687874501,1
0.70,F3,423,0.99995,0.9998317687874501,1
0.70,F3,424,0.99995,0.9998317687874501,1
0.70,F3,425,0.99995,0.9998317687874501,1
0.70,F3,426,0.99995,0.9998317687874501,1
0.70,F3,427,0.99995,0.9998317687874501,1
0.70,F3,428,0.99995,0.9998317687874501,1
0.70,F3,429,0.99995,0.9998317687874501,1
0.70,F3,430,0.99995,0.9998317687874501,1
0.70,F3,431,0.99995,0.9998317687874501,1
0.70,F3,432,0.99995,0.9998317687874501,1
0.70,F3,433,0.99995,0.9998317687874501,1
0.70,F3,434,0.99995,0.9998317687874501,1
0.70,F3,435,0.99995,0.9998317687874501,1
0.70,F3,436,0.99995,0.9998317687874501,1
0.70,F3,437,0.99995,0.9998317687874501,1
0.70,F3,438,0.99995,0.9998317687874501,1
0.70,F3,439,0.99995,0.9998317687874501,1
0.70,F3,440,0.99995,0.9998317687874501,1
0.70,F3,441,0.99995,0.9998317687874501,1
0.70,F3,442,0.99995,0.9998317687874501,1
0.70,F3,443,0.99995,0.9998317687874501,1
0.70,F3,444,0.99995,0.9998317687874501,1
0.70,F3,445,0.99995,0.9998317687874501,1
0.70,F3,446,0.99995,0.9998317687874501,1
0.70,F3,447,0.99995,0.9998317687874501,1
0.70,F3,448,0.99995,0.9998317687874501,1
0.70,F3,449,0.99995,0.9998317687874501,1
0.70,F3,450,0.99995,0.9998317687874501,1
0.70,F3,451,0.99995,0.9998317687874501,1
0.70,F3,452,0.99995,0.9998317687874501,1
0.70,F3,453,0.99995,0.9998317687874501,1
0.70,F3,454,0.99995,0.9998317687874501,1
0.70,F3,455,0.99995,0.9998317687874501,1
0.70,F3,456,0.99995,0.9998317687874501,1
0.70,F3,457,0.99995,0.9998317687874501,1
0.70,F3,458,0.99995,0.9998317687874501,1
0.70,F3,459,0.99995,0.9998317687874501,1
0.70,F3,460,0.99995,0.9998317687874501,1
0.70,F3,461,0.99995,0.9998317687874501,1
0.70,F3,462,0.99995,0.9998317687874501,1
0.70,F3,463,0.99995,0.9998317687874501,1
0.70,F3,464,0.99995,0.9998317687874501,1
0.70,F3,465,0.99995,0.9998317687874501,1
0.70,F3,466,0.99995,0.9998317687874501,1
0.70,F3,467,0.99995,0.9998317687874501,1
0.70,F3,468,0.99995,0.9998317687874501,1
0.70,F3,469,0.99995,0.9998317687874501,1
0.70,F3,470,0.99995,0.9998317687874501,1
0.70,F3,471,0.99995,0.9998317687874501,1
0.70,F3,472,0.99995,0.9998317687874501,1
0.70,F3,473,0.99995,0.9998317687874501,1
0.70,F3,474,0.99995,0.9998317687874501,1
0.70,F3,475,0.99995,0.9998317687874501,1
0.70,F3,476,0.99995,0.9998317687874501,1
0.70,F3,477,0.99995,0.9998317687874501,1
0.70,F3,478,0.99995,0.9998317687874501,1
0.70,F3,479,0.99995,0.9998317687874501,1
0.70,F3,480,0.99995,0.9998317687874501,1
0.70,F3,481,0.99995,0.9998317687874501,1
0.70,F3,482,0.99995,0.9998317687874501,1
0.70,F3,483,0.99995,0.9998317687874501,1
0.70,F3,484,0.99995,0.9998317687874501,1
0.70,F3,485,0.99995,0.9998317687874501,1
0.70,F3,486,0.99995,0.9998317687874501,1
0.70,F3,487,0.99995,0.9998317687874501,1
0.70,F3,488,0.99995,0.9998317687874501,1
0.70,F3,489,0.99995,0.9998317687874501,1
0.70,F3,490,0.99995,0.9998317687874501,1
0.70,F3,491,0.99995,0.9998317687874501,1
0.70,F3,492,0.99995,0.9998317687874501,1
0.70,F3,493,0.99995,0.9998317687874501,1
0.70,F3,494,0.99995,0.9998317687874501,1
0.70,F3,495,0.99995,0.9998317687874501,1
0.70,F3,496,0.99995,0.9998317687874501,1
0.70,F3,497,0.99995,0.9998317687874501,1
0.70,F3,498,0.99995,0.9998317687874501,1
0.70,F3,499,0.99995,0.9998317687874501,1
0.70,F3,500,0.99995,0.9998317687874501,1
0.70,F3,501,0.99995,0.9998317687874501,1
0.70,F3,502,0.99995,0.9998317687874501,1
0.70,F3,503,0.99995,0.9998317687874501,1
0.70,F3,504,0.99995,0.9998317687874501,1
0.70,F3,505,0.99995,0.9998317687874501,1
0.70,F3,506,0.99995,0.9998317687874501,1
0.70,F3,507,0.99995,0.9998317687874501,1
0.70,F3,508,0.99995,0.9998317687874501,1
0.70,F3,509,0.99995,0.9998317687874501,1
0.70,F3,510,0.99995,0.9998317687874501,1
0.70,F3,511,0.99995,0.9998317687874501,1
0.70,F3,512,0.99995,0.9998317687874501,1
0.70,F3,513,0.99995,0.9998317687874501,1
0.70,F3,514,0.99995,0.9998317687874501,1
0.70,F3,515,0.99995,0.9998317687874501,1
0.70,F3,516,0.99995,0.9998317687874501,1
0.70,F3,517,0.99995,0.9998317687874501,1
0.70,F3,518,0.99995,0.9998317687874501,1
0.70,F3,519,0.99995,0.9998317687874501,1
0.70,F3,520,0.99995,0.9998317687874501,1
0.70,F3,521,0.99995,0.9998317687874501,1
0.70,F3,522,0.99995,0.9998317687874501,1
0.70,F3,523,0.99995,0.9998317687874501,1
0.70,F3,524,0.99995,0.9998317687874501,1
0.70,F3,525,0.99995,0.9998317687874501,1
0.70,F3,526,0.99995,0.9998317687874501,1
0.70,F3,527,0.99995,0.9998317687874501,1
0.70,F3,528,0.99995,0.9998317687874501,1
0.70,F3,529,0.99995,0.9998317687874501,1
0.70,F3,530,0.99995,0.9998317687874501,1
0.70,F3,531,0.99995,0.9998317687874501,1
0.70,F3,532,0.99995,0.9998317687874501,1
0.70,F3,533,0.99995,0.9998317687874501,1
0.70,F3,534,0.99995,0.9998317687874501,1
0.70,F3,535,0.99995,0.9998317687874501,1
0.70,F3,536,0.99995,0.9998317687874501,1
0.70,F3,537,0.99995,0.9998317687874501,1
0.70,F3,538,0.99995,0.9998317687874501,1
0.70,F3,539,0.99995,0.9998317687874501,1
0.70,F3,540,0.99995,0.9998317687874501,1
0.70,F3,541,0.99995,0.9998317687874501,1
0.70,F3,542,0.99995,0.9998317687874501,1
0.70,F3,543,0.99995,0.9998317687874501,1
0.70,F3,544,0.99995,0.9998317687874501,1
0.70,F3,545,0.99995,0.9998317687874501,1
0.70,F3,546,0.99995,0.9998317687874501,1
0.70,F3,547,0.99995,0.9998317687874501,1
0.70,F3,548,0.99995,0.9998317687874501,1
0.70,F3,549,0.99995,0.9998317687874501,1
0.70,F3,550,0.99995,0.9998317687874501,1
0.70,F3,551,0.99995,0.9998317687874501,1
0.70,F3,552,0.99995,0.9998317687874501,1
0.70,F3,553,0.99995,0.9998317687874501,1
0.70,F3,554,0.99995,0.9998317687874501,1
0.70,F3,555,0.99995,0.9998317687874501,1
0.70,F3,556,0.99995,0.9998317687874501,1
0.70,F3,557,0.99995,0.9998317687874501,1
0.70,F3,558,0.99995,0.9998317687874501,1
0.70,F3,559,0.99995,0.9998317687874501,1
0.70,F3,560,0.99995,0.9998317687874501,1
0.70,F3,561,0.99995,0.9998317687874501,1
0.70,F3,562,0.99995,0.9998317687874501,1
0.70,F3,563,0.99995,0.9998317687874501,1
0.70,F3,564,0.99995,0.9998317687874501,1
0.70,F3,565,0.99995,0.9998317687874501,1
0.70,F3,566,0.99995,0.9998317687874501,1
0.70,F3,567,0.99995,0.9998317687874501,1
0.70,F3,568,0.99995,0.9998317687874501,1
0.70,F3,569,0.99995,0.9998317687874501,1
0.70,F3,570,0.99995,0.9998317687874501,1
0.70,F3,571,0.99995,0.9998317687874501,1
0.70,F3,572,0.99995,0.9998317687874501,1
0.70,F3,573,0.99995,0.9998317687874501,1
0.70,F3,574,0.99995,0.9998317687874501,1
0.70,F3,575,0.99995,0.9998317687874501,1
0.70,F3,576,0.99995,0.9998317687874501,1
0.70,F3,577,0.99995,0.9998317687874501,1
0.70,F3,578,0.99995,0.9998317687874501,1
0.70,F3,579,0.99995,0.9998317687874501,1
0.70,F3,580,0.99995,0.9998317687874501,1
0.70,F3,581,0.99995,0.9998317687874501,1
0.70,F3,582,0.99995,0.9998317687874501,1
0.70,F3,583,0.99995,0.9998317687874501,1
0.70,F3,584,0.99995,0.9998317687874501,1
0.70,F3,585,0.99995,0.9998317687874501,1
0.70,F3,586,0.99995,0.9998317687874501,1
0.70,F3,587,0.99995,0.9998317687874501,1
0.70,F3,588,0.99995,0.9998317687874501,1
0.70,F3,589,0.99995,0.9998317687874501,1
0.70,F3,590,0.99995,0.9998317687874501,1
0.70,F3,591,0.99995,0.9998317687874501,1
0.70,F3,592,0.99995,0.9998317687874501,1
0.70,F3,593,0.99995,0.9998317687874501,1
0.70,F3,594,0.99995,0.9998317687874501,1
0.70,F3,595,0.99995,0.9998317687874501,1
0.70,F3,596,0.99995,0.9998317687874501,1
0.70,F3,597,0.99995,0.9998317687874501,1
0.70,F3,598,0.99995,0.9998317687874501,1
0.70,F3,599,0.99995,0.9998317687874501,1
0.70,F3,600,0.99995,0.9998317687874501,1
0.70,F3,601,0.99995,0.9998317687874501,1
0.70,F3,602,0.99995,0.9998317687874501,1
0.70,F3,603,0.99995,0.9998317687874501,1
0.70,F3,604,0.99995,0.9998317687874501,1
0.70,F3,605,0.99995,0.9998317687874501,1
0.70,F3,606,0.99995,0.9998317687874501,1
0.70,F3,607,0.99995,0.9998317687874501,1
0.70,F3,608,0.99995,0.9998317687874501,1
0.70,F3,609,0.99995,0.9998317687874501,1
0.70,F3,610,0.99995,0.9998317687874501,1
0.70,F3,611,0.99995,0.9998317687874501,1
0.70,F3,612,0.99995,0.9998317687874501,1
0.70,F3,613,0.99995,0.9998317687874501,1
0.70,F3,614,0.99995,0.9998317687874501,1
0.70,F3,615,0.99995,0.9998317687874501,1
0.70,F3,616,0.99995,0.9998317687874501,1
0.70,F3,617,0.99995,0.9998317687874501,1
0.70,F3,618,0.99995,0.9998317687874501,1
0.70,F3,619,0.99995,0.9998317687874501,1
0.70,F3,620,0.99995,0.9998317687874501,1
0.70,F3,621,0.99995,0.9998317687874501,1
0.70,F3,622,0.99995,0.9998317687874501,1
0.70,F3,623,0.99995,0.9998317687874501,1
0.70,F3,624,0.99995,0.9998317687874501,1
0.70,F3,625,0.99995,0.9998317687874501,1
0.70,F3,626,0.99995,0.9998317687874501,1
0.70,F3,627,0.99995,0.9998317687874501,1
0.70,F3,628,0.99995,0.9998317687874501,1
0.70,F3,629,0.99995,0.9998317687874501,1
0.70,F3,630,0.99995,0.9998317687874501,1
0.70,F3,631,0.99995,0.9998317687874501,1
0.70,F3,632,0.99995,0.9998317687874501,1
0.70,F3,633,0.99995,0.9998317687874501,1
0.70,F3,634,0.99995,0.9998317687874501,1
0.70,F3,635,0.99995,0.9998317687874501,1
0.70,F3,636,0.99995,0.9998317687874501,1
0.70,F3,637,0.99995,0.9998317687874501,1
0.70,F3,638,0.99995,0.9998317687874501,1
0.70,F3,639,0.99995,0.9998317687874501,1
0.70,F3,640,0.99995,0.9998317687874501,1
0.70,F3,641,0.99995,0.9998317687874501,1
0.70,F3,642,0.99995,0.9998317687874501,1
0.70,F3,643,0.99995,0.9998317687874501,1
0.70,F3,644,0.99995,0.9998317687874501,1
0.70,F3,645,0.99995,0.9998317687874501,1
0.70,F3,646,0.99995,0.9998317687874501,1
0.70,F3,647,0.99995,0.9998317687874501,1
0.70,F3,648,0.99995,0.9998317687874501,1
0.70,F3,649,0.99995,0.9998317687874501,1
0.70,F3,650,0.99995,0.9998317687874501,1
0.70,F3,651,0.99995,0.9998317687874501,1
0.70,F3,652,0.99995,0.9998317687874501,1
0.70,F3,653,0.99995,0.9998317687874501,1
0.70,F3,654,0.99995,0.9998317687874501,1
0.70,F3,655,0.99995,0.9998317687874501,1
0.70,F3,656,0.99995,0.9998317687874501,1
0.70,F3,657,0.99995,0.9998317687874501,1
0.70,F3,658,0.99995,0.9998317687874501,1
0.70,F3,659,0.99995,0.9998317687874501,1
0.70,F3,660,0.99995,0.9998317687874501,1
0.70,F3,661,0.99995,0.9998317687874501,1
0.70,F3,662,0.99995,0.9998317687874501,1
0.70,F3,663,0.99995,0.9998317687874501,1
0.70,F3,664,0.99995,0.9998317687874501,1
0.70,F3,665,0.99995,0.9998317687874501,1
0.70,F3,666,0.99995,0.9998317687874501,1
0.70,F3,667,0.99995,0.9998317687874501,1
0.70,F3,668,0.99995,0.9998317687874501,1
0.70,F3,669,0.99995,0.9998317687874501,1
0.70,F3,670,0.99995,0.9998317687874501,1
0.70,F3,671,0.99995,0.9998317687874501,1
0.70,F3,672,0.99995,0.9998317687874501,1
0.70,F3,673,0.99995,0.9998317687874501,1
0.70,F3,674,0.99995,0.9998317687874501,1
0.70,F3,675,0.99995,0.9998317687874501,1
0.70,F3,676,0.99995,0.9998317687874501,1
0.70,F3,677,0.99995,0.9998317687874501,1
0.70,F3,678,0.99995,0.9998317687874501,1
0.70,F3,679,0.99995,0.9998317687874501,1
0.70,F3,680,0.99995,0.9998317687874501,1
0.70,F3,681,0.99995,0.9998317687874501,1
0.70,F3,682,0.99995,0.9998317687874501,1
0.70,F3,683,0.99995,0.9998317687874501,1
0.70,F3,684,0.99995,0.9998317687874501,1
0.70,F3,685,0.99995,0.9998317687874501,1
0.70,F3,686,0.99995,0.9998317687874501,1
0.70,F3,687,0.99995,0.9998317687874501,1
0.70,F3,688,0.99995,0.9998317687874501,1
0.70,F3,689,0.99995,0.9998317687874501,1
0.70,F3,690,0.99995,0.9998317687874501,1
0.70,F3,691,0.99995,0.9998317687874501,1
0.70,F3,692,0.99995,0.9998317687874501,1
0.70,F3,693,0.99995,0.9998317687874501,1
0.70,F3,694,0.99995,0.9998317687874501,1
0.70,F3,695,0.99995,0.9998317687874501,1
0.70,F3,696,0.99995,0.9998317687874501,1
0.70,F3,697,0.99995,0.9998317687874501,1
0.70,F3,698,0.99995,0.9998317687874501,1
0.70,F3,699,0.99995,0.9998317687874501,1
0.70,F3,700,0.99995,0.9998317687874501,1
0.70,F3,701,0.99995,0.9998317687874501,1
0.70,F3,702,0.99995,0.9998317687874501,1
0.70,F3,703,0.99995,0.9998317687874501,1
0.70,F3,704,0.99995,0.9998317687874501,1
0.70,F3,705,0.99995,0.9998317687874501,1
0.70,F3,706,0.99995,0.9998317687874501,1
0.70,F3,707,0.99995,0.9998317687874501,1
0.70,F3,708,0.99995,0.9998317687874501,1
0.70,F3,709,0.99995,0.9998317687874501,1
0.70,F3,710,0.99995,0.9998317687874501,1
0.70,F3,711,0.99995,0.9998317687874501,1
0.70,F3,712,0.99995,0.9998317687874501,1
0.70,F3,713,0.99995,0.9998317687874501,1
0.70,F3,714,0.99995,0.9998317687874501,1
0.70,F3,715,0.99995,0.9998317687874501,1
0.70,F3,716,0.99995,0.9998317687874501,1
0.70,F3,717,0.99995,0.9998317687874501,1
0.70,F3,718,0.99995,0.9998317687874501,1
0.70,F3,719,0.99995,0.9998317687874501,1
0.70,F3,720,0.99995,0.9998317687874501,1
0.70,F3,721,0.99995,0.9998317687874501,1
0.70,F3,722,0.99995,0.9998317687874501,1
0.70,F3,723,0.99995,0.9998317687874501,1
0.70,F3,724,0.99995,0.9998317687874501,1
0.70,F3,725,0.99995,0.9998317687874501,1
0.70,F3,726,0.99995,0.9998317687874501,1
0.70,F3,727,0.99995,0.9998317687874501,1
0.70,F3,728,0.99995,0.9998317687874501,1
0.70,F3,729,0.99995,0.9998317687874501,1
0.70,F3,730,0.99995,0.9998317687874501,1
0.70,F3,731,0.99995,0.9998317687874501,1
0.70,F3,732,0.99995,0.9998317687874501,1
0.70,F3,733,0.99995,0.9998317687874501,1
0.70,F3,734,0.99995,0.9998317687874501,1
0.70,F3,735,0.99995,0.9998317687874501,1
0.70,F3,736,0.99995,0.9998317687874501,1
0.70,F3,737,0.99995,0.9998317687874501,1
0.70,F3,738,0.99995,0.9998317687874501,1
0.70,F3,739,0.99995,0.9998317687874501,1
0.70,F3,740,0.99995,0.9998317687874501,1
0.70,F3,741,0.99995,0.9998317687874501,1
0.70,F3,742,0.99995,0.9998317687874501,1
0.70,F3,743,0.99995,0.9998317687874501,1
0.70,F3,744,0.99995,0.9998317687874501,1
0.70,F3,745,0.99995,0.9998317687874501,1
0.70,F3,746,0.99995,0.9998317687874501,1
0.70,F3,747,0.99995,0.9998317687874501,1
0.70,F3,748,0.99995,0.9998317687874501,1
0.70,F3,749,0.99995,0.9998317687874501,1
0.70,F3,750,0.99995,0.9998317687874501,1
0.70,F3,751,0.99995,0.9998317687874501,1
0.70,F3,752,0.99995,0.9998317687874501,1
0.70,F3,753,0.99995,0.9998317687874501,1
0.70,F3,754,0.99995,0.9998317687874501,1
0.70,F3,755,0.99995,0.9998317687874501,1
0.70,F3,756,0.99995,0.9998317687874501,1
0.70,F3,757,0.99995,0.9998317687874501,1
0.70,F3,758,0.99995,0.9998317687874501,1
0.70,F3,759,0.99995,0.9998317687874501,1
0.70,F3,760,0.99995,0.9998317687874501,1
0.70,F3,761,0.99995,0.9998317687874501,1
0.70,F3,762,0.99995,0.9998317687874501,1
0.70,F3,763,0.99995,0.9998317687874501,1
0.70,F3,764,0.99995,0.9998317687874501,1
0.70,F3,765,0.99995,0.9998317687874501,1
0.70,F3,766,0.99995,0.9998317687874501,1
0.70,F3,767,0.99995,0.9998317687874501,1
0.70,F3,768,0.99995,0.9998317687874501,1
0.70,F3,769,0.99995,0.9998317687874501,1
0.70,F3,770,0.99995,0.9998317687874501,1
0.70,F3,771,0.99995,0.9998317687874501,1
0.70,F3,772,0.99995,0.9998317687874501,1
0.70,F3,773,0.99995,0.9998317687874501,1
0.70,F3,774,0.99995,0.9998317687874501,1
0.70,F3,775,0.99995,0.9998317687874501,1
0.70,F3,776,0.99995,0.9998317687874501,1
0.70,F3,777,0.99995,0.9998317687874501,1
0.70,F3,778,0.99995,0.9998317687874501,1
0.70,F3,779,0.99995,0.9998317687874501,1
0.70,F3,780,0.99995,0.9998317687874501,1
0.70,F3,781,0.99995,0.9998317687874501,1
0.70,F3,782,0.99995,0.9998317687874501,1
0.70,F3,783,0.99995,0.9998317687874501,1
0.70,F3,784,0.99995,0.9998317687874501,1
0.70,F3,785,0.99995,0.9998317687874501,1
0.70,F3,786,0.99995,0.9998317687874501,1
0.70,F3,787,0.99995,0.9998317687874501,1
0.70,F3,788,0.99995,0.9998317687874501,1
0.70,F3,789,0.99995,0.9998317687874501,1
0.70,F3,790,0.99995,0.9998317687874501,1
0.70,F3,791,0.99995,0.9998317687874501,1
0.70,F3,792,0.99995,0.9998317687874501,1
0.70,F3,793,0.99995,0.9998317687874501,1
0.70,F3,794,0.99995,0.9998317687874501,1
0.70,F3,795,0.99995,0.9998317687874501,1
0.70,F3,796,0.99995,0.9998317687874501,1
0.70,F3,797,0.99995,0.9998317687874501,1
0.70,F3,798,0.99995,0.9998317687874501,1
0.70,F3,799,0.99995,0.9998317687874501,1
0.70,F3,800,0.99995,0.9998317687874501,1
0.70,F3,801,0.99995,0.9998317687874501,1
0.70,F3,802,0.99995,0.9998317687874501,1
0.70,F3,803,0.99995,0.9998317687874501,1
0.70,F3,804,0.99995,0.9998317687874501,1
0.70,F3,805,0.99995,0.9998317687874501,1
0.70,F3,806,0.99995,0.9998317687874501,1
0.70,F3,807,0.99995,0.9998317687874501,1
0.70,F3,808,0.99995,0.9998317687874501,1
0.70,F3,809,0.99995,0.9998317687874501,1
0.70,F3,810,0.99995,0.9998317687874501,1
0.70,F3,811,0.99995,0.9998317687874501,1
0.70,F3,812,0.99995,0.9998317687874501,1
0.70,F3,813,0.99995,0.9998317687874501,1
0.70,F3,814,0.99995,0.9998317687874501,1
0.70,F3,815,0.99995,0.9998317687874501,1
0.70,F3,816,0.99995,0.9998317687874501,1
0.70,F3,817,0.99995,0.9998317687874501,1
0.70,F3,818,0.99995,0.9998317687874501,1
0.70,F3,819,0.99995,0.9998317687874501,1
0.70,F3,820,0.99995,0.9998317687874501,1
0.70,F3,821,0.99995,0.9998317687874501,1
0.70,F3,822,0.99995,0.9998317687874501,1
0.70,F3,823,0.99995,0.9998317687874501,1
0.70,F3,824,0.99995,0.9998317687874501,1
0.70,F3,825,0.99995,0.9998317687874501,1
0.70,F3,826,0.99995,0.9998317687874501,1
0.70,F3,827,0.99995,0.9998317687874501,1
0.70,F3,828,0.99995,0.9998317687874501,1
0.70,F3,829,0.99995,0.9998317687874501,1
0.70,F3,830,0.99995,0.9998317687874501,1
0.70,F3,831,0.99995,0.9998317687874501,1
0.70,F3,832,0.99995,0.9998317687874501,1
0.70,F3,833,0.99995,0.9998317687874501,1
0.70,F3,834,0.99995,0.9998317687874501,1
0.70,F3,835,0.99995,0.9998317687874501,1
0.70,F3,836,0.99995,0.9998317687874501,1
0.70,F3,837,0.99995,0.9998317687874501,1
0.70,F3,838,0.99995,0.9998317687874501,1
0.70,F3,839,0.99995,0.9998317687874501,1
0.70,F3,840,0.99995,0.9998317687874501,1
0.70,F3,841,0.99995,0.9998317687874501,1
0.70,F3,842,0.99995,0.9998317687874501,1
0.70,F3,843,0.99995,0.9998317687874501,1
0.70,F3,844,0.99995,0.9998317687874501,1
0.70,F3,845,0.99995,0.9998317687874501,1
0.70,F3,846,0.99995,0.9998317687874501,1
0.70,F3,847,0.99995,0.9998317687874501,1
0.70,F3,848,0.99995,0.9998317687874501,1
0.70,F3,849,0.99995,0.9998317687874501,1
0.70,F3,850,0.99995,0.9998317687874501,1
0.70,F3,851,0.99995,0.9998317687874501,1
0.70,F3,852,0.99995,0.9998317687874501,1
0.70,F3,853,0.99995,0.9998317687874501,1
0.70,F3,854,0.99995,0.9998317687874501,1
0.70,F3,855,0.99995,0.9998317687874501,1
0.70,F3,856,0.99995,0.9998317687874501,1
0.70,F3,857,0.99995,0.9998317687874501,1
0.70,F3,858,0.99995,0.9998317687874501,1
0.70,F3,859,0.99995,0.9998317687874501,1
0.70,F3,860,0.99995,0.9998317687874501,1
0.70,F3,861,0.99995,0.9998317687874501,1
0.70,F3,862,0.99995,0.9998317687874501,1
0.70,F3,863,0.99995,0.9998317687874501,1
0.70,F3,864,0.99995,0.9998317687874501,1
0.70,F3,865,0.99995,0.9998317687874501,1
0.70,F3,866,0.99995,0.9998317687874501,1
0.70,F3,867,0.99995,0.9998317687874501,1
0.70,F3,868,0.99995,0.9998317687874501,1
0.70,F3,869,0.99995,0.9998317687874501,1
0.70,F3,870,0.99995,0.9998317687874501,1
0.70,F3,871,0.99995,0.9998317687874501,1
0.70,F3,872,0.99995,0.9998317687874501,1
0.70,F3,873,0.99995,0.9998317687874501,1
0.70,F3,874,0.99995,0.9998317687874501,1
0.70,F3,875,0.99995,0.9998317687874501,1
0.70,F3,876,0.99995,0.9998317687874501,1
0.70,F3,877,0.99995,0.9998317687874501,1
0.70,F3,878,0.99995,0.9998317687874501,1
0.70,F3,879,0.99995,0.9998317687874501,1
0.70,F3,880,0.99995,0.9998317687874501,1
0.70,F3,881,0.99995,0.9998317687874501,1
0.70,F3,882,0.99995,0.9998317687874501,1
0.70,F3,883,0.99995,0.9998317687874501,1
0.70,F3,884,0.99995,0.9998317687874501,1
0.70,F3,885,0.99995,0.9998317687874501,1
0.70,F3,886,0.99995,0.9998317687874501,1
0.70,F3,887,0.99995,0.9998317687874501,1
0.70,F3,888,0.99995,0.9998317687874501,1
0.70,F3,889,0.99995,0.9998317687874501,1
0.70,F3,890,0.99995,0.9998317687874501,1
0.70,F3,891,0.99995,0.9998317687874501,1
0.70,F3,892,0.99995,0.9998317687874501,1
0.70,F3,893,0.99995,0.9998317687874501,1
0.70,F3,894,0.99995,0.9998317687874501,1
0.70,F3,895,0.99995,0.9998317687874501,1
0.70,F3,896,0.99995,0.9998317687874501,1
0.70,F3,897,0.99995,0.9998317687874501,1
0.70,F3,898,0.99995,0.9998317687874501,1
0.70,F3,899,0.99995,0.9998317687874501,1
0.70,F3,900,0.99995,0.9998317687874501,1
0.70,F3,901,0.99995,0.9998317687874501,1
0.70,F3,902,0.99995,0.9998317687874501,1
0.70,F3,903,0.99995,0.9998317687874501,1
0.70,F3,904,0.99995,0.9998317687874501,1
0.70,F3,905,0.99995,0.9998317687874501,1
0.70,F3,906,0.99995,0.9998317687874501,1
0.70,F3,907,0.99995,0.9998317687874501,1
0.70,F3,908,0.99995,0.9998317687874501,1
0.70,F3,909,0.99995,0.9998317687874501,1
0.70,F3,910,0.99995,0.9998317687874501,1
0.70,F3,911,0.99995,0.9998317687874501,1
0.70,F3,912,0.99995,0.9998317687874501,1
0.70,F3,913,0.99995,0.9998317687874501,1
0.70,F3,914,0.99995,0.9998317687874501,1
0.70,F3,915,0.99995,0.9998317687874501,1
0.70,F3,916,0.99995,0.9998317687874501,1
0.70,F3,917,0.99995,0.9998317687874501,1
0.70,F3,918,0.99995,0.9998317687874501,1
0.70,F3,919,0.99995,0.9998317687874501,1
0.70,F3,920,0.99995,0.9998317687874501,1
0.70,F3,921,0.99995,0.9998317687874501,1
0.70,F3,922,0.99995,0.9998317687874501,1
0.70,F3,923,0.99995,0.9998317687874501,1
0.70,F3,924,0.99995,0.9998317687874501,1
0.70,F3,925,0.99995,0.9998317687874501,1
0.70,F3,926,0.99995,0.9998317687874501,1
0.70,F3,927,0.99995,0.9998317687874501,1
0.70,F3,928,0.99995,0.9998317687874501,1
0.70,F3,929,0.99995,0.9998317687874501,1
0.70,F3,930,0.99995,0.9998317687874501,1
0.70,F3,931,0.99995,0.9998317687874501,1
0.70,F3,932,0.99995,0.9998317687874501,1
0.70,F3,933,0.99995,0.9998317687874501,1
0.70,F3,934,0.99995,0.9998317687874501,1
0.70,F3,935,0.99995,0.9998317687874501,1
0.70,F3,936,0.99995,0.9998317687874501,1
0.70,F3,937,0.99995,0.9998317687874501,1
0.70,F3,938,0.99995,0.9998317687874501,1
0.70,F3,939,0.99995,0.9998317687874501,1
0.90,Legacy-20,0,0.0,0,0.0
0.90,Legacy-20,1,0.0818,0.06492266819181246,0.09867733180818754
0.90,Legacy-20,2,0.08205,0.06516089933862584,0.09893910066137415
0.90,Legacy-20,3,0.27995,0.23660666599930097,0.323293334000699
0.90,Legacy-20,4,0.2804,0.23690156323758454,0.3238984367624154
0.90,Legacy-20,5,0.5220999999999999,0.4784579233288369,0.5657420766711629
0.90,Legacy-20,6,0.52265,0.47882119811441304,0.5664788018855869
0.90,Legacy-20,7,0.7252499999999998,0.68841801552947,0.7620819844705297
0.90,Legacy-20,8,0.7260500000000001,0.6892397089999384,0.7628602910000618
0.90,Legacy-20,9,0.7269500000000001,0.6900540941052359,0.7638459058947643
0.90,Legacy-20,10,0.72755,0.6905885543021448,0.7645114456978552
0.90,Legacy-20,11,0.72835,0.6916644776643726,0.7650355223356275
0.90,Legacy-20,12,0.7288,0.692281836198779,0.765318163801221
0.90,Legacy-20,13,0.72905,0.6924396738744952,0.7656603261255047
0.90,Legacy-20,14,0.72925,0.6927727898577815,0.7657272101422185
0.90,Legacy-20,15,0.7293999999999999,0.6929037162044587,0.7658962837955412
0.90,Legacy-20,16,0.7295499999999999,0.6933175548708574,0.7657824451291424
0.90,Legacy-20,17,0.7298,0.6937024792181627,0.7658975207818373
0.90,Legacy-20,18,0.7299,0.6938712532333504,0.7659287467666496
0.90,Legacy-20,19,0.73015,0.6941753068604646,0.7661246931395354
0.90,Legacy-20,20,0.7302,0.6942541557347328,0.7661458442652671
0.90,Legacy-20,21,0.7303499999999999,0.6944974134664685,0.7662025865335313
0.90,Legacy-20,22,0.7305499999999999,0.6946424252313135,0.7664575747686864
0.90,Legacy-20,23,0.732,0.6958993813832905,0.7681006186167094
0.90,Legacy-20,24,0.73395,0.6970551765965889,0.7708448234034111
0.90,Legacy-20,25,0.73615,0.6985230874319435,0.7737769125680565
0.90,Legacy-20,26,0.7388499999999999,0.7001528733019244,0.7775471266980754
0.90,Legacy-20,27,0.7420500000000001,0.7021147685682119,0.7819852314317883
0.90,Legacy-20,28,0.7451,0.7042940545817642,0.7859059454182358
0.90,Legacy-20,29,0.74875,0.7064342908886454,0.7910657091113547
0.90,Legacy-20,30,0.75335,0.7092986893880533,0.7974013106119466
0.90,Legacy-20,31,0.7583,0.7122685418683807,0.8043314581316192
0.90,Legacy-20,32,0.7629999999999999,0.7154219199832125,0.8105780800167873
0.90,Legacy-20,33,0.7663,0.7177339993260392,0.8148660006739608
0.90,Legacy-20,34,0.7697999999999999,0.7199784436212598,0.81962155637874
0.90,Legacy-20,35,0.77155,0.7211512598873988,0.8219487401126011
0.90,Legacy-20,36,0.7742499999999999,0.7229615741017048,0.825538425898295
0.90,Legacy-20,37,0.77695,0.7248261236268293,0.8290738763731708
0.90,Legacy-20,38,0.779,0.7267209438847029,0.8312790561152972
0.90,Legacy-20,39,0.7819499999999999,0.728840717549511,0.8350592824504889
0.90,Legacy-20,40,0.7846500000000001,0.7304484446268015,0.8388515553731987
0.90,Legacy-20,41,0.7871000000000001,0.731777104559516,0.8424228954404843
0.90,Legacy-20,42,0.7895500000000001,0.7334552121969931,0.8456447878030071
0.90,Legacy-20,43,0.79245,0.7349833232970048,0.8499166767029952
0.90,Legacy-20,44,0.79565,0.7370947120201797,0.8542052879798202
0.90,Legacy-20,45,0.7983500000000001,0.7386758897768225,0.8580241102231777
0.90,Legacy-20,46,0.8010499999999999,0.7405351680880505,0.8615648319119493
0.90,Legacy-20,47,0.80425,0.7426929184964808,0.8658070815035193
0.90,Legacy-20,48,0.8071999999999999,0.7448182082106835,0.8695817917893164
0.90,Legacy-20,49,0.81015,0.7477518363871503,0.8725481636128498
0.90,Legacy-20,50,0.81245,0.7491642338703676,0.8757357661296324
0.90,Legacy-20,51,0.81515,0.7520627068489775,0.8782372931510226
0.90,Legacy-20,52,0.81745,0.7543922149896419,0.8805077850103581
0.90,Legacy-20,53,0.8188,0.7555211604446658,0.8820788395553342
0.90,Legacy-20,54,0.8217,0.7585402456845167,0.8848597543154832
0.90,Legacy-20,55,0.8241,0.7607205707758308,0.8874794292241693
0.90,Legacy-20,56,0.8262999999999999,0.7623337140114661,0.8902662859885337
0.90,Legacy-20,57,0.8291000000000001,0.7647092986466543,0.8934907013533459
0.90,Legacy-20,58,0.8309,0.7664963985512843,0.8953036014487157
0.90,Legacy-20,59,0.8338,0.7695498165865645,0.8980501834134355
0.90,Legacy-20,60,0.8367,0.7717884031624451,0.9016115968375549
0.90,Legacy-20,61,0.8396,0.7740793627750615,0.9051206372249385
0.90,Legacy-20,62,0.8416999999999999,0.7759768742739113,0.9074231257260885
0.90,Legacy-20,63,0.8434500000000001,0.7775188437464032,0.9093811562535971
0.90,Legacy-20,64,0.8452500000000001,0.7793545936868264,0.9111454063131738
0.90,Legacy-20,65,0.8468,0.7809568446876388,0.9126431553123612
0.90,Legacy-20,66,0.8483,0.7824821437896479,0.9141178562103522
0.90,Legacy-20,67,0.8501,0.7838917877471101,0.9163082122528898
0.90,Legacy-20,68,0.8517,0.7852007046159613,0.9181992953840388
0.90,Legacy-20,69,0.8532000000000001,0.7864991512495629,0.9199008487504372
0.90,Legacy-20,70,0.8543,0.7875857998657142,0.9210142001342857
0.90,Legacy-20,71,0.85535,0.7888372076911357,0.9218627923088644
0.90,Legacy-20,72,0.8566,0.7901362090531013,0.9230637909468987
0.90,Legacy-20,73,0.8582000000000001,0.7919046780259771,0.9244953219740231
0.90,Legacy-20,74,0.8594,0.7932844487025148,0.9255155512974853
0.90,Legacy-20,75,0.8607500000000001,0.7946210546419274,0.9268789453580728
0.90,Legacy-20,76,0.862,0.7956468690491975,0.9283531309508025
0.90,Legacy-20,77,0.8631,0.7964723019951573,0.9297276980048427
0.90,Legacy-20,78,0.8642,0.7980185163205452,0.9303814836794547
0.90,Legacy-20,79,0.8653,0.7992451863842112,0.9313548136157888
0.90,Legacy-20,80,0.86625,0.8006764893364067,0.9318235106635933
0.90,Legacy-20,81,0.86795,0.8026742702298355,0.9332257297701645
0.90,Legacy-20,82,0.8690000000000002,0.8039050006898885,0.934094999310112
0.90,Legacy-20,83,0.8701999999999999,0.8055611150979387,0.934838884902061
0.90,Legacy-20,84,0.8713500000000001,0.807042172062766,0.9356578279372342
0.90,Legacy-20,85,0.8722000000000001,0.808182223844893,0.9362177761551072
0.90,Legacy-20,86,0.8734500000000001,0.8101146497462117,0.9367853502537884
0.90,Legacy-20,87,0.8748,0.8113743971770309,0.9382256028229692
0.90,Legacy-20,88,0.87575,0.8127659824128463,0.9387340175871538
0.90,Legacy-20,89,0.87655,0.8137788965844346,0.9393211034155655
0.90,Legacy-20,90,0.8781,0.8158985666220011,0.9403014333779989
0.90,Legacy-20,91,0.8795,0.8177160418654924,0.9412839581345075
0.90,Legacy-20,92,0.8804000000000002,0.8189054794497022,0.9418945205502982
0.90,Legacy-20,93,0.8811500000000001,0.8198802337239259,0.9424197662760743
0.90,Legacy-20,94,0.8829,0.822079754999286,0.943720245000714
0.90,Legacy-20,95,0.8842,0.8234756389323507,0.9449243610676493
0.90,Legacy-20,96,0.8858499999999999,0.8252391503701176,0.9464608496298822
0.90,Legacy-20,97,0.88685,0.8263044205739014,0.9473955794260986
0.90,Legacy-20,98,0.8881000000000001,0.82783017219542,0.9483698278045802
0.90,Legacy-20,99,0.88925,0.8292057192647129,0.9492942807352871
0.90,Legacy-20,100,0.8899,0.8299392380072627,0.9498607619927374
0.90,Legacy-20,101,0.8915000000000001,0.8321438939456115,0.9508561060543886
0.90,Legacy-20,102,0.8932,0.8341739118605623,0.9522260881394377
0.90,Legacy-20,103,0.8945500000000002,0.8360434322183032,0.9530565677816971
0.90,Legacy-20,104,0.8958,0.8384135640846638,0.9531864359153362
0.90,Legacy-20,105,0.8968499999999999,0.8399198602717661,0.9537801397282337
0.90,Legacy-20,106,0.89805,0.8412986133170427,0.9548013866829573
0.90,Legacy-20,107,0.899,0.842781870978226,0.955218129021774
0.90,Legacy-20,108,0.8996500000000001,0.8443153564975476,0.9549846435024525
0.90,Legacy-20,109,0.90025,0.8452369011865903,0.9552630988134097
0.90,Legacy-20,110,0.9008499999999999,0.8461816647588991,0.9555183352411007
0.90,Legacy-20,111,0.9014,0.847110369407614,0.955689630592386
0.90,Legacy-20,112,0.9017499999999999,0.8476239515995306,0.9558760484004692
0.90,Legacy-20,113,0.9023499999999999,0.8483112402402796,0.9563887597597202
0.90,Legacy-20,114,0.9031499999999999,0.8495335743677509,0.9567664256322489
0.90,Legacy-20,115,0.9038499999999999,0.850463047907365,0.9572369520926348
0.90,Legacy-20,116,0.9045,0.851327792471803,0.9576722075281969
0.90,Legacy-20,117,0.9050499999999999,0.8518684230272732,0.9582315769727267
0.90,Legacy-20,118,0.9054500000000001,0.8525310171728929,0.9583689828271073
0.90,Legacy-20,119,0.90635,0.8541898169372726,0.9585101830627274
0.90,Legacy-20,120,0.9071500000000001,0.8552200341881931,0.9590799658118071
0.90,Legacy-20,121,0.9078,0.8562918057259026,0.9593081942740975
0.90,Legacy-20,122,0.9082500000000001,0.8570738314825892,0.959426168517411
0.90,Legacy-20,123,0.9086500000000001,0.8576558369405367,0.9596441630594634
0.90,Legacy-20,124,0.9091,0.8587239887618588,0.9594760112381412
0.90,Legacy-20,125,0.90955,0.8592213619786584,0.9598786380213415
0.90,Legacy-20,126,0.9101,0.8598392374921433,0.9603607625078567
0.90,Legacy-20,127,0.9108999999999999,0.8608657417958323,0.9609342582041676
0.90,Legacy-20,128,0.9118999999999999,0.8623863426894242,0.9614136573105757
0.90,Legacy-20,129,0.9129499999999999,0.8632260385793393,0.9626739614206605
0.90,Legacy-20,130,0.91365,0.864282820483685,0.9630171795163149
0.90,Legacy-20,131,0.9141499999999999,0.8647803934907792,0.9635196065092206
0.90,Legacy-20,132,0.9148999999999998,0.8659137802849137,0.9638862197150859
0.90,Legacy-20,133,0.9155499999999999,0.8667268894569817,0.964373110543018
0.90,Legacy-20,134,0.9161999999999999,0.8677073272841103,0.9646926727158895
0.90,Legacy-20,135,0.9166500000000001,0.8683286312960525,0.9649713687039476
0.90,Legacy-20,136,0.9171,0.8690455722905459,0.9651544277094541
0.90,Legacy-20,137,0.91785,0.8701184033481413,0.9655815966518588
0.90,Legacy-20,138,0.9187000000000001,0.8716120751282816,0.9657879248717185
0.90,Legacy-20,139,0.9191000000000001,0.8725313082854088,0.9656686917145915
0.90,Legacy-20,140,0.9196000000000001,0.873592755501266,0.9656072444987341
0.90,Legacy-20,141,0.9204500000000001,0.8749144908179829,0.9659855091820173
0.90,Legacy-20,142,0.9215,0.8764568118032395,0.9665431881967604
0.90,Legacy-20,143,0.92205,0.8774510346586409,0.9666489653413591
0.90,Legacy-20,144,0.9228999999999999,0.8789046422711825,0.9668953577288174
0.90,Legacy-20,145,0.9240499999999999,0.8811512442415715,0.9669487557584283
0.90,Legacy-20,146,0.9252999999999999,0.8830790397011872,0.9675209602988126
0.90,Legacy-20,147,0.92645,0.8847273985240678,0.9681726014759322
0.90,Legacy-20,148,0.9275500000000001,0.8856970334451519,0.9694029665548483
0.90,Legacy-20,149,0.9281999999999999,0.8869190897805681,0.9694809102194317
0.90,Legacy-20,150,0.92875,0.8877372057042464,0.9697627942957535
0.90,Legacy-20,151,0.9295,0.8888871298079126,0.9701128701920874
0.90,Legacy-20,152,0.93045,0.8902985339959386,0.9706014660040614
0.90,Legacy-20,153,0.9312,0.8915048875198148,0.9708951124801852
0.90,Legacy-20,154,0.9317,0.892378617491341,0.971021382508659
0.90,Legacy-20,155,0.9324,0.8936292263626588,0.9711707736373412
0.90,Legacy-20,156,0.9332,0.8952189311134995,0.9711810688865006
0.90,Legacy-20,157,0.93375,0.8957370037653148,0.9717629962346851
0.90,Legacy-20,158,0.9342999999999999,0.8964534520024736,0.9721465479975262
0.90,Legacy-20,159,0.9347500000000002,0.8970024882138021,0.9724975117861983
0.90,Legacy-20,160,0.93555,0.8977327211106886,0.9733672788893114
0.90,Legacy-20,161,0.9363,0.8986744407991656,0.9739255592008345
0.90,Legacy-20,162,0.9368,0.8990979855119203,0.9745020144880796
0.90,Legacy-20,163,0.93725,0.8996016523404072,0.9748983476595928
0.90,Legacy-20,164,0.93755,0.8997902167798135,0.9753097832201865
0.90,Legacy-20,165,0.9384,0.9004248202383026,0.9763751797616974
0.90,Legacy-20,166,0.9390499999999999,0.9010201968456227,0.9770798031543771
0.90,Legacy-20,167,0.93965,0.9016982017126809,0.9776017982873191
0.90,Legacy-20,168,0.94015,0.902096259810595,0.978203740189405
0.90,Legacy-20,169,0.9408,0.902993045919582,0.978606954080418
0.90,Legacy-20,170,0.9412499999999999,0.9033841715711033,0.9791158284288966
0.90,Legacy-20,171,0.9422,0.9042568057220997,0.9801431942779004
0.90,Legacy-20,172,0.94285,0.9048994645643876,0.9808005354356123
0.90,Legacy-20,173,0.9432,0.9051453939501469,0.9812546060498532
0.90,Legacy-20,174,0.94385,0.9056977306299494,0.9820022693700505
0.90,Legacy-20,175,0.9440999999999999,0.9059385981373811,0.9822614018626188
0.90,Legacy-20,176,0.9447000000000001,0.9065704274060469,0.9828295725939533
0.90,Legacy-20,177,0.94525,0.9072304902022409,0.9832695097977592
0.90,Legacy-20,178,0.9456,0.9075214725067844,0.9836785274932156
0.90,Legacy-20,179,0.94595,0.90778705446491,0.9841129455350899
0.90,Legacy-20,180,0.9464999999999999,0.9084870825652488,0.984512917434751
0.90,Legacy-20,181,0.94705,0.909044989655869,0.9850550103441309
0.90,Legacy-20,182,0.9477499999999999,0.9097984121850471,0.9857015878149527
0.90,Legacy-20,183,0.9482499999999999,0.9104358895501594,0.9860641104498404
0.90,Legacy-20,184,0.9487000000000001,0.9108897712503522,0.986510228749648
0.90,Legacy-20,185,0.9492500000000001,0.9118127148321541,0.9866872851678462
0.90,Legacy-20,186,0.9498,0.9121815534114103,0.9874184465885897
0.90,Legacy-20,187,0.95015,0.9123883129491941,0.987911687050806
0.90,Legacy-20,188,0.95055,0.9128607261200639,0.9882392738799362
0.90,Legacy-20,189,0.9509500000000001,0.9134046949361684,0.9884953050638318
0.90,Legacy-20,190,0.9512000000000002,0.9136870203348348,0.9887129796651655
0.90,Legacy-20,191,0.95155,0.9140726237976632,0.9890273762023368
0.90,Legacy-20,192,0.9518500000000001,0.9143059714609035,0.9893940285390966
0.90,Legacy-20,193,0.9522000000000002,0.9147765594053541,0.9896234405946462
0.90,Legacy-20,194,0.9528500000000001,0.915382429342049,0.9903175706579511
0.90,Legacy-20,195,0.9531000000000001,0.9157360506502566,0.9904639493497435
0.90,Legacy-20,196,0.95355,0.9161182627167626,0.9909817372832375
0.90,Legacy-20,197,0.9541000000000002,0.9170361244505236,0.9911638755494767
0.90,Legacy-20,198,0.95435,0.9172910007746755,0.9914089992253245
0.90,Legacy-20,199,0.95465,0.9177705514027944,0.9915294485972056
0.90,Legacy-20,200,0.95495,0.9180255278113225,0.9918744721886774
0.90,Legacy-20,201,0.9553,0.9183950835971666,0.9922049164028335
0.90,Legacy-20,202,0.9556,0.9188520132086234,0.9923479867913766
0.90,Legacy-20,203,0.9560000000000001,0.9193425492148976,0.9926574507851026
0.90,Legacy-20,204,0.9565,0.9200743687620722,0.9929256312379279
0.90,Legacy-20,205,0.957,0.9205865414000757,0.9934134585999242
0.90,Legacy-20,206,0.95755,0.9215755289000874,0.9935244710999126
0.90,Legacy-20,207,0.9579,0.9220544043460893,0.9937455956539106
0.90,Legacy-20,208,0.9585000000000001,0.9226503934755386,0.9943496065244617
0.90,Legacy-20,209,0.9592,0.9236950720996603,0.9947049279003398
0.90,Legacy-20,210,0.95955,0.9242791728610447,0.9948208271389554
0.90,Legacy-20,211,0.9599,0.9247870075561957,0.9950129924438043
0.90,Legacy-20,212,0.9603,0.9254418086024986,0.9951581913975015
0.90,Legacy-20,213,0.96075,0.926124629955595,0.995375370044405
0.90,Legacy-20,214,0.9609,0.9262767927570614,0.9955232072429385
0.90,Legacy-20,215,0.96115,0.9267663154889064,0.9955336845110935
0.90,Legacy-20,216,0.9613999999999999,0.9271053777393395,0.9956946222606603
0.90,Legacy-20,217,0.9615999999999999,0.9271812250673918,0.996018774932608
0.90,Legacy-20,218,0.96205,0.9275929827293877,0.9965070172706122
0.90,Legacy-20,219,0.9622999999999999,0.9277775271261621,0.9968224728738377
0.90,Legacy-20,220,0.96295,0.9286023429046488,0.9972976570953511
0.90,Legacy-20,221,0.9632000000000001,0.928957124237165,0.9974428757628351
0.90,Legacy-20,222,0.9636,0.9294117526299877,0.9977882473700124
0.90,Legacy-20,223,0.9641,0.9298134142994788,0.9983865857005211
0.90,Legacy-20,224,0.9642999999999999,0.9299756937349823,0.9986243062650175
0.90,Legacy-20,225,0.96465,0.930226148772224,0.999073851227776
0.90,Legacy-20,226,0.965,0.9304760231940293,0.9995239768059706
0.90,Legacy-20,227,0.96545,0.9309491968060827,0.9999508031939174
0.90,Legacy-20,228,0.9655999999999999,0.931285818332867,0.9999141816671328
0.90,Legacy-20,229,0.9660000000000001,0.9318061457013121,1
0.90,Legacy-20,230,0.9665,0.9327738638406613,1
0.90,Legacy-20,231,0.96685,0.9334084764187747,1
0.90,Legacy-20,232,0.9671500000000001,0.9338616966840652,1
0.90,Legacy-20,233,0.9674,0.9341263073116736,1
0.90,Legacy-20,234,0.9677000000000001,0.9345891082088619,1
0.90,Legacy-20,235,0.96775,0.9347467873696207,1
0.90,Legacy-20,236,0.96795,0.9350046834311183,1
0.90,Legacy-20,237,0.96825,0.9354288121792472,1
0.90,Legacy-20,238,0.96855,0.9358609863473563,1
0.90,Legacy-20,239,0.96875,0.9363094641543503,1
0.90,Legacy-20,240,0.96905,0.9366397644034589,1
0.90,Legacy-20,241,0.9694,0.9371656896166717,1
0.90,Legacy-20,242,0.9698500000000001,0.9377319022295609,1
0.90,Legacy-20,243,0.9702000000000001,0.9383636408535782,1
0.90,Legacy-20,244,0.97065,0.9392945181572747,1
0.90,Legacy-20,245,0.97075,0.9394156694714705,1
0.90,Legacy-20,246,0.9711000000000001,0.9399506188643201,1
0.90,Legacy-20,247,0.9712500000000001,0.940100266268584,1
0.90,Legacy-20,248,0.9715,0.9405683234061267,1
0.90,Legacy-20,249,0.97185,0.9409239083408724,1
0.90,Legacy-20,250,0.9721,0.941429733501247,1
0.90,Legacy-20,251,0.9722,0.9414864007526984,1
0.90,Legacy-20,252,0.9723499999999999,0.9416335725873551,1
0.90,Legacy-20,253,0.9724499999999999,0.941953843916012,1
0.90,Legacy-20,254,0.97255,0.942145919476405,1
0.90,Legacy-20,255,0.9727,0.9423565041296558,1
0.90,Legacy-20,256,0.97295,0.9426232577368986,1
0.90,Legacy-20,257,0.9731,0.9431038702499026,1
0.90,Legacy-20,258,0.9734,0.9436357765580348,1
0.90,Legacy-20,259,0.9738,0.9446201151757415,1
0.90,Legacy-20,260,0.9742500000000001,0.9452508317454397,1
0.90,Legacy-20,261,0.97465,0.9460641964047305,1
0.90,Legacy-20,262,0.97515,0.9471682839509286,1
0.90,Legacy-20,263,0.9756,0.9478703063826095,1
0.90,Legacy-20,264,0.976,0.9487268938422424,1
0.90,Legacy-20,265,0.9766,0.9500577604982169,1
0.90,Legacy-20,266,0.977,0.9507129860829973,1
0.90,Legacy-20,267,0.9776,0.9518341196380713,1
0.90,Legacy-20,268,0.97775,0.9521128256265798,1
0.90,Legacy-20,269,0.9781,0.9524878803338404,1
0.90,Legacy-20,270,0.97845,0.9530799871370097,1
0.90,Legacy-20,271,0.97875,0.9534020363125829,1
0.90,Legacy-20,272,0.979,0.9537672796013462,1
0.90,Legacy-20,273,0.9793999999999999,0.9546112093280897,1
0.90,Legacy-20,274,0.9795,0.9548069364421928,1
0.90,Legacy-20,275,0.97975,0.955159897337598,1
0.90,Legacy-20,276,0.98015,0.9562177211800538,1
0.90,Legacy-20,277,0.98045,0.9569416880055878,1
0.90,Legacy-20,278,0.9808,0.9577060988278869,1
0.90,Legacy-20,279,0.98125,0.9585028993727359,1
0.90,Legacy-20,280,0.9815499999999999,0.9589996957554898,1
0.90,Legacy-20,281,0.9816499999999999,0.9591110336654278,1
0.90,Legacy-20,282,0.98185,0.9593475663492366,1
0.90,Legacy-20,283,0.9820499999999999,0.9597841579897461,1
0.90,Legacy-20,284,0.9823,0.9602545773639561,1
0.90,Legacy-20,285,0.9823999999999999,0.9603333910677072,1
0.90,Legacy-20,286,0.9824499999999998,0.9604963025432471,1
0.90,Legacy-20,287,0.9824999999999999,0.9606591577196811,1
0.90,Legacy-20,288,0.9828000000000001,0.961066763630243,1
0.90,Legacy-20,289,0.9829000000000001,0.961393058577078,1
0.90,Legacy-20,290,0.98305,0.9618820842296361,1
0.90,Legacy-20,291,0.9832000000000001,0.9623705880566297,1
0.90,Legacy-20,292,0.9836500000000001,0.9631160988236321,1
0.90,Legacy-20,293,0.9837,0.9632789772950128,1
0.90,Legacy-20,294,0.9839,0.9637102863831043,1
0.90,Legacy-20,295,0.9841,0.9641218735812722,1
0.90,Legacy-20,296,0.9842500000000001,0.9643406120432777,1
0.90,Legacy-20,297,0.9843,0.964503420000021,1
0.90,Legacy-20,298,0.9843500000000001,0.9645359262179722,1
0.90,Legacy-20,299,0.9845,0.9647891461408706,1
0.90,Legacy-20,300,0.98485,0.9654762056030329,1
0.90,Legacy-20,301,0.98485,0.9654762056030329,1
0.90,Legacy-20,302,0.98485,0.9654762056030329,1
0.90,Legacy-20,303,0.98485,0.9654762056030329,1
0.90,Legacy-20,304,0.98495,0.965661740168622,1
0.90,Legacy-20,305,0.98495,0.965661740168622,1
0.90,Legacy-20,306,0.98505,0.9658497357444452,1
0.90,Legacy-20,307,0.9853000000000001,0.96631661742917,1
0.90,Legacy-20,308,0.9855,0.9664762656637166,1
0.90,Legacy-20,309,0.9855499999999999,0.966639393667208,1
0.90,Legacy-20,310,0.9857,0.9668627690930115,1
0.90,Legacy-20,311,0.9858,0.9669218933604866,1
0.90,Legacy-20,312,0.9858,0.9669218933604866,1
0.90,Legacy-20,313,0.98605,0.9672138822369274,1
0.90,Legacy-20,314,0.9862000000000001,0.9674876393837344,1
0.90,Legacy-20,315,0.9863000000000001,0.9675750508943558,1
0.90,Legacy-20,316,0.9863500000000001,0.9676295839087948,1
0.90,Legacy-20,317,0.9865,0.9678734238520792,1
0.90,Legacy-20,318,0.9866,0.9680608977709391,1
0.90,Legacy-20,319,0.98675,0.9684132684066218,1
0.90,Legacy-20,320,0.9869,0.9687644837342152,1
0.90,Legacy-20,321,0.987,0.9688510549902308,1
0.90,Legacy-20,322,0.98705,0.9689046313484759,1
0.90,Legacy-20,323,0.98725,0.9691968697906445,1
0.90,Legacy-20,324,0.98735,0.9693052784832904,1
0.90,Legacy-20,325,0.9874499999999999,0.9693849273287225,1
0.90,Legacy-20,326,0.9874999999999999,0.9694359775063527,1
0.90,Legacy-20,327,0.9877499999999999,0.9699199200184051,1
0.90,Legacy-20,328,0.9878499999999999,0.9700297786289316,1
0.90,Legacy-20,329,0.98795,0.9702435471734812,1
0.90,Legacy-20,330,0.988,0.9702921374711897,1
0.90,Legacy-20,331,0.9881,0.9705109463172992,1
0.90,Legacy-20,332,0.9883,0.970833992819565,1
0.90,Legacy-20,333,0.9884999999999999,0.9711330577036061,1
0.90,Legacy-20,334,0.9887,0.9715645717273926,1
0.90,Legacy-20,335,0.9888500000000001,0.9718280485678251,1
0.90,Legacy-20,336,0.9888500000000001,0.9718280485678251,1
0.90,Legacy-20,337,0.9889500000000001,0.9719247640393359,1
0.90,Legacy-20,338,0.9890500000000001,0.9722562323307572,1
0.90,Legacy-20,339,0.9892,0.9723995152632995,1
0.90,Legacy-20,340,0.9892500000000001,0.9725655093551192,1
0.90,Legacy-20,341,0.9892500000000001,0.9725655093551192,1
0.90,Legacy-20,342,0.9897,0.9733117964460786,1
0.90,Legacy-20,343,0.9898,0.9733910945749201,1
0.90,Legacy-20,344,0.9898,0.9733910945749201,1
0.90,Legacy-20,345,0.9898500000000001,0.973557425133926,1
0.90,Legacy-20,346,0.9899500000000001,0.9737503514257722,1
0.90,Legacy-20,347,0.9901,0.9741274676473015,1
0.90,Legacy-20,348,0.9901,0.9741274676473015,1
0.90,Legacy-20,349,0.9903500000000001,0.974958454898577,1
0.90,Legacy-20,350,0.99045,0.9751584221849036,1
0.90,Legacy-20,351,0.99055,0.9754905468961803,1
0.90,Legacy-20,352,0.9907,0.9757343915105441,1
0.90,Legacy-20,353,0.9908000000000001,0.9759326558783832,1
0.90,Legacy-20,354,0.99105,0.9765185504872659,1
0.90,Legacy-20,355,0.9911500000000001,0.9768507250852249,1
0.90,Legacy-20,356,0.9913000000000001,0.9772335376234745,1
0.90,Legacy-20,357,0.9913500000000001,0.9773996473410231,1
0.90,Legacy-20,358,0.99155,0.9780637175700376,1
0.90,Legacy-20,359,0.99175,0.978590473766033,1
0.90,Legacy-20,360,0.9918,0.9786416119331598,1
0.90,Legacy-20,361,0.99185,0.9786734888331419,1
0.90,Legacy-20,362,0.99195,0.9788836742266832,1
0.90,Legacy-20,363,0.9921000000000001,0.9791240811392363,1
0.90,Legacy-20,364,0.99225,0.9794823584329906,1
0.90,Legacy-20,365,0.99225,0.9794823584329906,1
0.90,Legacy-20,366,0.99235,0.9798140661007873,1
0.90,Legacy-20,367,0.9925,0.9801886972417493,1
0.90,Legacy-20,368,0.99255,0.9802410494281126,1
0.90,Legacy-20,369,0.9927,0.9803640668335956,1
0.90,Legacy-20,370,0.9927,0.9803640668335956,1
0.90,Legacy-20,371,0.99275,0.9804054092707926,1
0.90,Legacy-20,372,0.9928,0.9804559754677815,1
0.90,Legacy-20,373,0.9929,0.9805343167156468,1
0.90,Legacy-20,374,0.9931,0.9810749083520036,1
0.90,Legacy-20,375,0.99325,0.9814574049154938,1
0.90,Legacy-20,376,0.99345,0.9820059759162455,1
0.90,Legacy-20,377,0.9935,0.9820534459921906,1
0.90,Legacy-20,378,0.9935,0.9820534459921906,1
0.90,Legacy-20,379,0.9936,0.9822610693016036,1
0.90,Legacy-20,380,0.9936499999999999,0.9824279955370718,1
0.90,Legacy-20,381,0.9937,0.9825948941388133,1
0.90,Legacy-20,382,0.994,0.9832038097325223,1
0.90,Legacy-20,383,0.9942,0.9837512195385457,1
0.90,Legacy-20,384,0.9942500000000001,0.9837967292401998,1
0.90,Legacy-20,385,0.9942500000000001,0.9837967292401998,1
0.90,Legacy-20,386,0.9944500000000001,0.9844649358552756,1
0.90,Legacy-20,387,0.99455,0.9846735226593031,1
0.90,Legacy-20,388,0.99475,0.9852200948757127,1
0.90,Legacy-20,389,0.99485,0.9855543109098729,1
0.90,Legacy-20,390,0.9949999999999999,0.9860554133170831,1
0.90,Legacy-20,391,0.99505,0.9862223836458534,1
0.90,Legacy-20,392,0.99505,0.9862223836458534,1
0.90,Legacy-20,393,0.99515,0.9865562207760908,1
0.90,Legacy-20,394,0.9952000000000001,0.9867230847217398,1
0.90,Legacy-20,395,0.9952000000000001,0.9867230847217398,1
0.90,Legacy-20,396,0.99535,0.9872234392313359,1
0.90,Legacy-20,397,0.99535,0.9872234392313359,1
0.90,Legacy-20,398,0.9955499999999999,0.9876456696128588,1
0.90,Legacy-20,399,0.9957,0.9879008356339837,1
0.90,Legacy-20,400,0.9958,0.9881096461283648,1
0.90,Legacy-20,401,0.9958500000000001,0.9882770030758082,1
0.90,Legacy-20,402,0.9958500000000001,0.9882770030758082,1
0.90,Legacy-20,403,0.9958500000000001,0.9882770030758082,1
0.90,Legacy-20,404,0.9958500000000001,0.9882770030758082,1
0.90,Legacy-20,405,0.9958500000000001,0.9882770030758082,1
0.90,Legacy-20,406,0.9958500000000001,0.9882770030758082,1
0.90,Legacy-20,407,0.9958500000000001,0.9882770030758082,1
0.90,Legacy-20,408,0.9960000000000001,0.9886451876949771,1
0.90,Legacy-20,409,0.9960000000000001,0.9886451876949771,1
0.90,Legacy-20,410,0.9960500000000001,0.9886877248045578,1
0.90,Legacy-20,411,0.9961000000000001,0.9887197093670896,1
0.90,Legacy-20,412,0.9962000000000001,0.9890545184459906,1
0.90,Legacy-20,413,0.9962000000000001,0.9890545184459906,1
0.90,Legacy-20,414,0.9962500000000001,0.9892218814108052,1
0.90,Legacy-20,415,0.9963000000000001,0.989389214776299,1
0.90,Legacy-20,416,0.9964000000000001,0.9897237864672761,1
0.90,Legacy-20,417,0.9964000000000001,0.9897237864672761,1
0.90,Legacy-20,418,0.9964000000000001,0.9897237864672761,1
0.90,Legacy-20,419,0.9964500000000001,0.9898910213937999,1
0.90,Legacy-20,420,0.9965,0.9900582199030162,1
0.90,Legacy-20,421,0.99655,0.9902253799704295,1
0.90,Legacy-20,422,0.99665,0.9902976554757609,1
0.90,Legacy-20,423,0.99665,0.9902976554757609,1
0.90,Legacy-20,424,0.99665,0.9902976554757609,1
0.90,Legacy-20,425,0.9967,0.9904648946992227,1
0.90,Legacy-20,426,0.9967,0.9904648946992227,1
0.90,Legacy-20,427,0.9968500000000001,0.9907164480688962,1
0.90,Legacy-20,428,0.9968500000000001,0.9907164480688962,1
0.90,Legacy-20,429,0.9969,0.9908839678238442,1
0.90,Legacy-20,430,0.997,0.9912189202939024,1
0.90,Legacy-20,431,0.997,0.9912189202939024,1
0.90,Legacy-20,432,0.9970500000000001,0.9913863493982262,1
0.90,Legacy-20,433,0.9970500000000001,0.9913863493982262,1
0.90,Legacy-20,434,0.9970500000000001,0.9913863493982262,1
0.90,Legacy-20,435,0.9971,0.9915537444208785,1
0.90,Legacy-20,436,0.9971500000000001,0.9917211031509027,1
0.90,Legacy-20,437,0.9972500000000001,0.9919310969958712,1
0.90,Legacy-20,438,0.9973000000000001,0.9920985944396059,1
0.90,Legacy-20,439,0.9973500000000001,0.9921388135676829,1
0.90,Legacy-20,440,0.9974000000000001,0.9923064434805673,1
0.90,Legacy-20,441,0.9974500000000001,0.9924740448916628,1
0.90,Legacy-20,442,0.9974500000000001,0.9924740448916628,1
0.90,Legacy-20,443,0.9974500000000001,0.9924740448916628,1
0.90,Legacy-20,444,0.9974500000000001,0.9924740448916628,1
0.90,Legacy-20,445,0.9975,0.9925150233907375,1
0.90,Legacy-20,446,0.99755,0.992553219877877,1
0.90,Legacy-20,447,0.99755,0.992553219877877,1
0.90,Legacy-20,448,0.99755,0.992553219877877,1
0.90,Legacy-20,449,0.99755,0.992553219877877,1
0.90,Legacy-20,450,0.99755,0.992553219877877,1
0.90,Legacy-20,451,0.9976,0.9927211074751563,1
0.90,Legacy-20,452,0.9976,0.9927211074751563,1
0.90,Legacy-20,453,0.9976,0.9927211074751563,1
0.90,Legacy-20,454,0.9976,0.9927211074751563,1
0.90,Legacy-20,455,0.9976,0.9927211074751563,1
0.90,Legacy-20,456,0.9976,0.9927211074751563,1
0.90,Legacy-20,457,0.9976,0.9927211074751563,1
0.90,Legacy-20,458,0.99765,0.9928889780310997,1
0.90,Legacy-20,459,0.9977,0.9929245294013154,1
0.90,Legacy-20,460,0.9978,0.9932603437120485,1
0.90,Legacy-20,461,0.9978,0.9932603437120485,1
0.90,Legacy-20,462,0.9978,0.9932603437120485,1
0.90,Legacy-20,463,0.9978,0.9932603437120485,1
0.90,Legacy-20,464,0.99785,0.9934282249086459,1
0.90,Legacy-20,465,0.99785,0.9934282249086459,1
0.90,Legacy-20,466,0.99795,0.9937639280742195,1
0.90,Legacy-20,467,0.99795,0.9937639280742195,1
0.90,Legacy-20,468,0.99795,0.9937639280742195,1
0.90,Legacy-20,469,0.99805,0.9940995404907701,1
0.90,Legacy-20,470,0.99805,0.9940995404907701,1
0.90,Legacy-20,471,0.99805,0.9940995404907701,1
0.90,Legacy-20,472,0.99805,0.9940995404907701,1
0.90,Legacy-20,473,0.99805,0.9940995404907701,1
0.90,Legacy-20,474,0.9981000000000001,0.9942673074378375,1
0.90,Legacy-20,475,0.9981000000000001,0.9942673074378375,1
0.90,Legacy-20,476,0.9981000000000001,0.9942673074378375,1
0.90,Legacy-20,477,0.9981000000000001,0.9942673074378375,1
0.90,Legacy-20,478,0.9981000000000001,0.9942673074378375,1
0.90,Legacy-20,479,0.9981000000000001,0.9942673074378375,1
0.90,Legacy-20,480,0.99815,0.9944350448916185,1
0.90,Legacy-20,481,0.9982000000000001,0.9946027499561797,1
0.90,Legacy-20,482,0.9982000000000001,0.9946027499561797,1
0.90,Legacy-20,483,0.9982000000000001,0.9946027499561797,1
0.90,Legacy-20,484,0.9983000000000001,0.9949380493108252,1
0.90,Legacy-20,485,0.9983000000000001,0.9949380493108252,1
0.90,Legacy-20,486,0.9983000000000001,0.9949380493108252,1
0.90,Legacy-20,487,0.99835,0.9951056355669182,1
0.90,Legacy-20,488,0.99835,0.9951056355669182,1
0.90,Legacy-20,489,0.9984500000000001,0.995440656455508,1
0.90,Legacy-20,490,0.9984500000000001,0.995440656455508,1
0.90,Legacy-20,491,0.99855,0.9956515261960392,1
0.90,Legacy-20,492,0.99855,0.9956515261960392,1
0.90,Legacy-20,493,0.99855,0.9956515261960392,1
0.90,Legacy-20,494,0.99855,0.9956515261960392,1
0.90,Legacy-20,495,0.99855,0.9956515261960392,1
0.90,Legacy-20,496,0.99855,0.9956515261960392,1
0.90,Legacy-20,497,0.99855,0.9956515261960392,1
0.90,Legacy-20,498,0.9986,0.9958193213784946,1
0.90,Legacy-20,499,0.9986,0.9958193213784946,1
0.90,Legacy-20,500,0.9986,0.9958193213784946,1
0.90,Legacy-20,501,0.9986,0.9958193213784946,1
0.90,Legacy-20,502,0.9986,0.9958193213784946,1
0.90,Legacy-20,503,0.9986,0.9958193213784946,1
0.90,Legacy-20,504,0.9986,0.9958193213784946,1
0.90,Legacy-20,505,0.9986,0.9958193213784946,1
0.90,Legacy-20,506,0.9986,0.9958193213784946,1
0.90,Legacy-20,507,0.9986,0.9958193213784946,1
0.90,Legacy-20,508,0.9986,0.9958193213784946,1
0.90,Legacy-20,509,0.9986,0.9958193213784946,1
0.90,Legacy-20,510,0.9986,0.9958193213784946,1
0.90,Legacy-20,511,0.9986,0.9958193213784946,1
0.90,Legacy-20,512,0.9986,0.9958193213784946,1
0.90,Legacy-20,513,0.9986,0.9958193213784946,1
0.90,Legacy-20,514,0.9986,0.9958193213784946,1
0.90,Legacy-20,515,0.9986,0.9958193213784946,1
0.90,Legacy-20,516,0.9986,0.9958193213784946,1
0.90,Legacy-20,517,0.9986,0.9958193213784946,1
0.90,Legacy-20,518,0.9986,0.9958193213784946,1
0.90,Legacy-20,519,0.9986,0.9958193213784946,1
0.90,Legacy-20,520,0.99865,0.9959870779134212,1
0.90,Legacy-20,521,0.99865,0.9959870779134212,1
0.90,Legacy-20,522,0.99865,0.9959870779134212,1
0.90,Legacy-20,523,0.99865,0.9959870779134212,1
0.90,Legacy-20,524,0.99865,0.9959870779134212,1
0.90,Legacy-20,525,0.9987,0.9961547904366196,1
0.90,Legacy-20,526,0.9987,0.9961547904366196,1
0.90,Legacy-20,527,0.9987,0.9961547904366196,1
0.90,Legacy-20,528,0.9987,0.9961547904366196,1
0.90,Legacy-20,529,0.9987,0.9961547904366196,1
0.90,Legacy-20,530,0.99875,0.9963224525456544,1
0.90,Legacy-20,531,0.99875,0.9963224525456544,1
0.90,Legacy-20,532,0.99875,0.9963224525456544,1
0.90,Legacy-20,533,0.99875,0.9963224525456544,1
0.90,Legacy-20,534,0.99875,0.9963224525456544,1
0.90,Legacy-20,535,0.99875,0.9963224525456544,1
0.90,Legacy-20,536,0.9988,0.9964900565366404,1
0.90,Legacy-20,537,0.9988,0.9964900565366404,1
0.90,Legacy-20,538,0.9988,0.9964900565366404,1
0.90,Legacy-20,539,0.99885,0.9966575930569398,1
0.90,Legacy-20,540,0.99885,0.9966575930569398,1
0.90,Legacy-20,541,0.9989,0.9968250506407912,1
0.90,Legacy-20,542,0.9989,0.9968250506407912,1
0.90,Legacy-20,543,0.9989,0.9968250506407912,1
0.90,Legacy-20,544,0.9989,0.9968250506407912,1
0.90,Legacy-20,545,0.9989,0.9968250506407912,1
0.90,Legacy-20,546,0.9989,0.9968250506407912,1
0.90,Legacy-20,547,0.99895,0.996992415079281,1
0.90,Legacy-20,548,0.99895,0.996992415079281,1
0.90,Legacy-20,549,0.99895,0.996992415079281,1
0.90,Legacy-20,550,0.99895,0.996992415079281,1
0.90,Legacy-20,551,0.99895,0.996992415079281,1
0.90,Legacy-20,552,0.999,0.997159668551697,1
0.90,Legacy-20,553,0.999,0.997159668551697,1
0.90,Legacy-20,554,0.999,0.997159668551697,1
0.90,Legacy-20,555,0.99905,0.997326788406306,1
0.90,Legacy-20,556,0.99905,0.997326788406306,1
0.90,Legacy-20,557,0.99905,0.997326788406306,1
0.90,Legacy-20,558,0.99905,0.997326788406306,1
0.90,Legacy-20,559,0.99905,0.997326788406306,1
0.90,Legacy-20,560,0.99905,0.997326788406306,1
0.90,Legacy-20,561,0.99905,0.997326788406306,1
0.90,Legacy-20,562,0.99905,0.997326788406306,1
0.90,Legacy-20,563,0.99905,0.997326788406306,1
0.90,Legacy-20,564,0.99905,0.997326788406306,1
0.90,Legacy-20,565,0.9991500000000001,0.9976605012157019,1
0.90,Legacy-20,566,0.9991500000000001,0.9976605012157019,1
0.90,Legacy-20,567,0.9992,0.9978270044780915,1
0.90,Legacy-20,568,0.9992,0.9978270044780915,1
0.90,Legacy-20,569,0.9992,0.9978270044780915,1
0.90,Legacy-20,570,0.9992500000000001,0.9979931849709772,1
0.90,Legacy-20,571,0.9992500000000001,0.9979931849709772,1
0.90,Legacy-20,572,0.9992500000000001,0.9979931849709772,1
0.90,Legacy-20,573,0.9993,0.9981589440984696,1
0.90,Legacy-20,574,0.9993500000000001,0.9983241392088112,1
0.90,Legacy-20,575,0.9993500000000001,0.9983241392088112,1
0.90,Legacy-20,576,0.9993500000000001,0.9983241392088112,1
0.90,Legacy-20,577,0.9993500000000001,0.9983241392088112,1
0.90,Legacy-20,578,0.9993500000000001,0.9983241392088112,1
0.90,Legacy-20,579,0.9993500000000001,0.9983241392088112,1
0.90,Legacy-20,580,0.9993500000000001,0.9983241392088112,1
0.90,Legacy-20,581,0.9993500000000001,0.9983241392088112,1
0.90,Legacy-20,582,0.9993500000000001,0.9983241392088112,1
0.90,Legacy-20,583,0.9993500000000001,0.9983241392088112,1
0.90,Legacy-20,584,0.9993500000000001,0.9983241392088112,1
0.90,Legacy-20,585,0.9993500000000001,0.9983241392088112,1
0.90,Legacy-20,586,0.9994,0.9984885564226886,1
0.90,Legacy-20,587,0.9994,0.9984885564226886,1
0.90,Legacy-20,588,0.9994,0.9984885564226886,1
0.90,Legacy-20,589,0.9994,0.9984885564226886,1
0.90,Legacy-20,590,0.9994,0.9984885564226886,1
0.90,Legacy-20,591,0.9994,0.9984885564226886,1
0.90,Legacy-20,592,0.9994,0.9984885564226886,1
0.90,Legacy-20,593,0.9994,0.9984885564226886,1
0.90,Legacy-20,594,0.9994,0.9984885564226886,1
0.90,Legacy-20,595,0.9994,0.9984885564226886,1
0.90,Legacy-20,596,0.9994,0.9984885564226886,1
0.90,Legacy-20,597,0.9994,0.9984885564226886,1
0.90,Legacy-20,598,0.9994,0.9984885564226886,1
0.90,Legacy-20,599,0.9994,0.9984885564226886,1
0.90,Legacy-20,600,0.9994,0.9984885564226886,1
0.90,Legacy-20,601,0.9994,0.9984885564226886,1
0.90,Legacy-20,602,0.9994,0.9984885564226886,1
0.90,Legacy-20,603,0.9994,0.9984885564226886,1
0.90,Legacy-20,604,0.9994,0.9984885564226886,1
0.90,Legacy-20,605,0.9994,0.9984885564226886,1
0.90,Legacy-20,606,0.9994500000000001,0.9986518611238716,1
0.90,Legacy-20,607,0.9994500000000001,0.9986518611238716,1
0.90,Legacy-20,608,0.9994500000000001,0.9986518611238716,1
0.90,Legacy-20,609,0.9994500000000001,0.9986518611238716,1
0.90,Legacy-20,610,0.9994500000000001,0.9986518611238716,1
0.90,Legacy-20,611,0.9994500000000001,0.9986518611238716,1
0.90,Legacy-20,612,0.9994500000000001,0.9986518611238716,1
0.90,Legacy-20,613,0.9994500000000001,0.9986518611238716,1
0.90,Legacy-20,614,0.9994500000000001,0.9986518611238716,1
0.90,Legacy-20,615,0.9994500000000001,0.9986518611238716,1
0.90,Legacy-20,616,0.9994500000000001,0.9986518611238716,1
0.90,Legacy-20,617,0.9994500000000001,0.9986518611238716,1
0.90,Legacy-20,618,0.9994500000000001,0.9986518611238716,1
0.90,Legacy-20,619,0.9994500000000001,0.9986518611238716,1
0.90,Legacy-20,620,0.9994500000000001,0.9986518611238716,1
0.90,Legacy-20,621,0.9994500000000001,0.9986518611238716,1
0.90,Legacy-20,622,0.9994500000000001,0.9986518611238716,1
0.90,Legacy-20,623,0.9994500000000001,0.9986518611238716,1
0.90,Legacy-20,624,0.9994500000000001,0.9986518611238716,1
0.90,Legacy-20,625,0.9995,0.9988135022390459,1
0.90,Legacy-20,626,0.9995,0.9988135022390459,1
0.90,Legacy-20,627,0.9995,0.9988135022390459,1
0.90,Legacy-20,628,0.9995,0.9988135022390459,1
0.90,Legacy-20,629,0.9995,0.9988135022390459,1
0.90,Legacy-20,630,0.9995,0.9988135022390459,1
0.90,Legacy-20,631,0.9995,0.9988135022390459,1
0.90,Legacy-20,632,0.9995,0.9988135022390459,1
0.90,Legacy-20,633,0.9995,0.9988135022390459,1
0.90,Legacy-20,634,0.9995,0.9988135022390459,1
0.90,Legacy-20,635,0.9995,0.9988135022390459,1
0.90,Legacy-20,636,0.9995,0.9988135022390459,1
0.90,Legacy-20,637,0.9996,0.9991270751498,1
0.90,Legacy-20,638,0.9996,0.9991270751498,1
0.90,Legacy-20,639,0.9996,0.9991270751498,1
0.90,Legacy-20,640,0.9996,0.9991270751498,1
0.90,Legacy-20,641,0.9996,0.9991270751498,1
0.90,Legacy-20,642,0.9996,0.9991270751498,1
0.90,Legacy-20,643,0.9996,0.9991270751498,1
0.90,Legacy-20,644,0.9996,0.9991270751498,1
0.90,Legacy-20,645,0.9996,0.9991270751498,1
0.90,Legacy-20,646,0.9996,0.9991270751498,1
0.90,Legacy-20,647,0.9996,0.9991270751498,1
0.90,Legacy-20,648,0.9996,0.9991270751498,1
0.90,Legacy-20,649,0.9996,0.9991270751498,1
0.90,Legacy-20,650,0.9996,0.9991270751498,1
0.90,Legacy-20,651,0.9996,0.9991270751498,1
0.90,Legacy-20,652,0.9996,0.9991270751498,1
0.90,Legacy-20,653,0.9996,0.9991270751498,1
0.90,Legacy-20,654,0.9996,0.9991270751498,1
0.90,Legacy-20,655,0.9996,0.9991270751498,1
0.90,Legacy-20,656,0.9996,0.9991270751498,1
0.90,Legacy-20,657,0.9996,0.9991270751498,1
0.90,Legacy-20,658,0.9996,0.9991270751498,1
0.90,Legacy-20,659,0.9996,0.9991270751498,1
0.90,Legacy-20,660,0.9996,0.9991270751498,1
0.90,Legacy-20,661,0.9996,0.9991270751498,1
0.90,Legacy-20,662,0.9996,0.9991270751498,1
0.90,Legacy-20,663,0.9996,0.9991270751498,1
0.90,Legacy-20,664,0.9996,0.9991270751498,1
0.90,Legacy-20,665,0.9996,0.9991270751498,1
0.90,Legacy-20,666,0.9996,0.9991270751498,1
0.90,Legacy-20,667,0.9996,0.9991270751498,1
0.90,Legacy-20,668,0.9996,0.9991270751498,1
0.90,Legacy-20,669,0.9996,0.9991270751498,1
0.90,Legacy-20,670,0.9996,0.9991270751498,1
0.90,Legacy-20,671,0.9996,0.9991270751498,1
0.90,Legacy-20,672,0.9996,0.9991270751498,1
0.90,Legacy-20,673,0.9996,0.9991270751498,1
0.90,Legacy-20,674,0.9996,0.9991270751498,1
0.90,Legacy-20,675,0.9996,0.9991270751498,1
0.90,Legacy-20,676,0.9996,0.9991270751498,1
0.90,Legacy-20,677,0.9996,0.9991270751498,1
0.90,Legacy-20,678,0.9996,0.9991270751498,1
0.90,Legacy-20,679,0.9996,0.9991270751498,1
0.90,Legacy-20,680,0.9996,0.9991270751498,1
0.90,Legacy-20,681,0.9996,0.9991270751498,1
0.90,Legacy-20,682,0.9996,0.9991270751498,1
0.90,Legacy-20,683,0.9996,0.9991270751498,1
0.90,Legacy-20,684,0.9996,0.9991270751498,1
0.90,Legacy-20,685,0.9996,0.9991270751498,1
0.90,Legacy-20,686,0.9996,0.9991270751498,1
0.90,Legacy-20,687,0.9996,0.9991270751498,1
0.90,Legacy-20,688,0.9996,0.9991270751498,1
0.90,Legacy-20,689,0.9996,0.9991270751498,1
0.90,Legacy-20,690,0.9996,0.9991270751498,1
0.90,Legacy-20,691,0.9996,0.9991270751498,1
0.90,Legacy-20,692,0.9996,0.9991270751498,1
0.90,Legacy-20,693,0.9996,0.9991270751498,1
0.90,Legacy-20,694,0.9996,0.9991270751498,1
0.90,Legacy-20,695,0.9996,0.9991270751498,1
0.90,Legacy-20,696,0.9996,0.9991270751498,1
0.90,Legacy-20,697,0.9996,0.9991270751498,1
0.90,Legacy-20,698,0.9996,0.9991270751498,1
0.90,Legacy-20,699,0.9996,0.9991270751498,1
0.90,Legacy-20,700,0.9996,0.9991270751498,1
0.90,Legacy-20,701,0.9996,0.9991270751498,1
0.90,Legacy-20,702,0.9996,0.9991270751498,1
0.90,Legacy-20,703,0.9996,0.9991270751498,1
0.90,Legacy-20,704,0.9996,0.9991270751498,1
0.90,Legacy-20,705,0.9996,0.9991270751498,1
0.90,Legacy-20,706,0.9996,0.9991270751498,1
0.90,Legacy-20,707,0.9996,0.9991270751498,1
0.90,Legacy-20,708,0.9996,0.9991270751498,1
0.90,Legacy-20,709,0.9996,0.9991270751498,1
0.90,Legacy-20,710,0.9996,0.9991270751498,1
0.90,Legacy-20,711,0.9996,0.9991270751498,1
0.90,Legacy-20,712,0.9996,0.9991270751498,1
0.90,Legacy-20,713,0.9996,0.9991270751498,1
0.90,Legacy-20,714,0.9996,0.9991270751498,1
0.90,Legacy-20,715,0.9996,0.9991270751498,1
0.90,Legacy-20,716,0.9996,0.9991270751498,1
0.90,Legacy-20,717,0.9996,0.9991270751498,1
0.90,Legacy-20,718,0.9996,0.9991270751498,1
0.90,Legacy-20,719,0.9996,0.9991270751498,1
0.90,Legacy-20,720,0.9996,0.9991270751498,1
0.90,Legacy-20,721,0.9996,0.9991270751498,1
0.90,Legacy-20,722,0.9996,0.9991270751498,1
0.90,Legacy-20,723,0.9996,0.9991270751498,1
0.90,Legacy-20,724,0.9996,0.9991270751498,1
0.90,Legacy-20,725,0.9996,0.9991270751498,1
0.90,Legacy-20,726,0.9996,0.9991270751498,1
0.90,Legacy-20,727,0.9996,0.9991270751498,1
0.90,Legacy-20,728,0.9996,0.9991270751498,1
0.90,Legacy-20,729,0.9996,0.9991270751498,1
0.90,Legacy-20,730,0.9996,0.9991270751498,1
0.90,Legacy-20,731,0.9996,0.9991270751498,1
0.90,Legacy-20,732,0.9996,0.9991270751498,1
0.90,Legacy-20,733,0.9996,0.9991270751498,1
0.90,Legacy-20,734,0.9996,0.9991270751498,1
0.90,Legacy-20,735,0.9996,0.9991270751498,1
0.90,Legacy-20,736,0.9996,0.9991270751498,1
0.90,Legacy-20,737,0.9996,0.9991270751498,1
0.90,Legacy-20,738,0.9996,0.9991270751498,1
0.90,Legacy-20,739,0.9996,0.9991270751498,1
0.90,Legacy-20,740,0.9996,0.9991270751498,1
0.90,Legacy-20,741,0.9996,0.9991270751498,1
0.90,Legacy-20,742,0.9996,0.9991270751498,1
0.90,Legacy-20,743,0.9996,0.9991270751498,1
0.90,Legacy-20,744,0.9996,0.9991270751498,1
0.90,Legacy-20,745,0.9996,0.9991270751498,1
0.90,Legacy-20,746,0.9996,0.9991270751498,1
0.90,Legacy-20,747,0.9996,0.9991270751498,1
0.90,Legacy-20,748,0.9996,0.9991270751498,1
0.90,Legacy-20,749,0.9996,0.9991270751498,1
0.90,Legacy-20,750,0.9996,0.9991270751498,1
0.90,Legacy-20,751,0.9996,0.9991270751498,1
0.90,Legacy-20,752,0.9996,0.9991270751498,1
0.90,Legacy-20,753,0.9996,0.9991270751498,1
0.90,Legacy-20,754,0.9996,0.9991270751498,1
0.90,Legacy-20,755,0.9996,0.9991270751498,1
0.90,Legacy-20,756,0.9996,0.9991270751498,1
0.90,Legacy-20,757,0.9996,0.9991270751498,1
0.90,Legacy-20,758,0.9996,0.9991270751498,1
0.90,Legacy-20,759,0.9996,0.9991270751498,1
0.90,Legacy-20,760,0.9996,0.9991270751498,1
0.90,Legacy-20,761,0.9996,0.9991270751498,1
0.90,Legacy-20,762,0.9996,0.9991270751498,1
0.90,Legacy-20,763,0.9996,0.9991270751498,1
0.90,Legacy-20,764,0.9996,0.9991270751498,1
0.90,Legacy-20,765,0.9996,0.9991270751498,1
0.90,Legacy-20,766,0.9996,0.9991270751498,1
0.90,Legacy-20,767,0.9996,0.9991270751498,1
0.90,Legacy-20,768,0.9996,0.9991270751498,1
0.90,Legacy-20,769,0.9996,0.9991270751498,1
0.90,Legacy-20,770,0.9996,0.9991270751498,1
0.90,Legacy-20,771,0.9996,0.9991270751498,1
0.90,Legacy-20,772,0.9996,0.9991270751498,1
0.90,Legacy-20,773,0.9996,0.9991270751498,1
0.90,Legacy-20,774,0.9996,0.9991270751498,1
0.90,Legacy-20,775,0.9996,0.9991270751498,1
0.90,Legacy-20,776,0.9996,0.9991270751498,1
0.90,Legacy-20,777,0.9996,0.9991270751498,1
0.90,Legacy-20,778,0.9996,0.9991270751498,1
0.90,Legacy-20,779,0.9996,0.9991270751498,1
0.90,Legacy-20,780,0.9996,0.9991270751498,1
0.90,Legacy-20,781,0.9996,0.9991270751498,1
0.90,Legacy-20,782,0.9996,0.9991270751498,1
0.90,Legacy-20,783,0.9996,0.9991270751498,1
0.90,Legacy-20,784,0.9996,0.9991270751498,1
0.90,Legacy-20,785,0.9996,0.9991270751498,1
0.90,Legacy-20,786,0.9996,0.9991270751498,1
0.90,Legacy-20,787,0.9996,0.9991270751498,1
0.90,Legacy-20,788,0.9996,0.9991270751498,1
0.90,Legacy-20,789,0.9996,0.9991270751498,1
0.90,Legacy-20,790,0.9996,0.9991270751498,1
0.90,Legacy-20,791,0.9996,0.9991270751498,1
0.90,Legacy-20,792,0.9996,0.9991270751498,1
0.90,Legacy-20,793,0.9996,0.9991270751498,1
0.90,Legacy-20,794,0.9996,0.9991270751498,1
0.90,Legacy-20,795,0.9996,0.9991270751498,1
0.90,Legacy-20,796,0.9996,0.9991270751498,1
0.90,Legacy-20,797,0.9996,0.9991270751498,1
0.90,Legacy-20,798,0.9996,0.9991270751498,1
0.90,Legacy-20,799,0.9996,0.9991270751498,1
0.90,Legacy-20,800,0.9996,0.9991270751498,1
0.90,Legacy-20,801,0.9996,0.9991270751498,1
0.90,Legacy-20,802,0.9996,0.9991270751498,1
0.90,Legacy-20,803,0.9996,0.9991270751498,1
0.90,Legacy-20,804,0.9996,0.9991270751498,1
0.90,Legacy-20,805,0.9996,0.9991270751498,1
0.90,Legacy-20,806,0.9996,0.9991270751498,1
0.90,Legacy-20,807,0.9996,0.9991270751498,1
0.90,Legacy-20,808,0.9996,0.9991270751498,1
0.90,Legacy-20,809,0.9996,0.9991270751498,1
0.90,Legacy-20,810,0.9996,0.9991270751498,1
0.90,Legacy-20,811,0.9996,0.9991270751498,1
0.90,Legacy-20,812,0.9996,0.9991270751498,1
0.90,Legacy-20,813,0.9996,0.9991270751498,1
0.90,Legacy-20,814,0.9996,0.9991270751498,1
0.90,Legacy-20,815,0.9996,0.9991270751498,1
0.90,Legacy-20,816,0.9996,0.9991270751498,1
0.90,Legacy-20,817,0.9996,0.9991270751498,1
0.90,Legacy-20,818,0.9996,0.9991270751498,1
0.90,Legacy-20,819,0.9996,0.9991270751498,1
0.90,Legacy-20,820,0.9996,0.9991270751498,1
0.90,Legacy-20,821,0.9996,0.9991270751498,1
0.90,Legacy-20,822,0.9996,0.9991270751498,1
0.90,Legacy-20,823,0.9996,0.9991270751498,1
0.90,Legacy-20,824,0.9996,0.9991270751498,1
0.90,Legacy-20,825,0.9996,0.9991270751498,1
0.90,Legacy-20,826,0.9996,0.9991270751498,1
0.90,Legacy-20,827,0.9996,0.9991270751498,1
0.90,Legacy-20,828,0.9996,0.9991270751498,1
0.90,Legacy-20,829,0.9996,0.9991270751498,1
0.90,Legacy-20,830,0.9996,0.9991270751498,1
0.90,Legacy-20,831,0.9996,0.9991270751498,1
0.90,Legacy-20,832,0.9996,0.9991270751498,1
0.90,Legacy-20,833,0.9996,0.9991270751498,1
0.90,Legacy-20,834,0.9996,0.9991270751498,1
0.90,Legacy-20,835,0.9996,0.9991270751498,1
0.90,Legacy-20,836,0.9996,0.9991270751498,1
0.90,Legacy-20,837,0.9996,0.9991270751498,1
0.90,Legacy-20,838,0.9996,0.9991270751498,1
0.90,Legacy-20,839,0.9996,0.9991270751498,1
0.90,Legacy-20,840,0.9996,0.9991270751498,1
0.90,Legacy-20,841,0.9996,0.9991270751498,1
0.90,Legacy-20,842,0.9996,0.9991270751498,1
0.90,Legacy-20,843,0.9996,0.9991270751498,1
0.90,Legacy-20,844,0.9996,0.9991270751498,1
0.90,Legacy-20,845,0.9996,0.9991270751498,1
0.90,Legacy-20,846,0.9996,0.9991270751498,1
0.90,Legacy-20,847,0.9996,0.9991270751498,1
0.90,Legacy-20,848,0.9996,0.9991270751498,1
0.90,Legacy-20,849,0.9996,0.9991270751498,1
0.90,Legacy-20,850,0.9996,0.9991270751498,1
0.90,Legacy-20,851,0.9996,0.9991270751498,1
0.90,Legacy-20,852,0.9996,0.9991270751498,1
0.90,Legacy-20,853,0.9996,0.9991270751498,1
0.90,Legacy-20,854,0.9996,0.9991270751498,1
0.90,Legacy-20,855,0.9996,0.9991270751498,1
0.90,Legacy-20,856,0.9996,0.9991270751498,1
0.90,Legacy-20,857,0.9996,0.9991270751498,1
0.90,Legacy-20,858,0.9996,0.9991270751498,1
0.90,Legacy-20,859,0.9996,0.9991270751498,1
0.90,Legacy-20,860,0.9996,0.9991270751498,1
0.90,Legacy-20,861,0.9996,0.9991270751498,1
0.90,Legacy-20,862,0.9996,0.9991270751498,1
0.90,Legacy-20,863,0.9996,0.9991270751498,1
0.90,Legacy-20,864,0.9996,0.9991270751498,1
0.90,Legacy-20,865,0.9996,0.9991270751498,1
0.90,Legacy-20,866,0.9996,0.9991270751498,1
0.90,Legacy-20,867,0.9996,0.9991270751498,1
0.90,Legacy-20,868,0.9996,0.9991270751498,1
0.90,Legacy-20,869,0.9996,0.9991270751498,1
0.90,Legacy-20,870,0.9996,0.9991270751498,1
0.90,Legacy-20,871,0.9996,0.9991270751498,1
0.90,Legacy-20,872,0.9996,0.9991270751498,1
0.90,Legacy-20,873,0.9996,0.9991270751498,1
0.90,Legacy-20,874,0.9996,0.9991270751498,1
0.90,Legacy-20,875,0.9996,0.9991270751498,1
0.90,Legacy-20,876,0.9996,0.9991270751498,1
0.90,Legacy-20,877,0.9996,0.9991270751498,1
0.90,Legacy-20,878,0.9996,0.9991270751498,1
0.90,Legacy-20,879,0.9996,0.9991270751498,1
0.90,Legacy-20,880,0.9996,0.9991270751498,1
0.90,Legacy-20,881,0.9996,0.9991270751498,1
0.90,Legacy-20,882,0.9996,0.9991270751498,1
0.90,Legacy-20,883,0.9996,0.9991270751498,1
0.90,Legacy-20,884,0.9996,0.9991270751498,1
0.90,Legacy-20,885,0.9996,0.9991270751498,1
0.90,Legacy-20,886,0.9996,0.9991270751498,1
0.90,Legacy-20,887,0.9996,0.9991270751498,1
0.90,Legacy-20,888,0.9996,0.9991270751498,1
0.90,Legacy-20,889,0.9996,0.9991270751498,1
0.90,Legacy-20,890,0.9996,0.9991270751498,1
0.90,Legacy-20,891,0.9996,0.9991270751498,1
0.90,Legacy-20,892,0.9996,0.9991270751498,1
0.90,Legacy-20,893,0.9996,0.9991270751498,1
0.90,Legacy-20,894,0.9996,0.9991270751498,1
0.90,Legacy-20,895,0.9996,0.9991270751498,1
0.90,Legacy-20,896,0.9996,0.9991270751498,1
0.90,Legacy-20,897,0.9996,0.9991270751498,1
0.90,Legacy-20,898,0.9996,0.9991270751498,1
0.90,Legacy-20,899,0.9996,0.9991270751498,1
0.90,Legacy-20,900,0.9996,0.9991270751498,1
0.90,Legacy-20,901,0.9996,0.9991270751498,1
0.90,Legacy-20,902,0.9996,0.9991270751498,1
0.90,Legacy-20,903,0.9996,0.9991270751498,1
0.90,Legacy-20,904,0.9996,0.9991270751498,1
0.90,Legacy-20,905,0.9996,0.9991270751498,1
0.90,Legacy-20,906,0.9996,0.9991270751498,1
0.90,Legacy-20,907,0.9996,0.9991270751498,1
0.90,Legacy-20,908,0.9996,0.9991270751498,1
0.90,Legacy-20,909,0.9996,0.9991270751498,1
0.90,Legacy-20,910,0.9996,0.9991270751498,1
0.90,Legacy-20,911,0.9996,0.9991270751498,1
0.90,Legacy-20,912,0.9996,0.9991270751498,1
0.90,Legacy-20,913,0.9996,0.9991270751498,1
0.90,Legacy-20,914,0.9996,0.9991270751498,1
0.90,Legacy-20,915,0.9996,0.9991270751498,1
0.90,Legacy-20,916,0.9996,0.9991270751498,1
0.90,Legacy-20,917,0.9996,0.9991270751498,1
0.90,Legacy-20,918,0.9996,0.9991270751498,1
0.90,Legacy-20,919,0.9996,0.9991270751498,1
0.90,Legacy-20,920,0.9996,0.9991270751498,1
0.90,Legacy-20,921,0.9996,0.9991270751498,1
0.90,Legacy-20,922,0.9996,0.9991270751498,1
0.90,Legacy-20,923,0.9996,0.9991270751498,1
0.90,Legacy-20,924,0.9996,0.9991270751498,1
0.90,Legacy-20,925,0.9996,0.9991270751498,1
0.90,Legacy-20,926,0.9996,0.9991270751498,1
0.90,Legacy-20,927,0.9996,0.9991270751498,1
0.90,Legacy-20,928,0.9996,0.9991270751498,1
0.90,Legacy-20,929,0.9996,0.9991270751498,1
0.90,Legacy-20,930,0.9996,0.9991270751498,1
0.90,Legacy-20,931,0.9996,0.9991270751498,1
0.90,Legacy-20,932,0.9996,0.9991270751498,1
0.90,Legacy-20,933,0.9996,0.9991270751498,1
0.90,Legacy-20,934,0.9996,0.9991270751498,1
0.90,Legacy-20,935,0.9996,0.9991270751498,1
0.90,Legacy-20,936,0.9996,0.9991270751498,1
0.90,Legacy-20,937,0.9996,0.9991270751498,1
0.90,Legacy-20,938,0.9996,0.9991270751498,1
0.90,Legacy-20,939,0.9996,0.9991270751498,1
0.90,Legacy-15,0,0.0,0,0.0
0.90,Legacy-15,1,0.0793,0.06268717730139643,0.09591282269860356
0.90,Legacy-15,2,0.0795,0.06277026850353393,0.09622973149646608
0.90,Legacy-15,3,0.27375,0.2246623995858773,0.3228376004141227
0.90,Legacy-15,4,0.2743,0.225089918717791,0.323510081282209
0.90,Legacy-15,5,0.51785,0.46323648481325397,0.5724635151867461
0.90,Legacy-15,6,0.5184,0.46386521125119007,0.5729347887488099
0.90,Legacy-15,7,0.7236999999999999,0.6780211143569166,0.7693788856430832
0.90,Legacy-15,8,0.7244499999999999,0.6787988612458444,0.7701011387541554
0.90,Legacy-15,9,0.7251,0.6795251044124414,0.7706748955875585
0.90,Legacy-15,10,0.7256499999999999,0.680201933319936,0.7710980666800639
0.90,Legacy-15,11,0.7261,0.6806005317091952,0.7715994682908047
0.90,Legacy-15,12,0.7266999999999999,0.6814296849055604,0.7719703150944394
0.90,Legacy-15,13,0.7269000000000001,0.6816540410562333,0.7721459589437669
0.90,Legacy-15,14,0.7273500000000002,0.6822797983176413,0.772420201682359
0.90,Legacy-15,15,0.7276000000000001,0.682527649457594,0.7726723505424062
0.90,Legacy-15,16,0.7279000000000001,0.6829246052047193,0.7728753947952809
0.90,Legacy-15,17,0.7281000000000001,0.683179695996641,0.7730203040033592
0.90,Legacy-15,18,0.7296,0.6841302984787586,0.7750697015212414
0.90,Legacy-15,19,0.7310500000000001,0.6847944758971012,0.777305524102899
0.90,Legacy-15,20,0.7333,0.686132413837395,0.7804675861626049
0.90,Legacy-15,21,0.7356,0.6874634448727924,0.7837365551272076
0.90,Legacy-15,22,0.7394,0.6897779703365458,0.7890220296634541
0.90,Legacy-15,23,0.7432,0.691935544565291,0.7944644554347089
0.90,Legacy-15,24,0.74645,0.6935027982404807,0.7993972017595192
0.90,Legacy-15,25,0.75045,0.6962415185931008,0.8046584814068991
0.90,Legacy-15,26,0.75465,0.6984176819765423,0.8108823180234578
0.90,Legacy-15,27,0.75955,0.7009208220526495,0.8181791779473504
0.90,Legacy-15,28,0.76295,0.7031717063117222,0.8227282936882778
0.90,Legacy-15,29,0.7669000000000001,0.704819396886682,0.8289806031133182
0.90,Legacy-15,30,0.7696,0.7066438736578982,0.8325561263421017
0.90,Legacy-15,31,0.7723,0.708348950562148,0.836251049437852
0.90,Legacy-15,32,0.7750999999999999,0.7099731653281542,0.8402268346718456
0.90,Legacy-15,33,0.7775000000000001,0.7111091397352768,0.8438908602647234
0.90,Legacy-15,34,0.78015,0.712538771614877,0.847761228385123
0.90,Legacy-15,35,0.7822,0.7137980431115899,0.8506019568884101
0.90,Legacy-15,36,0.7844999999999999,0.7151913805027175,0.8538086194972823
0.90,Legacy-15,37,0.78725,0.7173666659151198,0.8571333340848802
0.90,Legacy-15,38,0.7896,0.7193355801667751,0.8598644198332248
0.90,Legacy-15,39,0.792,0.7212791524976383,0.8627208475023618
0.90,Legacy-15,40,0.7942,0.7237625422378958,0.8646374577621042
0.90,Legacy-15,41,0.7961500000000001,0.7257025776994838,0.8665974223005165
0.90,Legacy-15,42,0.79895,0.7278985497470906,0.8700014502529095
0.90,Legacy-15,43,0.8009000000000001,0.7299417388590176,0.8718582611409825
0.90,Legacy-15,44,0.80255,0.7313880119777534,0.8737119880222466
0.90,Legacy-15,45,0.8046,0.7329913064437945,0.8762086935562055
0.90,Legacy-15,46,0.8066500000000001,0.7345041139187399,0.8787958860812602
0.90,Legacy-15,47,0.8087000000000001,0.7358143718965002,0.8815856281034999
0.90,Legacy-15,48,0.8100999999999999,0.7368243860417056,0.8833756139582942
0.90,Legacy-15,49,0.81175,0.7382240495338639,0.885275950466136
0.90,Legacy-15,50,0.81335,0.7396261583812835,0.8870738416187165
0.90,Legacy-15,51,0.81535,0.7413823466157984,0.8893176533842017
0.90,Legacy-15,52,0.81675,0.7427461787369423,0.8907538212630577
0.90,Legacy-15,53,0.8180000000000001,0.7441055867412806,0.8918944132587195
0.90,Legacy-15,54,0.8192499999999999,0.7455271335138542,0.8929728664861456
0.90,Legacy-15,55,0.8203,0.7472571653357739,0.8933428346642261
0.90,Legacy-15,56,0.8218000000000001,0.7492178650810883,0.8943821349189118
0.90,Legacy-15,57,0.8233499999999999,0.7512838743136019,0.895416125686398
0.90,Legacy-15,58,0.82515,0.7537194605280251,0.896580539471975
0.90,Legacy-15,59,0.82665,0.7552564844880901,0.8980435155119099
0.90,Legacy-15,60,0.8280499999999998,0.7566847967204381,0.8994152032795616
0.90,Legacy-15,61,0.8291999999999999,0.7578017715357251,0.9005982284642747
0.90,Legacy-15,62,0.8305000000000001,0.7590459110848461,0.9019540889151542
0.90,Legacy-15,63,0.8318,0.7605592435255533,0.9030407564744467
0.90,Legacy-15,64,0.8328,0.7613545752592551,0.9042454247407449
0.90,Legacy-15,65,0.8341,0.7628658030684525,0.9053341969315474
0.90,Legacy-15,66,0.83505,0.7639951771517224,0.9061048228482775
0.90,Legacy-15,67,0.8366000000000001,0.7654081462764959,0.9077918537235043
0.90,Legacy-15,68,0.8381500000000001,0.7668254382492532,0.9094745617507469
0.90,Legacy-15,69,0.8392999999999999,0.7677569823626472,0.9108430176373526
0.90,Legacy-15,70,0.8411,0.7701575004315995,0.9120424995684004
0.90,Legacy-15,71,0.8422,0.7713475774544709,0.913052422545529
0.90,Legacy-15,72,0.84325,0.7725523247650674,0.9139476752349327
0.90,Legacy-15,73,0.8448500000000001,0.7747033536975005,0.9149966463024997
0.90,Legacy-15,74,0.8462000000000001,0.7761211264139376,0.9162788735860625
0.90,Legacy-15,75,0.8478,0.7778543849634383,0.9177456150365617
0.90,Legacy-15,76,0.8494,0.7798545440898516,0.9189454559101485
0.90,Legacy-15,77,0.85095,0.781412598903647,0.920487401096353
0.90,Legacy-15,78,0.8524999999999998,0.7828501599831437,0.922149840016856
0.90,Legacy-15,79,0.854,0.7844828046545947,0.9235171953454052
0.90,Legacy-15,80,0.85575,0.7868241002579963,0.9246758997420037
0.90,Legacy-15,81,0.8575499999999999,0.7888717372489666,0.9262282627510332
0.90,Legacy-15,82,0.85965,0.7911356936210835,0.9281643063789166
0.90,Legacy-15,83,0.86185,0.7934482912633924,0.9302517087366076
0.90,Legacy-15,84,0.8633999999999998,0.7952852169572281,0.9315147830427716
0.90,Legacy-15,85,0.8655,0.7974251589132547,0.9335748410867454
0.90,Legacy-15,86,0.8666999999999999,0.7994266033210279,0.933973396678972
0.90,Legacy-15,87,0.8679999999999999,0.801050762150096,0.9349492378499038
0.90,Legacy-15,88,0.8692,0.8024359503737442,0.9359640496262558
0.90,Legacy-15,89,0.8701000000000001,0.8035212337844131,0.9366787662155871
0.90,Legacy-15,90,0.8714000000000001,0.8054165111101017,0.9373834888898984
0.90,Legacy-15,91,0.8725499999999999,0.8070398633278623,0.9380601366721376
0.90,Legacy-15,92,0.8737999999999999,0.8086385260175473,0.9389614739824526
0.90,Legacy-15,93,0.87515,0.809977632236275,0.940322367763725
0.90,Legacy-15,94,0.8763500000000001,0.8113880465115292,0.941311953488471
0.90,Legacy-15,95,0.8783000000000001,0.8137873471556746,0.9428126528443256
0.90,Legacy-15,96,0.8793,0.8151598746402154,0.9434401253597845
0.90,Legacy-15,97,0.88015,0.8163782683751934,0.9439217316248065
0.90,Legacy-15,98,0.8812,0.8179352999520408,0.9444647000479591
0.90,Legacy-15,99,0.8823999999999999,0.8194283963760886,0.9453716036239111
0.90,Legacy-15,100,0.8833500000000001,0.8207759382804434,0.9459240617195568
0.90,Legacy-15,101,0.8843500000000001,0.822343892063342,0.9463561079366581
0.90,Legacy-15,102,0.8853000000000001,0.8236869353416388,0.9469130646583613
0.90,Legacy-15,103,0.8860000000000001,0.8248075760713905,0.9471924239286097
0.90,Legacy-15,104,0.88735,0.8268351680880506,0.9478648319119494
0.90,Legacy-15,105,0.88845,0.8282916864928109,0.948608313507189
0.90,Legacy-15,106,0.88915,0.8292591676647081,0.9490408323352919
0.90,Legacy-15,107,0.8898499999999999,0.830545542328516,0.9491544576714839
0.90,Legacy-15,108,0.8911499999999999,0.8321478864018902,0.9501521135981096
0.90,Legacy-15,109,0.8922,0.833554594416986,0.950845405583014
0.90,Legacy-15,110,0.8929999999999999,0.8346996627960359,0.9513003372039639
0.90,Legacy-15,111,0.8942000000000002,0.8363900319716944,0.9520099680283061
0.90,Legacy-15,112,0.8949500000000001,0.8378989025319067,0.9520010974680936
0.90,Legacy-15,113,0.8954500000000001,0.8385930079940495,0.9523069920059507
0.90,Legacy-15,114,0.8968,0.8405926705157818,0.9530073294842183
0.90,Legacy-15,115,0.8979499999999999,0.8423561263352728,0.953543873664727
0.90,Legacy-15,116,0.89905,0.844471305837204,0.953628694162796
0.90,Legacy-15,117,0.9003,0.8457023380613639,0.9548976619386361
0.90,Legacy-15,118,0.9007999999999999,0.8463919096505457,0.9552080903494542
0.90,Legacy-15,119,0.9016,0.8474320373935342,0.9557679626064657
0.90,Legacy-15,120,0.9022,0.8482966428588893,0.9561033571411107
0.90,Legacy-15,121,0.90335,0.8500807794366176,0.9566192205633823
0.90,Legacy-15,122,0.9041,0.8514028219549048,0.9567971780450952
0.90,Legacy-15,123,0.9047499999999999,0.8524375123879842,0.9570624876120157
0.90,Legacy-15,124,0.90525,0.853320034188193,0.957179965811807
0.90,Legacy-15,125,0.9060499999999999,0.8544589251143383,0.9576410748856615
0.90,Legacy-15,126,0.9068499999999999,0.8558525475831777,0.9578474524168221
0.90,Legacy-15,127,0.9073999999999999,0.8568273577106434,0.9579726422893563
0.90,Legacy-15,128,0.9078499999999999,0.8575688394021761,0.9581311605978238
0.90,Legacy-15,129,0.9089499999999999,0.8594830884613303,0.9584169115386696
0.90,Legacy-15,130,0.9099499999999998,0.8610755439867196,0.95882445601328
0.90,Legacy-15,131,0.9109500000000001,0.8626157391955275,0.9592842608044728
0.90,Legacy-15,132,0.9115500000000001,0.8638035117077103,0.9592964882922899
0.90,Legacy-15,133,0.9122500000000001,0.8650850599894452,0.959414940010555
0.90,Legacy-15,134,0.9135000000000001,0.8673164349141397,0.9596835650858605
0.90,Legacy-15,135,0.9144500000000001,0.8689155433427181,0.959984456657282
0.90,Legacy-15,136,0.9154500000000001,0.8707581771696355,0.9601418228303646
0.90,Legacy-15,137,0.9162,0.8721820438961084,0.9602179561038916
0.90,Legacy-15,138,0.91725,0.8734078959105341,0.9610921040894659
0.90,Legacy-15,139,0.9182,0.8747338947996905,0.9616661052003095
0.90,Legacy-15,140,0.9185000000000001,0.8753057141478501,0.9616942858521501
0.90,Legacy-15,141,0.9188000000000001,0.8756207883153615,0.9619792116846386
0.90,Legacy-15,142,0.9195500000000001,0.8768277533261033,0.9622722466738969
0.90,Legacy-15,143,0.9203500000000001,0.8782234801779737,0.9624765198220265
0.90,Legacy-15,144,0.921,0.87910485223425,0.9628951477657501
0.90,Legacy-15,145,0.9216,0.879997970718927,0.9632020292810729
0.90,Legacy-15,146,0.9221,0.8805707080623288,0.9636292919376712
0.90,Legacy-15,147,0.9228,0.8815175418238322,0.9640824581761677
0.90,Legacy-15,148,0.9234,0.8825145594525039,0.9642854405474961
0.90,Legacy-15,149,0.9237500000000001,0.8830490384717721,0.9644509615282281
0.90,Legacy-15,150,0.9241000000000001,0.8834619624293283,0.964738037570672
0.90,Legacy-15,151,0.9245000000000001,0.8838305251073939,0.9651694748926063
0.90,Legacy-15,152,0.92515,0.8845636166336127,0.9657363833663873
0.90,Legacy-15,153,0.92545,0.884809136988171,0.966090863011829
0.90,Legacy-15,154,0.9260499999999999,0.8854608613952292,0.9666391386047707
0.90,Legacy-15,155,0.9269000000000001,0.8862497775818783,0.9675502224181218
0.90,Legacy-15,156,0.9273,0.8866961781449528,0.9679038218550472
0.90,Legacy-15,157,0.9276,0.8869771986282822,0.9682228013717178
0.90,Legacy-15,158,0.92835,0.8875664986507328,0.9691335013492672
0.90,Legacy-15,159,0.9291,0.8882084057651307,0.9699915942348694
0.90,Legacy-15,160,0.9298000000000001,0.8893300734788432,0.970269926521157
0.90,Legacy-15,161,0.9303,0.8897662727102935,0.9708337272897065
0.90,Legacy-15,162,0.93095,0.8904789139128456,0.9714210860871545
0.90,Legacy-15,163,0.9318500000000001,0.8915628862617047,0.9721371137382955
0.90,Legacy-15,164,0.9327000000000001,0.8924605739745473,0.9729394260254529
0.90,Legacy-15,165,0.9331,0.8928752661285736,0.9733247338714265
0.90,Legacy-15,166,0.9338500000000001,0.8937724091597814,0.9739275908402187
0.90,Legacy-15,167,0.9342,0.8941938000788507,0.9742061999211493
0.90,Legacy-15,168,0.9344,0.8944565436569057,0.9743434563430943
0.90,Legacy-15,169,0.935,0.8951714960089979,0.9748285039910022
0.90,Legacy-15,170,0.9354,0.8955358133059093,0.9752641866940908
0.90,Legacy-15,171,0.93575,0.8959869556128565,0.9755130443871435
0.90,Legacy-15,172,0.9362,0.8967543899004338,0.9756456100995663
0.90,Legacy-15,173,0.9367000000000001,0.897517404541423,0.9758825954585771
0.90,Legacy-15,174,0.9375,0.8982514093243896,0.9767485906756104
0.90,Legacy-15,175,0.9377,0.8985373879641188,0.9768626120358812
0.90,Legacy-15,176,0.9382,0.8990307596787405,0.9773692403212596
0.90,Legacy-15,177,0.9385499999999999,0.8994154686459499,0.9776845313540499
0.90,Legacy-15,178,0.9390499999999999,0.8999232256271943,0.9781767743728056
0.90,Legacy-15,179,0.9393999999999999,0.90027810004359,0.9785218999564098
0.90,Legacy-15,180,0.9398500000000001,0.9006987351334063,0.9790012648665939
0.90,Legacy-15,181,0.9403000000000001,0.9012493204707159,0.9793506795292843
0.90,Legacy-15,182,0.94065,0.9016872989967979,0.9796127010032021
0.90,Legacy-15,183,0.9410000000000001,0.90202948373589,0.9799705162641101
0.90,Legacy-15,184,0.9415499999999999,0.9026938453899,0.9804061546100997
0.90,Legacy-15,185,0.9416500000000001,0.9027613783942089,0.9805386216057913
0.90,Legacy-15,186,0.9418,0.9028610618938065,0.9807389381061934
0.90,Legacy-15,187,0.9422000000000001,0.9034172787026974,0.9809827212973029
0.90,Legacy-15,188,0.9427500000000001,0.9039193448292575,0.9815806551707427
0.90,Legacy-15,189,0.94335,0.9045953254767847,0.9821046745232154
0.90,Legacy-15,190,0.9441,0.9053074967219811,0.982892503278019
0.90,Legacy-15,191,0.9448000000000001,0.9059892779234592,0.983610722076541
0.90,Legacy-15,192,0.94535,0.9065961499314039,0.9841038500685961
0.90,Legacy-15,193,0.9458000000000001,0.9071443597516348,0.9844556402483654
0.90,Legacy-15,194,0.9464500000000001,0.9076181105999104,0.9852818894000899
0.90,Legacy-15,195,0.9470000000000001,0.9079549459770688,0.9860450540229313
0.90,Legacy-15,196,0.9476,0.9085741811038233,0.9866258188961767
0.90,Legacy-15,197,0.9482499999999999,0.9092102909589396,0.9872897090410603
0.90,Legacy-15,198,0.94855,0.9096151904770721,0.9874848095229279
0.90,Legacy-15,199,0.94885,0.909988911947158,0.9877110880528419
0.90,Legacy-15,200,0.9493499999999999,0.9108500921952541,0.9878499078047457
0.90,Legacy-15,201,0.9497,0.9112961434361465,0.9881038565638535
0.90,Legacy-15,202,0.9503,0.911936099123746,0.9886639008762541
0.90,Legacy-15,203,0.9508000000000001,0.9122913532870682,0.989308646712932
0.90,Legacy-15,204,0.9510500000000002,0.9125749972951246,0.9895250027048758
0.90,Legacy-15,205,0.9516,0.9135349002382289,0.9896650997617711
0.90,Legacy-15,206,0.9522000000000002,0.9142951396371217,0.9901048603628786
0.90,Legacy-15,207,0.9525500000000001,0.9146485378495877,0.9904514621504126
0.90,Legacy-15,208,0.9529000000000001,0.9150500752395259,0.9907499247604743
0.90,Legacy-15,209,0.95325,0.9156199032304808,0.9908800967695193
0.90,Legacy-15,210,0.9536000000000001,0.9162778686568183,0.990922131343182
0.90,Legacy-15,211,0.9537500000000001,0.9165007342507742,0.990999265749226
0.90,Legacy-15,212,0.9540500000000001,0.91697979426848,0.9911202057315202
0.90,Legacy-15,213,0.95425,0.9171167131322232,0.9913832868677769
0.90,Legacy-15,214,0.9546,0.917580007520093,0.991619992479907
0.90,Legacy-15,215,0.955,0.9182994297048686,0.9917005702951314
0.90,Legacy-15,216,0.9554,0.9190247306697329,0.9917752693302672
0.90,Legacy-15,217,0.956,0.9199733595001534,0.9920266404998466
0.90,Legacy-15,218,0.9564999999999999,0.9209493188146408,0.992050681185359
0.90,Legacy-15,219,0.9568,0.9214845581880656,0.9921154418119343
0.90,Legacy-15,220,0.9573,0.9222776647926393,0.9923223352073608
0.90,Legacy-15,221,0.9575499999999999,0.922747909763235,0.9923520902367648
0.90,Legacy-15,222,0.958,0.9235724072967304,0.9924275927032695
0.90,Legacy-15,223,0.9587,0.9244717066204159,0.9929282933795841
0.90,Legacy-15,224,0.9593999999999999,0.9255569478730152,0.9932430521269846
0.90,Legacy-15,225,0.9599,0.9263372070392705,0.9934627929607295
0.90,Legacy-15,226,0.9602999999999999,0.9269947539875222,0.9936052460124777
0.90,Legacy-15,227,0.9607999999999999,0.9274017078421154,0.9941982921578844
0.90,Legacy-15,228,0.9610999999999998,0.9277803669607759,0.9944196330392238
0.90,Legacy-15,229,0.9614499999999999,0.9284516283338039,0.9944483716661959
0.90,Legacy-15,230,0.9618499999999999,0.929190322326315,0.9945096776736847
0.90,Legacy-15,231,0.9620999999999998,0.9294423707169401,0.9947576292830596
0.90,Legacy-15,232,0.9622999999999998,0.9295173789971921,0.9950826210028075
0.90,Legacy-15,233,0.9623999999999999,0.9296416320451055,0.9951583679548943
0.90,Legacy-15,234,0.9627499999999999,0.9302499314962116,0.9952500685037882
0.90,Legacy-15,235,0.96295,0.9304074397819627,0.9954925602180372
0.90,Legacy-15,236,0.9631000000000001,0.9306273164926621,0.9955726835073381
0.90,Legacy-15,237,0.9634500000000001,0.9309752564363172,0.9959247435636831
0.90,Legacy-15,238,0.9639000000000001,0.9318243025413834,0.9959756974586168
0.90,Legacy-15,239,0.96455,0.9328862584495861,0.996213741550414
0.90,Legacy-15,240,0.9651500000000001,0.9336220179774315,0.9966779820225686
0.90,Legacy-15,241,0.96545,0.9342165256273807,0.9966834743726194
0.90,Legacy-15,242,0.9659,0.9349265168493512,0.9968734831506487
0.90,Legacy-15,243,0.9664,0.9358700412583658,0.9969299587416343
0.90,Legacy-15,244,0.9669499999999999,0.9369165125241669,0.9969834874758329
0.90,Legacy-15,245,0.9674,0.9377040204148471,0.997095979585153
0.90,Legacy-15,246,0.9676999999999999,0.9380876581388433,0.9973123418611565
0.90,Legacy-15,247,0.9679499999999999,0.9383793968827079,0.9975206031172918
0.90,Legacy-15,248,0.96825,0.9388351292934388,0.9976648707065613
0.90,Legacy-15,249,0.9686000000000001,0.9394754637089244,0.9977245362910758
0.90,Legacy-15,250,0.9689000000000001,0.940040649130879,0.9977593508691212
0.90,Legacy-15,251,0.9692500000000001,0.9406762144985962,0.9978237855014039
0.90,Legacy-15,252,0.96945,0.9410109956049798,0.9978890043950203
0.90,Legacy-15,253,0.96985,0.9418394668893243,0.9978605331106757
0.90,Legacy-15,254,0.9704000000000002,0.9424328107210044,0.9983671892789959
0.90,Legacy-15,255,0.9708000000000001,0.943017929144941,0.9985820708550592
0.90,Legacy-15,256,0.9712500000000002,0.9438632364555242,0.9986367635444762
0.90,Legacy-15,257,0.9715500000000001,0.9442965605900318,0.9988034394099685
0.90,Legacy-15,258,0.9720000000000001,0.9450261025217597,0.9989738974782405
0.90,Legacy-15,259,0.9722500000000001,0.9454782655804719,0.9990217344195282
0.90,Legacy-15,260,0.9727000000000001,0.9463185010043444,0.9990814989956558
0.90,Legacy-15,261,0.9728000000000001,0.9465945492468203,0.9990054507531799
0.90,Legacy-15,262,0.9730500000000001,0.9471240682579156,0.9989759317420845
0.90,Legacy-15,263,0.9732500000000001,0.9474373886590871,0.999062611340913
0.90,Legacy-15,264,0.9735,0.9480217125408059,0.9989782874591941
0.90,Legacy-15,265,0.97375,0.9486538112714288,0.9988461887285712
0.90,Legacy-15,266,0.9739,0.949038009249514,0.998761990750486
0.90,Legacy-15,267,0.9742999999999999,0.9497132677556028,0.9988867322443971
0.90,Legacy-15,268,0.97465,0.950459444832654,0.998840555167346
0.90,Legacy-15,269,0.975,0.9510223303188248,0.9989776696811752
0.90,Legacy-15,270,0.9752,0.9514566694071216,0.9989433305928783
0.90,Legacy-15,271,0.9754499999999999,0.9518010974373371,0.9990989025626628
0.90,Legacy-15,272,0.97565,0.9520941660736455,0.9992058339263545
0.90,Legacy-15,273,0.97595,0.9528592552239186,0.9990407447760814
0.90,Legacy-15,274,0.9763999999999999,0.9537453975929043,0.9990546024070955
0.90,Legacy-15,275,0.9767500000000001,0.9541812838000344,0.9993187161999658
0.90,Legacy-15,276,0.9768500000000001,0.9543266326105843,0.999373367389416
0.90,Legacy-15,277,0.9770000000000001,0.9546007008319206,0.9993992991680796
0.90,Legacy-15,278,0.9773000000000001,0.9552096937708718,0.9993903062291283
0.90,Legacy-15,279,0.9775500000000001,0.9557467227434321,0.9993532772565682
0.90,Legacy-15,280,0.9777000000000001,0.9560177273490005,0.9993822726509998
0.90,Legacy-15,281,0.9778,0.9561418710922118,0.9994581289077882
0.90,Legacy-15,282,0.97795,0.9564098898443855,0.9994901101556145
0.90,Legacy-15,283,0.9781500000000001,0.956625099365166,0.9996749006348341
0.90,Legacy-15,284,0.97845,0.9571417963236901,0.99975820367631
0.90,Legacy-15,285,0.9785,0.9571705799353298,0.9998294200646702
0.90,Legacy-15,286,0.9787,0.9574568886393617,0.9999431113606383
0.90,Legacy-15,287,0.979,0.9581184991251859,0.9998815008748141
0.90,Legacy-15,288,0.9791500000000001,0.9583932415073352,0.999906758492665
0.90,Legacy-15,289,0.9792500000000001,0.9586407700972259,0.9998592299027742
0.90,Legacy-15,290,0.97945,0.9587306034525487,1
0.90,Legacy-15,291,0.97955,0.9588086403408174,1
0.90,Legacy-15,292,0.97965,0.9590260472104379,1
0.90,Legacy-15,293,0.9797,0.9590719324936339,1
0.90,Legacy-15,294,0.97975,0.9591799532063732,1
0.90,Legacy-15,295,0.97985,0.9593258262434557,1
0.90,Legacy-15,296,0.98,0.9595772171739165,1
0.90,Legacy-15,297,0.98005,0.9596026402186388,1
0.90,Legacy-15,298,0.98035,0.9600894434194276,1
0.90,Legacy-15,299,0.98035,0.9600894434194276,1
0.90,Legacy-15,300,0.9807,0.9608196705944279,1
0.90,Legacy-15,301,0.98085,0.9609956534640961,1
0.90,Legacy-15,302,0.9811500000000001,0.9612779593086133,1
0.90,Legacy-15,303,0.9813000000000001,0.9614397704190009,1
0.90,Legacy-15,304,0.9815,0.9618232164119149,1
0.90,Legacy-15,305,0.98165,0.9621570057900922,1
0.90,Legacy-15,306,0.98175,0.9624038493115009,1
0.90,Legacy-15,307,0.9819,0.9626583339293534,1
0.90,Legacy-15,308,0.9821,0.9629340364110464,1
0.90,Legacy-15,309,0.98225,0.9631699270262886,1
0.90,Legacy-15,310,0.9824499999999999,0.9634013513002612,1
0.90,Legacy-15,311,0.98265,0.9638236383126513,1
0.90,Legacy-15,312,0.9828,0.9640305256978025,1
0.90,Legacy-15,313,0.9829,0.964196392306699,1
0.90,Legacy-15,314,0.98305,0.9642822812687831,1
0.90,Legacy-15,315,0.9831,0.964384438117631,1
0.90,Legacy-15,316,0.9833999999999999,0.9648488375758432,1
0.90,Legacy-15,317,0.9835499999999999,0.9651958520181719,1
0.90,Legacy-15,318,0.9836499999999999,0.9654417900568197,1
0.90,Legacy-15,319,0.9837499999999999,0.9657327446716163,1
0.90,Legacy-15,320,0.98385,0.9659787520257835,1
0.90,Legacy-15,321,0.98395,0.9661715140649512,1
0.90,Legacy-15,322,0.98405,0.9663634077102069,1
0.90,Legacy-15,323,0.9841,0.9664646855114061,1
0.90,Legacy-15,324,0.9842000000000001,0.9665898417599812,1
0.90,Legacy-15,325,0.9843,0.9667819344313059,1
0.90,Legacy-15,326,0.9843999999999999,0.9669063460498808,1
0.90,Legacy-15,327,0.9847,0.9674957189703466,1
0.90,Legacy-15,328,0.98495,0.9679576378938475,1
0.90,Legacy-15,329,0.98515,0.9682637373063682,1
0.90,Legacy-15,330,0.9851999999999999,0.9683615222596992,1
0.90,Legacy-15,331,0.98535,0.9687543153650686,1
0.90,Legacy-15,332,0.9855999999999999,0.9692769954432485,1
0.90,Legacy-15,333,0.98595,0.9699827820401646,1
0.90,Legacy-15,334,0.9863000000000001,0.9706314168011679,1
0.90,Legacy-15,335,0.9864999999999999,0.9709060246592579,1
0.90,Legacy-15,336,0.98665,0.9710681309144923,1
0.90,Legacy-15,337,0.98695,0.9716432811005001,1
0.90,Legacy-15,338,0.9872,0.9719161943370902,1
0.90,Legacy-15,339,0.98725,0.9719500666302218,1
0.90,Legacy-15,340,0.98735,0.972063124191398,1
0.90,Legacy-15,341,0.9874999999999999,0.9722772025505712,1
0.90,Legacy-15,342,0.9876999999999999,0.9725139777223707,1
0.90,Legacy-15,343,0.9877499999999999,0.9726038083832185,1
0.90,Legacy-15,344,0.9877999999999999,0.972692818740509,1
0.90,Legacy-15,345,0.98795,0.9728931992123246,1
0.90,Legacy-15,346,0.988,0.9729362378784695,1
0.90,Legacy-15,347,0.9882,0.9734210308707115,1
0.90,Legacy-15,348,0.98825,0.9735741499675359,1
0.90,Legacy-15,349,0.9883,0.9737270395229545,1
0.90,Legacy-15,350,0.9884499999999999,0.9740749542621053,1
0.90,Legacy-15,351,0.9885499999999999,0.9741577387985667,1
0.90,Legacy-15,352,0.9885999999999999,0.9743101548145474,1
0.90,Legacy-15,353,0.98875,0.9744585478283562,1
0.90,Legacy-15,354,0.9889,0.9746776717866653,1
0.90,Legacy-15,355,0.98905,0.9751340449342147,1
0.90,Legacy-15,356,0.98925,0.9756199650877436,1
0.90,Legacy-15,357,0.98935,0.9759212925436422,1
0.90,Legacy-15,358,0.9894499999999999,0.9761132107726358,1
0.90,Legacy-15,359,0.9896,0.9764537585138588,1
0.90,Legacy-15,360,0.9897,0.9767524290201525,1
0.90,Legacy-15,361,0.9898,0.9769985411513191,1
0.90,Legacy-15,362,0.9899500000000001,0.9773277056125415,1
0.90,Legacy-15,363,0.9901,0.9777718395410092,1
0.90,Legacy-15,364,0.9902,0.9779495118361952,1
0.90,Legacy-15,365,0.9902500000000001,0.9780964787142062,1
0.90,Legacy-15,366,0.9904000000000001,0.9783136205201384,1
0.90,Legacy-15,367,0.9905,0.9784802236035581,1
0.90,Legacy-15,368,0.9906000000000001,0.9787714751244004,1
0.90,Legacy-15,369,0.9907,0.9789029182868344,1
0.90,Legacy-15,370,0.9909500000000001,0.9795451301816371,1
0.90,Legacy-15,371,0.99115,0.9799664985965577,1
0.90,Legacy-15,372,0.99125,0.9802566768260657,1
0.90,Legacy-15,373,0.99125,0.9802566768260657,1
0.90,Legacy-15,374,0.99125,0.9802566768260657,1
0.90,Legacy-15,375,0.9914000000000001,0.9804116733578196,1
0.90,Legacy-15,376,0.9914000000000001,0.9804116733578196,1
0.90,Legacy-15,377,0.9914000000000001,0.9804116733578196,1
0.90,Legacy-15,378,0.9914000000000001,0.9804116733578196,1
0.90,Legacy-15,379,0.9914999999999999,0.980538238541982,1
0.90,Legacy-15,380,0.99155,0.9806838412468972,1
0.90,Legacy-15,381,0.99165,0.9809318708259607,1
0.90,Legacy-15,382,0.9918,0.9812811233899462,1
0.90,Legacy-15,383,0.99185,0.981303915961742,1
0.90,Legacy-15,384,0.99205,0.9817499159184627,1
0.90,Legacy-15,385,0.99215,0.981867768039707,1
0.90,Legacy-15,386,0.99225,0.9820098040272617,1
0.90,Legacy-15,387,0.9923,0.9820538579335754,1
0.90,Legacy-15,388,0.9924,0.9822995069483864,1
0.90,Legacy-15,389,0.9924999999999999,0.9825979783926049,1
0.90,Legacy-15,390,0.9924999999999999,0.9825979783926049,1
0.90,Legacy-15,391,0.9928,0.9832825709803351,1
0.90,Legacy-15,392,0.9929,0.9834740726550991,1
0.90,Legacy-15,393,0.99305,0.9839181626261653,1
0.90,Legacy-15,394,0.99305,0.9839181626261653,1
0.90,Legacy-15,395,0.99305,0.9839181626261653,1
0.90,Legacy-15,396,0.9931,0.9840176087218488,1
0.90,Legacy-15,397,0.9932000000000001,0.9842643480777619,1
0.90,Legacy-15,398,0.9932500000000001,0.9843064180320596,1
0.90,Legacy-15,399,0.9934,0.9847017083762541,1
0.90,Legacy-15,400,0.99345,0.9848497168473207,1
0.90,Legacy-15,401,0.99345,0.9848497168473207,1
0.90,Legacy-15,402,0.9934999999999999,0.9849972110057913,1
0.90,Legacy-15,403,0.99355,0.9850967931199389,1
0.90,Legacy-15,404,0.99355,0.9850967931199389,1
0.90,Legacy-15,405,0.99365,0.9852918213689229,1
0.90,Legacy-15,406,0.9938,0.9856870887494986,1
0.90,Legacy-15,407,0.9939,0.9859326347739784,1
0.90,Legacy-15,408,0.9939,0.9859326347739784,1
0.90,Legacy-15,409,0.99395,0.9860275004547716,1
0.90,Legacy-15,410,0.994,0.9861208473372631,1
0.90,Legacy-15,411,0.9942,0.9865450425571781,1
0.90,Legacy-15,412,0.99425,0.9866981279732641,1
0.90,Legacy-15,413,0.9943,0.9868507633945335,1
0.90,Legacy-15,414,0.9944,0.9870473601399528,1
0.90,Legacy-15,415,0.9944500000000001,0.9871378033361725,1
0.90,Legacy-15,416,0.9944500000000001,0.9871378033361725,1
0.90,Legacy-15,417,0.99455,0.9871823019958856,1
0.90,Legacy-15,418,0.99455,0.9871823019958856,1
0.90,Legacy-15,419,0.99465,0.9874246176299606,1
0.90,Legacy-15,420,0.9946999999999999,0.9875127202408187,1
0.90,Legacy-15,421,0.9946999999999999,0.9875127202408187,1
0.90,Legacy-15,422,0.99495,0.9881482913831396,1
0.90,Legacy-15,423,0.99515,0.9885545874037308,1
0.90,Legacy-15,424,0.99525,0.9887571177562344,1
0.90,Legacy-15,425,0.9953000000000001,0.9888384104229381,1
0.90,Legacy-15,426,0.9954000000000001,0.9890752221015988,1
0.90,Legacy-15,427,0.9955,0.9893111860779582,1
0.90,Legacy-15,428,0.9956,0.9895146602131185,1
0.90,Legacy-15,429,0.9956499999999999,0.9896720954684465,1
0.90,Legacy-15,430,0.9957499999999999,0.9899086122800341,1
0.90,Legacy-15,431,0.9958500000000001,0.9900305325458023,1
0.90,Legacy-15,432,0.996,0.9902493982808693,1
0.90,Legacy-15,433,0.9960500000000001,0.9903176583460377,1
0.90,Legacy-15,434,0.9961,0.9903835309164941,1
0.90,Legacy-15,435,0.9961,0.9903835309164941,1
0.90,Legacy-15,436,0.9961,0.9903835309164941,1
0.90,Legacy-15,437,0.9961,0.9903835309164941,1
0.90,Legacy-15,438,0.9961,0.9903835309164941,1
0.90,Legacy-15,439,0.9961,0.9903835309164941,1
0.90,Legacy-15,440,0.9961,0.9903835309164941,1
0.90,Legacy-15,441,0.9961500000000001,0.9905458975386631,1
0.90,Legacy-15,442,0.9962,0.9907080179123661,1
0.90,Legacy-15,443,0.9962,0.9907080179123661,1
0.90,Legacy-15,444,0.9963,0.9909353023520362,1
0.90,Legacy-15,445,0.9963,0.9909353023520362,1
0.90,Legacy-15,446,0.9963,0.9909353023520362,1
0.90,Legacy-15,447,0.9963,0.9909353023520362,1
0.90,Legacy-15,448,0.9963,0.9909353023520362,1
0.90,Legacy-15,449,0.9963,0.9909353023520362,1
0.90,Legacy-15,450,0.9963,0.9909353023520362,1
0.90,Legacy-15,451,0.9964000000000001,0.9912596123711249,1
0.90,Legacy-15,452,0.9964000000000001,0.9912596123711249,1
0.90,Legacy-15,453,0.9964500000000001,0.9914213497939838,1
0.90,Legacy-15,454,0.9965,0.991582783505571,1
0.90,Legacy-15,455,0.99665,0.9919719098459336,1
0.90,Legacy-15,456,0.99675,0.9922940342574408,1
0.90,Legacy-15,457,0.9968,0.9924545290056923,1
0.90,Legacy-15,458,0.9968,0.9924545290056923,1
0.90,Legacy-15,459,0.99695,0.9929333690749156,1
0.90,Legacy-15,460,0.99695,0.9929333690749156,1
0.90,Legacy-15,461,0.99695,0.9929333690749156,1
0.90,Legacy-15,462,0.99695,0.9929333690749156,1
0.90,Legacy-15,463,0.99695,0.9929333690749156,1
0.90,Legacy-15,464,0.99695,0.9929333690749156,1
0.90,Legacy-15,465,0.99705,0.9931627274586996,1
0.90,Legacy-15,466,0.99705,0.9931627274586996,1
0.90,Legacy-15,467,0.99705,0.9931627274586996,1
0.90,Legacy-15,468,0.9971000000000001,0.9932299751355945,1
0.90,Legacy-15,469,0.99715,0.9932936734667394,1
0.90,Legacy-15,470,0.9972000000000001,0.9933537845288669,1
0.90,Legacy-15,471,0.9974000000000001,0.9938972533440235,1
0.90,Legacy-15,472,0.9974000000000001,0.9938972533440235,1
0.90,Legacy-15,473,0.99745,0.9939521026230415,1
0.90,Legacy-15,474,0.99745,0.9939521026230415,1
0.90,Legacy-15,475,0.99745,0.9939521026230415,1
0.90,Legacy-15,476,0.9975,0.9941143733092299,1
0.90,Legacy-15,477,0.9975,0.9941143733092299,1
0.90,Legacy-15,478,0.9975,0.9941143733092299,1
0.90,Legacy-15,479,0.9975,0.9941143733092299,1
0.90,Legacy-15,480,0.9975,0.9941143733092299,1
0.90,Legacy-15,481,0.9975499999999999,0.9942762242963177,1
0.90,Legacy-15,482,0.9975499999999999,0.9942762242963177,1
0.90,Legacy-15,483,0.9975499999999999,0.9942762242963177,1
0.90,Legacy-15,484,0.9975499999999999,0.9942762242963177,1
0.90,Legacy-15,485,0.9976,0.9944376110507994,1
0.90,Legacy-15,486,0.9976,0.9944376110507994,1
0.90,Legacy-15,487,0.9976499999999999,0.9945984827358713,1
0.90,Legacy-15,488,0.9976499999999999,0.9945984827358713,1
0.90,Legacy-15,489,0.9976499999999999,0.9945984827358713,1
0.90,Legacy-15,490,0.9976499999999999,0.9945984827358713,1
0.90,Legacy-15,491,0.9976499999999999,0.9945984827358713,1
0.90,Legacy-15,492,0.9976499999999999,0.9945984827358713,1
0.90,Legacy-15,493,0.9976499999999999,0.9945984827358713,1
0.90,Legacy-15,494,0.9977,0.9946520841200891,1
0.90,Legacy-15,495,0.9977,0.9946520841200891,1
0.90,Legacy-15,496,0.9977,0.9946520841200891,1
0.90,Legacy-15,497,0.99775,0.9948131976051863,1
0.90,Legacy-15,498,0.99775,0.9948131976051863,1
0.90,Legacy-15,499,0.9978,0.9949737334448789,1
0.90,Legacy-15,500,0.99785,0.9951336211210049,1
0.90,Legacy-15,501,0.99785,0.9951336211210049,1
0.90,Legacy-15,502,0.9979,0.9952927786769921,1
0.90,Legacy-15,503,0.9979500000000001,0.9953446942024311,1
0.90,Legacy-15,504,0.9979500000000001,0.9953446942024311,1
0.90,Legacy-15,505,0.9979500000000001,0.9953446942024311,1
0.90,Legacy-15,506,0.998,0.995503908964067,1
0.90,Legacy-15,507,0.9980500000000001,0.9955511104307542,1
0.90,Legacy-15,508,0.9981,0.9957101747787701,1
0.90,Legacy-15,509,0.9981,0.9957101747787701,1
0.90,Legacy-15,510,0.9981500000000001,0.9957522496886522,1
0.90,Legacy-15,511,0.9982000000000001,0.9959108985578986,1
0.90,Legacy-15,512,0.9982000000000001,0.9959108985578986,1
0.90,Legacy-15,513,0.9982500000000001,0.9960685505946424,1
0.90,Legacy-15,514,0.9983000000000001,0.9962250506407913,1
0.90,Legacy-15,515,0.9983500000000001,0.9963802118343158,1
0.90,Legacy-15,516,0.9983500000000001,0.9963802118343158,1
0.90,Legacy-15,517,0.9983500000000001,0.9963802118343158,1
0.90,Legacy-15,518,0.9984000000000001,0.9965338078257319,1
0.90,Legacy-15,519,0.9984000000000001,0.9965338078257319,1
0.90,Legacy-15,520,0.9984000000000001,0.9965338078257319,1
0.90,Legacy-15,521,0.9984000000000001,0.9965338078257319,1
0.90,Legacy-15,522,0.9984000000000001,0.9965338078257319,1
0.90,Legacy-15,523,0.9984000000000001,0.9965338078257319,1
0.90,Legacy-15,524,0.9984000000000001,0.9965338078257319,1
0.90,Legacy-15,525,0.9985,0.9968351394724222,1
0.90,Legacy-15,526,0.9985,0.9968351394724222,1
0.90,Legacy-15,527,0.9985,0.9968351394724222,1
0.90,Legacy-15,528,0.9985,0.9968351394724222,1
0.90,Legacy-15,529,0.9985,0.9968351394724222,1
0.90,Legacy-15,530,0.99855,0.9969821224194334,1
0.90,Legacy-15,531,0.99855,0.9969821224194334,1
0.90,Legacy-15,532,0.99855,0.9969821224194334,1
0.90,Legacy-15,533,0.99855,0.9969821224194334,1
0.90,Legacy-15,534,0.99855,0.9969821224194334,1
0.90,Legacy-15,535,0.99855,0.9969821224194334,1
0.90,Legacy-15,536,0.99855,0.9969821224194334,1
0.90,Legacy-15,537,0.99855,0.9969821224194334,1
0.90,Legacy-15,538,0.99855,0.9969821224194334,1
0.90,Legacy-15,539,0.99855,0.9969821224194334,1
0.90,Legacy-15,540,0.99855,0.9969821224194334,1
0.90,Legacy-15,541,0.99855,0.9969821224194334,1
0.90,Legacy-15,542,0.99855,0.9969821224194334,1
0.90,Legacy-15,543,0.9987000000000001,0.9974017619104473,0.999998238089553
0.90,Legacy-15,544,0.9987000000000001,0.9974017619104473,0.999998238089553
0.90,Legacy-15,545,0.9987000000000001,0.9974017619104473,0.999998238089553
0.90,Legacy-15,546,0.9987000000000001,0.9974017619104473,0.999998238089553
0.90,Legacy-15,547,0.9987000000000001,0.9974017619104473,0.999998238089553
0.90,Legacy-15,548,0.9987000000000001,0.9974017619104473,0.999998238089553
0.90,Legacy-15,549,0.9987000000000001,0.9974017619104473,0.999998238089553
0.90,Legacy-15,550,0.9987000000000001,0.9974017619104473,0.999998238089553
0.90,Legacy-15,551,0.9987000000000001,0.9974017619104473,0.999998238089553
0.90,Legacy-15,552,0.9987000000000001,0.9974017619104473,0.999998238089553
0.90,Legacy-15,553,0.9987000000000001,0.9974017619104473,0.999998238089553
0.90,Legacy-15,554,0.9987000000000001,0.9974017619104473,0.999998238089553
0.90,Legacy-15,555,0.9987000000000001,0.9974017619104473,0.999998238089553
0.90,Legacy-15,556,0.9987000000000001,0.9974017619104473,0.999998238089553
0.90,Legacy-15,557,0.9987000000000001,0.9974017619104473,0.999998238089553
0.90,Legacy-15,558,0.9987000000000001,0.9974017619104473,0.999998238089553
0.90,Legacy-15,559,0.9987000000000001,0.9974017619104473,0.999998238089553
0.90,Legacy-15,560,0.9987000000000001,0.9974017619104473,0.999998238089553
0.90,Legacy-15,561,0.99875,0.9975319151813232,0.9999680848186768
0.90,Legacy-15,562,0.99875,0.9975319151813232,0.9999680848186768
0.90,Legacy-15,563,0.99875,0.9975319151813232,0.9999680848186768
0.90,Legacy-15,564,0.9988000000000001,0.9976554492789494,0.9999445507210508
0.90,Legacy-15,565,0.9988000000000001,0.9976554492789494,0.9999445507210508
0.90,Legacy-15,566,0.9988000000000001,0.9976554492789494,0.9999445507210508
0.90,Legacy-15,567,0.9988000000000001,0.9976554492789494,0.9999445507210508
0.90,Legacy-15,568,0.9988000000000001,0.9976554492789494,0.9999445507210508
0.90,Legacy-15,569,0.9988000000000001,0.9976554492789494,0.9999445507210508
0.90,Legacy-15,570,0.9988000000000001,0.9976554492789494,0.9999445507210508
0.90,Legacy-15,571,0.9988000000000001,0.9976554492789494,0.9999445507210508
0.90,Legacy-15,572,0.99885,0.9977710100464476,0.9999289899535524
0.90,Legacy-15,573,0.99885,0.9977710100464476,0.9999289899535524
0.90,Legacy-15,574,0.99885,0.9977710100464476,0.9999289899535524
0.90,Legacy-15,575,0.99885,0.9977710100464476,0.9999289899535524
0.90,Legacy-15,576,0.99885,0.9977710100464476,0.9999289899535524
0.90,Legacy-15,577,0.99885,0.9977710100464476,0.9999289899535524
0.90,Legacy-15,578,0.9989000000000001,0.9978770632835224,0.9999229367164778
0.90,Legacy-15,579,0.9989000000000001,0.9978770632835224,0.9999229367164778
0.90,Legacy-15,580,0.9989000000000001,0.9978770632835224,0.9999229367164778
0.90,Legacy-15,581,0.9989500000000001,0.9979719729189787,0.9999280270810216
0.90,Legacy-15,582,0.9989500000000001,0.9979719729189787,0.9999280270810216
0.90,Legacy-15,583,0.9989500000000001,0.9979719729189787,0.9999280270810216
0.90,Legacy-15,584,0.9989500000000001,0.9979719729189787,0.9999280270810216
0.90,Legacy-15,585,0.9989500000000001,0.9979719729189787,0.9999280270810216
0.90,Legacy-15,586,0.9989500000000001,0.9979719729189787,0.9999280270810216
0.90,Legacy-15,587,0.9989500000000001,0.9979719729189787,0.9999280270810216
0.90,Legacy-15,588,0.9990000000000001,0.9980541502996001,0.9999458497004001
0.90,Legacy-15,589,0.9990000000000001,0.9980541502996001,0.9999458497004001
0.90,Legacy-15,590,0.9990000000000001,0.9980541502996001,0.9999458497004001
0.90,Legacy-15,591,0.9990000000000001,0.9980541502996001,0.9999458497004001
0.90,Legacy-15,592,0.9990000000000001,0.9980541502996001,0.9999458497004001
0.90,Legacy-15,593,0.9990000000000001,0.9980541502996001,0.9999458497004001
0.90,Legacy-15,594,0.9990000000000001,0.9980541502996001,0.9999458497004001
0.90,Legacy-15,595,0.9990000000000001,0.9980541502996001,0.9999458497004001
0.90,Legacy-15,596,0.9990000000000001,0.9980541502996001,0.9999458497004001
0.90,Legacy-15,597,0.9990000000000001,0.9980541502996001,0.9999458497004001
0.90,Legacy-15,598,0.9990000000000001,0.9980541502996001,0.9999458497004001
0.90,Legacy-15,599,0.9990000000000001,0.9980541502996001,0.9999458497004001
0.90,Legacy-15,600,0.9990000000000001,0.9980541502996001,0.9999458497004001
0.90,Legacy-15,601,0.9990000000000001,0.9980541502996001,0.9999458497004001
0.90,Legacy-15,602,0.9990000000000001,0.9980541502996001,0.9999458497004001
0.90,Legacy-15,603,0.9990000000000001,0.9980541502996001,0.9999458497004001
0.90,Legacy-15,604,0.9990000000000001,0.9980541502996001,0.9999458497004001
0.90,Legacy-15,605,0.9990000000000001,0.9980541502996001,0.9999458497004001
0.90,Legacy-15,606,0.9990000000000001,0.9980541502996001,0.9999458497004001
0.90,Legacy-15,607,0.9990000000000001,0.9980541502996001,0.9999458497004001
0.90,Legacy-15,608,0.9990000000000001,0.9980541502996001,0.9999458497004001
0.90,Legacy-15,609,0.9990000000000001,0.9980541502996001,0.9999458497004001
0.90,Legacy-15,610,0.9990000000000001,0.9980541502996001,0.9999458497004001
0.90,Legacy-15,611,0.9990000000000001,0.9980541502996001,0.9999458497004001
0.90,Legacy-15,612,0.9990000000000001,0.9980541502996001,0.9999458497004001
0.90,Legacy-15,613,0.9990000000000001,0.9980541502996001,0.9999458497004001
0.90,Legacy-15,614,0.9990000000000001,0.9980541502996001,0.9999458497004001
0.90,Legacy-15,615,0.9990000000000001,0.9980541502996001,0.9999458497004001
0.90,Legacy-15,616,0.9990000000000001,0.9980541502996001,0.9999458497004001
0.90,Legacy-15,617,0.9990000000000001,0.9980541502996001,0.9999458497004001
0.90,Legacy-15,618,0.9990000000000001,0.9980541502996001,0.9999458497004001
0.90,Legacy-15,619,0.9990000000000001,0.9980541502996001,0.9999458497004001
0.90,Legacy-15,620,0.9990000000000001,0.9980541502996001,0.9999458497004001
0.90,Legacy-15,621,0.9990000000000001,0.9980541502996001,0.9999458497004001
0.90,Legacy-15,622,0.9990000000000001,0.9980541502996001,0.9999458497004001
0.90,Legacy-15,623,0.9990000000000001,0.9980541502996001,0.9999458497004001
0.90,Legacy-15,624,0.9990000000000001,0.9980541502996001,0.9999458497004001
0.90,Legacy-15,625,0.9990000000000001,0.9980541502996001,0.9999458497004001
0.90,Legacy-15,626,0.9990000000000001,0.9980541502996001,0.9999458497004001
0.90,Legacy-15,627,0.9990000000000001,0.9980541502996001,0.9999458497004001
0.90,Legacy-15,628,0.9990000000000001,0.9980541502996001,0.9999458497004001
0.90,Legacy-15,629,0.9990000000000001,0.9980541502996001,0.9999458497004001
0.90,Legacy-15,630,0.9990000000000001,0.9980541502996001,0.9999458497004001
0.90,Legacy-15,631,0.9990000000000001,0.9980541502996001,0.9999458497004001
0.90,Legacy-15,632,0.9990000000000001,0.9980541502996001,0.9999458497004001
0.90,Legacy-15,633,0.9990000000000001,0.9980541502996001,0.9999458497004001
0.90,Legacy-15,634,0.9990000000000001,0.9980541502996001,0.9999458497004001
0.90,Legacy-15,635,0.9990000000000001,0.9980541502996001,0.9999458497004001
0.90,Legacy-15,636,0.9990000000000001,0.9980541502996001,0.9999458497004001
0.90,Legacy-15,637,0.9990000000000001,0.9980541502996001,0.9999458497004001
0.90,Legacy-15,638,0.9990000000000001,0.9980541502996001,0.9999458497004001
0.90,Legacy-15,639,0.9990000000000001,0.9980541502996001,0.9999458497004001
0.90,Legacy-15,640,0.9990000000000001,0.9980541502996001,0.9999458497004001
0.90,Legacy-15,641,0.9990000000000001,0.9980541502996001,0.9999458497004001
0.90,Legacy-15,642,0.9990000000000001,0.9980541502996001,0.9999458497004001
0.90,Legacy-15,643,0.9990000000000001,0.9980541502996001,0.9999458497004001
0.90,Legacy-15,644,0.9990000000000001,0.9980541502996001,0.9999458497004001
0.90,Legacy-15,645,0.9990000000000001,0.9980541502996001,0.9999458497004001
0.90,Legacy-15,646,0.9990000000000001,0.9980541502996001,0.9999458497004001
0.90,Legacy-15,647,0.9990000000000001,0.9980541502996001,0.9999458497004001
0.90,Legacy-15,648,0.9990000000000001,0.9980541502996001,0.9999458497004001
0.90,Legacy-15,649,0.9990000000000001,0.9980541502996001,0.9999458497004001
0.90,Legacy-15,650,0.9990000000000001,0.9980541502996001,0.9999458497004001
0.90,Legacy-15,651,0.9990000000000001,0.9980541502996001,0.9999458497004001
0.90,Legacy-15,652,0.9990000000000001,0.9980541502996001,0.9999458497004001
0.90,Legacy-15,653,0.9990000000000001,0.9980541502996001,0.9999458497004001
0.90,Legacy-15,654,0.9990000000000001,0.9980541502996001,0.9999458497004001
0.90,Legacy-15,655,0.9990000000000001,0.9980541502996001,0.9999458497004001
0.90,Legacy-15,656,0.9990000000000001,0.9980541502996001,0.9999458497004001
0.90,Legacy-15,657,0.9990000000000001,0.9980541502996001,0.9999458497004001
0.90,Legacy-15,658,0.9990000000000001,0.9980541502996001,0.9999458497004001
0.90,Legacy-15,659,0.9990000000000001,0.9980541502996001,0.9999458497004001
0.90,Legacy-15,660,0.9990000000000001,0.9980541502996001,0.9999458497004001
0.90,Legacy-15,661,0.9990000000000001,0.9980541502996001,0.9999458497004001
0.90,Legacy-15,662,0.9990000000000001,0.9980541502996001,0.9999458497004001
0.90,Legacy-15,663,0.9990000000000001,0.9980541502996001,0.9999458497004001
0.90,Legacy-15,664,0.9990000000000001,0.9980541502996001,0.9999458497004001
0.90,Legacy-15,665,0.9990000000000001,0.9980541502996001,0.9999458497004001
0.90,Legacy-15,666,0.9990000000000001,0.9980541502996001,0.9999458497004001
0.90,Legacy-15,667,0.9990000000000001,0.9980541502996001,0.9999458497004001
0.90,Legacy-15,668,0.9990000000000001,0.9980541502996001,0.9999458497004001
0.90,Legacy-15,669,0.9990000000000001,0.9980541502996001,0.9999458497004001
0.90,Legacy-15,670,0.9990000000000001,0.9980541502996001,0.9999458497004001
0.90,Legacy-15,671,0.9990000000000001,0.9980541502996001,0.9999458497004001
0.90,Legacy-15,672,0.9990000000000001,0.9980541502996001,0.9999458497004001
0.90,Legacy-15,673,0.9990000000000001,0.9980541502996001,0.9999458497004001
0.90,Legacy-15,674,0.9990000000000001,0.9980541502996001,0.9999458497004001
0.90,Legacy-15,675,0.9990000000000001,0.9980541502996001,0.9999458497004001
0.90,Legacy-15,676,0.9990000000000001,0.9980541502996001,0.9999458497004001
0.90,Legacy-15,677,0.9990000000000001,0.9980541502996001,0.9999458497004001
0.90,Legacy-15,678,0.9990000000000001,0.9980541502996001,0.9999458497004001
0.90,Legacy-15,679,0.9990000000000001,0.9980541502996001,0.9999458497004001
0.90,Legacy-15,680,0.9990000000000001,0.9980541502996001,0.9999458497004001
0.90,Legacy-15,681,0.9990000000000001,0.9980541502996001,0.9999458497004001
0.90,Legacy-15,682,0.9990000000000001,0.9980541502996001,0.9999458497004001
0.90,Legacy-15,683,0.9990000000000001,0.9980541502996001,0.9999458497004001
0.90,Legacy-15,684,0.9990000000000001,0.9980541502996001,0.9999458497004001
0.90,Legacy-15,685,0.9990000000000001,0.9980541502996001,0.9999458497004001
0.90,Legacy-15,686,0.9990000000000001,0.9980541502996001,0.9999458497004001
0.90,Legacy-15,687,0.9990000000000001,0.9980541502996001,0.9999458497004001
0.90,Legacy-15,688,0.9990000000000001,0.9980541502996001,0.9999458497004001
0.90,Legacy-15,689,0.9990000000000001,0.9980541502996001,0.9999458497004001
0.90,Legacy-15,690,0.9990000000000001,0.9980541502996001,0.9999458497004001
0.90,Legacy-15,691,0.9990000000000001,0.9980541502996001,0.9999458497004001
0.90,Legacy-15,692,0.9990000000000001,0.9980541502996001,0.9999458497004001
0.90,Legacy-15,693,0.9990000000000001,0.9980541502996001,0.9999458497004001
0.90,Legacy-15,694,0.9990000000000001,0.9980541502996001,0.9999458497004001
0.90,Legacy-15,695,0.9990000000000001,0.9980541502996001,0.9999458497004001
0.90,Legacy-15,696,0.9990000000000001,0.9980541502996001,0.9999458497004001
0.90,Legacy-15,697,0.9990000000000001,0.9980541502996001,0.9999458497004001
0.90,Legacy-15,698,0.9990000000000001,0.9980541502996001,0.9999458497004001
0.90,Legacy-15,699,0.9990000000000001,0.9980541502996001,0.9999458497004001
0.90,Legacy-15,700,0.9990000000000001,0.9980541502996001,0.9999458497004001
0.90,Legacy-15,701,0.9990000000000001,0.9980541502996001,0.9999458497004001
0.90,Legacy-15,702,0.9990000000000001,0.9980541502996001,0.9999458497004001
0.90,Legacy-15,703,0.9990000000000001,0.9980541502996001,0.9999458497004001
0.90,Legacy-15,704,0.9990000000000001,0.9980541502996001,0.9999458497004001
0.90,Legacy-15,705,0.9990000000000001,0.9980541502996001,0.9999458497004001
0.90,Legacy-15,706,0.9990000000000001,0.9980541502996001,0.9999458497004001
0.90,Legacy-15,707,0.9990000000000001,0.9980541502996001,0.9999458497004001
0.90,Legacy-15,708,0.9990000000000001,0.9980541502996001,0.9999458497004001
0.90,Legacy-15,709,0.9990000000000001,0.9980541502996001,0.9999458497004001
0.90,Legacy-15,710,0.9990000000000001,0.9980541502996001,0.9999458497004001
0.90,Legacy-15,711,0.9990000000000001,0.9980541502996001,0.9999458497004001
0.90,Legacy-15,712,0.9990000000000001,0.9980541502996001,0.9999458497004001
0.90,Legacy-15,713,0.9990000000000001,0.9980541502996001,0.9999458497004001
0.90,Legacy-15,714,0.9990000000000001,0.9980541502996001,0.9999458497004001
0.90,Legacy-15,715,0.9990000000000001,0.9980541502996001,0.9999458497004001
0.90,Legacy-15,716,0.9990000000000001,0.9980541502996001,0.9999458497004001
0.90,Legacy-15,717,0.9990000000000001,0.9980541502996001,0.9999458497004001
0.90,Legacy-15,718,0.9990000000000001,0.9980541502996001,0.9999458497004001
0.90,Legacy-15,719,0.9990000000000001,0.9980541502996001,0.9999458497004001
0.90,Legacy-15,720,0.9990000000000001,0.9980541502996001,0.9999458497004001
0.90,Legacy-15,721,0.9990000000000001,0.9980541502996001,0.9999458497004001
0.90,Legacy-15,722,0.9990000000000001,0.9980541502996001,0.9999458497004001
0.90,Legacy-15,723,0.9990000000000001,0.9980541502996001,0.9999458497004001
0.90,Legacy-15,724,0.9990000000000001,0.9980541502996001,0.9999458497004001
0.90,Legacy-15,725,0.9990000000000001,0.9980541502996001,0.9999458497004001
0.90,Legacy-15,726,0.9990000000000001,0.9980541502996001,0.9999458497004001
0.90,Legacy-15,727,0.9990000000000001,0.9980541502996001,0.9999458497004001
0.90,Legacy-15,728,0.9990000000000001,0.9980541502996001,0.9999458497004001
0.90,Legacy-15,729,0.9990000000000001,0.9980541502996001,0.9999458497004001
0.90,Legacy-15,730,0.9990000000000001,0.9980541502996001,0.9999458497004001
0.90,Legacy-15,731,0.9990000000000001,0.9980541502996001,0.9999458497004001
0.90,Legacy-15,732,0.9990000000000001,0.9980541502996001,0.9999458497004001
0.90,Legacy-15,733,0.9990000000000001,0.9980541502996001,0.9999458497004001
0.90,Legacy-15,734,0.9990000000000001,0.9980541502996001,0.9999458497004001
0.90,Legacy-15,735,0.9990000000000001,0.9980541502996001,0.9999458497004001
0.90,Legacy-15,736,0.9990000000000001,0.9980541502996001,0.9999458497004001
0.90,Legacy-15,737,0.9990000000000001,0.9980541502996001,0.9999458497004001
0.90,Legacy-15,738,0.9990000000000001,0.9980541502996001,0.9999458497004001
0.90,Legacy-15,739,0.9990000000000001,0.9980541502996001,0.9999458497004001
0.90,Legacy-15,740,0.9990000000000001,0.9980541502996001,0.9999458497004001
0.90,Legacy-15,741,0.9990000000000001,0.9980541502996001,0.9999458497004001
0.90,Legacy-15,742,0.9990000000000001,0.9980541502996001,0.9999458497004001
0.90,Legacy-15,743,0.9990000000000001,0.9980541502996001,0.9999458497004001
0.90,Legacy-15,744,0.9990000000000001,0.9980541502996001,0.9999458497004001
0.90,Legacy-15,745,0.9990000000000001,0.9980541502996001,0.9999458497004001
0.90,Legacy-15,746,0.9990000000000001,0.9980541502996001,0.9999458497004001
0.90,Legacy-15,747,0.9990000000000001,0.9980541502996001,0.9999458497004001
0.90,Legacy-15,748,0.9990000000000001,0.9980541502996001,0.9999458497004001
0.90,Legacy-15,749,0.9990000000000001,0.9980541502996001,0.9999458497004001
0.90,Legacy-15,750,0.9990000000000001,0.9980541502996001,0.9999458497004001
0.90,Legacy-15,751,0.9990000000000001,0.9980541502996001,0.9999458497004001
0.90,Legacy-15,752,0.9990000000000001,0.9980541502996001,0.9999458497004001
0.90,Legacy-15,753,0.9990000000000001,0.9980541502996001,0.9999458497004001
0.90,Legacy-15,754,0.9990000000000001,0.9980541502996001,0.9999458497004001
0.90,Legacy-15,755,0.9990000000000001,0.9980541502996001,0.9999458497004001
0.90,Legacy-15,756,0.9990000000000001,0.9980541502996001,0.9999458497004001
0.90,Legacy-15,757,0.9990000000000001,0.9980541502996001,0.9999458497004001
0.90,Legacy-15,758,0.9990000000000001,0.9980541502996001,0.9999458497004001
0.90,Legacy-15,759,0.9990000000000001,0.9980541502996001,0.9999458497004001
0.90,Legacy-15,760,0.9990000000000001,0.9980541502996001,0.9999458497004001
0.90,Legacy-15,761,0.9990000000000001,0.9980541502996001,0.9999458497004001
0.90,Legacy-15,762,0.9990000000000001,0.9980541502996001,0.9999458497004001
0.90,Legacy-15,763,0.9990000000000001,0.9980541502996001,0.9999458497004001
0.90,Legacy-15,764,0.9990000000000001,0.9980541502996001,0.9999458497004001
0.90,Legacy-15,765,0.9990000000000001,0.9980541502996001,0.9999458497004001
0.90,Legacy-15,766,0.9990000000000001,0.9980541502996001,0.9999458497004001
0.90,Legacy-15,767,0.9990000000000001,0.9980541502996001,0.9999458497004001
0.90,Legacy-15,768,0.9990000000000001,0.9980541502996001,0.9999458497004001
0.90,Legacy-15,769,0.9990000000000001,0.9980541502996001,0.9999458497004001
0.90,Legacy-15,770,0.9990000000000001,0.9980541502996001,0.9999458497004001
0.90,Legacy-15,771,0.9990000000000001,0.9980541502996001,0.9999458497004001
0.90,Legacy-15,772,0.9990000000000001,0.9980541502996001,0.9999458497004001
0.90,Legacy-15,773,0.9990000000000001,0.9980541502996001,0.9999458497004001
0.90,Legacy-15,774,0.9990000000000001,0.9980541502996001,0.9999458497004001
0.90,Legacy-15,775,0.9990000000000001,0.9980541502996001,0.9999458497004001
0.90,Legacy-15,776,0.9990000000000001,0.9980541502996001,0.9999458497004001
0.90,Legacy-15,777,0.9990000000000001,0.9980541502996001,0.9999458497004001
0.90,Legacy-15,778,0.9990000000000001,0.9980541502996001,0.9999458497004001
0.90,Legacy-15,779,0.9990000000000001,0.9980541502996001,0.9999458497004001
0.90,Legacy-15,780,0.9990000000000001,0.9980541502996001,0.9999458497004001
0.90,Legacy-15,781,0.9990000000000001,0.9980541502996001,0.9999458497004001
0.90,Legacy-15,782,0.9990000000000001,0.9980541502996001,0.9999458497004001
0.90,Legacy-15,783,0.9990000000000001,0.9980541502996001,0.9999458497004001
0.90,Legacy-15,784,0.9990000000000001,0.9980541502996001,0.9999458497004001
0.90,Legacy-15,785,0.9990000000000001,0.9980541502996001,0.9999458497004001
0.90,Legacy-15,786,0.9990000000000001,0.9980541502996001,0.9999458497004001
0.90,Legacy-15,787,0.9990000000000001,0.9980541502996001,0.9999458497004001
0.90,Legacy-15,788,0.9990000000000001,0.9980541502996001,0.9999458497004001
0.90,Legacy-15,789,0.9990000000000001,0.9980541502996001,0.9999458497004001
0.90,Legacy-15,790,0.9990000000000001,0.9980541502996001,0.9999458497004001
0.90,Legacy-15,791,0.9990000000000001,0.9980541502996001,0.9999458497004001
0.90,Legacy-15,792,0.9990000000000001,0.9980541502996001,0.9999458497004001
0.90,Legacy-15,793,0.9990000000000001,0.9980541502996001,0.9999458497004001
0.90,Legacy-15,794,0.9990000000000001,0.9980541502996001,0.9999458497004001
0.90,Legacy-15,795,0.9990000000000001,0.9980541502996001,0.9999458497004001
0.90,Legacy-15,796,0.9990000000000001,0.9980541502996001,0.9999458497004001
0.90,Legacy-15,797,0.9990000000000001,0.9980541502996001,0.9999458497004001
0.90,Legacy-15,798,0.9990000000000001,0.9980541502996001,0.9999458497004001
0.90,Legacy-15,799,0.9990000000000001,0.9980541502996001,0.9999458497004001
0.90,Legacy-15,800,0.9990000000000001,0.9980541502996001,0.9999458497004001
0.90,Legacy-15,801,0.9990000000000001,0.9980541502996001,0.9999458497004001
0.90,Legacy-15,802,0.9990000000000001,0.9980541502996001,0.9999458497004001
0.90,Legacy-15,803,0.9990000000000001,0.9980541502996001,0.9999458497004001
0.90,Legacy-15,804,0.9990000000000001,0.9980541502996001,0.9999458497004001
0.90,Legacy-15,805,0.9990000000000001,0.9980541502996001,0.9999458497004001
0.90,Legacy-15,806,0.9990000000000001,0.9980541502996001,0.9999458497004001
0.90,Legacy-15,807,0.9990000000000001,0.9980541502996001,0.9999458497004001
0.90,Legacy-15,808,0.9990000000000001,0.9980541502996001,0.9999458497004001
0.90,Legacy-15,809,0.9990000000000001,0.9980541502996001,0.9999458497004001
0.90,Legacy-15,810,0.9990000000000001,0.9980541502996001,0.9999458497004001
0.90,Legacy-15,811,0.9990000000000001,0.9980541502996001,0.9999458497004001
0.90,Legacy-15,812,0.9990000000000001,0.9980541502996001,0.9999458497004001
0.90,Legacy-15,813,0.9990000000000001,0.9980541502996001,0.9999458497004001
0.90,Legacy-15,814,0.9990000000000001,0.9980541502996001,0.9999458497004001
0.90,Legacy-15,815,0.9990000000000001,0.9980541502996001,0.9999458497004001
0.90,Legacy-15,816,0.9990000000000001,0.9980541502996001,0.9999458497004001
0.90,Legacy-15,817,0.9990000000000001,0.9980541502996001,0.9999458497004001
0.90,Legacy-15,818,0.9990000000000001,0.9980541502996001,0.9999458497004001
0.90,Legacy-15,819,0.9990000000000001,0.9980541502996001,0.9999458497004001
0.90,Legacy-15,820,0.9990000000000001,0.9980541502996001,0.9999458497004001
0.90,Legacy-15,821,0.9990000000000001,0.9980541502996001,0.9999458497004001
0.90,Legacy-15,822,0.9990000000000001,0.9980541502996001,0.9999458497004001
0.90,Legacy-15,823,0.9990000000000001,0.9980541502996001,0.9999458497004001
0.90,Legacy-15,824,0.9990000000000001,0.9980541502996001,0.9999458497004001
0.90,Legacy-15,825,0.9990000000000001,0.9980541502996001,0.9999458497004001
0.90,Legacy-15,826,0.9990000000000001,0.9980541502996001,0.9999458497004001
0.90,Legacy-15,827,0.9990000000000001,0.9980541502996001,0.9999458497004001
0.90,Legacy-15,828,0.9990000000000001,0.9980541502996001,0.9999458497004001
0.90,Legacy-15,829,0.9990000000000001,0.9980541502996001,0.9999458497004001
0.90,Legacy-15,830,0.9990000000000001,0.9980541502996001,0.9999458497004001
0.90,Legacy-15,831,0.9990000000000001,0.9980541502996001,0.9999458497004001
0.90,Legacy-15,832,0.9990000000000001,0.9980541502996001,0.9999458497004001
0.90,Legacy-15,833,0.9990000000000001,0.9980541502996001,0.9999458497004001
0.90,Legacy-15,834,0.9990000000000001,0.9980541502996001,0.9999458497004001
0.90,Legacy-15,835,0.9990000000000001,0.9980541502996001,0.9999458497004001
0.90,Legacy-15,836,0.9990000000000001,0.9980541502996001,0.9999458497004001
0.90,Legacy-15,837,0.9990000000000001,0.9980541502996001,0.9999458497004001
0.90,Legacy-15,838,0.9990000000000001,0.9980541502996001,0.9999458497004001
0.90,Legacy-15,839,0.9990000000000001,0.9980541502996001,0.9999458497004001
0.90,Legacy-15,840,0.9990000000000001,0.9980541502996001,0.9999458497004001
0.90,Legacy-15,841,0.9990000000000001,0.9980541502996001,0.9999458497004001
0.90,Legacy-15,842,0.9990000000000001,0.9980541502996001,0.9999458497004001
0.90,Legacy-15,843,0.9990000000000001,0.9980541502996001,0.9999458497004001
0.90,Legacy-15,844,0.9990000000000001,0.9980541502996001,0.9999458497004001
0.90,Legacy-15,845,0.9990000000000001,0.9980541502996001,0.9999458497004001
0.90,Legacy-15,846,0.9990000000000001,0.9980541502996001,0.9999458497004001
0.90,Legacy-15,847,0.9990000000000001,0.9980541502996001,0.9999458497004001
0.90,Legacy-15,848,0.9990000000000001,0.9980541502996001,0.9999458497004001
0.90,Legacy-15,849,0.9990000000000001,0.9980541502996001,0.9999458497004001
0.90,Legacy-15,850,0.9990000000000001,0.9980541502996001,0.9999458497004001
0.90,Legacy-15,851,0.9990000000000001,0.9980541502996001,0.9999458497004001
0.90,Legacy-15,852,0.9990000000000001,0.9980541502996001,0.9999458497004001
0.90,Legacy-15,853,0.9990000000000001,0.9980541502996001,0.9999458497004001
0.90,Legacy-15,854,0.9990000000000001,0.9980541502996001,0.9999458497004001
0.90,Legacy-15,855,0.9990000000000001,0.9980541502996001,0.9999458497004001
0.90,Legacy-15,856,0.9990000000000001,0.9980541502996001,0.9999458497004001
0.90,Legacy-15,857,0.9990000000000001,0.9980541502996001,0.9999458497004001
0.90,Legacy-15,858,0.9990000000000001,0.9980541502996001,0.9999458497004001
0.90,Legacy-15,859,0.9990000000000001,0.9980541502996001,0.9999458497004001
0.90,Legacy-15,860,0.9990000000000001,0.9980541502996001,0.9999458497004001
0.90,Legacy-15,861,0.9990000000000001,0.9980541502996001,0.9999458497004001
0.90,Legacy-15,862,0.9990000000000001,0.9980541502996001,0.9999458497004001
0.90,Legacy-15,863,0.9990000000000001,0.9980541502996001,0.9999458497004001
0.90,Legacy-15,864,0.9990000000000001,0.9980541502996001,0.9999458497004001
0.90,Legacy-15,865,0.9990000000000001,0.9980541502996001,0.9999458497004001
0.90,Legacy-15,866,0.9990000000000001,0.9980541502996001,0.9999458497004001
0.90,Legacy-15,867,0.9990000000000001,0.9980541502996001,0.9999458497004001
0.90,Legacy-15,868,0.9990000000000001,0.9980541502996001,0.9999458497004001
0.90,Legacy-15,869,0.9990000000000001,0.9980541502996001,0.9999458497004001
0.90,Legacy-15,870,0.9990000000000001,0.9980541502996001,0.9999458497004001
0.90,Legacy-15,871,0.9990000000000001,0.9980541502996001,0.9999458497004001
0.90,Legacy-15,872,0.9990000000000001,0.9980541502996001,0.9999458497004001
0.90,Legacy-15,873,0.9990000000000001,0.9980541502996001,0.9999458497004001
0.90,Legacy-15,874,0.9990000000000001,0.9980541502996001,0.9999458497004001
0.90,Legacy-15,875,0.9990000000000001,0.9980541502996001,0.9999458497004001
0.90,Legacy-15,876,0.9990000000000001,0.9980541502996001,0.9999458497004001
0.90,Legacy-15,877,0.9990000000000001,0.9980541502996001,0.9999458497004001
0.90,Legacy-15,878,0.9990000000000001,0.9980541502996001,0.9999458497004001
0.90,Legacy-15,879,0.9990000000000001,0.9980541502996001,0.9999458497004001
0.90,Legacy-15,880,0.9990000000000001,0.9980541502996001,0.9999458497004001
0.90,Legacy-15,881,0.9990000000000001,0.9980541502996001,0.9999458497004001
0.90,Legacy-15,882,0.9990000000000001,0.9980541502996001,0.9999458497004001
0.90,Legacy-15,883,0.9990000000000001,0.9980541502996001,0.9999458497004001
0.90,Legacy-15,884,0.9990000000000001,0.9980541502996001,0.9999458497004001
0.90,Legacy-15,885,0.9990000000000001,0.9980541502996001,0.9999458497004001
0.90,Legacy-15,886,0.9990000000000001,0.9980541502996001,0.9999458497004001
0.90,Legacy-15,887,0.9990000000000001,0.9980541502996001,0.9999458497004001
0.90,Legacy-15,888,0.9990000000000001,0.9980541502996001,0.9999458497004001
0.90,Legacy-15,889,0.9990000000000001,0.9980541502996001,0.9999458497004001
0.90,Legacy-15,890,0.9990000000000001,0.9980541502996001,0.9999458497004001
0.90,Legacy-15,891,0.9990000000000001,0.9980541502996001,0.9999458497004001
0.90,Legacy-15,892,0.9990000000000001,0.9980541502996001,0.9999458497004001
0.90,Legacy-15,893,0.9990000000000001,0.9980541502996001,0.9999458497004001
0.90,Legacy-15,894,0.9990000000000001,0.9980541502996001,0.9999458497004001
0.90,Legacy-15,895,0.9990000000000001,0.9980541502996001,0.9999458497004001
0.90,Legacy-15,896,0.9990000000000001,0.9980541502996001,0.9999458497004001
0.90,Legacy-15,897,0.9990000000000001,0.9980541502996001,0.9999458497004001
0.90,Legacy-15,898,0.9990000000000001,0.9980541502996001,0.9999458497004001
0.90,Legacy-15,899,0.9990000000000001,0.9980541502996001,0.9999458497004001
0.90,Legacy-15,900,0.9990000000000001,0.9980541502996001,0.9999458497004001
0.90,Legacy-15,901,0.9990000000000001,0.9980541502996001,0.9999458497004001
0.90,Legacy-15,902,0.9990000000000001,0.9980541502996001,0.9999458497004001
0.90,Legacy-15,903,0.9990000000000001,0.9980541502996001,0.9999458497004001
0.90,Legacy-15,904,0.9990000000000001,0.9980541502996001,0.9999458497004001
0.90,Legacy-15,905,0.9990000000000001,0.9980541502996001,0.9999458497004001
0.90,Legacy-15,906,0.9990000000000001,0.9980541502996001,0.9999458497004001
0.90,Legacy-15,907,0.9990000000000001,0.9980541502996001,0.9999458497004001
0.90,Legacy-15,908,0.9990000000000001,0.9980541502996001,0.9999458497004001
0.90,Legacy-15,909,0.9990000000000001,0.9980541502996001,0.9999458497004001
0.90,Legacy-15,910,0.9990000000000001,0.9980541502996001,0.9999458497004001
0.90,Legacy-15,911,0.9990000000000001,0.9980541502996001,0.9999458497004001
0.90,Legacy-15,912,0.9990000000000001,0.9980541502996001,0.9999458497004001
0.90,Legacy-15,913,0.9990000000000001,0.9980541502996001,0.9999458497004001
0.90,Legacy-15,914,0.9990000000000001,0.9980541502996001,0.9999458497004001
0.90,Legacy-15,915,0.9990000000000001,0.9980541502996001,0.9999458497004001
0.90,Legacy-15,916,0.9990000000000001,0.9980541502996001,0.9999458497004001
0.90,Legacy-15,917,0.9990000000000001,0.9980541502996001,0.9999458497004001
0.90,Legacy-15,918,0.9990000000000001,0.9980541502996001,0.9999458497004001
0.90,Legacy-15,919,0.9990000000000001,0.9980541502996001,0.9999458497004001
0.90,Legacy-15,920,0.9990000000000001,0.9980541502996001,0.9999458497004001
0.90,Legacy-15,921,0.9990000000000001,0.9980541502996001,0.9999458497004001
0.90,Legacy-15,922,0.9990000000000001,0.9980541502996001,0.9999458497004001
0.90,Legacy-15,923,0.9990000000000001,0.9980541502996001,0.9999458497004001
0.90,Legacy-15,924,0.9990000000000001,0.9980541502996001,0.9999458497004001
0.90,Legacy-15,925,0.9990000000000001,0.9980541502996001,0.9999458497004001
0.90,Legacy-15,926,0.9990000000000001,0.9980541502996001,0.9999458497004001
0.90,Legacy-15,927,0.9990000000000001,0.9980541502996001,0.9999458497004001
0.90,Legacy-15,928,0.9990000000000001,0.9980541502996001,0.9999458497004001
0.90,Legacy-15,929,0.9990000000000001,0.9980541502996001,0.9999458497004001
0.90,Legacy-15,930,0.9990000000000001,0.9980541502996001,0.9999458497004001
0.90,Legacy-15,931,0.9990000000000001,0.9980541502996001,0.9999458497004001
0.90,Legacy-15,932,0.9990000000000001,0.9980541502996001,0.9999458497004001
0.90,Legacy-15,933,0.9990000000000001,0.9980541502996001,0.9999458497004001
0.90,Legacy-15,934,0.9990000000000001,0.9980541502996001,0.9999458497004001
0.90,Legacy-15,935,0.9990000000000001,0.9980541502996001,0.9999458497004001
0.90,Legacy-15,936,0.9990000000000001,0.9980541502996001,0.9999458497004001
0.90,Legacy-15,937,0.9990000000000001,0.9980541502996001,0.9999458497004001
0.90,Legacy-15,938,0.9990000000000001,0.9980541502996001,0.9999458497004001
0.90,Legacy-15,939,0.9990000000000001,0.9980541502996001,0.9999458497004001
0.90,Fast-CB,0,0.0,0,0.0
0.90,Fast-CB,1,0.09784999999999999,0.0590347760074346,0.1366652239925654
0.90,Fast-CB,2,0.0981,0.05918825192261078,0.13701174807738925
0.90,Fast-CB,3,0.31075,0.1869270803065278,0.4345729196934722
0.90,Fast-CB,4,0.31124999999999997,0.18710855391463213,0.43539144608536784
0.90,Fast-CB,5,0.50235,0.3086516664857514,0.6960483335142486
0.90,Fast-CB,6,0.5032,0.30919208566375356,0.6972079143362464
0.90,Fast-CB,7,0.62315,0.39385595499517145,0.8524440450048285
0.90,Fast-CB,8,0.6238499999999999,0.3943425419201267,0.8533574580798731
0.90,Fast-CB,9,0.6308,0.3992601414070712,0.8623398585929288
0.90,Fast-CB,10,0.63135,0.3996338563888884,0.8630661436111116
0.90,Fast-CB,11,0.6478999999999999,0.41134667257016344,0.8844533274298364
0.90,Fast-CB,12,0.6482500000000001,0.4116959170265697,0.8848040829734305
0.90,Fast-CB,13,0.6688500000000001,0.4259122785491892,0.9117877214508109
0.90,Fast-CB,14,0.6691500000000001,0.42618584449923935,0.9121141555007609
0.90,Fast-CB,15,0.68765,0.44172612619353824,0.9335738738064617
0.90,Fast-CB,16,0.6881499999999999,0.442220896854425,0.9340791031455749
0.90,Fast-CB,17,0.6895,0.4430985833819479,0.9359014166180522
0.90,Fast-CB,18,0.6898500000000002,0.44354688148891175,0.9361531185110886
0.90,Fast-CB,19,0.6926,0.44577717244251125,0.9394228275574887
0.90,Fast-CB,20,0.6930000000000001,0.4463317837586471,0.939668216241353
0.90,Fast-CB,21,0.6975499999999999,0.44998450841568033,0.9451154915843194
0.90,Fast-CB,22,0.69775,0.4501462124292631,0.9453537875707368
0.90,Fast-CB,23,0.70275,0.4553713952250363,0.9501286047749637
0.90,Fast-CB,24,0.70305,0.4558422344754609,0.950257765524539
0.90,Fast-CB,25,0.7035,0.45639359787314965,0.9506064021268503
0.90,Fast-CB,26,0.704,0.45701450782341957,0.9509854921765803
0.90,Fast-CB,27,0.7046499999999999,0.45794545709292106,0.9513545429070787
0.90,Fast-CB,28,0.7049,0.458351839449214,0.951448160550786
0.90,Fast-CB,29,0.70645,0.45980351755510174,0.9530964824448983
0.90,Fast-CB,30,0.7067,0.4602206634009275,0.9531793365990725
0.90,Fast-CB,31,0.7085,0.4625755212410121,0.954424478758988
0.90,Fast-CB,32,0.7088000000000001,0.4629567849699143,0.9546432150300859
0.90,Fast-CB,33,0.7092,0.46352969986375425,0.9548703001362459
0.90,Fast-CB,34,0.7094500000000001,0.4639353013203036,0.9549646986796967
0.90,Fast-CB,35,0.7099000000000001,0.46454192115030724,0.9552580788496929
0.90,Fast-CB,36,0.7102,0.46494415079429446,0.9554558492057057
0.90,Fast-CB,37,0.71135,0.46629277703623595,0.9564072229637641
0.90,Fast-CB,38,0.7118,0.4668514707351559,0.9567485292648441
0.90,Fast-CB,39,0.7128000000000001,0.46847917051130394,0.9571208294886963
0.90,Fast-CB,40,0.71305,0.46885278853284185,0.9572472114671581
0.90,Fast-CB,41,0.7136,0.46967718239991546,0.9575228176000845
0.90,Fast-CB,42,0.7138500000000001,0.4700603728609745,0.9576396271390257
0.90,Fast-CB,43,0.7147,0.4714399851337709,0.9579600148662291
0.90,Fast-CB,44,0.7150499999999999,0.4718013344785469,0.9582986655214528
0.90,Fast-CB,45,0.7161500000000001,0.473521119047181,0.958778880952819
0.90,Fast-CB,46,0.71655,0.4740221442016721,0.9590778557983279
0.90,Fast-CB,47,0.71965,0.47849963220413205,0.960800367795868
0.90,Fast-CB,48,0.72015,0.4792537914828443,0.9610462085171556
0.90,Fast-CB,49,0.7206499999999999,0.47987219680816273,0.9614278031918371
0.90,Fast-CB,50,0.72105,0.4805176171901214,0.9615823828098785
0.90,Fast-CB,51,0.72265,0.4827605346184386,0.9625394653815614
0.90,Fast-CB,52,0.7233,0.48355830149382234,0.9630416985061778
0.90,Fast-CB,53,0.7263999999999999,0.48758786798072923,0.9652121320192706
0.90,Fast-CB,54,0.7267,0.48799554456874494,0.9654044554312551
0.90,Fast-CB,55,0.7301500000000001,0.4928218198329846,0.9674781801670156
0.90,Fast-CB,56,0.7305,0.4932995619399629,0.9677004380600371
0.90,Fast-CB,57,0.7309000000000001,0.4937498780912323,0.9680501219087679
0.90,Fast-CB,58,0.73105,0.49401495242015403,0.9680850475798459
0.90,Fast-CB,59,0.7313000000000001,0.4944067443704441,0.968193255629556
0.90,Fast-CB,60,0.73145,0.4947025771854501,0.96819742281455
0.90,Fast-CB,61,0.73145,0.4947025771854501,0.96819742281455
0.90,Fast-CB,62,0.7316,0.49499837328483526,0.9682016267151647
0.90,Fast-CB,63,0.7316499999999999,0.49514532368387676,0.9681546763161231
0.90,Fast-CB,64,0.7318,0.495320347550859,0.968279652449141
0.90,Fast-CB,65,0.7318,0.495320347550859,0.968279652449141
0.90,Fast-CB,66,0.7318,0.495320347550859,0.968279652449141
0.90,Fast-CB,67,0.7318,0.495320347550859,0.968279652449141
0.90,Fast-CB,68,0.73185,0.49535913778077123,0.9683408622192288
0.90,Fast-CB,69,0.73195,0.49565305938492255,0.9682469406150774
0.90,Fast-CB,70,0.732,0.49579999111911544,0.9682000088808845
0.90,Fast-CB,71,0.732,0.49579999111911544,0.9682000088808845
0.90,Fast-CB,72,0.732,0.49579999111911544,0.9682000088808845
0.90,Fast-CB,73,0.732,0.49579999111911544,0.9682000088808845
0.90,Fast-CB,74,0.73205,0.49594690344289494,0.968153096557105
0.90,Fast-CB,75,0.73205,0.49594690344289494,0.968153096557105
0.90,Fast-CB,76,0.7321000000000001,0.4960937963323494,0.9681062036676508
0.90,Fast-CB,77,0.7321000000000001,0.4960937963323494,0.9681062036676508
0.90,Fast-CB,78,0.7321000000000001,0.4960937963323494,0.9681062036676508
0.90,Fast-CB,79,0.73215,0.49624066976353215,0.9680593302364677
0.90,Fast-CB,80,0.73215,0.49624066976353215,0.9680593302364677
0.90,Fast-CB,81,0.73215,0.49624066976353215,0.9680593302364677
0.90,Fast-CB,82,0.73215,0.49624066976353215,0.9680593302364677
0.90,Fast-CB,83,0.7322000000000001,0.496387523712463,0.9680124762875372
0.90,Fast-CB,84,0.7322000000000001,0.496387523712463,0.9680124762875372
0.90,Fast-CB,85,0.73225,0.4965343581551258,0.9679656418448741
0.90,Fast-CB,86,0.73225,0.4965343581551258,0.9679656418448741
0.90,Fast-CB,87,0.73225,0.4965343581551258,0.9679656418448741
0.90,Fast-CB,88,0.73225,0.4965343581551258,0.9679656418448741
0.90,Fast-CB,89,0.73225,0.4965343581551258,0.9679656418448741
0.90,Fast-CB,90,0.73225,0.4965343581551258,0.9679656418448741
0.90,Fast-CB,91,0.7323000000000001,0.4966811730674714,0.9679188269325287
0.90,Fast-CB,92,0.7323000000000001,0.4966811730674714,0.9679188269325287
0.90,Fast-CB,93,0.7323000000000001,0.4966811730674714,0.9679188269325287
0.90,Fast-CB,94,0.7323000000000001,0.4966811730674714,0.9679188269325287
0.90,Fast-CB,95,0.7323000000000001,0.4966811730674714,0.9679188269325287
0.90,Fast-CB,96,0.7323000000000001,0.4966811730674714,0.9679188269325287
0.90,Fast-CB,97,0.73235,0.4968279684254143,0.9678720315745856
0.90,Fast-CB,98,0.73235,0.4968279684254143,0.9678720315745856
0.90,Fast-CB,99,0.73235,0.4968279684254143,0.9678720315745856
0.90,Fast-CB,100,0.7324,0.4968973984112711,0.967902601588729
0.90,Fast-CB,101,0.7324,0.4968973984112711,0.967902601588729
0.90,Fast-CB,102,0.7324499999999999,0.49704419066138844,0.9678558093386114
0.90,Fast-CB,103,0.7324499999999999,0.49704419066138844,0.9678558093386114
0.90,Fast-CB,104,0.7324499999999999,0.49704419066138844,0.9678558093386114
0.90,Fast-CB,105,0.7324499999999999,0.49704419066138844,0.9678558093386114
0.90,Fast-CB,106,0.7324499999999999,0.49704419066138844,0.9678558093386114
0.90,Fast-CB,107,0.7324499999999999,0.49704419066138844,0.9678558093386114
0.90,Fast-CB,108,0.7324499999999999,0.49704419066138844,0.9678558093386114
0.90,Fast-CB,109,0.7324499999999999,0.49704419066138844,0.9678558093386114
0.90,Fast-CB,110,0.7324499999999999,0.49704419066138844,0.9678558093386114
0.90,Fast-CB,111,0.7324499999999999,0.49704419066138844,0.9678558093386114
0.90,Fast-CB,112,0.7324499999999999,0.49704419066138844,0.9678558093386114
0.90,Fast-CB,113,0.7324499999999999,0.49704419066138844,0.9678558093386114
0.90,Fast-CB,114,0.7324499999999999,0.49704419066138844,0.9678558093386114
0.90,Fast-CB,115,0.7324499999999999,0.49704419066138844,0.9678558093386114
0.90,Fast-CB,116,0.7324499999999999,0.49704419066138844,0.9678558093386114
0.90,Fast-CB,117,0.7324499999999999,0.49704419066138844,0.9678558093386114
0.90,Fast-CB,118,0.7324499999999999,0.49704419066138844,0.9678558093386114
0.90,Fast-CB,119,0.7324499999999999,0.49704419066138844,0.9678558093386114
0.90,Fast-CB,120,0.7324499999999999,0.49704419066138844,0.9678558093386114
0.90,Fast-CB,121,0.7324499999999999,0.49704419066138844,0.9678558093386114
0.90,Fast-CB,122,0.7324499999999999,0.49704419066138844,0.9678558093386114
0.90,Fast-CB,123,0.7324499999999999,0.49704419066138844,0.9678558093386114
0.90,Fast-CB,124,0.7324499999999999,0.49704419066138844,0.9678558093386114
0.90,Fast-CB,125,0.7324499999999999,0.49704419066138844,0.9678558093386114
0.90,Fast-CB,126,0.7324499999999999,0.49704419066138844,0.9678558093386114
0.90,Fast-CB,127,0.7324499999999999,0.49704419066138844,0.9678558093386114
0.90,Fast-CB,128,0.7324499999999999,0.49704419066138844,0.9678558093386114
0.90,Fast-CB,129,0.7324499999999999,0.49704419066138844,0.9678558093386114
0.90,Fast-CB,130,0.7324499999999999,0.49704419066138844,0.9678558093386114
0.90,Fast-CB,131,0.7324499999999999,0.49704419066138844,0.9678558093386114
0.90,Fast-CB,132,0.7324499999999999,0.49704419066138844,0.9678558093386114
0.90,Fast-CB,133,0.7324499999999999,0.49704419066138844,0.9678558093386114
0.90,Fast-CB,134,0.7324499999999999,0.49704419066138844,0.9678558093386114
0.90,Fast-CB,135,0.7324499999999999,0.49704419066138844,0.9678558093386114
0.90,Fast-CB,136,0.7324499999999999,0.49704419066138844,0.9678558093386114
0.90,Fast-CB,137,0.7324499999999999,0.49704419066138844,0.9678558093386114
0.90,Fast-CB,138,0.7324499999999999,0.49704419066138844,0.9678558093386114
0.90,Fast-CB,139,0.7324499999999999,0.49704419066138844,0.9678558093386114
0.90,Fast-CB,140,0.7324499999999999,0.49704419066138844,0.9678558093386114
0.90,Fast-CB,141,0.7324499999999999,0.49704419066138844,0.9678558093386114
0.90,Fast-CB,142,0.7324499999999999,0.49704419066138844,0.9678558093386114
0.90,Fast-CB,143,0.7324499999999999,0.49704419066138844,0.9678558093386114
0.90,Fast-CB,144,0.7324499999999999,0.49704419066138844,0.9678558093386114
0.90,Fast-CB,145,0.7324499999999999,0.49704419066138844,0.9678558093386114
0.90,Fast-CB,146,0.7324499999999999,0.49704419066138844,0.9678558093386114
0.90,Fast-CB,147,0.7324499999999999,0.49704419066138844,0.9678558093386114
0.90,Fast-CB,148,0.7324499999999999,0.49704419066138844,0.9678558093386114
0.90,Fast-CB,149,0.7324499999999999,0.49704419066138844,0.9678558093386114
0.90,Fast-CB,150,0.7325,0.49719096332075763,0.9678090366792425
0.90,Fast-CB,151,0.7325,0.49719096332075763,0.9678090366792425
0.90,Fast-CB,152,0.7325,0.49719096332075763,0.9678090366792425
0.90,Fast-CB,153,0.7325,0.49719096332075763,0.9678090366792425
0.90,Fast-CB,154,0.7325,0.49719096332075763,0.9678090366792425
0.90,Fast-CB,155,0.7325,0.49719096332075763,0.9678090366792425
0.90,Fast-CB,156,0.7325,0.49719096332075763,0.9678090366792425
0.90,Fast-CB,157,0.7325,0.49719096332075763,0.9678090366792425
0.90,Fast-CB,158,0.7325,0.49719096332075763,0.9678090366792425
0.90,Fast-CB,159,0.7325,0.49719096332075763,0.9678090366792425
0.90,Fast-CB,160,0.7325,0.49719096332075763,0.9678090366792425
0.90,Fast-CB,161,0.7325,0.49719096332075763,0.9678090366792425
0.90,Fast-CB,162,0.7325,0.49719096332075763,0.9678090366792425
0.90,Fast-CB,163,0.7325,0.49719096332075763,0.9678090366792425
0.90,Fast-CB,164,0.7325,0.49719096332075763,0.9678090366792425
0.90,Fast-CB,165,0.7325,0.49719096332075763,0.9678090366792425
0.90,Fast-CB,166,0.7325,0.49719096332075763,0.9678090366792425
0.90,Fast-CB,167,0.7325,0.49719096332075763,0.9678090366792425
0.90,Fast-CB,168,0.7325,0.49719096332075763,0.9678090366792425
0.90,Fast-CB,169,0.7325,0.49719096332075763,0.9678090366792425
0.90,Fast-CB,170,0.7325,0.49719096332075763,0.9678090366792425
0.90,Fast-CB,171,0.7325,0.49719096332075763,0.9678090366792425
0.90,Fast-CB,172,0.7325,0.49719096332075763,0.9678090366792425
0.90,Fast-CB,173,0.7325,0.49719096332075763,0.9678090366792425
0.90,Fast-CB,174,0.7325,0.49719096332075763,0.9678090366792425
0.90,Fast-CB,175,0.7325,0.49719096332075763,0.9678090366792425
0.90,Fast-CB,176,0.7325,0.49719096332075763,0.9678090366792425
0.90,Fast-CB,177,0.7325,0.49719096332075763,0.9678090366792425
0.90,Fast-CB,178,0.7325,0.49719096332075763,0.9678090366792425
0.90,Fast-CB,179,0.7325,0.49719096332075763,0.9678090366792425
0.90,Fast-CB,180,0.7325,0.49719096332075763,0.9678090366792425
0.90,Fast-CB,181,0.7325,0.49719096332075763,0.9678090366792425
0.90,Fast-CB,182,0.7325,0.49719096332075763,0.9678090366792425
0.90,Fast-CB,183,0.7325,0.49719096332075763,0.9678090366792425
0.90,Fast-CB,184,0.7325,0.49719096332075763,0.9678090366792425
0.90,Fast-CB,185,0.7325,0.49719096332075763,0.9678090366792425
0.90,Fast-CB,186,0.7325,0.49719096332075763,0.9678090366792425
0.90,Fast-CB,187,0.7325,0.49719096332075763,0.9678090366792425
0.90,Fast-CB,188,0.7325,0.49719096332075763,0.9678090366792425
0.90,Fast-CB,189,0.7325,0.49719096332075763,0.9678090366792425
0.90,Fast-CB,190,0.7325,0.49719096332075763,0.9678090366792425
0.90,Fast-CB,191,0.7325,0.49719096332075763,0.9678090366792425
0.90,Fast-CB,192,0.7325,0.49719096332075763,0.9678090366792425
0.90,Fast-CB,193,0.7325,0.49719096332075763,0.9678090366792425
0.90,Fast-CB,194,0.7325,0.49719096332075763,0.9678090366792425
0.90,Fast-CB,195,0.7325,0.49719096332075763,0.9678090366792425
0.90,Fast-CB,196,0.7325,0.49719096332075763,0.9678090366792425
0.90,Fast-CB,197,0.7325,0.49719096332075763,0.9678090366792425
0.90,Fast-CB,198,0.7325,0.49719096332075763,0.9678090366792425
0.90,Fast-CB,199,0.7325,0.49719096332075763,0.9678090366792425
0.90,Fast-CB,200,0.7325,0.49719096332075763,0.9678090366792425
0.90,Fast-CB,201,0.7325,0.49719096332075763,0.9678090366792425
0.90,Fast-CB,202,0.7325,0.49719096332075763,0.9678090366792425
0.90,Fast-CB,203,0.7325,0.49719096332075763,0.9678090366792425
0.90,Fast-CB,204,0.7325,0.49719096332075763,0.9678090366792425
0.90,Fast-CB,205,0.7325,0.49719096332075763,0.9678090366792425
0.90,Fast-CB,206,0.7325,0.49719096332075763,0.9678090366792425
0.90,Fast-CB,207,0.7325,0.49719096332075763,0.9678090366792425
0.90,Fast-CB,208,0.7325,0.49719096332075763,0.9678090366792425
0.90,Fast-CB,209,0.7325,0.49719096332075763,0.9678090366792425
0.90,Fast-CB,210,0.7325,0.49719096332075763,0.9678090366792425
0.90,Fast-CB,211,0.7325,0.49719096332075763,0.9678090366792425
0.90,Fast-CB,212,0.7325,0.49719096332075763,0.9678090366792425
0.90,Fast-CB,213,0.7325,0.49719096332075763,0.9678090366792425
0.90,Fast-CB,214,0.7325,0.49719096332075763,0.9678090366792425
0.90,Fast-CB,215,0.7325,0.49719096332075763,0.9678090366792425
0.90,Fast-CB,216,0.7325,0.49719096332075763,0.9678090366792425
0.90,Fast-CB,217,0.7325,0.49719096332075763,0.9678090366792425
0.90,Fast-CB,218,0.7325,0.49719096332075763,0.9678090366792425
0.90,Fast-CB,219,0.7325,0.49719096332075763,0.9678090366792425
0.90,Fast-CB,220,0.7325,0.49719096332075763,0.9678090366792425
0.90,Fast-CB,221,0.7325,0.49719096332075763,0.9678090366792425
0.90,Fast-CB,222,0.7325,0.49719096332075763,0.9678090366792425
0.90,Fast-CB,223,0.7325,0.49719096332075763,0.9678090366792425
0.90,Fast-CB,224,0.7325,0.49719096332075763,0.9678090366792425
0.90,Fast-CB,225,0.7325,0.49719096332075763,0.9678090366792425
0.90,Fast-CB,226,0.7325,0.49719096332075763,0.9678090366792425
0.90,Fast-CB,227,0.7325,0.49719096332075763,0.9678090366792425
0.90,Fast-CB,228,0.7325,0.49719096332075763,0.9678090366792425
0.90,Fast-CB,229,0.7325,0.49719096332075763,0.9678090366792425
0.90,Fast-CB,230,0.7325,0.49719096332075763,0.9678090366792425
0.90,Fast-CB,231,0.7325,0.49719096332075763,0.9678090366792425
0.90,Fast-CB,232,0.7325,0.49719096332075763,0.9678090366792425
0.90,Fast-CB,233,0.7325,0.49719096332075763,0.9678090366792425
0.90,Fast-CB,234,0.7325,0.49719096332075763,0.9678090366792425
0.90,Fast-CB,235,0.7325,0.49719096332075763,0.9678090366792425
0.90,Fast-CB,236,0.7325,0.49719096332075763,0.9678090366792425
0.90,Fast-CB,237,0.7325,0.49719096332075763,0.9678090366792425
0.90,Fast-CB,238,0.7325,0.49719096332075763,0.9678090366792425
0.90,Fast-CB,239,0.7325,0.49719096332075763,0.9678090366792425
0.90,Fast-CB,240,0.7325,0.49719096332075763,0.9678090366792425
0.90,Fast-CB,241,0.7325,0.49719096332075763,0.9678090366792425
0.90,Fast-CB,242,0.7325,0.49719096332075763,0.9678090366792425
0.90,Fast-CB,243,0.7325,0.49719096332075763,0.9678090366792425
0.90,Fast-CB,244,0.7325,0.49719096332075763,0.9678090366792425
0.90,Fast-CB,245,0.7325,0.49719096332075763,0.9678090366792425
0.90,Fast-CB,246,0.7325,0.49719096332075763,0.9678090366792425
0.90,Fast-CB,247,0.7325,0.49719096332075763,0.9678090366792425
0.90,Fast-CB,248,0.7325,0.49719096332075763,0.9678090366792425
0.90,Fast-CB,249,0.7325,0.49719096332075763,0.9678090366792425
0.90,Fast-CB,250,0.7325,0.49719096332075763,0.9678090366792425
0.90,Fast-CB,251,0.7325,0.49719096332075763,0.9678090366792425
0.90,Fast-CB,252,0.7325,0.49719096332075763,0.9678090366792425
0.90,Fast-CB,253,0.7325,0.49719096332075763,0.9678090366792425
0.90,Fast-CB,254,0.7325,0.49719096332075763,0.9678090366792425
0.90,Fast-CB,255,0.7325,0.49719096332075763,0.9678090366792425
0.90,Fast-CB,256,0.7325,0.49719096332075763,0.9678090366792425
0.90,Fast-CB,257,0.7325,0.49719096332075763,0.9678090366792425
0.90,Fast-CB,258,0.7325,0.49719096332075763,0.9678090366792425
0.90,Fast-CB,259,0.7325,0.49719096332075763,0.9678090366792425
0.90,Fast-CB,260,0.7325,0.49719096332075763,0.9678090366792425
0.90,Fast-CB,261,0.7325,0.49719096332075763,0.9678090366792425
0.90,Fast-CB,262,0.7325,0.49719096332075763,0.9678090366792425
0.90,Fast-CB,263,0.7325,0.49719096332075763,0.9678090366792425
0.90,Fast-CB,264,0.7325,0.49719096332075763,0.9678090366792425
0.90,Fast-CB,265,0.7325,0.49719096332075763,0.9678090366792425
0.90,Fast-CB,266,0.7325,0.49719096332075763,0.9678090366792425
0.90,Fast-CB,267,0.7325,0.49719096332075763,0.9678090366792425
0.90,Fast-CB,268,0.7325,0.49719096332075763,0.9678090366792425
0.90,Fast-CB,269,0.7325,0.49719096332075763,0.9678090366792425
0.90,Fast-CB,270,0.7325,0.49719096332075763,0.9678090366792425
0.90,Fast-CB,271,0.7325,0.49719096332075763,0.9678090366792425
0.90,Fast-CB,272,0.7325,0.49719096332075763,0.9678090366792425
0.90,Fast-CB,273,0.7325,0.49719096332075763,0.9678090366792425
0.90,Fast-CB,274,0.7325,0.49719096332075763,0.9678090366792425
0.90,Fast-CB,275,0.7325,0.49719096332075763,0.9678090366792425
0.90,Fast-CB,276,0.7325,0.49719096332075763,0.9678090366792425
0.90,Fast-CB,277,0.7325,0.49719096332075763,0.9678090366792425
0.90,Fast-CB,278,0.7325,0.49719096332075763,0.9678090366792425
0.90,Fast-CB,279,0.7325,0.49719096332075763,0.9678090366792425
0.90,Fast-CB,280,0.7325,0.49719096332075763,0.9678090366792425
0.90,Fast-CB,281,0.7325,0.49719096332075763,0.9678090366792425
0.90,Fast-CB,282,0.7325,0.49719096332075763,0.9678090366792425
0.90,Fast-CB,283,0.7325,0.49719096332075763,0.9678090366792425
0.90,Fast-CB,284,0.7325,0.49719096332075763,0.9678090366792425
0.90,Fast-CB,285,0.7325,0.49719096332075763,0.9678090366792425
0.90,Fast-CB,286,0.7325,0.49719096332075763,0.9678090366792425
0.90,Fast-CB,287,0.7325,0.49719096332075763,0.9678090366792425
0.90,Fast-CB,288,0.7325,0.49719096332075763,0.9678090366792425
0.90,Fast-CB,289,0.7325,0.49719096332075763,0.9678090366792425
0.90,Fast-CB,290,0.7325,0.49719096332075763,0.9678090366792425
0.90,Fast-CB,291,0.7325,0.49719096332075763,0.9678090366792425
0.90,Fast-CB,292,0.7325,0.49719096332075763,0.9678090366792425
0.90,Fast-CB,293,0.7325,0.49719096332075763,0.9678090366792425
0.90,Fast-CB,294,0.7325,0.49719096332075763,0.9678090366792425
0.90,Fast-CB,295,0.7325,0.49719096332075763,0.9678090366792425
0.90,Fast-CB,296,0.7325,0.49719096332075763,0.9678090366792425
0.90,Fast-CB,297,0.7325,0.49719096332075763,0.9678090366792425
0.90,Fast-CB,298,0.7325,0.49719096332075763,0.9678090366792425
0.90,Fast-CB,299,0.7325,0.49719096332075763,0.9678090366792425
0.90,Fast-CB,300,0.7325,0.49719096332075763,0.9678090366792425
0.90,Fast-CB,301,0.7325,0.49719096332075763,0.9678090366792425
0.90,Fast-CB,302,0.7325,0.49719096332075763,0.9678090366792425
0.90,Fast-CB,303,0.7325,0.49719096332075763,0.9678090366792425
0.90,Fast-CB,304,0.7325,0.49719096332075763,0.9678090366792425
0.90,Fast-CB,305,0.7325,0.49719096332075763,0.9678090366792425
0.90,Fast-CB,306,0.7325,0.49719096332075763,0.9678090366792425
0.90,Fast-CB,307,0.7325,0.49719096332075763,0.9678090366792425
0.90,Fast-CB,308,0.7325,0.49719096332075763,0.9678090366792425
0.90,Fast-CB,309,0.7325,0.49719096332075763,0.9678090366792425
0.90,Fast-CB,310,0.7325,0.49719096332075763,0.9678090366792425
0.90,Fast-CB,311,0.7325,0.49719096332075763,0.9678090366792425
0.90,Fast-CB,312,0.7325,0.49719096332075763,0.9678090366792425
0.90,Fast-CB,313,0.7325,0.49719096332075763,0.9678090366792425
0.90,Fast-CB,314,0.7325,0.49719096332075763,0.9678090366792425
0.90,Fast-CB,315,0.7325,0.49719096332075763,0.9678090366792425
0.90,Fast-CB,316,0.7325,0.49719096332075763,0.9678090366792425
0.90,Fast-CB,317,0.7325,0.49719096332075763,0.9678090366792425
0.90,Fast-CB,318,0.7325,0.49719096332075763,0.9678090366792425
0.90,Fast-CB,319,0.7325,0.49719096332075763,0.9678090366792425
0.90,Fast-CB,320,0.7325,0.49719096332075763,0.9678090366792425
0.90,Fast-CB,321,0.7325,0.49719096332075763,0.9678090366792425
0.90,Fast-CB,322,0.7325,0.49719096332075763,0.9678090366792425
0.90,Fast-CB,323,0.7325,0.49719096332075763,0.9678090366792425
0.90,Fast-CB,324,0.7325,0.49719096332075763,0.9678090366792425
0.90,Fast-CB,325,0.7325,0.49719096332075763,0.9678090366792425
0.90,Fast-CB,326,0.7325,0.49719096332075763,0.9678090366792425
0.90,Fast-CB,327,0.7325,0.49719096332075763,0.9678090366792425
0.90,Fast-CB,328,0.7325,0.49719096332075763,0.9678090366792425
0.90,Fast-CB,329,0.7325,0.49719096332075763,0.9678090366792425
0.90,Fast-CB,330,0.7325,0.49719096332075763,0.9678090366792425
0.90,Fast-CB,331,0.7325,0.49719096332075763,0.9678090366792425
0.90,Fast-CB,332,0.7325,0.49719096332075763,0.9678090366792425
0.90,Fast-CB,333,0.7325,0.49719096332075763,0.9678090366792425
0.90,Fast-CB,334,0.7325,0.49719096332075763,0.9678090366792425
0.90,Fast-CB,335,0.7325,0.49719096332075763,0.9678090366792425
0.90,Fast-CB,336,0.7325,0.49719096332075763,0.9678090366792425
0.90,Fast-CB,337,0.7325,0.49719096332075763,0.9678090366792425
0.90,Fast-CB,338,0.7325,0.49719096332075763,0.9678090366792425
0.90,Fast-CB,339,0.7325,0.49719096332075763,0.9678090366792425
0.90,Fast-CB,340,0.7325,0.49719096332075763,0.9678090366792425
0.90,Fast-CB,341,0.7325,0.49719096332075763,0.9678090366792425
0.90,Fast-CB,342,0.7325,0.49719096332075763,0.9678090366792425
0.90,Fast-CB,343,0.7325,0.49719096332075763,0.9678090366792425
0.90,Fast-CB,344,0.7325,0.49719096332075763,0.9678090366792425
0.90,Fast-CB,345,0.7325,0.49719096332075763,0.9678090366792425
0.90,Fast-CB,346,0.7325,0.49719096332075763,0.9678090366792425
0.90,Fast-CB,347,0.7325,0.49719096332075763,0.9678090366792425
0.90,Fast-CB,348,0.7325,0.49719096332075763,0.9678090366792425
0.90,Fast-CB,349,0.7325,0.49719096332075763,0.9678090366792425
0.90,Fast-CB,350,0.7325,0.49719096332075763,0.9678090366792425
0.90,Fast-CB,351,0.7325,0.49719096332075763,0.9678090366792425
0.90,Fast-CB,352,0.7325,0.49719096332075763,0.9678090366792425
0.90,Fast-CB,353,0.7325,0.49719096332075763,0.9678090366792425
0.90,Fast-CB,354,0.7325,0.49719096332075763,0.9678090366792425
0.90,Fast-CB,355,0.7325,0.49719096332075763,0.9678090366792425
0.90,Fast-CB,356,0.7325,0.49719096332075763,0.9678090366792425
0.90,Fast-CB,357,0.7325,0.49719096332075763,0.9678090366792425
0.90,Fast-CB,358,0.7325,0.49719096332075763,0.9678090366792425
0.90,Fast-CB,359,0.7325,0.49719096332075763,0.9678090366792425
0.90,Fast-CB,360,0.7325,0.49719096332075763,0.9678090366792425
0.90,Fast-CB,361,0.7325,0.49719096332075763,0.9678090366792425
0.90,Fast-CB,362,0.7325,0.49719096332075763,0.9678090366792425
0.90,Fast-CB,363,0.7325,0.49719096332075763,0.9678090366792425
0.90,Fast-CB,364,0.7325,0.49719096332075763,0.9678090366792425
0.90,Fast-CB,365,0.7325,0.49719096332075763,0.9678090366792425
0.90,Fast-CB,366,0.7325,0.49719096332075763,0.9678090366792425
0.90,Fast-CB,367,0.7325,0.49719096332075763,0.9678090366792425
0.90,Fast-CB,368,0.7325,0.49719096332075763,0.9678090366792425
0.90,Fast-CB,369,0.7325,0.49719096332075763,0.9678090366792425
0.90,Fast-CB,370,0.7325,0.49719096332075763,0.9678090366792425
0.90,Fast-CB,371,0.7325,0.49719096332075763,0.9678090366792425
0.90,Fast-CB,372,0.7325,0.49719096332075763,0.9678090366792425
0.90,Fast-CB,373,0.7325,0.49719096332075763,0.9678090366792425
0.90,Fast-CB,374,0.7325,0.49719096332075763,0.9678090366792425
0.90,Fast-CB,375,0.7325,0.49719096332075763,0.9678090366792425
0.90,Fast-CB,376,0.7325,0.49719096332075763,0.9678090366792425
0.90,Fast-CB,377,0.7325,0.49719096332075763,0.9678090366792425
0.90,Fast-CB,378,0.7325,0.49719096332075763,0.9678090366792425
0.90,Fast-CB,379,0.7325,0.49719096332075763,0.9678090366792425
0.90,Fast-CB,380,0.7325,0.49719096332075763,0.9678090366792425
0.90,Fast-CB,381,0.7325,0.49719096332075763,0.9678090366792425
0.90,Fast-CB,382,0.7325,0.49719096332075763,0.9678090366792425
0.90,Fast-CB,383,0.7325,0.49719096332075763,0.9678090366792425
0.90,Fast-CB,384,0.7325,0.49719096332075763,0.9678090366792425
0.90,Fast-CB,385,0.7325,0.49719096332075763,0.9678090366792425
0.90,Fast-CB,386,0.7325,0.49719096332075763,0.9678090366792425
0.90,Fast-CB,387,0.7325,0.49719096332075763,0.9678090366792425
0.90,Fast-CB,388,0.7325,0.49719096332075763,0.9678090366792425
0.90,Fast-CB,389,0.7325,0.49719096332075763,0.9678090366792425
0.90,Fast-CB,390,0.7325,0.49719096332075763,0.9678090366792425
0.90,Fast-CB,391,0.7325,0.49719096332075763,0.9678090366792425
0.90,Fast-CB,392,0.7325,0.49719096332075763,0.9678090366792425
0.90,Fast-CB,393,0.7325,0.49719096332075763,0.9678090366792425
0.90,Fast-CB,394,0.7325,0.49719096332075763,0.9678090366792425
0.90,Fast-CB,395,0.7325,0.49719096332075763,0.9678090366792425
0.90,Fast-CB,396,0.7325,0.49719096332075763,0.9678090366792425
0.90,Fast-CB,397,0.7325,0.49719096332075763,0.9678090366792425
0.90,Fast-CB,398,0.7325,0.49719096332075763,0.9678090366792425
0.90,Fast-CB,399,0.7325,0.49719096332075763,0.9678090366792425
0.90,Fast-CB,400,0.7325,0.49719096332075763,0.9678090366792425
0.90,Fast-CB,401,0.7325,0.49719096332075763,0.9678090366792425
0.90,Fast-CB,402,0.7325,0.49719096332075763,0.9678090366792425
0.90,Fast-CB,403,0.7325,0.49719096332075763,0.9678090366792425
0.90,Fast-CB,404,0.7325,0.49719096332075763,0.9678090366792425
0.90,Fast-CB,405,0.7325,0.49719096332075763,0.9678090366792425
0.90,Fast-CB,406,0.7325,0.49719096332075763,0.9678090366792425
0.90,Fast-CB,407,0.7325,0.49719096332075763,0.9678090366792425
0.90,Fast-CB,408,0.7325,0.49719096332075763,0.9678090366792425
0.90,Fast-CB,409,0.7325,0.49719096332075763,0.9678090366792425
0.90,Fast-CB,410,0.7325,0.49719096332075763,0.9678090366792425
0.90,Fast-CB,411,0.7325,0.49719096332075763,0.9678090366792425
0.90,Fast-CB,412,0.7325,0.49719096332075763,0.9678090366792425
0.90,Fast-CB,413,0.7325,0.49719096332075763,0.9678090366792425
0.90,Fast-CB,414,0.7325,0.49719096332075763,0.9678090366792425
0.90,Fast-CB,415,0.7325,0.49719096332075763,0.9678090366792425
0.90,Fast-CB,416,0.7325,0.49719096332075763,0.9678090366792425
0.90,Fast-CB,417,0.7325,0.49719096332075763,0.9678090366792425
0.90,Fast-CB,418,0.7325,0.49719096332075763,0.9678090366792425
0.90,Fast-CB,419,0.7325,0.49719096332075763,0.9678090366792425
0.90,Fast-CB,420,0.7325,0.49719096332075763,0.9678090366792425
0.90,Fast-CB,421,0.7325,0.49719096332075763,0.9678090366792425
0.90,Fast-CB,422,0.7325,0.49719096332075763,0.9678090366792425
0.90,Fast-CB,423,0.7325,0.49719096332075763,0.9678090366792425
0.90,Fast-CB,424,0.7325,0.49719096332075763,0.9678090366792425
0.90,Fast-CB,425,0.7325,0.49719096332075763,0.9678090366792425
0.90,Fast-CB,426,0.7325,0.49719096332075763,0.9678090366792425
0.90,Fast-CB,427,0.7325,0.49719096332075763,0.9678090366792425
0.90,Fast-CB,428,0.7325,0.49719096332075763,0.9678090366792425
0.90,Fast-CB,429,0.7325,0.49719096332075763,0.9678090366792425
0.90,Fast-CB,430,0.7325,0.49719096332075763,0.9678090366792425
0.90,Fast-CB,431,0.7325,0.49719096332075763,0.9678090366792425
0.90,Fast-CB,432,0.7325,0.49719096332075763,0.9678090366792425
0.90,Fast-CB,433,0.7325,0.49719096332075763,0.9678090366792425
0.90,Fast-CB,434,0.7325,0.49719096332075763,0.9678090366792425
0.90,Fast-CB,435,0.7325,0.49719096332075763,0.9678090366792425
0.90,Fast-CB,436,0.7325,0.49719096332075763,0.9678090366792425
0.90,Fast-CB,437,0.7325,0.49719096332075763,0.9678090366792425
0.90,Fast-CB,438,0.7325,0.49719096332075763,0.9678090366792425
0.90,Fast-CB,439,0.7325,0.49719096332075763,0.9678090366792425
0.90,Fast-CB,440,0.7325,0.49719096332075763,0.9678090366792425
0.90,Fast-CB,441,0.7325,0.49719096332075763,0.9678090366792425
0.90,Fast-CB,442,0.7325,0.49719096332075763,0.9678090366792425
0.90,Fast-CB,443,0.7325,0.49719096332075763,0.9678090366792425
0.90,Fast-CB,444,0.7325,0.49719096332075763,0.9678090366792425
0.90,Fast-CB,445,0.7325,0.49719096332075763,0.9678090366792425
0.90,Fast-CB,446,0.7325,0.49719096332075763,0.9678090366792425
0.90,Fast-CB,447,0.7325,0.49719096332075763,0.9678090366792425
0.90,Fast-CB,448,0.7325,0.49719096332075763,0.9678090366792425
0.90,Fast-CB,449,0.7325,0.49719096332075763,0.9678090366792425
0.90,Fast-CB,450,0.7325,0.49719096332075763,0.9678090366792425
0.90,Fast-CB,451,0.7325,0.49719096332075763,0.9678090366792425
0.90,Fast-CB,452,0.7325,0.49719096332075763,0.9678090366792425
0.90,Fast-CB,453,0.7325,0.49719096332075763,0.9678090366792425
0.90,Fast-CB,454,0.7325,0.49719096332075763,0.9678090366792425
0.90,Fast-CB,455,0.7325,0.49719096332075763,0.9678090366792425
0.90,Fast-CB,456,0.7325,0.49719096332075763,0.9678090366792425
0.90,Fast-CB,457,0.7325,0.49719096332075763,0.9678090366792425
0.90,Fast-CB,458,0.7325,0.49719096332075763,0.9678090366792425
0.90,Fast-CB,459,0.7325,0.49719096332075763,0.9678090366792425
0.90,Fast-CB,460,0.7325,0.49719096332075763,0.9678090366792425
0.90,Fast-CB,461,0.7325,0.49719096332075763,0.9678090366792425
0.90,Fast-CB,462,0.7325,0.49719096332075763,0.9678090366792425
0.90,Fast-CB,463,0.7325,0.49719096332075763,0.9678090366792425
0.90,Fast-CB,464,0.7325,0.49719096332075763,0.9678090366792425
0.90,Fast-CB,465,0.7325,0.49719096332075763,0.9678090366792425
0.90,Fast-CB,466,0.7325,0.49719096332075763,0.9678090366792425
0.90,Fast-CB,467,0.7325,0.49719096332075763,0.9678090366792425
0.90,Fast-CB,468,0.7325,0.49719096332075763,0.9678090366792425
0.90,Fast-CB,469,0.7325,0.49719096332075763,0.9678090366792425
0.90,Fast-CB,470,0.7325,0.49719096332075763,0.9678090366792425
0.90,Fast-CB,471,0.7325,0.49719096332075763,0.9678090366792425
0.90,Fast-CB,472,0.7325,0.49719096332075763,0.9678090366792425
0.90,Fast-CB,473,0.7325,0.49719096332075763,0.9678090366792425
0.90,Fast-CB,474,0.7325,0.49719096332075763,0.9678090366792425
0.90,Fast-CB,475,0.7325,0.49719096332075763,0.9678090366792425
0.90,Fast-CB,476,0.7325,0.49719096332075763,0.9678090366792425
0.90,Fast-CB,477,0.7325,0.49719096332075763,0.9678090366792425
0.90,Fast-CB,478,0.7325,0.49719096332075763,0.9678090366792425
0.90,Fast-CB,479,0.7325,0.49719096332075763,0.9678090366792425
0.90,Fast-CB,480,0.7325,0.49719096332075763,0.9678090366792425
0.90,Fast-CB,481,0.7325,0.49719096332075763,0.9678090366792425
0.90,Fast-CB,482,0.7325,0.49719096332075763,0.9678090366792425
0.90,Fast-CB,483,0.7325,0.49719096332075763,0.9678090366792425
0.90,Fast-CB,484,0.7325,0.49719096332075763,0.9678090366792425
0.90,Fast-CB,485,0.7325,0.49719096332075763,0.9678090366792425
0.90,Fast-CB,486,0.7325,0.49719096332075763,0.9678090366792425
0.90,Fast-CB,487,0.7325,0.49719096332075763,0.9678090366792425
0.90,Fast-CB,488,0.7325,0.49719096332075763,0.9678090366792425
0.90,Fast-CB,489,0.7325,0.49719096332075763,0.9678090366792425
0.90,Fast-CB,490,0.7325,0.49719096332075763,0.9678090366792425
0.90,Fast-CB,491,0.7325,0.49719096332075763,0.9678090366792425
0.90,Fast-CB,492,0.7325,0.49719096332075763,0.9678090366792425
0.90,Fast-CB,493,0.7325,0.49719096332075763,0.9678090366792425
0.90,Fast-CB,494,0.7325,0.49719096332075763,0.9678090366792425
0.90,Fast-CB,495,0.7325,0.49719096332075763,0.9678090366792425
0.90,Fast-CB,496,0.7325,0.49719096332075763,0.9678090366792425
0.90,Fast-CB,497,0.7325,0.49719096332075763,0.9678090366792425
0.90,Fast-CB,498,0.7325,0.49719096332075763,0.9678090366792425
0.90,Fast-CB,499,0.7325,0.49719096332075763,0.9678090366792425
0.90,Fast-CB,500,0.7325,0.49719096332075763,0.9678090366792425
0.90,Fast-CB,501,0.7325,0.49719096332075763,0.9678090366792425
0.90,Fast-CB,502,0.7325,0.49719096332075763,0.9678090366792425
0.90,Fast-CB,503,0.7325,0.49719096332075763,0.9678090366792425
0.90,Fast-CB,504,0.7325,0.49719096332075763,0.9678090366792425
0.90,Fast-CB,505,0.7325,0.49719096332075763,0.9678090366792425
0.90,Fast-CB,506,0.7325,0.49719096332075763,0.9678090366792425
0.90,Fast-CB,507,0.7325,0.49719096332075763,0.9678090366792425
0.90,Fast-CB,508,0.7325,0.49719096332075763,0.9678090366792425
0.90,Fast-CB,509,0.7325,0.49719096332075763,0.9678090366792425
0.90,Fast-CB,510,0.7325,0.49719096332075763,0.9678090366792425
0.90,Fast-CB,511,0.7325,0.49719096332075763,0.9678090366792425
0.90,Fast-CB,512,0.7325,0.49719096332075763,0.9678090366792425
0.90,Fast-CB,513,0.7325,0.49719096332075763,0.9678090366792425
0.90,Fast-CB,514,0.7325,0.49719096332075763,0.9678090366792425
0.90,Fast-CB,515,0.7325,0.49719096332075763,0.9678090366792425
0.90,Fast-CB,516,0.7325,0.49719096332075763,0.9678090366792425
0.90,Fast-CB,517,0.7325,0.49719096332075763,0.9678090366792425
0.90,Fast-CB,518,0.7325,0.49719096332075763,0.9678090366792425
0.90,Fast-CB,519,0.7325,0.49719096332075763,0.9678090366792425
0.90,Fast-CB,520,0.7325,0.49719096332075763,0.9678090366792425
0.90,Fast-CB,521,0.7325,0.49719096332075763,0.9678090366792425
0.90,Fast-CB,522,0.7325,0.49719096332075763,0.9678090366792425
0.90,Fast-CB,523,0.7325,0.49719096332075763,0.9678090366792425
0.90,Fast-CB,524,0.7325,0.49719096332075763,0.9678090366792425
0.90,Fast-CB,525,0.7325,0.49719096332075763,0.9678090366792425
0.90,Fast-CB,526,0.7325,0.49719096332075763,0.9678090366792425
0.90,Fast-CB,527,0.7325,0.49719096332075763,0.9678090366792425
0.90,Fast-CB,528,0.7325,0.49719096332075763,0.9678090366792425
0.90,Fast-CB,529,0.7325,0.49719096332075763,0.9678090366792425
0.90,Fast-CB,530,0.7325,0.49719096332075763,0.9678090366792425
0.90,Fast-CB,531,0.7325,0.49719096332075763,0.9678090366792425
0.90,Fast-CB,532,0.7325,0.49719096332075763,0.9678090366792425
0.90,Fast-CB,533,0.7325,0.49719096332075763,0.9678090366792425
0.90,Fast-CB,534,0.7325,0.49719096332075763,0.9678090366792425
0.90,Fast-CB,535,0.7325,0.49719096332075763,0.9678090366792425
0.90,Fast-CB,536,0.7325,0.49719096332075763,0.9678090366792425
0.90,Fast-CB,537,0.7325,0.49719096332075763,0.9678090366792425
0.90,Fast-CB,538,0.7325,0.49719096332075763,0.9678090366792425
0.90,Fast-CB,539,0.7325,0.49719096332075763,0.9678090366792425
0.90,Fast-CB,540,0.7325,0.49719096332075763,0.9678090366792425
0.90,Fast-CB,541,0.7325,0.49719096332075763,0.9678090366792425
0.90,Fast-CB,542,0.7325,0.49719096332075763,0.9678090366792425
0.90,Fast-CB,543,0.7325,0.49719096332075763,0.9678090366792425
0.90,Fast-CB,544,0.7325,0.49719096332075763,0.9678090366792425
0.90,Fast-CB,545,0.7325,0.49719096332075763,0.9678090366792425
0.90,Fast-CB,546,0.7325,0.49719096332075763,0.9678090366792425
0.90,Fast-CB,547,0.7325,0.49719096332075763,0.9678090366792425
0.90,Fast-CB,548,0.7325,0.49719096332075763,0.9678090366792425
0.90,Fast-CB,549,0.7325,0.49719096332075763,0.9678090366792425
0.90,Fast-CB,550,0.7325,0.49719096332075763,0.9678090366792425
0.90,Fast-CB,551,0.7325,0.49719096332075763,0.9678090366792425
0.90,Fast-CB,552,0.7325,0.49719096332075763,0.9678090366792425
0.90,Fast-CB,553,0.7325,0.49719096332075763,0.9678090366792425
0.90,Fast-CB,554,0.7325,0.49719096332075763,0.9678090366792425
0.90,Fast-CB,555,0.7325,0.49719096332075763,0.9678090366792425
0.90,Fast-CB,556,0.7325,0.49719096332075763,0.9678090366792425
0.90,Fast-CB,557,0.7325,0.49719096332075763,0.9678090366792425
0.90,Fast-CB,558,0.7325,0.49719096332075763,0.9678090366792425
0.90,Fast-CB,559,0.7325,0.49719096332075763,0.9678090366792425
0.90,Fast-CB,560,0.7325,0.49719096332075763,0.9678090366792425
0.90,Fast-CB,561,0.7325,0.49719096332075763,0.9678090366792425
0.90,Fast-CB,562,0.7325,0.49719096332075763,0.9678090366792425
0.90,Fast-CB,563,0.7325,0.49719096332075763,0.9678090366792425
0.90,Fast-CB,564,0.7325,0.49719096332075763,0.9678090366792425
0.90,Fast-CB,565,0.7325,0.49719096332075763,0.9678090366792425
0.90,Fast-CB,566,0.7325,0.49719096332075763,0.9678090366792425
0.90,Fast-CB,567,0.7325,0.49719096332075763,0.9678090366792425
0.90,Fast-CB,568,0.7325,0.49719096332075763,0.9678090366792425
0.90,Fast-CB,569,0.7325,0.49719096332075763,0.9678090366792425
0.90,Fast-CB,570,0.7325,0.49719096332075763,0.9678090366792425
0.90,Fast-CB,571,0.7325,0.49719096332075763,0.9678090366792425
0.90,Fast-CB,572,0.7325,0.49719096332075763,0.9678090366792425
0.90,Fast-CB,573,0.7325,0.49719096332075763,0.9678090366792425
0.90,Fast-CB,574,0.7325,0.49719096332075763,0.9678090366792425
0.90,Fast-CB,575,0.7325,0.49719096332075763,0.9678090366792425
0.90,Fast-CB,576,0.7325,0.49719096332075763,0.9678090366792425
0.90,Fast-CB,577,0.7325,0.49719096332075763,0.9678090366792425
0.90,Fast-CB,578,0.7325,0.49719096332075763,0.9678090366792425
0.90,Fast-CB,579,0.7325,0.49719096332075763,0.9678090366792425
0.90,Fast-CB,580,0.7325,0.49719096332075763,0.9678090366792425
0.90,Fast-CB,581,0.7325,0.49719096332075763,0.9678090366792425
0.90,Fast-CB,582,0.7325,0.49719096332075763,0.9678090366792425
0.90,Fast-CB,583,0.7325,0.49719096332075763,0.9678090366792425
0.90,Fast-CB,584,0.7325,0.49719096332075763,0.9678090366792425
0.90,Fast-CB,585,0.7325,0.49719096332075763,0.9678090366792425
0.90,Fast-CB,586,0.7325,0.49719096332075763,0.9678090366792425
0.90,Fast-CB,587,0.7325,0.49719096332075763,0.9678090366792425
0.90,Fast-CB,588,0.7325,0.49719096332075763,0.9678090366792425
0.90,Fast-CB,589,0.7325,0.49719096332075763,0.9678090366792425
0.90,Fast-CB,590,0.7325,0.49719096332075763,0.9678090366792425
0.90,Fast-CB,591,0.7325,0.49719096332075763,0.9678090366792425
0.90,Fast-CB,592,0.7325,0.49719096332075763,0.9678090366792425
0.90,Fast-CB,593,0.7325,0.49719096332075763,0.9678090366792425
0.90,Fast-CB,594,0.7325,0.49719096332075763,0.9678090366792425
0.90,Fast-CB,595,0.7325,0.49719096332075763,0.9678090366792425
0.90,Fast-CB,596,0.7325,0.49719096332075763,0.9678090366792425
0.90,Fast-CB,597,0.7325,0.49719096332075763,0.9678090366792425
0.90,Fast-CB,598,0.7325,0.49719096332075763,0.9678090366792425
0.90,Fast-CB,599,0.7325,0.49719096332075763,0.9678090366792425
0.90,Fast-CB,600,0.7325,0.49719096332075763,0.9678090366792425
0.90,Fast-CB,601,0.7325,0.49719096332075763,0.9678090366792425
0.90,Fast-CB,602,0.7325,0.49719096332075763,0.9678090366792425
0.90,Fast-CB,603,0.7325,0.49719096332075763,0.9678090366792425
0.90,Fast-CB,604,0.7325,0.49719096332075763,0.9678090366792425
0.90,Fast-CB,605,0.7325,0.49719096332075763,0.9678090366792425
0.90,Fast-CB,606,0.7325,0.49719096332075763,0.9678090366792425
0.90,Fast-CB,607,0.7325,0.49719096332075763,0.9678090366792425
0.90,Fast-CB,608,0.7325,0.49719096332075763,0.9678090366792425
0.90,Fast-CB,609,0.7325,0.49719096332075763,0.9678090366792425
0.90,Fast-CB,610,0.7325,0.49719096332075763,0.9678090366792425
0.90,Fast-CB,611,0.7325,0.49719096332075763,0.9678090366792425
0.90,Fast-CB,612,0.7325,0.49719096332075763,0.9678090366792425
0.90,Fast-CB,613,0.7325,0.49719096332075763,0.9678090366792425
0.90,Fast-CB,614,0.7325,0.49719096332075763,0.9678090366792425
0.90,Fast-CB,615,0.7325,0.49719096332075763,0.9678090366792425
0.90,Fast-CB,616,0.7325,0.49719096332075763,0.9678090366792425
0.90,Fast-CB,617,0.7325,0.49719096332075763,0.9678090366792425
0.90,Fast-CB,618,0.7325,0.49719096332075763,0.9678090366792425
0.90,Fast-CB,619,0.7325,0.49719096332075763,0.9678090366792425
0.90,Fast-CB,620,0.7325,0.49719096332075763,0.9678090366792425
0.90,Fast-CB,621,0.7325,0.49719096332075763,0.9678090366792425
0.90,Fast-CB,622,0.7325,0.49719096332075763,0.9678090366792425
0.90,Fast-CB,623,0.7325,0.49719096332075763,0.9678090366792425
0.90,Fast-CB,624,0.7325,0.49719096332075763,0.9678090366792425
0.90,Fast-CB,625,0.7325,0.49719096332075763,0.9678090366792425
0.90,Fast-CB,626,0.7325,0.49719096332075763,0.9678090366792425
0.90,Fast-CB,627,0.7325,0.49719096332075763,0.9678090366792425
0.90,Fast-CB,628,0.7325,0.49719096332075763,0.9678090366792425
0.90,Fast-CB,629,0.7325,0.49719096332075763,0.9678090366792425
0.90,Fast-CB,630,0.7325,0.49719096332075763,0.9678090366792425
0.90,Fast-CB,631,0.7325,0.49719096332075763,0.9678090366792425
0.90,Fast-CB,632,0.7325,0.49719096332075763,0.9678090366792425
0.90,Fast-CB,633,0.7325,0.49719096332075763,0.9678090366792425
0.90,Fast-CB,634,0.7325,0.49719096332075763,0.9678090366792425
0.90,Fast-CB,635,0.7325,0.49719096332075763,0.9678090366792425
0.90,Fast-CB,636,0.7325,0.49719096332075763,0.9678090366792425
0.90,Fast-CB,637,0.7325,0.49719096332075763,0.9678090366792425
0.90,Fast-CB,638,0.7325,0.49719096332075763,0.9678090366792425
0.90,Fast-CB,639,0.7325,0.49719096332075763,0.9678090366792425
0.90,Fast-CB,640,0.7325,0.49719096332075763,0.9678090366792425
0.90,Fast-CB,641,0.7325,0.49719096332075763,0.9678090366792425
0.90,Fast-CB,642,0.7325,0.49719096332075763,0.9678090366792425
0.90,Fast-CB,643,0.7325,0.49719096332075763,0.9678090366792425
0.90,Fast-CB,644,0.7325,0.49719096332075763,0.9678090366792425
0.90,Fast-CB,645,0.7325,0.49719096332075763,0.9678090366792425
0.90,Fast-CB,646,0.7325,0.49719096332075763,0.9678090366792425
0.90,Fast-CB,647,0.7325,0.49719096332075763,0.9678090366792425
0.90,Fast-CB,648,0.7325,0.49719096332075763,0.9678090366792425
0.90,Fast-CB,649,0.7325,0.49719096332075763,0.9678090366792425
0.90,Fast-CB,650,0.7325,0.49719096332075763,0.9678090366792425
0.90,Fast-CB,651,0.7325,0.49719096332075763,0.9678090366792425
0.90,Fast-CB,652,0.7325,0.49719096332075763,0.9678090366792425
0.90,Fast-CB,653,0.7325,0.49719096332075763,0.9678090366792425
0.90,Fast-CB,654,0.7325,0.49719096332075763,0.9678090366792425
0.90,Fast-CB,655,0.7325,0.49719096332075763,0.9678090366792425
0.90,Fast-CB,656,0.7325,0.49719096332075763,0.9678090366792425
0.90,Fast-CB,657,0.7325,0.49719096332075763,0.9678090366792425
0.90,Fast-CB,658,0.7325,0.49719096332075763,0.9678090366792425
0.90,Fast-CB,659,0.7325,0.49719096332075763,0.9678090366792425
0.90,Fast-CB,660,0.7325,0.49719096332075763,0.9678090366792425
0.90,Fast-CB,661,0.7325,0.49719096332075763,0.9678090366792425
0.90,Fast-CB,662,0.7325,0.49719096332075763,0.9678090366792425
0.90,Fast-CB,663,0.7325,0.49719096332075763,0.9678090366792425
0.90,Fast-CB,664,0.7325,0.49719096332075763,0.9678090366792425
0.90,Fast-CB,665,0.7325,0.49719096332075763,0.9678090366792425
0.90,Fast-CB,666,0.7325,0.49719096332075763,0.9678090366792425
0.90,Fast-CB,667,0.7325,0.49719096332075763,0.9678090366792425
0.90,Fast-CB,668,0.7325,0.49719096332075763,0.9678090366792425
0.90,Fast-CB,669,0.7325,0.49719096332075763,0.9678090366792425
0.90,Fast-CB,670,0.7325,0.49719096332075763,0.9678090366792425
0.90,Fast-CB,671,0.7325,0.49719096332075763,0.9678090366792425
0.90,Fast-CB,672,0.7325,0.49719096332075763,0.9678090366792425
0.90,Fast-CB,673,0.7325,0.49719096332075763,0.9678090366792425
0.90,Fast-CB,674,0.7325,0.49719096332075763,0.9678090366792425
0.90,Fast-CB,675,0.7325,0.49719096332075763,0.9678090366792425
0.90,Fast-CB,676,0.7325,0.49719096332075763,0.9678090366792425
0.90,Fast-CB,677,0.7325,0.49719096332075763,0.9678090366792425
0.90,Fast-CB,678,0.7325,0.49719096332075763,0.9678090366792425
0.90,Fast-CB,679,0.7325,0.49719096332075763,0.9678090366792425
0.90,Fast-CB,680,0.7325,0.49719096332075763,0.9678090366792425
0.90,Fast-CB,681,0.7325,0.49719096332075763,0.9678090366792425
0.90,Fast-CB,682,0.7325,0.49719096332075763,0.9678090366792425
0.90,Fast-CB,683,0.7325,0.49719096332075763,0.9678090366792425
0.90,Fast-CB,684,0.7325,0.49719096332075763,0.9678090366792425
0.90,Fast-CB,685,0.7325,0.49719096332075763,0.9678090366792425
0.90,Fast-CB,686,0.7325,0.49719096332075763,0.9678090366792425
0.90,Fast-CB,687,0.7325,0.49719096332075763,0.9678090366792425
0.90,Fast-CB,688,0.7325,0.49719096332075763,0.9678090366792425
0.90,Fast-CB,689,0.7325,0.49719096332075763,0.9678090366792425
0.90,Fast-CB,690,0.7325,0.49719096332075763,0.9678090366792425
0.90,Fast-CB,691,0.7325,0.49719096332075763,0.9678090366792425
0.90,Fast-CB,692,0.7325,0.49719096332075763,0.9678090366792425
0.90,Fast-CB,693,0.7325,0.49719096332075763,0.9678090366792425
0.90,Fast-CB,694,0.7325,0.49719096332075763,0.9678090366792425
0.90,Fast-CB,695,0.7325,0.49719096332075763,0.9678090366792425
0.90,Fast-CB,696,0.7325,0.49719096332075763,0.9678090366792425
0.90,Fast-CB,697,0.7325,0.49719096332075763,0.9678090366792425
0.90,Fast-CB,698,0.7325,0.49719096332075763,0.9678090366792425
0.90,Fast-CB,699,0.7325,0.49719096332075763,0.9678090366792425
0.90,Fast-CB,700,0.7325,0.49719096332075763,0.9678090366792425
0.90,Fast-CB,701,0.7325,0.49719096332075763,0.9678090366792425
0.90,Fast-CB,702,0.7325,0.49719096332075763,0.9678090366792425
0.90,Fast-CB,703,0.7325,0.49719096332075763,0.9678090366792425
0.90,Fast-CB,704,0.7325,0.49719096332075763,0.9678090366792425
0.90,Fast-CB,705,0.7325,0.49719096332075763,0.9678090366792425
0.90,Fast-CB,706,0.7325,0.49719096332075763,0.9678090366792425
0.90,Fast-CB,707,0.7325,0.49719096332075763,0.9678090366792425
0.90,Fast-CB,708,0.7325,0.49719096332075763,0.9678090366792425
0.90,Fast-CB,709,0.7325,0.49719096332075763,0.9678090366792425
0.90,Fast-CB,710,0.7325,0.49719096332075763,0.9678090366792425
0.90,Fast-CB,711,0.7325,0.49719096332075763,0.9678090366792425
0.90,Fast-CB,712,0.7325,0.49719096332075763,0.9678090366792425
0.90,Fast-CB,713,0.7325,0.49719096332075763,0.9678090366792425
0.90,Fast-CB,714,0.7325,0.49719096332075763,0.9678090366792425
0.90,Fast-CB,715,0.7325,0.49719096332075763,0.9678090366792425
0.90,Fast-CB,716,0.7325,0.49719096332075763,0.9678090366792425
0.90,Fast-CB,717,0.7325,0.49719096332075763,0.9678090366792425
0.90,Fast-CB,718,0.7325,0.49719096332075763,0.9678090366792425
0.90,Fast-CB,719,0.7325,0.49719096332075763,0.9678090366792425
0.90,Fast-CB,720,0.7325,0.49719096332075763,0.9678090366792425
0.90,Fast-CB,721,0.7325,0.49719096332075763,0.9678090366792425
0.90,Fast-CB,722,0.7325,0.49719096332075763,0.9678090366792425
0.90,Fast-CB,723,0.7325,0.49719096332075763,0.9678090366792425
0.90,Fast-CB,724,0.7325,0.49719096332075763,0.9678090366792425
0.90,Fast-CB,725,0.7325,0.49719096332075763,0.9678090366792425
0.90,Fast-CB,726,0.7325,0.49719096332075763,0.9678090366792425
0.90,Fast-CB,727,0.7325,0.49719096332075763,0.9678090366792425
0.90,Fast-CB,728,0.7325,0.49719096332075763,0.9678090366792425
0.90,Fast-CB,729,0.7325,0.49719096332075763,0.9678090366792425
0.90,Fast-CB,730,0.7325,0.49719096332075763,0.9678090366792425
0.90,Fast-CB,731,0.7325,0.49719096332075763,0.9678090366792425
0.90,Fast-CB,732,0.7325,0.49719096332075763,0.9678090366792425
0.90,Fast-CB,733,0.7325,0.49719096332075763,0.9678090366792425
0.90,Fast-CB,734,0.7325,0.49719096332075763,0.9678090366792425
0.90,Fast-CB,735,0.7325,0.49719096332075763,0.9678090366792425
0.90,Fast-CB,736,0.7325,0.49719096332075763,0.9678090366792425
0.90,Fast-CB,737,0.7325,0.49719096332075763,0.9678090366792425
0.90,Fast-CB,738,0.7325,0.49719096332075763,0.9678090366792425
0.90,Fast-CB,739,0.7325,0.49719096332075763,0.9678090366792425
0.90,Fast-CB,740,0.7325,0.49719096332075763,0.9678090366792425
0.90,Fast-CB,741,0.7325,0.49719096332075763,0.9678090366792425
0.90,Fast-CB,742,0.7325,0.49719096332075763,0.9678090366792425
0.90,Fast-CB,743,0.7325,0.49719096332075763,0.9678090366792425
0.90,Fast-CB,744,0.7325,0.49719096332075763,0.9678090366792425
0.90,Fast-CB,745,0.7325,0.49719096332075763,0.9678090366792425
0.90,Fast-CB,746,0.7325,0.49719096332075763,0.9678090366792425
0.90,Fast-CB,747,0.7325,0.49719096332075763,0.9678090366792425
0.90,Fast-CB,748,0.7325,0.49719096332075763,0.9678090366792425
0.90,Fast-CB,749,0.7325,0.49719096332075763,0.9678090366792425
0.90,Fast-CB,750,0.7325,0.49719096332075763,0.9678090366792425
0.90,Fast-CB,751,0.7325,0.49719096332075763,0.9678090366792425
0.90,Fast-CB,752,0.7325,0.49719096332075763,0.9678090366792425
0.90,Fast-CB,753,0.7325,0.49719096332075763,0.9678090366792425
0.90,Fast-CB,754,0.7325,0.49719096332075763,0.9678090366792425
0.90,Fast-CB,755,0.7325,0.49719096332075763,0.9678090366792425
0.90,Fast-CB,756,0.7325,0.49719096332075763,0.9678090366792425
0.90,Fast-CB,757,0.7325,0.49719096332075763,0.9678090366792425
0.90,Fast-CB,758,0.7325,0.49719096332075763,0.9678090366792425
0.90,Fast-CB,759,0.7325,0.49719096332075763,0.9678090366792425
0.90,Fast-CB,760,0.7325,0.49719096332075763,0.9678090366792425
0.90,Fast-CB,761,0.7325,0.49719096332075763,0.9678090366792425
0.90,Fast-CB,762,0.7325,0.49719096332075763,0.9678090366792425
0.90,Fast-CB,763,0.7325,0.49719096332075763,0.9678090366792425
0.90,Fast-CB,764,0.7325,0.49719096332075763,0.9678090366792425
0.90,Fast-CB,765,0.7325,0.49719096332075763,0.9678090366792425
0.90,Fast-CB,766,0.7325,0.49719096332075763,0.9678090366792425
0.90,Fast-CB,767,0.7325,0.49719096332075763,0.9678090366792425
0.90,Fast-CB,768,0.7325,0.49719096332075763,0.9678090366792425
0.90,Fast-CB,769,0.7325,0.49719096332075763,0.9678090366792425
0.90,Fast-CB,770,0.7325,0.49719096332075763,0.9678090366792425
0.90,Fast-CB,771,0.7325,0.49719096332075763,0.9678090366792425
0.90,Fast-CB,772,0.7325,0.49719096332075763,0.9678090366792425
0.90,Fast-CB,773,0.7325,0.49719096332075763,0.9678090366792425
0.90,Fast-CB,774,0.7325,0.49719096332075763,0.9678090366792425
0.90,Fast-CB,775,0.7325,0.49719096332075763,0.9678090366792425
0.90,Fast-CB,776,0.7325,0.49719096332075763,0.9678090366792425
0.90,Fast-CB,777,0.7325,0.49719096332075763,0.9678090366792425
0.90,Fast-CB,778,0.7325,0.49719096332075763,0.9678090366792425
0.90,Fast-CB,779,0.7325,0.49719096332075763,0.9678090366792425
0.90,Fast-CB,780,0.7325,0.49719096332075763,0.9678090366792425
0.90,Fast-CB,781,0.7325,0.49719096332075763,0.9678090366792425
0.90,Fast-CB,782,0.7325,0.49719096332075763,0.9678090366792425
0.90,Fast-CB,783,0.7325,0.49719096332075763,0.9678090366792425
0.90,Fast-CB,784,0.7325,0.49719096332075763,0.9678090366792425
0.90,Fast-CB,785,0.7325,0.49719096332075763,0.9678090366792425
0.90,Fast-CB,786,0.7325,0.49719096332075763,0.9678090366792425
0.90,Fast-CB,787,0.7325,0.49719096332075763,0.9678090366792425
0.90,Fast-CB,788,0.7325,0.49719096332075763,0.9678090366792425
0.90,Fast-CB,789,0.7325,0.49719096332075763,0.9678090366792425
0.90,Fast-CB,790,0.7325,0.49719096332075763,0.9678090366792425
0.90,Fast-CB,791,0.7325,0.49719096332075763,0.9678090366792425
0.90,Fast-CB,792,0.7325,0.49719096332075763,0.9678090366792425
0.90,Fast-CB,793,0.7325,0.49719096332075763,0.9678090366792425
0.90,Fast-CB,794,0.7325,0.49719096332075763,0.9678090366792425
0.90,Fast-CB,795,0.7325,0.49719096332075763,0.9678090366792425
0.90,Fast-CB,796,0.7325,0.49719096332075763,0.9678090366792425
0.90,Fast-CB,797,0.7325,0.49719096332075763,0.9678090366792425
0.90,Fast-CB,798,0.7325,0.49719096332075763,0.9678090366792425
0.90,Fast-CB,799,0.7325,0.49719096332075763,0.9678090366792425
0.90,Fast-CB,800,0.7325,0.49719096332075763,0.9678090366792425
0.90,Fast-CB,801,0.7325,0.49719096332075763,0.9678090366792425
0.90,Fast-CB,802,0.7325,0.49719096332075763,0.9678090366792425
0.90,Fast-CB,803,0.7325,0.49719096332075763,0.9678090366792425
0.90,Fast-CB,804,0.7325,0.49719096332075763,0.9678090366792425
0.90,Fast-CB,805,0.7325,0.49719096332075763,0.9678090366792425
0.90,Fast-CB,806,0.7325,0.49719096332075763,0.9678090366792425
0.90,Fast-CB,807,0.7325,0.49719096332075763,0.9678090366792425
0.90,Fast-CB,808,0.7325,0.49719096332075763,0.9678090366792425
0.90,Fast-CB,809,0.7325,0.49719096332075763,0.9678090366792425
0.90,Fast-CB,810,0.7325,0.49719096332075763,0.9678090366792425
0.90,Fast-CB,811,0.7325,0.49719096332075763,0.9678090366792425
0.90,Fast-CB,812,0.7325,0.49719096332075763,0.9678090366792425
0.90,Fast-CB,813,0.7325,0.49719096332075763,0.9678090366792425
0.90,Fast-CB,814,0.7325,0.49719096332075763,0.9678090366792425
0.90,Fast-CB,815,0.7325,0.49719096332075763,0.9678090366792425
0.90,Fast-CB,816,0.7325,0.49719096332075763,0.9678090366792425
0.90,Fast-CB,817,0.7325,0.49719096332075763,0.9678090366792425
0.90,Fast-CB,818,0.7325,0.49719096332075763,0.9678090366792425
0.90,Fast-CB,819,0.7325,0.49719096332075763,0.9678090366792425
0.90,Fast-CB,820,0.7325,0.49719096332075763,0.9678090366792425
0.90,Fast-CB,821,0.7325,0.49719096332075763,0.9678090366792425
0.90,Fast-CB,822,0.7325,0.49719096332075763,0.9678090366792425
0.90,Fast-CB,823,0.7325,0.49719096332075763,0.9678090366792425
0.90,Fast-CB,824,0.7325,0.49719096332075763,0.9678090366792425
0.90,Fast-CB,825,0.7325,0.49719096332075763,0.9678090366792425
0.90,Fast-CB,826,0.7325,0.49719096332075763,0.9678090366792425
0.90,Fast-CB,827,0.7325,0.49719096332075763,0.9678090366792425
0.90,Fast-CB,828,0.7325,0.49719096332075763,0.9678090366792425
0.90,Fast-CB,829,0.7325,0.49719096332075763,0.9678090366792425
0.90,Fast-CB,830,0.7325,0.49719096332075763,0.9678090366792425
0.90,Fast-CB,831,0.7325,0.49719096332075763,0.9678090366792425
0.90,Fast-CB,832,0.7325,0.49719096332075763,0.9678090366792425
0.90,Fast-CB,833,0.7325,0.49719096332075763,0.9678090366792425
0.90,Fast-CB,834,0.7325,0.49719096332075763,0.9678090366792425
0.90,Fast-CB,835,0.7325,0.49719096332075763,0.9678090366792425
0.90,Fast-CB,836,0.7325,0.49719096332075763,0.9678090366792425
0.90,Fast-CB,837,0.7325,0.49719096332075763,0.9678090366792425
0.90,Fast-CB,838,0.7325,0.49719096332075763,0.9678090366792425
0.90,Fast-CB,839,0.7325,0.49719096332075763,0.9678090366792425
0.90,Fast-CB,840,0.7325,0.49719096332075763,0.9678090366792425
0.90,Fast-CB,841,0.7325,0.49719096332075763,0.9678090366792425
0.90,Fast-CB,842,0.7325,0.49719096332075763,0.9678090366792425
0.90,Fast-CB,843,0.7325,0.49719096332075763,0.9678090366792425
0.90,Fast-CB,844,0.7325,0.49719096332075763,0.9678090366792425
0.90,Fast-CB,845,0.7325,0.49719096332075763,0.9678090366792425
0.90,Fast-CB,846,0.7325,0.49719096332075763,0.9678090366792425
0.90,Fast-CB,847,0.7325,0.49719096332075763,0.9678090366792425
0.90,Fast-CB,848,0.7325,0.49719096332075763,0.9678090366792425
0.90,Fast-CB,849,0.7325,0.49719096332075763,0.9678090366792425
0.90,Fast-CB,850,0.7325,0.49719096332075763,0.9678090366792425
0.90,Fast-CB,851,0.7325,0.49719096332075763,0.9678090366792425
0.90,Fast-CB,852,0.7325,0.49719096332075763,0.9678090366792425
0.90,Fast-CB,853,0.7325,0.49719096332075763,0.9678090366792425
0.90,Fast-CB,854,0.7325,0.49719096332075763,0.9678090366792425
0.90,Fast-CB,855,0.7325,0.49719096332075763,0.9678090366792425
0.90,Fast-CB,856,0.7325,0.49719096332075763,0.9678090366792425
0.90,Fast-CB,857,0.7325,0.49719096332075763,0.9678090366792425
0.90,Fast-CB,858,0.7325,0.49719096332075763,0.9678090366792425
0.90,Fast-CB,859,0.7325,0.49719096332075763,0.9678090366792425
0.90,Fast-CB,860,0.7325,0.49719096332075763,0.9678090366792425
0.90,Fast-CB,861,0.7325,0.49719096332075763,0.9678090366792425
0.90,Fast-CB,862,0.7325,0.49719096332075763,0.9678090366792425
0.90,Fast-CB,863,0.7325,0.49719096332075763,0.9678090366792425
0.90,Fast-CB,864,0.7325,0.49719096332075763,0.9678090366792425
0.90,Fast-CB,865,0.7325,0.49719096332075763,0.9678090366792425
0.90,Fast-CB,866,0.7325,0.49719096332075763,0.9678090366792425
0.90,Fast-CB,867,0.7325,0.49719096332075763,0.9678090366792425
0.90,Fast-CB,868,0.7325,0.49719096332075763,0.9678090366792425
0.90,Fast-CB,869,0.7325,0.49719096332075763,0.9678090366792425
0.90,Fast-CB,870,0.7325,0.49719096332075763,0.9678090366792425
0.90,Fast-CB,871,0.7325,0.49719096332075763,0.9678090366792425
0.90,Fast-CB,872,0.7325,0.49719096332075763,0.9678090366792425
0.90,Fast-CB,873,0.7325,0.49719096332075763,0.9678090366792425
0.90,Fast-CB,874,0.7325,0.49719096332075763,0.9678090366792425
0.90,Fast-CB,875,0.7325,0.49719096332075763,0.9678090366792425
0.90,Fast-CB,876,0.7325,0.49719096332075763,0.9678090366792425
0.90,Fast-CB,877,0.7325,0.49719096332075763,0.9678090366792425
0.90,Fast-CB,878,0.7325,0.49719096332075763,0.9678090366792425
0.90,Fast-CB,879,0.7325,0.49719096332075763,0.9678090366792425
0.90,Fast-CB,880,0.7325,0.49719096332075763,0.9678090366792425
0.90,Fast-CB,881,0.7325,0.49719096332075763,0.9678090366792425
0.90,Fast-CB,882,0.7325,0.49719096332075763,0.9678090366792425
0.90,Fast-CB,883,0.7325,0.49719096332075763,0.9678090366792425
0.90,Fast-CB,884,0.7325,0.49719096332075763,0.9678090366792425
0.90,Fast-CB,885,0.7325,0.49719096332075763,0.9678090366792425
0.90,Fast-CB,886,0.7325,0.49719096332075763,0.9678090366792425
0.90,Fast-CB,887,0.7325,0.49719096332075763,0.9678090366792425
0.90,Fast-CB,888,0.7325,0.49719096332075763,0.9678090366792425
0.90,Fast-CB,889,0.7325,0.49719096332075763,0.9678090366792425
0.90,Fast-CB,890,0.7325,0.49719096332075763,0.9678090366792425
0.90,Fast-CB,891,0.7325,0.49719096332075763,0.9678090366792425
0.90,Fast-CB,892,0.7325,0.49719096332075763,0.9678090366792425
0.90,Fast-CB,893,0.7325,0.49719096332075763,0.9678090366792425
0.90,Fast-CB,894,0.7325,0.49719096332075763,0.9678090366792425
0.90,Fast-CB,895,0.7325,0.49719096332075763,0.9678090366792425
0.90,Fast-CB,896,0.7325,0.49719096332075763,0.9678090366792425
0.90,Fast-CB,897,0.7325,0.49719096332075763,0.9678090366792425
0.90,Fast-CB,898,0.7325,0.49719096332075763,0.9678090366792425
0.90,Fast-CB,899,0.7325,0.49719096332075763,0.9678090366792425
0.90,Fast-CB,900,0.7325,0.49719096332075763,0.9678090366792425
0.90,Fast-CB,901,0.7325,0.49719096332075763,0.9678090366792425
0.90,Fast-CB,902,0.7325,0.49719096332075763,0.9678090366792425
0.90,Fast-CB,903,0.7325,0.49719096332075763,0.9678090366792425
0.90,Fast-CB,904,0.7325,0.49719096332075763,0.9678090366792425
0.90,Fast-CB,905,0.7325,0.49719096332075763,0.9678090366792425
0.90,Fast-CB,906,0.7325,0.49719096332075763,0.9678090366792425
0.90,Fast-CB,907,0.7325,0.49719096332075763,0.9678090366792425
0.90,Fast-CB,908,0.7325,0.49719096332075763,0.9678090366792425
0.90,Fast-CB,909,0.7325,0.49719096332075763,0.9678090366792425
0.90,Fast-CB,910,0.7325,0.49719096332075763,0.9678090366792425
0.90,Fast-CB,911,0.7325,0.49719096332075763,0.9678090366792425
0.90,Fast-CB,912,0.7325,0.49719096332075763,0.9678090366792425
0.90,Fast-CB,913,0.7325,0.49719096332075763,0.9678090366792425
0.90,Fast-CB,914,0.7325,0.49719096332075763,0.9678090366792425
0.90,Fast-CB,915,0.7325,0.49719096332075763,0.9678090366792425
0.90,Fast-CB,916,0.7325,0.49719096332075763,0.9678090366792425
0.90,Fast-CB,917,0.7325,0.49719096332075763,0.9678090366792425
0.90,Fast-CB,918,0.7325,0.49719096332075763,0.9678090366792425
0.90,Fast-CB,919,0.7325,0.49719096332075763,0.9678090366792425
0.90,Fast-CB,920,0.7325,0.49719096332075763,0.9678090366792425
0.90,Fast-CB,921,0.7325,0.49719096332075763,0.9678090366792425
0.90,Fast-CB,922,0.7325,0.49719096332075763,0.9678090366792425
0.90,Fast-CB,923,0.7325,0.49719096332075763,0.9678090366792425
0.90,Fast-CB,924,0.7325,0.49719096332075763,0.9678090366792425
0.90,Fast-CB,925,0.7325,0.49719096332075763,0.9678090366792425
0.90,Fast-CB,926,0.7325,0.49719096332075763,0.9678090366792425
0.90,Fast-CB,927,0.7325,0.49719096332075763,0.9678090366792425
0.90,Fast-CB,928,0.7325,0.49719096332075763,0.9678090366792425
0.90,Fast-CB,929,0.7325,0.49719096332075763,0.9678090366792425
0.90,Fast-CB,930,0.7325,0.49719096332075763,0.9678090366792425
0.90,Fast-CB,931,0.7325,0.49719096332075763,0.9678090366792425
0.90,Fast-CB,932,0.7325,0.49719096332075763,0.9678090366792425
0.90,Fast-CB,933,0.7325,0.49719096332075763,0.9678090366792425
0.90,Fast-CB,934,0.7325,0.49719096332075763,0.9678090366792425
0.90,Fast-CB,935,0.7325,0.49719096332075763,0.9678090366792425
0.90,Fast-CB,936,0.7325,0.49719096332075763,0.9678090366792425
0.90,Fast-CB,937,0.7325,0.49719096332075763,0.9678090366792425
0.90,Fast-CB,938,0.7325,0.49719096332075763,0.9678090366792425
0.90,Fast-CB,939,0.7325,0.49719096332075763,0.9678090366792425
0.90,B,0,0.0,0,0.0
0.90,B,1,0.06525,0.051622309460212984,0.07887769053978702
0.90,B,2,0.06545,0.0518945968367365,0.07900540316326349
0.90,B,3,0.2316,0.2004643411440626,0.26273565885593736
0.90,B,4,0.23215,0.20072733635059384,0.2635726636494062
0.90,B,5,0.46125000000000005,0.4279760972572076,0.4945239027427925
0.90,B,6,0.46175,0.42846721616733036,0.49503278383266963
0.90,B,7,0.6728999999999999,0.6480380092495139,0.697761990750486
0.90,B,8,0.6736499999999999,0.648826794495569,0.6984732055044307
0.90,B,9,0.67695,0.6484150983126602,0.7054849016873399
0.90,B,10,0.6786500000000001,0.6484229833986831,0.7088770166013171
0.90,B,11,0.6815,0.6474363937651793,0.7155636062348207
0.90,B,12,0.68295,0.6473058874603812,0.7185941125396187
0.90,B,13,0.6839999999999999,0.6472881137860976,0.7207118862139023
0.90,B,14,0.68475,0.6479544678653765,0.7215455321346235
0.90,B,15,0.68565,0.648336671377703,0.722963328622297
0.90,B,16,0.68655,0.6490736894934269,0.7240263105065731
0.90,B,17,0.6876,0.6498632554508808,0.7253367445491192
0.90,B,18,0.6889,0.6507369236480791,0.7270630763519208
0.90,B,19,0.69,0.6516910019839796,0.7283089980160203
0.90,B,20,0.69095,0.6523224987970081,0.7295775012029918
0.90,B,21,0.6928,0.6539464922345357,0.7316535077654642
0.90,B,22,0.6949000000000001,0.6557439153721424,0.7340560846278578
0.90,B,23,0.69685,0.6576410389626458,0.7360589610373541
0.90,B,24,0.69875,0.6595903710585671,0.7379096289414329
0.90,B,25,0.7005999999999999,0.6614695255594675,0.7397304744405323
0.90,B,26,0.7027000000000001,0.6635635041282827,0.7418364958717175
0.90,B,27,0.7040500000000001,0.6649630554073281,0.743136944592672
0.90,B,28,0.7062999999999999,0.6670978388205765,0.7455021611794234
0.90,B,29,0.7072499999999999,0.667781943968222,0.7467180560317779
0.90,B,30,0.7082999999999999,0.6681376683006478,0.7484623316993521
0.90,B,31,0.7092,0.6688518401359539,0.7495481598640462
0.90,B,32,0.7104999999999999,0.670075989391205,0.7509240106087948
0.90,B,33,0.7121999999999999,0.6715151100540397,0.7528848899459601
0.90,B,34,0.7132499999999999,0.6721131344583086,0.7543868655416913
0.90,B,35,0.7142999999999999,0.6727126616677714,0.7558873383322284
0.90,B,36,0.7163000000000002,0.6744801357509306,0.7581198642490697
0.90,B,37,0.7180000000000002,0.6757509543303264,0.760249045669674
0.90,B,38,0.7195,0.6768599824475897,0.7621400175524103
0.90,B,39,0.72195,0.6789482127256661,0.7649517872743339
0.90,B,40,0.7241500000000001,0.680558399995056,0.7677416000049442
0.90,B,41,0.72575,0.6819197401416752,0.7695802598583248
0.90,B,42,0.7273499999999999,0.6835190111734927,0.7711809888265072
0.90,B,43,0.7289999999999999,0.6848128792798538,0.773187120720146
0.90,B,44,0.73055,0.6865015907485218,0.7745984092514783
0.90,B,45,0.7322000000000001,0.6880031186839848,0.7763968813160154
0.90,B,46,0.73385,0.6897037752142094,0.7779962247857906
0.90,B,47,0.7352,0.6912775989701585,0.7791224010298414
0.90,B,48,0.7366999999999999,0.6925596335095461,0.7808403664904537
0.90,B,49,0.73805,0.6939963321733722,0.7821036678266278
0.90,B,50,0.7400500000000001,0.6956913209938178,0.7844086790061824
0.90,B,51,0.74175,0.6972006736533889,0.7862993263466111
0.90,B,52,0.74325,0.6985526368739228,0.7879473631260772
0.90,B,53,0.7452500000000001,0.7005451317621201,0.7899548682378801
0.90,B,54,0.7475999999999999,0.702770387451558,0.7924296125484419
0.90,B,55,0.74935,0.704302844083095,0.794397155916905
0.90,B,56,0.7517,0.706436390364122,0.7969636096358781
0.90,B,57,0.7533500000000001,0.7076535653364622,0.799046434663538
0.90,B,58,0.75455,0.7085729970413284,0.8005270029586717
0.90,B,59,0.75605,0.7097659911167447,0.8023340088832553
0.90,B,60,0.7575,0.710478279505478,0.8045217204945219
0.90,B,61,0.7597999999999999,0.7120322489750445,0.8075677510249554
0.90,B,62,0.762,0.7137424606701713,0.8102575393298287
0.90,B,63,0.76435,0.7151968651332908,0.8135031348667091
0.90,B,64,0.7665000000000001,0.7166596086600385,0.8163403913399616
0.90,B,65,0.7689000000000001,0.7179146683482162,0.8198853316517841
0.90,B,66,0.7708,0.7194847739428255,0.8221152260571746
0.90,B,67,0.7726000000000001,0.7210068930267594,0.8241931069732408
0.90,B,68,0.7743000000000001,0.72278133903104,0.8258186609689602
0.90,B,69,0.7765,0.7253448095738293,0.8276551904261706
0.90,B,70,0.7786500000000001,0.7271074093013853,0.8301925906986148
0.90,B,71,0.7809,0.7292194149673326,0.8325805850326675
0.90,B,72,0.7834,0.7309175161373673,0.8358824838626326
0.90,B,73,0.7865,0.7333728790179884,0.8396271209820115
0.90,B,74,0.7902,0.7366836147500555,0.8437163852499445
0.90,B,75,0.79395,0.7402097658370151,0.847690234162985
0.90,B,76,0.79715,0.7438647370756664,0.8504352629243337
0.90,B,77,0.8006,0.747989824299593,0.8532101757004069
0.90,B,78,0.8032999999999999,0.7509898601049365,0.8556101398950633
0.90,B,79,0.8065999999999999,0.7553209000259004,0.8578790999740994
0.90,B,80,0.8094,0.7586473030896059,0.8601526969103941
0.90,B,81,0.812,0.7615915730123889,0.8624084269876112
0.90,B,82,0.81535,0.7649935949554832,0.8657064050445168
0.90,B,83,0.8188499999999999,0.768555337916305,0.8691446620836947
0.90,B,84,0.8222,0.7721264044542123,0.8722735955457878
0.90,B,85,0.8251000000000001,0.775169619702945,0.8750303802970552
0.90,B,86,0.8284,0.7789934976677658,0.8778065023322342
0.90,B,87,0.8312,0.7814705569553754,0.8809294430446247
0.90,B,88,0.8336000000000001,0.7843882143868255,0.8828117856131747
0.90,B,89,0.83605,0.7869479191914782,0.8851520808085217
0.90,B,90,0.8389,0.7901144311521389,0.8876855688478611
0.90,B,91,0.8412499999999999,0.792907972538556,0.8895920274614438
0.90,B,92,0.84295,0.7949507278633647,0.8909492721366352
0.90,B,93,0.8443499999999999,0.7965724048387942,0.8921275951612057
0.90,B,94,0.846,0.7984131906146414,0.8935868093853585
0.90,B,95,0.8475999999999999,0.800402871691719,0.8947971283082808
0.90,B,96,0.8494499999999999,0.8018088569229925,0.8970911430770073
0.90,B,97,0.8505,0.8026664926759465,0.8983335073240536
0.90,B,98,0.8515,0.8034369294376882,0.8995630705623119
0.90,B,99,0.85285,0.805518873382618,0.900181126617382
0.90,B,100,0.85435,0.8074839083465495,0.9012160916534506
0.90,B,101,0.8557,0.8093003977196791,0.9020996022803209
0.90,B,102,0.85695,0.8110707396161002,0.9028292603838998
0.90,B,103,0.859,0.8131809975585234,0.9048190024414766
0.90,B,104,0.86065,0.814704975274248,0.906595024725752
0.90,B,105,0.8618499999999999,0.8158285425505265,0.9078714574494733
0.90,B,106,0.8629500000000001,0.8166854969828004,0.9092145030171999
0.90,B,107,0.8641000000000001,0.8177303618365096,0.9104696381634906
0.90,B,108,0.8650999999999999,0.8184956443496195,0.9117043556503802
0.90,B,109,0.8664000000000001,0.8201327130099609,0.9126672869900392
0.90,B,110,0.8678499999999999,0.8220624101307377,0.9136375898692621
0.90,B,111,0.8690000000000001,0.8234758725326015,0.9145241274673988
0.90,B,112,0.8703500000000001,0.8252048923602741,0.9154951076397261
0.90,B,113,0.8722500000000001,0.8274040200652987,0.9170959799347015
0.90,B,114,0.8740999999999999,0.8292127829264064,0.9189872170735933
0.90,B,115,0.87565,0.8309144096787069,0.9203855903212932
0.90,B,116,0.8770499999999999,0.8326029932872123,0.9214970067127874
0.90,B,117,0.8784500000000001,0.8346341397483621,0.922265860251638
0.90,B,118,0.88025,0.8370752514634489,0.9234247485365511
0.90,B,119,0.8817499999999999,0.8394341021227002,0.9240658978772996
0.90,B,120,0.8833500000000001,0.8414880642945236,0.9252119357054766
0.90,B,121,0.88475,0.8432608545937913,0.9262391454062088
0.90,B,122,0.886,0.8450524789697562,0.9269475210302438
0.90,B,123,0.8869499999999999,0.8458860149326108,0.928013985067389
0.90,B,124,0.8887499999999999,0.8488852372322183,0.9286147627677815
0.90,B,125,0.8905999999999998,0.8511098647699342,0.9300901352300655
0.90,B,126,0.892,0.8538117105350486,0.9301882894649515
0.90,B,127,0.89335,0.8561973581763029,0.930502641823697
0.90,B,128,0.89515,0.8582854992597279,0.9320145007402721
0.90,B,129,0.897,0.8606300013021347,0.9333699986978653
0.90,B,130,0.8981999999999999,0.8626815760607934,0.9337184239392063
0.90,B,131,0.8995,0.8646518926965542,0.9343481073034458
0.90,B,132,0.9007999999999999,0.8668264420403811,0.9347735579596188
0.90,B,133,0.9024,0.8687515191634353,0.9360484808365647
0.90,B,134,0.90415,0.8711400112124541,0.9371599887875459
0.90,B,135,0.90535,0.872294066838806,0.938405933161194
0.90,B,136,0.9064,0.873240292414228,0.939559707585772
0.90,B,137,0.90735,0.8742139380005607,0.9404860619994393
0.90,B,138,0.90855,0.8753532464346052,0.9417467535653947
0.90,B,139,0.9097999999999999,0.8766475198482003,0.9429524801517996
0.90,B,140,0.9111,0.8784316104580876,0.9437683895419124
0.90,B,141,0.9122999999999999,0.879950542639371,0.9446494573606288
0.90,B,142,0.9134499999999999,0.8809806682068942,0.9459193317931055
0.90,B,143,0.91465,0.8823721365571917,0.9469278634428082
0.90,B,144,0.9156500000000001,0.8831917405480034,0.9481082594519967
0.90,B,145,0.9170499999999999,0.8842750856208332,0.9498249143791666
0.90,B,146,0.9182500000000001,0.8854322195745783,0.951067780425422
0.90,B,147,0.9197000000000001,0.8868288067515632,0.952571193248437
0.90,B,148,0.9210499999999999,0.8877408269115976,0.9543591730884022
0.90,B,149,0.92245,0.8889712352734228,0.9559287647265772
0.90,B,150,0.9238500000000001,0.8905206891862918,0.9571793108137083
0.90,B,151,0.92535,0.8917871177912001,0.9589128822087999
0.90,B,152,0.9272999999999999,0.8938124979627333,0.9607875020372665
0.90,B,153,0.9289000000000001,0.8956259472191153,0.9621740527808849
0.90,B,154,0.9301999999999999,0.8969339902148123,0.9634660097851875
0.90,B,155,0.9317,0.8984610145170756,0.9649389854829243
0.90,B,156,0.933,0.9000490771180691,0.965950922881931
0.90,B,157,0.9345,0.9014427076167445,0.9675572923832555
0.90,B,158,0.93595,0.9029930476081703,0.9689069523918296
0.90,B,159,0.9377,0.9049476066566294,0.9704523933433705
0.90,B,160,0.9394000000000001,0.9066235928921572,0.972176407107843
0.90,B,161,0.941,0.9081894918960643,0.9738105081039355
0.90,B,162,0.9424,0.9096231054852718,0.9751768945147282
0.90,B,163,0.9436,0.9109002058813704,0.9762997941186295
0.90,B,164,0.94475,0.911707843443015,0.9777921565569849
0.90,B,165,0.9461499999999998,0.9132204468284102,0.9790795531715895
0.90,B,166,0.9473499999999999,0.9144898956116976,0.9802101043883023
0.90,B,167,0.94895,0.9160655961443992,0.9818344038556007
0.90,B,168,0.9507,0.9178813372686311,0.9835186627313689
0.90,B,169,0.9522499999999999,0.9190859868169833,0.9854140131830166
0.90,B,170,0.95505,0.9213716510664725,0.9887283489335275
0.90,B,171,0.9569,0.9230047088081605,0.9907952911918394
0.90,B,172,0.9581000000000001,0.9241317325991337,0.9920682674008664
0.90,B,173,0.9588500000000001,0.9248339417215073,0.9928660582784928
0.90,B,174,0.9601000000000001,0.9257254640369436,0.9944745359630566
0.90,B,175,0.9610000000000001,0.9262371511505385,0.9957628488494616
0.90,B,176,0.96145,0.9266564030469322,0.9962435969530679
0.90,B,177,0.9622499999999999,0.9276816577474776,0.9968183422525223
0.90,B,178,0.96305,0.9292079214872517,0.9968920785127482
0.90,B,179,0.9637,0.9299558686109773,0.9974441313890227
0.90,B,180,0.9642000000000001,0.9306842440457961,0.997715755954204
0.90,B,181,0.9649000000000001,0.9315295824762688,0.9982704175237314
0.90,B,182,0.96565,0.9326078434430151,0.998692156556985
0.90,B,183,0.9665,0.9339938797909382,0.9990061202090619
0.90,B,184,0.9668999999999999,0.9346791977508173,0.9991208022491824
0.90,B,185,0.96765,0.9357032162644922,0.9995967837355079
0.90,B,186,0.9686,0.9367465841370335,1
0.90,B,187,0.9694,0.9375290352874475,1
0.90,B,188,0.97035,0.9386008544114691,1
0.90,B,189,0.97115,0.9392482541340964,1
0.90,B,190,0.9715999999999999,0.9396394361113662,1
0.90,B,191,0.9720999999999999,0.9404217247798946,1
0.90,B,192,0.9727499999999999,0.9413606548049839,1
0.90,B,193,0.9733999999999999,0.9425576742267494,1
0.90,B,194,0.9737499999999999,0.9429398378442633,1
0.90,B,195,0.9743999999999999,0.94390459696694,1
0.90,B,196,0.9748,0.9445534014905351,1
0.90,B,197,0.9754499999999999,0.9462455229068103,1
0.90,B,198,0.97595,0.9469643318731907,1
0.90,B,199,0.9764499999999999,0.9475764328969667,1
0.90,B,200,0.9768,0.9482505106762584,1
0.90,B,201,0.9773,0.9494985286063488,1
0.90,B,202,0.9776500000000001,0.950151464866124,1
0.90,B,203,0.9782500000000001,0.951693958185993,1
0.90,B,204,0.9788000000000001,0.9526965555841109,1
0.90,B,205,0.97925,0.953265902583823,1
0.90,B,206,0.9796,0.953948458471239,1
0.90,B,207,0.9798,0.9543717670847741,1
0.90,B,208,0.9803,0.9553411698032105,1
0.90,B,209,0.98075,0.9561855728890281,1
0.90,B,210,0.98105,0.9566509945347624,1
0.90,B,211,0.9812000000000001,0.9570120453173936,1
0.90,B,212,0.9817,0.957890318738258,1
0.90,B,213,0.9822500000000001,0.9589173336991502,1
0.90,B,214,0.98255,0.9595268104059342,1
0.90,B,215,0.9829,0.9600566666932729,1
0.90,B,216,0.9831500000000001,0.960640822850505,1
0.90,B,217,0.9835,0.961307237895284,1
0.90,B,218,0.9839,0.9620613521910794,1
0.90,B,219,0.98425,0.962721388735167,1
0.90,B,220,0.9846,0.963280131722253,1
0.90,B,221,0.9849,0.9637654591372442,1
0.90,B,222,0.9852,0.9639973490569516,1
0.90,B,223,0.9854,0.9645376343498442,1
0.90,B,224,0.9857,0.9650092965169681,1
0.90,B,225,0.9857499999999999,0.9651760703621108,1
0.90,B,226,0.9863,0.9660881428961114,1
0.90,B,227,0.98675,0.9670718463796737,1
0.90,B,228,0.9875999999999999,0.9692645208468005,1
0.90,B,229,0.98795,0.9700327740043304,1
0.90,B,230,0.98815,0.9704232582763951,1
0.90,B,231,0.98815,0.9704232582763951,1
0.90,B,232,0.9885999999999999,0.9712825720310854,1
0.90,B,233,0.9887,0.9714808680870293,1
0.90,B,234,0.98895,0.9721962337056741,1
0.90,B,235,0.9893500000000001,0.9731508445169754,1
0.90,B,236,0.98965,0.9741508845998351,1
0.90,B,237,0.9903000000000002,0.9756559568236064,1
0.90,B,238,0.99065,0.9764128663228124,1
0.90,B,239,0.9908000000000001,0.9767810341291083,1
0.90,B,240,0.99115,0.9779438177648073,1
0.90,B,241,0.9914000000000001,0.9782634838649116,1
0.90,B,242,0.9919,0.9795420707112575,1
0.90,B,243,0.99265,0.9816443315052497,1
0.90,B,244,0.99305,0.9828394886475064,1
0.90,B,245,0.9935000000000002,0.9841951853300875,1
0.90,B,246,0.9939000000000001,0.9851180844119888,1
0.90,B,247,0.9939500000000001,0.9852821809795205,1
0.90,B,248,0.9941500000000001,0.9856769725936938,1
0.90,B,249,0.9943000000000001,0.9861679121695904,1
0.90,B,250,0.9943500000000001,0.9863312935387846,1
0.90,B,251,0.9948500000000001,0.9876968371575927,1
0.90,B,252,0.9949500000000001,0.9879287040005353,1
0.90,B,253,0.9950500000000001,0.9879923930683909,1
0.90,B,254,0.9953000000000001,0.9885364187605461,1
0.90,B,255,0.99555,0.9891637944585832,1
0.90,B,256,0.99565,0.9893952288268891,1
0.90,B,257,0.9957,0.9894265794760579,1
0.90,B,258,0.9958,0.9896182888976747,1
0.90,B,259,0.99585,0.9897805966856066,1
0.90,B,260,0.99595,0.9899694236298723,1
0.90,B,261,0.99595,0.9899694236298723,1
0.90,B,262,0.996,0.9900019192225141,1
0.90,B,263,0.996,0.9900019192225141,1
0.90,B,264,0.996,0.9900019192225141,1
0.90,B,265,0.996,0.9900019192225141,1
0.90,B,266,0.996,0.9900019192225141,1
0.90,B,267,0.99605,0.9900294883375775,1
0.90,B,268,0.9961000000000001,0.9901911424181958,1
0.90,B,269,0.99615,0.9903525356917038,1
0.90,B,270,0.99625,0.9905863493982261,1
0.90,B,271,0.9963000000000001,0.9906566597313243,1
0.90,B,272,0.99635,0.9907245579839108,1
0.90,B,273,0.9965,0.9911174645716501,1
0.90,B,274,0.9965,0.9911174645716501,1
0.90,B,275,0.99655,0.9912808885461539,1
0.90,B,276,0.9966,0.9914440965265141,1
0.90,B,277,0.9966,0.9914440965265141,1
0.90,B,278,0.99665,0.9914757318908257,1
0.90,B,279,0.99675,0.9917054902569944,1
0.90,B,280,0.99675,0.9917054902569944,1
0.90,B,281,0.9969000000000001,0.9920978412684085,1
0.90,B,282,0.9970000000000001,0.9923251124821372,1
0.90,B,283,0.99705,0.992489496842403,1
0.90,B,284,0.9971000000000001,0.9926536799445526,1
0.90,B,285,0.9971000000000001,0.9926536799445526,1
0.90,B,286,0.9972500000000001,0.9931448539092991,1
0.90,B,287,0.9972500000000001,0.9931448539092991,1
0.90,B,288,0.9972500000000001,0.9931448539092991,1
0.90,B,289,0.9972500000000001,0.9931448539092991,1
0.90,B,290,0.9974000000000001,0.9932693942671428,1
0.90,B,291,0.9975,0.993389749364715,1
0.90,B,292,0.99755,0.993444853909299,1
0.90,B,293,0.9976,0.9936110574057694,1
0.90,B,294,0.9977,0.9939430847859004,1
0.90,B,295,0.99775,0.993996541377296,1
0.90,B,296,0.99775,0.993996541377296,1
0.90,B,297,0.99775,0.993996541377296,1
0.90,B,298,0.99775,0.993996541377296,1
0.90,B,299,0.9978000000000001,0.9940462753726451,1
0.90,B,300,0.9979,0.9942465653430729,1
0.90,B,301,0.9979,0.9942465653430729,1
0.90,B,302,0.9981000000000001,0.9947810917063917,1
0.90,B,303,0.9981000000000001,0.9947810917063917,1
0.90,B,304,0.9981000000000001,0.9947810917063917,1
0.90,B,305,0.9981000000000001,0.9947810917063917,1
0.90,B,306,0.9981000000000001,0.9947810917063917,1
0.90,B,307,0.9981000000000001,0.9947810917063917,1
0.90,B,308,0.9981000000000001,0.9947810917063917,1
0.90,B,309,0.9981000000000001,0.9947810917063917,1
0.90,B,310,0.99815,0.9949477639117539,1
0.90,B,311,0.99815,0.9949477639117539,1
0.90,B,312,0.99815,0.9949477639117539,1
0.90,B,313,0.9982000000000001,0.9951143174324649,1
0.90,B,314,0.9982500000000001,0.9952807382921747,1
0.90,B,315,0.9982500000000001,0.9952807382921747,1
0.90,B,316,0.9983000000000001,0.9954470102504973,1
0.90,B,317,0.9983500000000001,0.9954764359577841,1
0.90,B,318,0.9983500000000001,0.9954764359577841,1
0.90,B,319,0.9984000000000001,0.9955066980442159,1
0.90,B,320,0.9984500000000001,0.9955377795037716,1
0.90,B,321,0.9985,0.9957035666993216,1
0.90,B,322,0.9986,0.9959247330514557,1
0.90,B,323,0.99865,0.9960910969499357,1
0.90,B,324,0.9988,0.9965889995531333,1
0.90,B,325,0.9989,0.9968097088469771,1
0.90,B,326,0.99895,0.9969761608518041,1
0.90,B,327,0.99895,0.9969761608518041,1
0.90,B,328,0.99905,0.9973083454826612,1
0.90,B,329,0.99905,0.9973083454826612,1
0.90,B,330,0.99905,0.9973083454826612,1
0.90,B,331,0.99905,0.9973083454826612,1
0.90,B,332,0.99905,0.9973083454826612,1
0.90,B,333,0.99905,0.9973083454826612,1
0.90,B,334,0.99905,0.9973083454826612,1
0.90,B,335,0.99915,0.9976392025650173,1
0.90,B,336,0.9992000000000001,0.9978039273069409,1
0.90,B,337,0.99925,0.9979680147121348,1
0.90,B,338,0.99925,0.9979680147121348,1
0.90,B,339,0.99925,0.9979680147121348,1
0.90,B,340,0.99925,0.9979680147121348,1
0.90,B,341,0.9993000000000001,0.9980266108701419,1
0.90,B,342,0.9993000000000001,0.9980266108701419,1
0.90,B,343,0.9993000000000001,0.9980266108701419,1
0.90,B,344,0.9993000000000001,0.9980266108701419,1
0.90,B,345,0.99935,0.9981924376742654,1
0.90,B,346,0.99935,0.9981924376742654,1
0.90,B,347,0.9994000000000001,0.998357724393876,1
0.90,B,348,0.9995,0.9986857605025735,1
0.90,B,349,0.9995,0.9986857605025735,1
0.90,B,350,0.9995,0.9986857605025735,1
0.90,B,351,0.9995,0.9986857605025735,1
0.90,B,352,0.9995499999999999,0.9987419150843699,1
0.90,B,353,0.9995499999999999,0.9987419150843699,1
0.90,B,354,0.9996,0.998907708906286,1
0.90,B,355,0.9996,0.998907708906286,1
0.90,B,356,0.9996,0.998907708906286,1
0.90,B,357,0.9996,0.998907708906286,1
0.90,B,358,0.99965,0.9990725141341601,1
0.90,B,359,0.99965,0.9990725141341601,1
0.90,B,360,0.99965,0.9990725141341601,1
0.90,B,361,0.99965,0.9990725141341601,1
0.90,B,362,0.99965,0.9990725141341601,1
0.90,B,363,0.99965,0.9990725141341601,1
0.90,B,364,0.9997,0.9992355970162713,1
0.90,B,365,0.9997,0.9992355970162713,1
0.90,B,366,0.99975,0.9993953063623501,1
0.90,B,367,0.99975,0.9993953063623501,1
0.90,B,368,0.99975,0.9993953063623501,1
0.90,B,369,0.99975,0.9993953063623501,1
0.90,B,370,0.99975,0.9993953063623501,1
0.90,B,371,0.99975,0.9993953063623501,1
0.90,B,372,0.99975,0.9993953063623501,1
0.90,B,373,0.99975,0.9993953063623501,1
0.90,B,374,0.99975,0.9993953063623501,1
0.90,B,375,0.99975,0.9993953063623501,1
0.90,B,376,0.9998,0.9995472110344086,1
0.90,B,377,0.9998,0.9995472110344086,1
0.90,B,378,0.9998,0.9995472110344086,1
0.90,B,379,0.9998,0.9995472110344086,1
0.90,B,380,0.9998,0.9995472110344086,1
0.90,B,381,0.9998,0.9995472110344086,1
0.90,B,382,0.9998,0.9995472110344086,1
0.90,B,383,0.9998,0.9995472110344086,1
0.90,B,384,0.9998,0.9995472110344086,1
0.90,B,385,0.9998,0.9995472110344086,1
0.90,B,386,0.9998,0.9995472110344086,1
0.90,B,387,0.9998,0.9995472110344086,1
0.90,B,388,0.9998,0.9995472110344086,1
0.90,B,389,0.9998,0.9995472110344086,1
0.90,B,390,0.9998,0.9995472110344086,1
0.90,B,391,0.9998,0.9995472110344086,1
0.90,B,392,0.9998,0.9995472110344086,1
0.90,B,393,0.9998,0.9995472110344086,1
0.90,B,394,0.9998,0.9995472110344086,1
0.90,B,395,0.9998,0.9995472110344086,1
0.90,B,396,0.9998,0.9995472110344086,1
0.90,B,397,0.9998,0.9995472110344086,1
0.90,B,398,0.9998,0.9995472110344086,1
0.90,B,399,0.99985,0.9996769272265715,1
0.90,B,400,0.99985,0.9996769272265715,1
0.90,B,401,0.99985,0.9996769272265715,1
0.90,B,402,0.99985,0.9996769272265715,1
0.90,B,403,0.99985,0.9996769272265715,1
0.90,B,404,0.99985,0.9996769272265715,1
0.90,B,405,0.99985,0.9996769272265715,1
0.90,B,406,0.99985,0.9996769272265715,1
0.90,B,407,0.99985,0.9996769272265715,1
0.90,B,408,0.99985,0.9996769272265715,1
0.90,B,409,0.99985,0.9996769272265715,1
0.90,B,410,0.99985,0.9996769272265715,1
0.90,B,411,0.99985,0.9996769272265715,1
0.90,B,412,0.99985,0.9996769272265715,1
0.90,B,413,0.99985,0.9996769272265715,1
0.90,B,414,0.99985,0.9996769272265715,1
0.90,B,415,0.99985,0.9996769272265715,1
0.90,B,416,0.99985,0.9996769272265715,1
0.90,B,417,0.99985,0.9996769272265715,1
0.90,B,418,0.99985,0.9996769272265715,1
0.90,B,419,0.99985,0.9996769272265715,1
0.90,B,420,0.99985,0.9996769272265715,1
0.90,B,421,0.99985,0.9996769272265715,1
0.90,B,422,0.99985,0.9996769272265715,1
0.90,B,423,0.99985,0.9996769272265715,1
0.90,B,424,0.99985,0.9996769272265715,1
0.90,B,425,0.99985,0.9996769272265715,1
0.90,B,426,0.99985,0.9996769272265715,1
0.90,B,427,0.9999,0.9997451990054238,1
0.90,B,428,0.9999,0.9997451990054238,1
0.90,B,429,0.9999,0.9997451990054238,1
0.90,B,430,0.9999,0.9997451990054238,1
0.90,B,431,0.9999,0.9997451990054238,1
0.90,B,432,0.9999,0.9997451990054238,1
0.90,B,433,0.9999,0.9997451990054238,1
0.90,B,434,0.9999,0.9997451990054238,1
0.90,B,435,0.9999,0.9997451990054238,1
0.90,B,436,0.9999,0.9997451990054238,1
0.90,B,437,0.9999,0.9997451990054238,1
0.90,B,438,0.9999,0.9997451990054238,1
0.90,B,439,0.9999,0.9997451990054238,1
0.90,B,440,0.9999,0.9997451990054238,1
0.90,B,441,0.9999,0.9997451990054238,1
0.90,B,442,0.9999,0.9997451990054238,1
0.90,B,443,0.9999,0.9997451990054238,1
0.90,B,444,0.9999,0.9997451990054238,1
0.90,B,445,0.9999,0.9997451990054238,1
0.90,B,446,0.9999,0.9997451990054238,1
0.90,B,447,0.9999,0.9997451990054238,1
0.90,B,448,0.9999,0.9997451990054238,1
0.90,B,449,0.9999,0.9997451990054238,1
0.90,B,450,0.9999,0.9997451990054238,1
0.90,B,451,0.9999,0.9997451990054238,1
0.90,B,452,0.9999,0.9997451990054238,1
0.90,B,453,0.9999,0.9997451990054238,1
0.90,B,454,0.9999,0.9997451990054238,1
0.90,B,455,0.9999,0.9997451990054238,1
0.90,B,456,0.9999,0.9997451990054238,1
0.90,B,457,0.9999,0.9997451990054238,1
0.90,B,458,0.9999,0.9997451990054238,1
0.90,B,459,0.9999,0.9997451990054238,1
0.90,B,460,0.9999,0.9997451990054238,1
0.90,B,461,0.9999,0.9997451990054238,1
0.90,B,462,0.9999,0.9997451990054238,1
0.90,B,463,0.9999,0.9997451990054238,1
0.90,B,464,0.9999,0.9997451990054238,1
0.90,B,465,0.9999,0.9997451990054238,1
0.90,B,466,0.9999,0.9997451990054238,1
0.90,B,467,0.9999,0.9997451990054238,1
0.90,B,468,0.9999,0.9997451990054238,1
0.90,B,469,0.9999,0.9997451990054238,1
0.90,B,470,0.9999,0.9997451990054238,1
0.90,B,471,0.9999,0.9997451990054238,1
0.90,B,472,0.9999,0.9997451990054238,1
0.90,B,473,0.9999,0.9997451990054238,1
0.90,B,474,0.9999,0.9997451990054238,1
0.90,B,475,0.9999,0.9997451990054238,1
0.90,B,476,0.9999,0.9997451990054238,1
0.90,B,477,0.9999,0.9997451990054238,1
0.90,B,478,0.9999,0.9997451990054238,1
0.90,B,479,0.9999,0.9997451990054238,1
0.90,B,480,0.9999,0.9997451990054238,1
0.90,B,481,0.9999,0.9997451990054238,1
0.90,B,482,0.9999,0.9997451990054238,1
0.90,B,483,0.9999,0.9997451990054238,1
0.90,B,484,0.9999,0.9997451990054238,1
0.90,B,485,0.9999,0.9997451990054238,1
0.90,B,486,0.9999,0.9997451990054238,1
0.90,B,487,0.9999,0.9997451990054238,1
0.90,B,488,0.9999,0.9997451990054238,1
0.90,B,489,0.9999,0.9997451990054238,1
0.90,B,490,0.9999,0.9997451990054238,1
0.90,B,491,0.9999,0.9997451990054238,1
0.90,B,492,0.9999,0.9997451990054238,1
0.90,B,493,0.9999,0.9997451990054238,1
0.90,B,494,0.9999,0.9997451990054238,1
0.90,B,495,0.9999,0.9997451990054238,1
0.90,B,496,0.9999,0.9997451990054238,1
0.90,B,497,0.9999,0.9997451990054238,1
0.90,B,498,0.9999,0.9997451990054238,1
0.90,B,499,0.9999,0.9997451990054238,1
0.90,B,500,0.9999,0.9997451990054238,1
0.90,B,501,0.9999,0.9997451990054238,1
0.90,B,502,0.9999,0.9997451990054238,1
0.90,B,503,0.9999,0.9997451990054238,1
0.90,B,504,0.9999,0.9997451990054238,1
0.90,B,505,0.9999,0.9997451990054238,1
0.90,B,506,0.9999,0.9997451990054238,1
0.90,B,507,0.9999,0.9997451990054238,1
0.90,B,508,0.9999,0.9997451990054238,1
0.90,B,509,0.9999,0.9997451990054238,1
0.90,B,510,0.9999,0.9997451990054238,1
0.90,B,511,0.9999,0.9997451990054238,1
0.90,B,512,0.9999,0.9997451990054238,1
0.90,B,513,0.9999,0.9997451990054238,1
0.90,B,514,0.9999,0.9997451990054238,1
0.90,B,515,0.9999,0.9997451990054238,1
0.90,B,516,0.9999,0.9997451990054238,1
0.90,B,517,0.9999,0.9997451990054238,1
0.90,B,518,0.9999,0.9997451990054238,1
0.90,B,519,0.9999,0.9997451990054238,1
0.90,B,520,0.9999,0.9997451990054238,1
0.90,B,521,0.9999,0.9997451990054238,1
0.90,B,522,0.9999,0.9997451990054238,1
0.90,B,523,0.9999,0.9997451990054238,1
0.90,B,524,0.9999,0.9997451990054238,1
0.90,B,525,0.9999,0.9997451990054238,1
0.90,B,526,0.9999,0.9997451990054238,1
0.90,B,527,0.9999,0.9997451990054238,1
0.90,B,528,0.9999,0.9997451990054238,1
0.90,B,529,0.9999,0.9997451990054238,1
0.90,B,530,0.9999,0.9997451990054238,1
0.90,B,531,0.9999,0.9997451990054238,1
0.90,B,532,0.9999,0.9997451990054238,1
0.90,B,533,0.9999,0.9997451990054238,1
0.90,B,534,0.9999,0.9997451990054238,1
0.90,B,535,0.9999,0.9997451990054238,1
0.90,B,536,0.9999,0.9997451990054238,1
0.90,B,537,0.9999,0.9997451990054238,1
0.90,B,538,0.9999,0.9997451990054238,1
0.90,B,539,0.9999,0.9997451990054238,1
0.90,B,540,0.9999,0.9997451990054238,1
0.90,B,541,0.9999,0.9997451990054238,1
0.90,B,542,0.9999,0.9997451990054238,1
0.90,B,543,0.9999,0.9997451990054238,1
0.90,B,544,0.9999,0.9997451990054238,1
0.90,B,545,0.9999,0.9997451990054238,1
0.90,B,546,0.9999,0.9997451990054238,1
0.90,B,547,0.9999,0.9997451990054238,1
0.90,B,548,0.9999,0.9997451990054238,1
0.90,B,549,0.9999,0.9997451990054238,1
0.90,B,550,0.9999,0.9997451990054238,1
0.90,B,551,0.9999,0.9997451990054238,1
0.90,B,552,0.9999,0.9997451990054238,1
0.90,B,553,0.9999,0.9997451990054238,1
0.90,B,554,0.9999,0.9997451990054238,1
0.90,B,555,0.9999,0.9997451990054238,1
0.90,B,556,0.9999,0.9997451990054238,1
0.90,B,557,0.9999,0.9997451990054238,1
0.90,B,558,0.9999,0.9997451990054238,1
0.90,B,559,0.9999,0.9997451990054238,1
0.90,B,560,0.9999,0.9997451990054238,1
0.90,B,561,0.9999,0.9997451990054238,1
0.90,B,562,0.9999,0.9997451990054238,1
0.90,B,563,0.9999,0.9997451990054238,1
0.90,B,564,0.9999,0.9997451990054238,1
0.90,B,565,0.9999,0.9997451990054238,1
0.90,B,566,0.9999,0.9997451990054238,1
0.90,B,567,0.9999,0.9997451990054238,1
0.90,B,568,0.9999,0.9997451990054238,1
0.90,B,569,0.9999,0.9997451990054238,1
0.90,B,570,0.9999,0.9997451990054238,1
0.90,B,571,0.9999,0.9997451990054238,1
0.90,B,572,0.9999,0.9997451990054238,1
0.90,B,573,0.9999,0.9997451990054238,1
0.90,B,574,0.9999,0.9997451990054238,1
0.90,B,575,0.9999,0.9997451990054238,1
0.90,B,576,0.9999,0.9997451990054238,1
0.90,B,577,0.9999,0.9997451990054238,1
0.90,B,578,0.9999,0.9997451990054238,1
0.90,B,579,0.9999,0.9997451990054238,1
0.90,B,580,0.9999,0.9997451990054238,1
0.90,B,581,0.9999,0.9997451990054238,1
0.90,B,582,0.9999,0.9997451990054238,1
0.90,B,583,0.9999,0.9997451990054238,1
0.90,B,584,0.9999,0.9997451990054238,1
0.90,B,585,0.9999,0.9997451990054238,1
0.90,B,586,0.9999,0.9997451990054238,1
0.90,B,587,0.9999,0.9997451990054238,1
0.90,B,588,0.9999,0.9997451990054238,1
0.90,B,589,0.9999,0.9997451990054238,1
0.90,B,590,0.9999,0.9997451990054238,1
0.90,B,591,0.9999,0.9997451990054238,1
0.90,B,592,0.9999,0.9997451990054238,1
0.90,B,593,0.9999,0.9997451990054238,1
0.90,B,594,0.9999,0.9997451990054238,1
0.90,B,595,0.9999,0.9997451990054238,1
0.90,B,596,0.9999,0.9997451990054238,1
0.90,B,597,0.9999,0.9997451990054238,1
0.90,B,598,0.9999,0.9997451990054238,1
0.90,B,599,0.9999,0.9997451990054238,1
0.90,B,600,0.9999,0.9997451990054238,1
0.90,B,601,0.9999,0.9997451990054238,1
0.90,B,602,0.9999,0.9997451990054238,1
0.90,B,603,0.9999,0.9997451990054238,1
0.90,B,604,0.9999,0.9997451990054238,1
0.90,B,605,0.9999,0.9997451990054238,1
0.90,B,606,0.9999,0.9997451990054238,1
0.90,B,607,0.9999,0.9997451990054238,1
0.90,B,608,0.9999,0.9997451990054238,1
0.90,B,609,0.9999,0.9997451990054238,1
0.90,B,610,0.9999,0.9997451990054238,1
0.90,B,611,0.9999,0.9997451990054238,1
0.90,B,612,0.9999,0.9997451990054238,1
0.90,B,613,0.9999,0.9997451990054238,1
0.90,B,614,0.9999,0.9997451990054238,1
0.90,B,615,0.9999,0.9997451990054238,1
0.90,B,616,0.9999,0.9997451990054238,1
0.90,B,617,0.9999,0.9997451990054238,1
0.90,B,618,0.9999,0.9997451990054238,1
0.90,B,619,0.9999,0.9997451990054238,1
0.90,B,620,0.9999,0.9997451990054238,1
0.90,B,621,0.9999,0.9997451990054238,1
0.90,B,622,0.9999,0.9997451990054238,1
0.90,B,623,0.9999,0.9997451990054238,1
0.90,B,624,0.9999,0.9997451990054238,1
0.90,B,625,0.9999,0.9997451990054238,1
0.90,B,626,0.9999,0.9997451990054238,1
0.90,B,627,0.9999,0.9997451990054238,1
0.90,B,628,0.9999,0.9997451990054238,1
0.90,B,629,0.9999,0.9997451990054238,1
0.90,B,630,0.9999,0.9997451990054238,1
0.90,B,631,0.9999,0.9997451990054238,1
0.90,B,632,0.9999,0.9997451990054238,1
0.90,B,633,0.9999,0.9997451990054238,1
0.90,B,634,0.9999,0.9997451990054238,1
0.90,B,635,0.9999,0.9997451990054238,1
0.90,B,636,0.9999,0.9997451990054238,1
0.90,B,637,0.9999,0.9997451990054238,1
0.90,B,638,0.9999,0.9997451990054238,1
0.90,B,639,0.9999,0.9997451990054238,1
0.90,B,640,0.9999,0.9997451990054238,1
0.90,B,641,0.9999,0.9997451990054238,1
0.90,B,642,0.9999,0.9997451990054238,1
0.90,B,643,0.9999,0.9997451990054238,1
0.90,B,644,0.9999,0.9997451990054238,1
0.90,B,645,0.9999,0.9997451990054238,1
0.90,B,646,0.9999,0.9997451990054238,1
0.90,B,647,0.9999,0.9997451990054238,1
0.90,B,648,0.9999,0.9997451990054238,1
0.90,B,649,0.9999,0.9997451990054238,1
0.90,B,650,0.9999,0.9997451990054238,1
0.90,B,651,0.9999,0.9997451990054238,1
0.90,B,652,0.9999,0.9997451990054238,1
0.90,B,653,0.9999,0.9997451990054238,1
0.90,B,654,0.9999,0.9997451990054238,1
0.90,B,655,0.9999,0.9997451990054238,1
0.90,B,656,0.9999,0.9997451990054238,1
0.90,B,657,0.9999,0.9997451990054238,1
0.90,B,658,0.9999,0.9997451990054238,1
0.90,B,659,0.9999,0.9997451990054238,1
0.90,B,660,0.9999,0.9997451990054238,1
0.90,B,661,0.9999,0.9997451990054238,1
0.90,B,662,0.9999,0.9997451990054238,1
0.90,B,663,0.9999,0.9997451990054238,1
0.90,B,664,0.9999,0.9997451990054238,1
0.90,B,665,0.9999,0.9997451990054238,1
0.90,B,666,0.9999,0.9997451990054238,1
0.90,B,667,0.9999,0.9997451990054238,1
0.90,B,668,0.9999,0.9997451990054238,1
0.90,B,669,0.9999,0.9997451990054238,1
0.90,B,670,0.9999,0.9997451990054238,1
0.90,B,671,0.9999,0.9997451990054238,1
0.90,B,672,0.9999,0.9997451990054238,1
0.90,B,673,0.9999,0.9997451990054238,1
0.90,B,674,0.9999,0.9997451990054238,1
0.90,B,675,0.9999,0.9997451990054238,1
0.90,B,676,0.9999,0.9997451990054238,1
0.90,B,677,0.9999,0.9997451990054238,1
0.90,B,678,0.9999,0.9997451990054238,1
0.90,B,679,0.9999,0.9997451990054238,1
0.90,B,680,0.9999,0.9997451990054238,1
0.90,B,681,0.9999,0.9997451990054238,1
0.90,B,682,0.9999,0.9997451990054238,1
0.90,B,683,0.9999,0.9997451990054238,1
0.90,B,684,0.9999,0.9997451990054238,1
0.90,B,685,0.9999,0.9997451990054238,1
0.90,B,686,0.9999,0.9997451990054238,1
0.90,B,687,0.9999,0.9997451990054238,1
0.90,B,688,0.9999,0.9997451990054238,1
0.90,B,689,0.9999,0.9997451990054238,1
0.90,B,690,0.9999,0.9997451990054238,1
0.90,B,691,0.9999,0.9997451990054238,1
0.90,B,692,0.9999,0.9997451990054238,1
0.90,B,693,0.9999,0.9997451990054238,1
0.90,B,694,0.9999,0.9997451990054238,1
0.90,B,695,0.9999,0.9997451990054238,1
0.90,B,696,0.9999,0.9997451990054238,1
0.90,B,697,0.9999,0.9997451990054238,1
0.90,B,698,0.9999,0.9997451990054238,1
0.90,B,699,0.9999,0.9997451990054238,1
0.90,B,700,0.9999,0.9997451990054238,1
0.90,B,701,0.9999,0.9997451990054238,1
0.90,B,702,0.9999,0.9997451990054238,1
0.90,B,703,0.9999,0.9997451990054238,1
0.90,B,704,0.9999,0.9997451990054238,1
0.90,B,705,0.9999,0.9997451990054238,1
0.90,B,706,0.9999,0.9997451990054238,1
0.90,B,707,0.9999,0.9997451990054238,1
0.90,B,708,0.9999,0.9997451990054238,1
0.90,B,709,0.9999,0.9997451990054238,1
0.90,B,710,0.9999,0.9997451990054238,1
0.90,B,711,0.9999,0.9997451990054238,1
0.90,B,712,0.9999,0.9997451990054238,1
0.90,B,713,0.9999,0.9997451990054238,1
0.90,B,714,0.9999,0.9997451990054238,1
0.90,B,715,0.9999,0.9997451990054238,1
0.90,B,716,0.9999,0.9997451990054238,1
0.90,B,717,0.9999,0.9997451990054238,1
0.90,B,718,0.9999,0.9997451990054238,1
0.90,B,719,0.9999,0.9997451990054238,1
0.90,B,720,0.9999,0.9997451990054238,1
0.90,B,721,0.9999,0.9997451990054238,1
0.90,B,722,0.9999,0.9997451990054238,1
0.90,B,723,0.9999,0.9997451990054238,1
0.90,B,724,0.9999,0.9997451990054238,1
0.90,B,725,0.9999,0.9997451990054238,1
0.90,B,726,0.9999,0.9997451990054238,1
0.90,B,727,0.9999,0.9997451990054238,1
0.90,B,728,0.9999,0.9997451990054238,1
0.90,B,729,0.9999,0.9997451990054238,1
0.90,B,730,0.9999,0.9997451990054238,1
0.90,B,731,0.9999,0.9997451990054238,1
0.90,B,732,0.9999,0.9997451990054238,1
0.90,B,733,0.9999,0.9997451990054238,1
0.90,B,734,0.9999,0.9997451990054238,1
0.90,B,735,0.9999,0.9997451990054238,1
0.90,B,736,0.9999,0.9997451990054238,1
0.90,B,737,0.9999,0.9997451990054238,1
0.90,B,738,0.9999,0.9997451990054238,1
0.90,B,739,0.9999,0.9997451990054238,1
0.90,B,740,0.9999,0.9997451990054238,1
0.90,B,741,0.9999,0.9997451990054238,1
0.90,B,742,0.9999,0.9997451990054238,1
0.90,B,743,0.9999,0.9997451990054238,1
0.90,B,744,0.9999,0.9997451990054238,1
0.90,B,745,0.9999,0.9997451990054238,1
0.90,B,746,0.9999,0.9997451990054238,1
0.90,B,747,0.9999,0.9997451990054238,1
0.90,B,748,0.9999,0.9997451990054238,1
0.90,B,749,0.9999,0.9997451990054238,1
0.90,B,750,0.9999,0.9997451990054238,1
0.90,B,751,0.9999,0.9997451990054238,1
0.90,B,752,0.9999,0.9997451990054238,1
0.90,B,753,0.9999,0.9997451990054238,1
0.90,B,754,0.9999,0.9997451990054238,1
0.90,B,755,0.9999,0.9997451990054238,1
0.90,B,756,0.9999,0.9997451990054238,1
0.90,B,757,0.9999,0.9997451990054238,1
0.90,B,758,0.9999,0.9997451990054238,1
0.90,B,759,0.9999,0.9997451990054238,1
0.90,B,760,0.9999,0.9997451990054238,1
0.90,B,761,0.9999,0.9997451990054238,1
0.90,B,762,0.9999,0.9997451990054238,1
0.90,B,763,0.9999,0.9997451990054238,1
0.90,B,764,0.9999,0.9997451990054238,1
0.90,B,765,0.9999,0.9997451990054238,1
0.90,B,766,0.9999,0.9997451990054238,1
0.90,B,767,0.9999,0.9997451990054238,1
0.90,B,768,0.9999,0.9997451990054238,1
0.90,B,769,0.9999,0.9997451990054238,1
0.90,B,770,0.9999,0.9997451990054238,1
0.90,B,771,0.9999,0.9997451990054238,1
0.90,B,772,0.9999,0.9997451990054238,1
0.90,B,773,0.9999,0.9997451990054238,1
0.90,B,774,0.9999,0.9997451990054238,1
0.90,B,775,0.9999,0.9997451990054238,1
0.90,B,776,0.9999,0.9997451990054238,1
0.90,B,777,0.9999,0.9997451990054238,1
0.90,B,778,0.9999,0.9997451990054238,1
0.90,B,779,0.9999,0.9997451990054238,1
0.90,B,780,0.9999,0.9997451990054238,1
0.90,B,781,0.9999,0.9997451990054238,1
0.90,B,782,0.9999,0.9997451990054238,1
0.90,B,783,0.9999,0.9997451990054238,1
0.90,B,784,0.9999,0.9997451990054238,1
0.90,B,785,0.9999,0.9997451990054238,1
0.90,B,786,0.9999,0.9997451990054238,1
0.90,B,787,0.9999,0.9997451990054238,1
0.90,B,788,0.9999,0.9997451990054238,1
0.90,B,789,0.9999,0.9997451990054238,1
0.90,B,790,0.9999,0.9997451990054238,1
0.90,B,791,0.9999,0.9997451990054238,1
0.90,B,792,0.9999,0.9997451990054238,1
0.90,B,793,0.9999,0.9997451990054238,1
0.90,B,794,0.9999,0.9997451990054238,1
0.90,B,795,0.9999,0.9997451990054238,1
0.90,B,796,0.9999,0.9997451990054238,1
0.90,B,797,0.9999,0.9997451990054238,1
0.90,B,798,0.9999,0.9997451990054238,1
0.90,B,799,0.9999,0.9997451990054238,1
0.90,B,800,0.9999,0.9997451990054238,1
0.90,B,801,0.9999,0.9997451990054238,1
0.90,B,802,0.9999,0.9997451990054238,1
0.90,B,803,0.9999,0.9997451990054238,1
0.90,B,804,0.9999,0.9997451990054238,1
0.90,B,805,0.9999,0.9997451990054238,1
0.90,B,806,0.9999,0.9997451990054238,1
0.90,B,807,0.9999,0.9997451990054238,1
0.90,B,808,0.9999,0.9997451990054238,1
0.90,B,809,0.9999,0.9997451990054238,1
0.90,B,810,0.9999,0.9997451990054238,1
0.90,B,811,0.9999,0.9997451990054238,1
0.90,B,812,0.9999,0.9997451990054238,1
0.90,B,813,0.9999,0.9997451990054238,1
0.90,B,814,0.9999,0.9997451990054238,1
0.90,B,815,0.9999,0.9997451990054238,1
0.90,B,816,0.9999,0.9997451990054238,1
0.90,B,817,0.9999,0.9997451990054238,1
0.90,B,818,0.9999,0.9997451990054238,1
0.90,B,819,0.9999,0.9997451990054238,1
0.90,B,820,0.9999,0.9997451990054238,1
0.90,B,821,0.9999,0.9997451990054238,1
0.90,B,822,0.9999,0.9997451990054238,1
0.90,B,823,0.9999,0.9997451990054238,1
0.90,B,824,0.9999,0.9997451990054238,1
0.90,B,825,0.9999,0.9997451990054238,1
0.90,B,826,0.9999,0.9997451990054238,1
0.90,B,827,0.9999,0.9997451990054238,1
0.90,B,828,0.9999,0.9997451990054238,1
0.90,B,829,0.9999,0.9997451990054238,1
0.90,B,830,0.9999,0.9997451990054238,1
0.90,B,831,0.9999,0.9997451990054238,1
0.90,B,832,0.9999,0.9997451990054238,1
0.90,B,833,0.9999,0.9997451990054238,1
0.90,B,834,0.9999,0.9997451990054238,1
0.90,B,835,0.9999,0.9997451990054238,1
0.90,B,836,0.9999,0.9997451990054238,1
0.90,B,837,0.9999,0.9997451990054238,1
0.90,B,838,0.9999,0.9997451990054238,1
0.90,B,839,0.9999,0.9997451990054238,1
0.90,B,840,0.9999,0.9997451990054238,1
0.90,B,841,0.9999,0.9997451990054238,1
0.90,B,842,0.9999,0.9997451990054238,1
0.90,B,843,0.9999,0.9997451990054238,1
0.90,B,844,0.9999,0.9997451990054238,1
0.90,B,845,0.9999,0.9997451990054238,1
0.90,B,846,0.9999,0.9997451990054238,1
0.90,B,847,0.9999,0.9997451990054238,1
0.90,B,848,0.9999,0.9997451990054238,1
0.90,B,849,0.9999,0.9997451990054238,1
0.90,B,850,0.9999,0.9997451990054238,1
0.90,B,851,0.9999,0.9997451990054238,1
0.90,B,852,0.9999,0.9997451990054238,1
0.90,B,853,0.9999,0.9997451990054238,1
0.90,B,854,0.9999,0.9997451990054238,1
0.90,B,855,0.9999,0.9997451990054238,1
0.90,B,856,0.9999,0.9997451990054238,1
0.90,B,857,0.9999,0.9997451990054238,1
0.90,B,858,0.9999,0.9997451990054238,1
0.90,B,859,0.9999,0.9997451990054238,1
0.90,B,860,0.9999,0.9997451990054238,1
0.90,B,861,0.9999,0.9997451990054238,1
0.90,B,862,0.9999,0.9997451990054238,1
0.90,B,863,0.9999,0.9997451990054238,1
0.90,B,864,0.9999,0.9997451990054238,1
0.90,B,865,0.9999,0.9997451990054238,1
0.90,B,866,0.9999,0.9997451990054238,1
0.90,B,867,0.9999,0.9997451990054238,1
0.90,B,868,0.9999,0.9997451990054238,1
0.90,B,869,0.9999,0.9997451990054238,1
0.90,B,870,0.9999,0.9997451990054238,1
0.90,B,871,0.9999,0.9997451990054238,1
0.90,B,872,0.9999,0.9997451990054238,1
0.90,B,873,0.9999,0.9997451990054238,1
0.90,B,874,0.9999,0.9997451990054238,1
0.90,B,875,0.9999,0.9997451990054238,1
0.90,B,876,0.9999,0.9997451990054238,1
0.90,B,877,0.9999,0.9997451990054238,1
0.90,B,878,0.9999,0.9997451990054238,1
0.90,B,879,0.9999,0.9997451990054238,1
0.90,B,880,0.9999,0.9997451990054238,1
0.90,B,881,0.9999,0.9997451990054238,1
0.90,B,882,0.9999,0.9997451990054238,1
0.90,B,883,0.9999,0.9997451990054238,1
0.90,B,884,0.9999,0.9997451990054238,1
0.90,B,885,0.9999,0.9997451990054238,1
0.90,B,886,0.9999,0.9997451990054238,1
0.90,B,887,0.9999,0.9997451990054238,1
0.90,B,888,0.9999,0.9997451990054238,1
0.90,B,889,0.9999,0.9997451990054238,1
0.90,B,890,0.9999,0.9997451990054238,1
0.90,B,891,0.9999,0.9997451990054238,1
0.90,B,892,0.9999,0.9997451990054238,1
0.90,B,893,0.9999,0.9997451990054238,1
0.90,B,894,0.9999,0.9997451990054238,1
0.90,B,895,0.9999,0.9997451990054238,1
0.90,B,896,0.9999,0.9997451990054238,1
0.90,B,897,0.9999,0.9997451990054238,1
0.90,B,898,0.9999,0.9997451990054238,1
0.90,B,899,0.9999,0.9997451990054238,1
0.90,B,900,0.9999,0.9997451990054238,1
0.90,B,901,0.9999,0.9997451990054238,1
0.90,B,902,0.9999,0.9997451990054238,1
0.90,B,903,0.9999,0.9997451990054238,1
0.90,B,904,0.9999,0.9997451990054238,1
0.90,B,905,0.9999,0.9997451990054238,1
0.90,B,906,0.9999,0.9997451990054238,1
0.90,B,907,0.9999,0.9997451990054238,1
0.90,B,908,0.9999,0.9997451990054238,1
0.90,B,909,0.9999,0.9997451990054238,1
0.90,B,910,0.9999,0.9997451990054238,1
0.90,B,911,0.9999,0.9997451990054238,1
0.90,B,912,0.9999,0.9997451990054238,1
0.90,B,913,0.9999,0.9997451990054238,1
0.90,B,914,0.9999,0.9997451990054238,1
0.90,B,915,0.9999,0.9997451990054238,1
0.90,B,916,0.9999,0.9997451990054238,1
0.90,B,917,0.9999,0.9997451990054238,1
0.90,B,918,0.9999,0.9997451990054238,1
0.90,B,919,0.9999,0.9997451990054238,1
0.90,B,920,0.9999,0.9997451990054238,1
0.90,B,921,0.9999,0.9997451990054238,1
0.90,B,922,0.9999,0.9997451990054238,1
0.90,B,923,0.9999,0.9997451990054238,1
0.90,B,924,0.9999,0.9997451990054238,1
0.90,B,925,0.9999,0.9997451990054238,1
0.90,B,926,0.9999,0.9997451990054238,1
0.90,B,927,0.9999,0.9997451990054238,1
0.90,B,928,0.9999,0.9997451990054238,1
0.90,B,929,0.9999,0.9997451990054238,1
0.90,B,930,0.9999,0.9997451990054238,1
0.90,B,931,0.9999,0.9997451990054238,1
0.90,B,932,0.9999,0.9997451990054238,1
0.90,B,933,0.9999,0.9997451990054238,1
0.90,B,934,0.9999,0.9997451990054238,1
0.90,B,935,0.9999,0.9997451990054238,1
0.90,B,936,0.9999,0.9997451990054238,1
0.90,B,937,0.9999,0.9997451990054238,1
0.90,B,938,0.9999,0.9997451990054238,1
0.90,B,939,0.9999,0.9997451990054238,1
0.90,H2,0,0.0,0,0.0
0.90,H2,1,0.14784999999999998,0.1404541674858646,0.15524583251413537
0.90,H2,2,0.14800000000000002,0.1406278311816253,0.15537216881837473
0.90,H2,3,0.4557,0.44683119536454036,0.46456880463545963
0.90,H2,4,0.45629999999999993,0.44729001470720514,0.4653099852927947
0.90,H2,5,0.45680000000000004,0.44779134462705694,0.46580865537294314
0.90,H2,6,0.45745,0.4484538776815308,0.46644612231846927
0.90,H2,7,0.45785,0.448907311206802,0.46679268879319796
0.90,H2,8,0.4581,0.4490264077854124,0.4671735922145876
0.90,H2,9,0.45825,0.4490797557996236,0.46742024420037637
0.90,H2,10,0.45864999999999995,0.449460612581313,0.4678393874186869
0.90,H2,11,0.45875000000000005,0.44959108650844,0.4679089134915601
0.90,H2,12,0.45895,0.44985848869443434,0.4680415113055657
0.90,H2,13,0.45930000000000004,0.45024226764021136,0.4683577323597887
0.90,H2,14,0.45955,0.450604631950119,0.468495368049881
0.90,H2,15,0.4596,0.45061087272354705,0.46858912727645297
0.90,H2,16,0.46004999999999996,0.4511691571994778,0.4689308428005221
0.90,H2,17,0.4604,0.45164130920283824,0.4691586907971617
0.90,H2,18,0.46054999999999996,0.45180602730504454,0.4692939726949554
0.90,H2,19,0.46090000000000003,0.45214176520652455,0.4696582347934755
0.90,H2,20,0.4611,0.45228721323221105,0.46991278676778897
0.90,H2,21,0.46125,0.45247593297584265,0.47002406702415733
0.90,H2,22,0.46155000000000007,0.45269618150800744,0.4704038184919927
0.90,H2,23,0.46185000000000004,0.45288768192440293,0.47081231807559715
0.90,H2,24,0.4622,0.4530558155813785,0.4713441844186215
0.90,H2,25,0.46245,0.45337871895387644,0.4715212810461236
0.90,H2,26,0.46275,0.4536330449593966,0.4718669550406034
0.90,H2,27,0.46309999999999996,0.4539039870152336,0.4722960129847663
0.90,H2,28,0.4634499999999999,0.4541930601588507,0.47270693984114914
0.90,H2,29,0.46385,0.4545208584153591,0.47317914158464086
0.90,H2,30,0.46449999999999997,0.45489776197855925,0.4741022380214407
0.90,H2,31,0.4648,0.45506516290593246,0.4745348370940675
0.90,H2,32,0.46554999999999996,0.45549637356032935,0.4756036264396706
0.90,H2,33,0.4664500000000001,0.45573038041150926,0.4771696195884909
0.90,H2,34,0.46710000000000007,0.45591605220107434,0.4782839477989258
0.90,H2,35,0.46785000000000004,0.45577428209417503,0.47992571790582506
0.90,H2,36,0.4685,0.45586086771058704,0.481139132289413
0.90,H2,37,0.46915000000000007,0.4558461926199803,0.48245380738001986
0.90,H2,38,0.4696,0.4560103887233452,0.48318961127665483
0.90,H2,39,0.4701,0.4566251980644096,0.48357480193559044
0.90,H2,40,0.47095,0.45766121142945526,0.4842387885705447
0.90,H2,41,0.47180000000000005,0.4588286988493245,0.4847713011506756
0.90,H2,42,0.4728,0.45957017410467005,0.48602982589532995
0.90,H2,43,0.4734500000000001,0.46007493427780155,0.48682506572219864
0.90,H2,44,0.47415,0.4607236720698728,0.48757632793012723
0.90,H2,45,0.47485000000000005,0.4612598744203667,0.4884401255796334
0.90,H2,46,0.47625,0.46212891615724266,0.49037108384275735
0.90,H2,47,0.47765,0.46255081806248316,0.4927491819375169
0.90,H2,48,0.47855000000000003,0.4632151271934362,0.49388487280656385
0.90,H2,49,0.4795,0.46343173630126794,0.495568263698732
0.90,H2,50,0.4811,0.4638929334534042,0.49830706654659584
0.90,H2,51,0.4824,0.4645824122489083,0.5002175877510917
0.90,H2,52,0.4835499999999999,0.4656479381589622,0.5014520618410376
0.90,H2,53,0.48519999999999996,0.466511559503869,0.5038884404961309
0.90,H2,54,0.4869,0.4676782704721772,0.5061217295278229
0.90,H2,55,0.4888,0.46932786435996765,0.5082721356400324
0.90,H2,56,0.49080000000000007,0.4700435782345995,0.5115564217654006
0.90,H2,57,0.49305000000000004,0.47120170730568717,0.514898292694313
0.90,H2,58,0.4945,0.4722246084242904,0.5167753915757095
0.90,H2,59,0.4961,0.473828911946925,0.518371088053075
0.90,H2,60,0.49755000000000005,0.47507420517955107,0.5200257948204491
0.90,H2,61,0.49995,0.4775603759296215,0.5223396240703785
0.90,H2,62,0.50265,0.4798674602153255,0.5254325397846745
0.90,H2,63,0.50505,0.4814775560311458,0.5286224439688542
0.90,H2,64,0.5075000000000001,0.4837339717601112,0.5312660282398889
0.90,H2,65,0.50995,0.48608222495882,0.5338177750411801
0.90,H2,66,0.51235,0.48813601180227884,0.5365639881977211
0.90,H2,67,0.51485,0.4893970021038281,0.540302997896172
0.90,H2,68,0.5166,0.49090054825769514,0.5422994517423048
0.90,H2,69,0.5186499999999999,0.4927925569477026,0.5445074430522973
0.90,H2,70,0.5207,0.4942362730702143,0.5471637269297858
0.90,H2,71,0.52275,0.49571431910669295,0.5497856808933071
0.90,H2,72,0.52485,0.49690827754215056,0.5527917224578495
0.90,H2,73,0.52745,0.49926604960326204,0.5556339503967379
0.90,H2,74,0.53015,0.5013825837838942,0.5589174162161058
0.90,H2,75,0.5334,0.5043556589142036,0.5624443410857963
0.90,H2,76,0.53685,0.507281557968027,0.5664184420319731
0.90,H2,77,0.5404,0.5100695375710792,0.5707304624289208
0.90,H2,78,0.5432,0.512391879569078,0.5740081204309221
0.90,H2,79,0.5456999999999999,0.5146245598207382,0.5767754401792615
0.90,H2,80,0.5478000000000001,0.5164098595827706,0.5791901404172295
0.90,H2,81,0.5498000000000001,0.5185240689640196,0.5810759310359805
0.90,H2,82,0.55155,0.5194644985181834,0.5836355014818165
0.90,H2,83,0.55305,0.5208305922613992,0.5852694077386009
0.90,H2,84,0.5547500000000001,0.5229586153090343,0.5865413846909658
0.90,H2,85,0.5562499999999999,0.5242849689925249,0.588215031007475
0.90,H2,86,0.5578,0.525891463109366,0.589708536890634
0.90,H2,87,0.5600499999999999,0.5282189415839906,0.5918810584160092
0.90,H2,88,0.5619,0.5299310646796557,0.5938689353203442
0.90,H2,89,0.5642,0.5314489480457526,0.5969510519542475
0.90,H2,90,0.5665,0.5336448488320701,0.5993551511679299
0.90,H2,91,0.56905,0.535965565081741,0.6021344349182589
0.90,H2,92,0.5704500000000001,0.5375085629521218,0.6033914370478785
0.90,H2,93,0.5720000000000001,0.5388123611453524,0.6051876388546478
0.90,H2,94,0.5741,0.5404094089478075,0.6077905910521926
0.90,H2,95,0.5760000000000001,0.5422671145045557,0.6097328854954445
0.90,H2,96,0.57785,0.5440797511673732,0.6116202488326268
0.90,H2,97,0.58055,0.5469409785648804,0.6141590214351196
0.90,H2,98,0.58365,0.5498932362481753,0.6174067637518247
0.90,H2,99,0.5857500000000001,0.5517214983320494,0.6197785016679508
0.90,H2,100,0.588,0.5533393233022541,0.6226606766977458
0.90,H2,101,0.59045,0.5559693453245743,0.6249306546754257
0.90,H2,102,0.5927,0.5576899831069513,0.6277100168930487
0.90,H2,103,0.5947,0.5598266879288272,0.6295733120711728
0.90,H2,104,0.5962999999999999,0.5612566880078007,0.6313433119921992
0.90,H2,105,0.59765,0.5625794881918149,0.6327205118081851
0.90,H2,106,0.5991500000000001,0.5641862439955824,0.6341137560044178
0.90,H2,107,0.60205,0.5669517120438565,0.6371482879561434
0.90,H2,108,0.60405,0.5690570134699473,0.6390429865300526
0.90,H2,109,0.60635,0.5717080241410478,0.6409919758589521
0.90,H2,110,0.60855,0.5737559438975118,0.6433440561024882
0.90,H2,111,0.6107499999999999,0.5760444421247858,0.645455557875214
0.90,H2,112,0.61255,0.5778847432793925,0.6472152567206075
0.90,H2,113,0.6143000000000001,0.5793507255799673,0.6492492744200329
0.90,H2,114,0.61615,0.5812335670217696,0.6510664329782303
0.90,H2,115,0.6187,0.5833119147931112,0.6540880852068889
0.90,H2,116,0.6204,0.5851022049374158,0.6556977950625841
0.90,H2,117,0.62215,0.5871325973010914,0.6571674026989086
0.90,H2,118,0.6244500000000001,0.5894643188117846,0.6594356811882155
0.90,H2,119,0.6266499999999999,0.591571061954451,0.6617289380455489
0.90,H2,120,0.6286,0.5936871989117973,0.6635128010882028
0.90,H2,121,0.6308499999999999,0.5956880464744762,0.6660119535255237
0.90,H2,122,0.63405,0.5990063745913059,0.6690936254086941
0.90,H2,123,0.637,0.6017937476020724,0.6722062523979276
0.90,H2,124,0.63935,0.6045284060115446,0.6741715939884554
0.90,H2,125,0.6414,0.6063101051799437,0.6764898948200563
0.90,H2,126,0.6441,0.6087281703341518,0.6794718296658482
0.90,H2,127,0.64625,0.6105369319038029,0.6819630680961971
0.90,H2,128,0.6501000000000001,0.6135535210571974,0.6866464789428028
0.90,H2,129,0.65455,0.6183230667747835,0.6907769332252164
0.90,H2,130,0.65705,0.6205270516948134,0.6935729483051867
0.90,H2,131,0.65935,0.6223658695866724,0.6963341304133276
0.90,H2,132,0.6614999999999999,0.6246514015500314,0.6983485984499683
0.90,H2,133,0.664,0.6276286835724302,0.7003713164275699
0.90,H2,134,0.6676,0.631403921362797,0.703796078637203
0.90,H2,135,0.67025,0.6339666644915841,0.7065333355084159
0.90,H2,136,0.6730499999999999,0.6368914841888231,0.7092085158111767
0.90,H2,137,0.6759000000000001,0.639876131091467,0.7119238689085331
0.90,H2,138,0.6783999999999999,0.6421686296263089,0.7146313703736908
0.90,H2,139,0.6808,0.6436438914783843,0.7179561085216156
0.90,H2,140,0.68385,0.6462243611879814,0.7214756388120185
0.90,H2,141,0.687,0.6509777941486149,0.7230222058513852
0.90,H2,142,0.68955,0.6539675678419157,0.7251324321580843
0.90,H2,143,0.6927,0.6571035121386897,0.7282964878613103
0.90,H2,144,0.6958,0.6605769620881816,0.7310230379118183
0.90,H2,145,0.6990500000000001,0.6639628653955103,0.7341371346044898
0.90,H2,146,0.7018,0.6673232548058574,0.7362767451941425
0.90,H2,147,0.7041,0.6690475715820735,0.7391524284179264
0.90,H2,148,0.70605,0.6705736837950732,0.7415263162049267
0.90,H2,149,0.7078,0.6728643271661682,0.7427356728338318
0.90,H2,150,0.7102,0.6755679117139785,0.7448320882860217
0.90,H2,151,0.7125,0.6772929535123284,0.7477070464876716
0.90,H2,152,0.7142999999999999,0.6783782743856892,0.7502217256143107
0.90,H2,153,0.71615,0.6799724909055183,0.7523275090944817
0.90,H2,154,0.7186999999999999,0.682748934011257,0.7546510659887428
0.90,H2,155,0.7209999999999999,0.6854231523867232,0.7565768476132765
0.90,H2,156,0.72355,0.6875307046833888,0.7595692953166112
0.90,H2,157,0.7270000000000001,0.6908211385665795,0.7631788614334207
0.90,H2,158,0.7302500000000001,0.6933588573047796,0.7671411426952205
0.90,H2,159,0.73315,0.6952883907988446,0.7710116092011553
0.90,H2,160,0.7371,0.6995654137729593,0.7746345862270406
0.90,H2,161,0.74025,0.7034420960622432,0.7770579039377568
0.90,H2,162,0.7429,0.7059712826261044,0.7798287173738956
0.90,H2,163,0.7456500000000001,0.7090770023466394,0.7822229976533609
0.90,H2,164,0.74875,0.7125722701120347,0.7849277298879653
0.90,H2,165,0.7516999999999999,0.7153072771520276,0.7880927228479723
0.90,H2,166,0.7541500000000001,0.7173347183698034,0.7909652816301967
0.90,H2,167,0.7559499999999999,0.7189712694471808,0.792928730552819
0.90,H2,168,0.75825,0.7213670860983242,0.7951329139016757
0.90,H2,169,0.7602500000000001,0.7233982855693534,0.7971017144306468
0.90,H2,170,0.76185,0.7250994320716414,0.7986005679283587
0.90,H2,171,0.7644000000000001,0.7277168456268359,0.8010831543731642
0.90,H2,172,0.7666499999999999,0.729992140648326,0.8033078593516739
0.90,H2,173,0.76925,0.7328087202879283,0.8056912797120717
0.90,H2,174,0.7714,0.7349874188645288,0.8078125811354712
0.90,H2,175,0.77435,0.7384097393739952,0.8102902606260047
0.90,H2,176,0.7768000000000002,0.7407498649707802,0.8128501350292201
0.90,H2,177,0.77875,0.7424263993516236,0.8150736006483765
0.90,H2,178,0.78085,0.7443916270090754,0.8173083729909247
0.90,H2,179,0.78245,0.7459749797243819,0.8189250202756181
0.90,H2,180,0.78425,0.74753465986156,0.82096534013844
0.90,H2,181,0.7863000000000001,0.7489039969274474,0.8236960030725529
0.90,H2,182,0.789,0.751193045919582,0.826806954080418
0.90,H2,183,0.7914500000000001,0.7530660380426015,0.8298339619573987
0.90,H2,184,0.79325,0.7547639955555259,0.8317360044444742
0.90,H2,185,0.7951,0.756726938937382,0.8334730610626181
0.90,H2,186,0.7973,0.7594053615373735,0.8351946384626265
0.90,H2,187,0.80055,0.7627574419831885,0.8383425580168115
0.90,H2,188,0.8041999999999999,0.7662959825761412,0.8421040174238587
0.90,H2,189,0.80655,0.7688734445353618,0.8442265554646382
0.90,H2,190,0.8088000000000002,0.77198035212333,0.8456196478766703
0.90,H2,191,0.8114,0.7758204582255241,0.8469795417744759
0.90,H2,192,0.8142,0.7794688751676295,0.8489311248323705
0.90,H2,193,0.8164,0.7816725551893433,0.8511274448106567
0.90,H2,194,0.8201,0.7863274746127364,0.8538725253872637
0.90,H2,195,0.8231999999999999,0.7890781712434211,0.8573218287565788
0.90,H2,196,0.8263499999999999,0.7912594507276844,0.8614405492723154
0.90,H2,197,0.8290000000000001,0.7936041283252945,0.8643958716747057
0.90,H2,198,0.83165,0.7967058969878711,0.8665941030121289
0.90,H2,199,0.8338000000000001,0.7990716351473565,0.8685283648526437
0.90,H2,200,0.8368000000000001,0.8027475341514002,0.8708524658486
0.90,H2,201,0.84095,0.8068183698823299,0.87508163011767
0.90,H2,202,0.8447500000000001,0.8107353506939419,0.8787646493060584
0.90,H2,203,0.8472999999999999,0.8134967413624082,0.8811032586375916
0.90,H2,204,0.8499500000000001,0.8167039560524235,0.8831960439475767
0.90,H2,205,0.85175,0.8186621851465763,0.8848378148534237
0.90,H2,206,0.8534,0.8207314882027851,0.886068511797215
0.90,H2,207,0.8548999999999999,0.8223707892167298,0.88742921078327
0.90,H2,208,0.8567000000000001,0.8244945716915071,0.8889054283084932
0.90,H2,209,0.8586,0.8255962730589066,0.8916037269410935
0.90,H2,210,0.86005,0.8267031984205038,0.8933968015794962
0.90,H2,211,0.86195,0.8285275905385152,0.8953724094614848
0.90,H2,212,0.8641,0.8307722170691164,0.8974277829308835
0.90,H2,213,0.86565,0.832458299826453,0.898841700173547
0.90,H2,214,0.8674999999999999,0.8344127585041166,0.9005872414958833
0.90,H2,215,0.8695,0.8364630111507054,0.9025369888492947
0.90,H2,216,0.8710500000000001,0.8379337108286931,0.9041662891713071
0.90,H2,217,0.8727,0.8394528448562345,0.9059471551437656
0.90,H2,218,0.8745999999999999,0.8414885051059655,0.9077114948940344
0.90,H2,219,0.8764500000000001,0.8431746569194472,0.909725343080553
0.90,H2,220,0.8781999999999999,0.8451266428253308,0.911273357174669
0.90,H2,221,0.8803500000000001,0.84767638445213,0.9130236155478701
0.90,H2,222,0.88235,0.8505802306908786,0.9141197693091213
0.90,H2,223,0.88385,0.8525598019041507,0.9151401980958493
0.90,H2,224,0.8858999999999999,0.8546313486290679,0.917168651370932
0.90,H2,225,0.8886999999999999,0.8584588157919618,0.918941184208038
0.90,H2,226,0.8911,0.8619893172851703,0.9202106827148298
0.90,H2,227,0.89495,0.8679146145616629,0.9219853854383372
0.90,H2,228,0.8986999999999999,0.8733846333418283,0.9240153666581716
0.90,H2,229,0.9012499999999999,0.8769195134748825,0.9255804865251173
0.90,H2,230,0.9036499999999998,0.880945780833013,0.9263542191669867
0.90,H2,231,0.9058000000000002,0.8842668904539702,0.9273331095460301
0.90,H2,232,0.9081500000000001,0.8869594551278621,0.9293405448721381
0.90,H2,233,0.9100000000000001,0.8890048149034439,0.9309951850965564
0.90,H2,234,0.91225,0.8917741425504583,0.9327258574495417
0.90,H2,235,0.9152500000000001,0.8949429748693278,0.9355570251306724
0.90,H2,236,0.91705,0.8970134344616972,0.9370865655383028
0.90,H2,237,0.9192000000000001,0.9008157932156728,0.9375842067843274
0.90,H2,238,0.9212,0.9046254465949944,0.9377745534050056
0.90,H2,239,0.9233499999999999,0.9093962122453609,0.9373037877546389
0.90,H2,240,0.9251999999999999,0.9129991673525881,0.9374008326474117
0.90,H2,241,0.9263999999999999,0.915672093760397,0.9371279062396027
0.90,H2,242,0.92745,0.9176890433669967,0.9372109566330032
0.90,H2,243,0.92875,0.9196857661495572,0.9378142338504427
0.90,H2,244,0.9295,0.9209317031885141,0.9380682968114858
0.90,H2,245,0.93055,0.9224254053149572,0.9386745946850428
0.90,H2,246,0.93145,0.9238056150768724,0.9390943849231276
0.90,H2,247,0.93195,0.9244950020343659,0.939404997965634
0.90,H2,248,0.93245,0.9249950020343659,0.9399049979656341
0.90,H2,249,0.9328000000000001,0.925168033607567,0.9404319663924331
0.90,H2,250,0.9332,0.9256142247500434,0.9407857752499567
0.90,H2,251,0.9336,0.9261395127880497,0.9410604872119502
0.90,H2,252,0.9337,0.9262186636913813,0.9411813363086187
0.90,H2,253,0.9339,0.926465790688292,0.9413342093117079
0.90,H2,254,0.93415,0.9266639939847231,0.941636006015277
0.90,H2,255,0.9345499999999999,0.926998127973264,0.9421018720267358
0.90,H2,256,0.9348,0.9273781572982478,0.9422218427017521
0.90,H2,257,0.9350999999999999,0.9275930827545918,0.942606917245408
0.90,H2,258,0.9352999999999999,0.9277042278856572,0.9428957721143426
0.90,H2,259,0.9356500000000001,0.9281267406767012,0.943173259323299
0.90,H2,260,0.9361,0.9286571999481019,0.9435428000518982
0.90,H2,261,0.93645,0.9288675160731228,0.9440324839268772
0.90,H2,262,0.9367000000000001,0.929110540162743,0.9442894598372572
0.90,H2,263,0.9372,0.9295096461283648,0.9448903538716352
0.90,H2,264,0.9374,0.9298226533918129,0.9449773466081871
0.90,H2,265,0.93775,0.9304257968850813,0.9450742031149186
0.90,H2,266,0.9380000000000001,0.9305997136687878,0.9454002863312123
0.90,H2,267,0.9387000000000001,0.9311337302331234,0.9462662697668768
0.90,H2,268,0.9392,0.9318560563462602,0.9465439436537398
0.90,H2,269,0.9398,0.9320806179976084,0.9475193820023915
0.90,H2,270,0.94035,0.9326691298905799,0.9480308701094201
0.90,H2,271,0.9408500000000001,0.9329375892806724,0.9487624107193278
0.90,H2,272,0.94155,0.9336436487556113,0.9494563512443887
0.90,H2,273,0.9421499999999999,0.933842627065727,0.9504573729342729
0.90,H2,274,0.9424499999999999,0.934236424941792,0.9506635750582078
0.90,H2,275,0.94285,0.9346715102319136,0.9510284897680863
0.90,H2,276,0.9433499999999999,0.935086975791748,0.9516130242082518
0.90,H2,277,0.9440999999999998,0.9355074989120145,0.9526925010879852
0.90,H2,278,0.9447,0.9359984948629441,0.9534015051370559
0.90,H2,279,0.9452499999999999,0.936474112393896,0.9540258876061039
0.90,H2,280,0.9462,0.9372179843759866,0.9551820156240135
0.90,H2,281,0.94655,0.9375485517742672,0.9555514482257328
0.90,H2,282,0.9470000000000001,0.9380108727235471,0.955989127276453
0.90,H2,283,0.9475000000000001,0.9388500543357509,0.9561499456642494
0.90,H2,284,0.9479500000000002,0.9391941596155036,0.9567058403844968
0.90,H2,285,0.9486,0.9398376620276657,0.9573623379723343
0.90,H2,286,0.9490500000000001,0.9402006935829555,0.9578993064170446
0.90,H2,287,0.9495,0.9407399413342029,0.9582600586657971
0.90,H2,288,0.9500500000000001,0.9410423421958029,0.9590576578041973
0.90,H2,289,0.95045,0.9416124357589838,0.9592875642410162
0.90,H2,290,0.95075,0.9420417274133064,0.9594582725866936
0.90,H2,291,0.9511999999999999,0.9425810453906784,0.9598189546093214
0.90,H2,292,0.9519999999999998,0.9432540862932252,0.9607459137067745
0.90,H2,293,0.9522499999999999,0.9437131075989479,0.960786892401052
0.90,H2,294,0.9531,0.9445803180308712,0.9616196819691287
0.90,H2,295,0.9533499999999999,0.9451024573343536,0.9615975426656462
0.90,H2,296,0.9538,0.945475217589041,0.962124782410959
0.90,H2,297,0.95455,0.9457750226376539,0.9633249773623461
0.90,H2,298,0.9551,0.9465915762874829,0.963608423712517
0.90,H2,299,0.9556,0.9471608608244942,0.9640391391755058
0.90,H2,300,0.95605,0.9476062478183984,0.9644937521816015
0.90,H2,301,0.9563,0.9479202269008355,0.9646797730991645
0.90,H2,302,0.95655,0.947972036562242,0.965127963437758
0.90,H2,303,0.95695,0.9483144952789692,0.9655855047210308
0.90,H2,304,0.95705,0.9484590096814483,0.9656409903185517
0.90,H2,305,0.9574499999999999,0.9487573348831109,0.966142665116889
0.90,H2,306,0.9576499999999999,0.9488941596155033,0.9664058403844965
0.90,H2,307,0.95795,0.9492472327359355,0.9666527672640645
0.90,H2,308,0.9582999999999999,0.9497728207842601,0.9668271792157398
0.90,H2,309,0.9588999999999999,0.9504518737051504,0.9673481262948493
0.90,H2,310,0.95915,0.9507803610106308,0.9675196389893691
0.90,H2,311,0.95975,0.9515783498649463,0.9679216501350537
0.90,H2,312,0.96025,0.9519310967157645,0.9685689032842356
0.90,H2,313,0.9607500000000001,0.9523327774725611,0.9691672225274391
0.90,H2,314,0.9611000000000001,0.9524500543357508,0.9697499456642493
0.90,H2,315,0.96135,0.9526831025732097,0.9700168974267904
0.90,H2,316,0.96165,0.9530897476089096,0.9702102523910904
0.90,H2,317,0.96195,0.9534121719721922,0.9704878280278078
0.90,H2,318,0.9622999999999999,0.9539374024957301,0.9706625975042698
0.90,H2,319,0.9628499999999999,0.9543873489845127,0.971312651015487
0.90,H2,320,0.9635999999999999,0.9552617951510082,0.9719382048489916
0.90,H2,321,0.96395,0.955523293007987,0.972376706992013
0.90,H2,322,0.9644499999999999,0.9558860159236314,0.9730139840763684
0.90,H2,323,0.96485,0.9563459193864182,0.9733540806135818
0.90,H2,324,0.9652499999999998,0.9565087682907792,0.9739912317092204
0.90,H2,325,0.9657500000000001,0.9570481506283326,0.9744518493716676
0.90,H2,326,0.9659500000000001,0.9573990839469473,0.9745009160530529
0.90,H2,327,0.9665000000000001,0.9578796553488005,0.9751203446511998
0.90,H2,328,0.9668000000000001,0.958212613358071,0.9753873866419293
0.90,H2,329,0.9670500000000001,0.9585355934851342,0.975564406514866
0.90,H2,330,0.9673,0.9588518737051506,0.9757481262948495
0.90,H2,331,0.9678,0.9593438406945815,0.9762561593054185
0.90,H2,332,0.9682499999999999,0.9596441459634765,0.9768558540365234
0.90,H2,333,0.9686,0.9600107532071464,0.9771892467928537
0.90,H2,334,0.9687,0.960094494038061,0.977305505961939
0.90,H2,335,0.9691500000000001,0.9605860159236316,0.9777139840763686
0.90,H2,336,0.96945,0.9608034024859301,0.97809659751407
0.90,H2,337,0.9698,0.960995828105702,0.9786041718942979
0.90,H2,338,0.9701,0.9612636786323817,0.9789363213676182
0.90,H2,339,0.9705499999999999,0.961918196044521,0.9791818039554788
0.90,H2,340,0.9709999999999999,0.9623090580113846,0.9796909419886152
0.90,H2,341,0.9714999999999999,0.9627764912324821,0.9802235087675177
0.90,H2,342,0.9718499999999999,0.9632293078733521,0.9804706921266476
0.90,H2,343,0.9722999999999998,0.9635344719942324,0.9810655280057673
0.90,H2,344,0.9724999999999999,0.9636672952584894,0.9813327047415105
0.90,H2,345,0.9729000000000001,0.9638953355651257,0.9819046644348745
0.90,H2,346,0.9732500000000002,0.9642140098934034,0.9822859901065969
0.90,H2,347,0.9738,0.9649037676287641,0.9826962323712359
0.90,H2,348,0.9740500000000001,0.9651332521927088,0.9829667478072913
0.90,H2,349,0.9744,0.9655813236940659,0.9832186763059342
0.90,H2,350,0.9750500000000001,0.9662568356653984,0.9838431643346017
0.90,H2,351,0.9755,0.9665487180991872,0.9844512819008129
0.90,H2,352,0.9758,0.9667506493254272,0.9848493506745728
0.90,H2,353,0.9764499999999999,0.9675404216184723,0.9853595783815275
0.90,H2,354,0.97715,0.9681405688166189,0.986159431183381
0.90,H2,355,0.9774999999999999,0.9687035433020189,0.9862964566979809
0.90,H2,356,0.9776999999999999,0.9690629922959089,0.9863370077040909
0.90,H2,357,0.9783000000000002,0.9694636786323819,0.9871363213676184
0.90,H2,358,0.9786000000000001,0.9698962002226952,0.9873037997773051
0.90,H2,359,0.9788000000000001,0.9701311443037315,0.9874688556962687
0.90,H2,360,0.9791000000000001,0.9705205234988904,0.9876794765011098
0.90,H2,361,0.9793499999999999,0.9708524969476128,0.9878475030523871
0.90,H2,362,0.9796,0.9712273791167956,0.9879726208832045
0.90,H2,363,0.9798500000000001,0.9715657359106351,0.9881342640893651
0.90,H2,364,0.9800500000000001,0.9717860091583161,0.988313990841684
0.90,H2,365,0.9806999999999999,0.9725954619716097,0.9888045380283901
0.90,H2,366,0.98125,0.973142136274798,0.989357863725202
0.90,H2,367,0.98175,0.9740162738950022,0.9894837261049978
0.90,H2,368,0.9821500000000001,0.9743832930043601,0.98991670699564
0.90,H2,369,0.98255,0.9749496284886112,0.9901503715113888
0.90,H2,370,0.9828,0.9751910941273373,0.9904089058726627
0.90,H2,371,0.98295,0.9753896709310741,0.9905103290689259
0.90,H2,372,0.9833999999999999,0.975986772324601,0.9908132276753989
0.90,H2,373,0.98385,0.9765127213456243,0.9911872786543757
0.90,H2,374,0.9842,0.9769524032504173,0.9914475967495826
0.90,H2,375,0.9844499999999999,0.9774048538423248,0.9914951461576751
0.90,H2,376,0.9846999999999999,0.9775774718287376,0.9918225281712623
0.90,H2,377,0.98505,0.978157298483134,0.9919427015168659
0.90,H2,378,0.98525,0.9783168564860196,0.9921831435139803
0.90,H2,379,0.9855499999999999,0.9786747035902887,0.9924252964097111
0.90,H2,380,0.98575,0.9790883092682494,0.9924116907317506
0.90,H2,381,0.9859999999999999,0.9792879888190674,0.9927120111809323
0.90,H2,382,0.9863,0.9796219920273745,0.9929780079726254
0.90,H2,383,0.9865999999999999,0.9799381593871398,0.99326184061286
0.90,H2,384,0.9868499999999999,0.9802910213937998,0.9934089786062
0.90,H2,385,0.9870499999999999,0.9807052046870726,0.9933947953129272
0.90,H2,386,0.9872,0.9810571761221587,0.9933428238778412
0.90,H2,387,0.98735,0.981267450185524,0.9934325498144759
0.90,H2,388,0.9874999999999998,0.9814284584423432,0.9935715415576565
0.90,H2,389,0.9876499999999999,0.981677442731355,0.9936225572686448
0.90,H2,390,0.9878499999999999,0.9818734318356529,0.9938265681643469
0.90,H2,391,0.9883,0.9824454654061319,0.994154534593868
0.90,H2,392,0.9884499999999998,0.98269263072117,0.9942073692788297
0.90,H2,393,0.9888000000000001,0.9830744554881649,0.9945255445118354
0.90,H2,394,0.98925,0.9836558838553177,0.9948441161446823
0.90,H2,395,0.9895,0.9839049914952258,0.9950950085047743
0.90,H2,396,0.9901,0.9850197907807093,0.9951802092192906
0.90,H2,397,0.9905999999999999,0.9855759186765852,0.9956240813234146
0.90,H2,398,0.9908,0.9858560527025236,0.9957439472974764
0.90,H2,399,0.9909500000000001,0.9859708353742069,0.9959291646257933
0.90,H2,400,0.9912,0.986217427527173,0.9961825724728269
0.90,H2,401,0.9915,0.9864671818279089,0.9965328181720912
0.90,H2,402,0.99185,0.9868548187196498,0.9968451812803503
0.90,H2,403,0.9922499999999999,0.987283685889062,0.9972163141109377
0.90,H2,404,0.9924499999999998,0.9874500237281155,0.9974499762718841
0.90,H2,405,0.9928499999999998,0.9877613465066725,0.9979386534933271
0.90,H2,406,0.9928499999999998,0.9877613465066725,0.9979386534933271
0.90,H2,407,0.9930499999999998,0.9879066995848972,0.9981933004151023
0.90,H2,408,0.9933499999999998,0.9883997959440352,0.9983002040559645
0.90,H2,409,0.9937499999999999,0.98880625466528,0.9986937453347198
0.90,H2,410,0.9940499999999999,0.989278922178371,0.9988210778216288
0.90,H2,411,0.9942000000000001,0.9893837233480322,0.999016276651968
0.90,H2,412,0.9943500000000001,0.9896192738386914,0.9990807261613087
0.90,H2,413,0.9944500000000001,0.989818241454158,0.9990817585458421
0.90,H2,414,0.99465,0.9900824961618432,0.9992175038381569
0.90,H2,415,0.99475,0.99013898271055,0.99936101728945
0.90,H2,416,0.9950000000000001,0.9904148234592277,0.9995851765407725
0.90,H2,417,0.9950500000000002,0.9904337886595772,0.9996662113404232
0.90,H2,418,0.9950500000000002,0.9904337886595772,0.9996662113404232
0.90,H2,419,0.9951000000000001,0.9904602721829394,0.9997397278170608
0.90,H2,420,0.9951000000000001,0.9904602721829394,0.9997397278170608
0.90,H2,421,0.9951500000000002,0.9904941601035994,0.999805839896401
0.90,H2,422,0.9953000000000001,0.9908572743833417,0.9997427256166584
0.90,H2,423,0.9953000000000001,0.9908572743833417,0.9997427256166584
0.90,H2,424,0.9954000000000001,0.9911889576750972,0.9996110423249029
0.90,H2,425,0.9956500000000001,0.9918732046851274,0.9994267953148729
0.90,H2,426,0.9959499999999999,0.9924727157188111,0.9994272842811887
0.90,H2,427,0.9959499999999999,0.9924727157188111,0.9994272842811887
0.90,H2,428,0.9961,0.9928344694420055,0.9993655305579945
0.90,H2,429,0.9961500000000001,0.9929980474846152,0.999301952515385
0.90,H2,430,0.9962,0.9931612705397602,0.9992387294602397
0.90,H2,431,0.9963,0.9933533544953068,0.9992466455046931
0.90,H2,432,0.9964,0.9936773795177305,0.9991226204822694
0.90,H2,433,0.99655,0.9940543090107138,0.9990456909892863
0.90,H2,434,0.99655,0.9940543090107138,0.9990456909892863
0.90,H2,435,0.99675,0.9946929322194308,0.9988070677805693
0.90,H2,436,0.9967999999999999,0.9948500808896459,0.9987499191103539
0.90,H2,437,0.99685,0.9950058746085925,0.9986941253914076
0.90,H2,438,0.99685,0.9950058746085925,0.9986941253914076
0.90,H2,439,0.9968999999999999,0.9951600662021829,0.9986399337978169
0.90,H2,440,0.99695,0.9951630707594932,0.9987369292405068
0.90,H2,441,0.9969999999999999,0.9953136872709807,0.9986863127290191
0.90,H2,442,0.9970999999999999,0.995503722247743,0.9986962777522568
0.90,H2,443,0.9970999999999999,0.995503722247743,0.9986962777522568
0.90,H2,444,0.9970999999999999,0.995503722247743,0.9986962777522568
0.90,H2,445,0.9971999999999999,0.9957925306060634,0.9986074693939363
0.90,H2,446,0.99725,0.9959311597253686,0.9985688402746313
0.90,H2,447,0.99725,0.9959311597253686,0.9985688402746313
0.90,H2,448,0.99725,0.9959311597253686,0.9985688402746313
0.90,H2,449,0.9972999999999999,0.9960648212743274,0.9985351787256723
0.90,H2,450,0.9974000000000001,0.9961360551720431,0.9986639448279571
0.90,H2,451,0.9974000000000001,0.9961360551720431,0.9986639448279571
0.90,H2,452,0.99745,0.9961617989894492,0.9987382010105507
0.90,H2,453,0.99745,0.9961617989894492,0.9987382010105507
0.90,H2,454,0.99745,0.9961617989894492,0.9987382010105507
0.90,H2,455,0.9975,0.996290965582281,0.9987090344177191
0.90,H2,456,0.9975,0.996290965582281,0.9987090344177191
0.90,H2,457,0.9975,0.996290965582281,0.9987090344177191
0.90,H2,458,0.9975999999999999,0.9964554492789492,0.9987445507210506
0.90,H2,459,0.9975999999999999,0.9964554492789492,0.9987445507210506
0.90,H2,460,0.9975999999999999,0.9964554492789492,0.9987445507210506
0.90,H2,461,0.9977500000000001,0.9966346089715833,0.998865391028417
0.90,H2,462,0.9977500000000001,0.9966346089715833,0.998865391028417
0.90,H2,463,0.9978000000000001,0.9966554492789494,0.9989445507210508
0.90,H2,464,0.9978000000000001,0.9966554492789494,0.9989445507210508
0.90,H2,465,0.9978500000000001,0.9967346089715833,0.998965391028417
0.90,H2,466,0.9979000000000001,0.9968163930379665,0.9989836069620337
0.90,H2,467,0.9980500000000001,0.9969417935296203,0.9991582064703799
0.90,H2,468,0.9980500000000001,0.9969417935296203,0.9991582064703799
0.90,H2,469,0.9981500000000001,0.9971557726106299,0.9991442273893703
0.90,H2,470,0.9981500000000001,0.9971557726106299,0.9991442273893703
0.90,H2,471,0.9982500000000001,0.9973573739201663,0.9991426260798338
0.90,H2,472,0.9982500000000001,0.9973573739201663,0.9991426260798338
0.90,H2,473,0.9982500000000001,0.9973573739201663,0.9991426260798338
0.90,H2,474,0.9983000000000001,0.9973929489474229,0.9992070510525772
0.90,H2,475,0.9983000000000001,0.9973929489474229,0.9992070510525772
0.90,H2,476,0.9983000000000001,0.9973929489474229,0.9992070510525772
0.90,H2,477,0.9983500000000001,0.9974663678632383,0.9992336321367619
0.90,H2,478,0.9983500000000001,0.9974663678632383,0.9992336321367619
0.90,H2,479,0.9984000000000001,0.9975243133360059,0.9992756866639942
0.90,H2,480,0.9984000000000001,0.9975243133360059,0.9992756866639942
0.90,H2,481,0.9985,0.9977056229934049,0.9992943770065952
0.90,H2,482,0.99855,0.9978364026742357,0.9992635973257644
0.90,H2,483,0.9986,0.9978416331032258,0.9993583668967743
0.90,H2,484,0.9987,0.9979684390408723,0.9994315609591278
0.90,H2,485,0.9987,0.9979684390408723,0.9994315609591278
0.90,H2,486,0.9987500000000001,0.9980947570550308,0.9994052429449695
0.90,H2,487,0.9987500000000001,0.9980947570550308,0.9994052429449695
0.90,H2,488,0.9988000000000001,0.9981807960216952,0.9994192039783051
0.90,H2,489,0.9988000000000001,0.9981807960216952,0.9994192039783051
0.90,H2,490,0.9988500000000001,0.9981947570550308,0.9995052429449695
0.90,H2,491,0.9989000000000001,0.99823718174042,0.9995628182595803
0.90,H2,492,0.9989000000000001,0.99823718174042,0.9995628182595803
0.90,H2,493,0.9989000000000001,0.99823718174042,0.9995628182595803
0.90,H2,494,0.9989000000000001,0.99823718174042,0.9995628182595803
0.90,H2,495,0.9989000000000001,0.99823718174042,0.9995628182595803
0.90,H2,496,0.9989000000000001,0.99823718174042,0.9995628182595803
0.90,H2,497,0.9989000000000001,0.99823718174042,0.9995628182595803
0.90,H2,498,0.9989000000000001,0.99823718174042,0.9995628182595803
0.90,H2,499,0.9989500000000001,0.9983324106371638,0.9995675893628364
0.90,H2,500,0.9989500000000001,0.9983324106371638,0.9995675893628364
0.90,H2,501,0.9990000000000001,0.9984071573259404,0.9995928426740598
0.90,H2,502,0.9990000000000001,0.9984071573259404,0.9995928426740598
0.90,H2,503,0.9990000000000001,0.9984071573259404,0.9995928426740598
0.90,H2,504,0.9990500000000001,0.9984865158742577,0.9996134841257425
0.90,H2,505,0.9990500000000001,0.9984865158742577,0.9996134841257425
0.90,H2,506,0.9990500000000001,0.9984865158742577,0.9996134841257425
0.90,H2,507,0.9990500000000001,0.9984865158742577,0.9996134841257425
0.90,H2,508,0.9990500000000001,0.9984865158742577,0.9996134841257425
0.90,H2,509,0.9990500000000001,0.9984865158742577,0.9996134841257425
0.90,H2,510,0.9990500000000001,0.9984865158742577,0.9996134841257425
0.90,H2,511,0.9990500000000001,0.9984865158742577,0.9996134841257425
0.90,H2,512,0.9990500000000001,0.9984865158742577,0.9996134841257425
0.90,H2,513,0.9991000000000001,0.9985418570765627,0.9996581429234375
0.90,H2,514,0.9991000000000001,0.9985418570765627,0.9996581429234375
0.90,H2,515,0.9991000000000001,0.9985418570765627,0.9996581429234375
0.90,H2,516,0.9992000000000001,0.9986347466889759,0.9997652533110243
0.90,H2,517,0.9992500000000001,0.9986454827911406,0.9998545172088595
0.90,H2,518,0.9992500000000001,0.9986454827911406,0.9998545172088595
0.90,H2,519,0.9992500000000001,0.9986454827911406,0.9998545172088595
0.90,H2,520,0.9992500000000001,0.9986454827911406,0.9998545172088595
0.90,H2,521,0.9992500000000001,0.9986454827911406,0.9998545172088595
0.90,H2,522,0.9992500000000001,0.9986454827911406,0.9998545172088595
0.90,H2,523,0.9992500000000001,0.9986454827911406,0.9998545172088595
0.90,H2,524,0.9992500000000001,0.9986454827911406,0.9998545172088595
0.90,H2,525,0.9993000000000001,0.9986872800116628,0.9999127199883373
0.90,H2,526,0.9993500000000001,0.9987324106371639,0.9999675893628363
0.90,H2,527,0.9994000000000001,0.9988944220688173,0.9999055779311828
0.90,H2,528,0.9994000000000001,0.9988944220688173,0.9999055779311828
0.90,H2,529,0.9994000000000001,0.9988944220688173,0.9999055779311828
0.90,H2,530,0.9994500000000001,0.9989156188350987,0.9999843811649014
0.90,H2,531,0.9994500000000001,0.9989156188350987,0.9999843811649014
0.90,H2,532,0.9995,0.9989418570765627,1
0.90,H2,533,0.9995,0.9989418570765627,1
0.90,H2,534,0.9995,0.9989418570765627,1
0.90,H2,535,0.9995,0.9989418570765627,1
0.90,H2,536,0.9995,0.9989418570765627,1
0.90,H2,537,0.9995,0.9989418570765627,1
0.90,H2,538,0.9995,0.9989418570765627,1
0.90,H2,539,0.9995,0.9989418570765627,1
0.90,H2,540,0.9995,0.9989418570765627,1
0.90,H2,541,0.9995,0.9989418570765627,1
0.90,H2,542,0.9995,0.9989418570765627,1
0.90,H2,543,0.99955,0.9989725141341601,1
0.90,H2,544,0.99955,0.9989725141341601,1
0.90,H2,545,0.99955,0.9989725141341601,1
0.90,H2,546,0.9996,0.9990347466889758,1
0.90,H2,547,0.9996,0.9990347466889758,1
0.90,H2,548,0.99965,0.9990725141341601,1
0.90,H2,549,0.99965,0.9990725141341601,1
0.90,H2,550,0.99965,0.9990725141341601,1
0.90,H2,551,0.99965,0.9990725141341601,1
0.90,H2,552,0.99965,0.9990725141341601,1
0.90,H2,553,0.99965,0.9990725141341601,1
0.90,H2,554,0.99965,0.9990725141341601,1
0.90,H2,555,0.99965,0.9990725141341601,1
0.90,H2,556,0.99965,0.9990725141341601,1
0.90,H2,557,0.99965,0.9990725141341601,1
0.90,H2,558,0.99965,0.9990725141341601,1
0.90,H2,559,0.99965,0.9990725141341601,1
0.90,H2,560,0.9997,0.9991139328933086,1
0.90,H2,561,0.99975,0.9992791911552694,1
0.90,H2,562,0.99975,0.9992791911552694,1
0.90,H2,563,0.99975,0.9992791911552694,1
0.90,H2,564,0.9998,0.9994425024164424,1
0.90,H2,565,0.9998,0.9994425024164424,1
0.90,H2,566,0.9998,0.9994425024164424,1
0.90,H2,567,0.9998,0.9994425024164424,1
0.90,H2,568,0.9998,0.9994425024164424,1
0.90,H2,569,0.9998,0.9994425024164424,1
0.90,H2,570,0.9998,0.9994425024164424,1
0.90,H2,571,0.9998,0.9994425024164424,1
0.90,H2,572,0.9998,0.9994425024164424,1
0.90,H2,573,0.9998,0.9994425024164424,1
0.90,H2,574,0.9998,0.9994425024164424,1
0.90,H2,575,0.9998,0.9994425024164424,1
0.90,H2,576,0.9998,0.9994425024164424,1
0.90,H2,577,0.9998,0.9994425024164424,1
0.90,H2,578,0.9998,0.9994425024164424,1
0.90,H2,579,0.9998,0.9994425024164424,1
0.90,H2,580,0.9998,0.9994425024164424,1
0.90,H2,581,0.9998,0.9994425024164424,1
0.90,H2,582,0.99985,0.9996011922118088,1
0.90,H2,583,0.99985,0.9996011922118088,1
0.90,H2,584,0.99985,0.9996011922118088,1
0.90,H2,585,0.99985,0.9996011922118088,1
0.90,H2,586,0.9999,0.9996635375749,1
0.90,H2,587,0.9999,0.9996635375749,1
0.90,H2,588,0.9999,0.9996635375749,1
0.90,H2,589,0.9999,0.9996635375749,1
0.90,H2,590,0.9999,0.9996635375749,1
0.90,H2,591,0.9999,0.9996635375749,1
0.90,H2,592,0.9999,0.9996635375749,1
0.90,H2,593,0.9999,0.9996635375749,1
0.90,H2,594,0.9999,0.9996635375749,1
0.90,H2,595,0.9999,0.9996635375749,1
0.90,H2,596,0.9999,0.9996635375749,1
0.90,H2,597,0.9999,0.9996635375749,1
0.90,H2,598,0.9999,0.9996635375749,1
0.90,H2,599,0.9999,0.9996635375749,1
0.90,H2,600,0.9999,0.9996635375749,1
0.90,H2,601,0.9999,0.9996635375749,1
0.90,H2,602,0.9999,0.9996635375749,1
0.90,H2,603,0.9999,0.9996635375749,1
0.90,H2,604,0.9999,0.9996635375749,1
0.90,H2,605,0.9999,0.9996635375749,1
0.90,H2,606,0.9999,0.9996635375749,1
0.90,H2,607,0.9999,0.9996635375749,1
0.90,H2,608,0.9999,0.9996635375749,1
0.90,H2,609,0.9999,0.9996635375749,1
0.90,H2,610,0.9999,0.9996635375749,1
0.90,H2,611,0.9999,0.9996635375749,1
0.90,H2,612,0.9999,0.9996635375749,1
0.90,H2,613,0.9999,0.9996635375749,1
0.90,H2,614,0.9999,0.9996635375749,1
0.90,H2,615,0.9999,0.9996635375749,1
0.90,H2,616,0.9999,0.9996635375749,1
0.90,H2,617,0.9999,0.9996635375749,1
0.90,H2,618,0.9999,0.9996635375749,1
0.90,H2,619,0.9999,0.9996635375749,1
0.90,H2,620,0.9999,0.9996635375749,1
0.90,H2,621,0.9999,0.9996635375749,1
0.90,H2,622,0.9999,0.9996635375749,1
0.90,H2,623,0.9999,0.9996635375749,1
0.90,H2,624,0.9999,0.9996635375749,1
0.90,H2,625,0.9999,0.9996635375749,1
0.90,H2,626,0.9999,0.9996635375749,1
0.90,H2,627,0.9999,0.9996635375749,1
0.90,H2,628,0.9999,0.9996635375749,1
0.90,H2,629,0.9999,0.9996635375749,1
0.90,H2,630,0.9999,0.9996635375749,1
0.90,H2,631,0.9999,0.9996635375749,1
0.90,H2,632,0.9999,0.9996635375749,1
0.90,H2,633,0.9999,0.9996635375749,1
0.90,H2,634,0.9999,0.9996635375749,1
0.90,H2,635,0.9999,0.9996635375749,1
0.90,H2,636,0.9999,0.9996635375749,1
0.90,H2,637,0.9999,0.9996635375749,1
0.90,H2,638,0.9999,0.9996635375749,1
0.90,H2,639,0.9999,0.9996635375749,1
0.90,H2,640,0.9999,0.9996635375749,1
0.90,H2,641,0.9999,0.9996635375749,1
0.90,H2,642,0.9999,0.9996635375749,1
0.90,H2,643,0.9999,0.9996635375749,1
0.90,H2,644,0.9999,0.9996635375749,1
0.90,H2,645,0.9999,0.9996635375749,1
0.90,H2,646,0.9999,0.9996635375749,1
0.90,H2,647,0.9999,0.9996635375749,1
0.90,H2,648,0.9999,0.9996635375749,1
0.90,H2,649,0.9999,0.9996635375749,1
0.90,H2,650,0.9999,0.9996635375749,1
0.90,H2,651,0.9999,0.9996635375749,1
0.90,H2,652,0.9999,0.9996635375749,1
0.90,H2,653,0.9999,0.9996635375749,1
0.90,H2,654,0.9999,0.9996635375749,1
0.90,H2,655,0.9999,0.9996635375749,1
0.90,H2,656,0.9999,0.9996635375749,1
0.90,H2,657,0.9999,0.9996635375749,1
0.90,H2,658,0.9999,0.9996635375749,1
0.90,H2,659,0.99995,0.9998317687874501,1
0.90,H2,660,0.99995,0.9998317687874501,1
0.90,H2,661,0.99995,0.9998317687874501,1
0.90,H2,662,0.99995,0.9998317687874501,1
0.90,H2,663,0.99995,0.9998317687874501,1
0.90,H2,664,0.99995,0.9998317687874501,1
0.90,H2,665,0.99995,0.9998317687874501,1
0.90,H2,666,0.99995,0.9998317687874501,1
0.90,H2,667,0.99995,0.9998317687874501,1
0.90,H2,668,0.99995,0.9998317687874501,1
0.90,H2,669,0.99995,0.9998317687874501,1
0.90,H2,670,0.99995,0.9998317687874501,1
0.90,H2,671,0.99995,0.9998317687874501,1
0.90,H2,672,0.99995,0.9998317687874501,1
0.90,H2,673,0.99995,0.9998317687874501,1
0.90,H2,674,0.99995,0.9998317687874501,1
0.90,H2,675,0.99995,0.9998317687874501,1
0.90,H2,676,0.99995,0.9998317687874501,1
0.90,H2,677,0.99995,0.9998317687874501,1
0.90,H2,678,0.99995,0.9998317687874501,1
0.90,H2,679,0.99995,0.9998317687874501,1
0.90,H2,680,0.99995,0.9998317687874501,1
0.90,H2,681,0.99995,0.9998317687874501,1
0.90,H2,682,0.99995,0.9998317687874501,1
0.90,H2,683,0.99995,0.9998317687874501,1
0.90,H2,684,0.99995,0.9998317687874501,1
0.90,H2,685,0.99995,0.9998317687874501,1
0.90,H2,686,0.99995,0.9998317687874501,1
0.90,H2,687,0.99995,0.9998317687874501,1
0.90,H2,688,0.99995,0.9998317687874501,1
0.90,H2,689,0.99995,0.9998317687874501,1
0.90,H2,690,0.99995,0.9998317687874501,1
0.90,H2,691,0.99995,0.9998317687874501,1
0.90,H2,692,0.99995,0.9998317687874501,1
0.90,H2,693,0.99995,0.9998317687874501,1
0.90,H2,694,0.99995,0.9998317687874501,1
0.90,H2,695,0.99995,0.9998317687874501,1
0.90,H2,696,0.99995,0.9998317687874501,1
0.90,H2,697,0.99995,0.9998317687874501,1
0.90,H2,698,0.99995,0.9998317687874501,1
0.90,H2,699,1.0,1.0,1
0.90,H2,700,1.0,1.0,1
0.90,H2,701,1.0,1.0,1
0.90,H2,702,1.0,1.0,1
0.90,H2,703,1.0,1.0,1
0.90,H2,704,1.0,1.0,1
0.90,H2,705,1.0,1.0,1
0.90,H2,706,1.0,1.0,1
0.90,H2,707,1.0,1.0,1
0.90,H2,708,1.0,1.0,1
0.90,H2,709,1.0,1.0,1
0.90,H2,710,1.0,1.0,1
0.90,H2,711,1.0,1.0,1
0.90,H2,712,1.0,1.0,1
0.90,H2,713,1.0,1.0,1
0.90,H2,714,1.0,1.0,1
0.90,H2,715,1.0,1.0,1
0.90,H2,716,1.0,1.0,1
0.90,H2,717,1.0,1.0,1
0.90,H2,718,1.0,1.0,1
0.90,H2,719,1.0,1.0,1
0.90,H2,720,1.0,1.0,1
0.90,H2,721,1.0,1.0,1
0.90,H2,722,1.0,1.0,1
0.90,H2,723,1.0,1.0,1
0.90,H2,724,1.0,1.0,1
0.90,H2,725,1.0,1.0,1
0.90,H2,726,1.0,1.0,1
0.90,H2,727,1.0,1.0,1
0.90,H2,728,1.0,1.0,1
0.90,H2,729,1.0,1.0,1
0.90,H2,730,1.0,1.0,1
0.90,H2,731,1.0,1.0,1
0.90,H2,732,1.0,1.0,1
0.90,H2,733,1.0,1.0,1
0.90,H2,734,1.0,1.0,1
0.90,H2,735,1.0,1.0,1
0.90,H2,736,1.0,1.0,1
0.90,H2,737,1.0,1.0,1
0.90,H2,738,1.0,1.0,1
0.90,H2,739,1.0,1.0,1
0.90,H2,740,1.0,1.0,1
0.90,H2,741,1.0,1.0,1
0.90,H2,742,1.0,1.0,1
0.90,H2,743,1.0,1.0,1
0.90,H2,744,1.0,1.0,1
0.90,H2,745,1.0,1.0,1
0.90,H2,746,1.0,1.0,1
0.90,H2,747,1.0,1.0,1
0.90,H2,748,1.0,1.0,1
0.90,H2,749,1.0,1.0,1
0.90,H2,750,1.0,1.0,1
0.90,H2,751,1.0,1.0,1
0.90,H2,752,1.0,1.0,1
0.90,H2,753,1.0,1.0,1
0.90,H2,754,1.0,1.0,1
0.90,H2,755,1.0,1.0,1
0.90,H2,756,1.0,1.0,1
0.90,H2,757,1.0,1.0,1
0.90,H2,758,1.0,1.0,1
0.90,H2,759,1.0,1.0,1
0.90,H2,760,1.0,1.0,1
0.90,H2,761,1.0,1.0,1
0.90,H2,762,1.0,1.0,1
0.90,H2,763,1.0,1.0,1
0.90,H2,764,1.0,1.0,1
0.90,H2,765,1.0,1.0,1
0.90,H2,766,1.0,1.0,1
0.90,H2,767,1.0,1.0,1
0.90,H2,768,1.0,1.0,1
0.90,H2,769,1.0,1.0,1
0.90,H2,770,1.0,1.0,1
0.90,H2,771,1.0,1.0,1
0.90,H2,772,1.0,1.0,1
0.90,H2,773,1.0,1.0,1
0.90,H2,774,1.0,1.0,1
0.90,H2,775,1.0,1.0,1
0.90,H2,776,1.0,1.0,1
0.90,H2,777,1.0,1.0,1
0.90,H2,778,1.0,1.0,1
0.90,H2,779,1.0,1.0,1
0.90,H2,780,1.0,1.0,1
0.90,H2,781,1.0,1.0,1
0.90,H2,782,1.0,1.0,1
0.90,H2,783,1.0,1.0,1
0.90,H2,784,1.0,1.0,1
0.90,H2,785,1.0,1.0,1
0.90,H2,786,1.0,1.0,1
0.90,H2,787,1.0,1.0,1
0.90,H2,788,1.0,1.0,1
0.90,H2,789,1.0,1.0,1
0.90,H2,790,1.0,1.0,1
0.90,H2,791,1.0,1.0,1
0.90,H2,792,1.0,1.0,1
0.90,H2,793,1.0,1.0,1
0.90,H2,794,1.0,1.0,1
0.90,H2,795,1.0,1.0,1
0.90,H2,796,1.0,1.0,1
0.90,H2,797,1.0,1.0,1
0.90,H2,798,1.0,1.0,1
0.90,H2,799,1.0,1.0,1
0.90,H2,800,1.0,1.0,1
0.90,H2,801,1.0,1.0,1
0.90,H2,802,1.0,1.0,1
0.90,H2,803,1.0,1.0,1
0.90,H2,804,1.0,1.0,1
0.90,H2,805,1.0,1.0,1
0.90,H2,806,1.0,1.0,1
0.90,H2,807,1.0,1.0,1
0.90,H2,808,1.0,1.0,1
0.90,H2,809,1.0,1.0,1
0.90,H2,810,1.0,1.0,1
0.90,H2,811,1.0,1.0,1
0.90,H2,812,1.0,1.0,1
0.90,H2,813,1.0,1.0,1
0.90,H2,814,1.0,1.0,1
0.90,H2,815,1.0,1.0,1
0.90,H2,816,1.0,1.0,1
0.90,H2,817,1.0,1.0,1
0.90,H2,818,1.0,1.0,1
0.90,H2,819,1.0,1.0,1
0.90,H2,820,1.0,1.0,1
0.90,H2,821,1.0,1.0,1
0.90,H2,822,1.0,1.0,1
0.90,H2,823,1.0,1.0,1
0.90,H2,824,1.0,1.0,1
0.90,H2,825,1.0,1.0,1
0.90,H2,826,1.0,1.0,1
0.90,H2,827,1.0,1.0,1
0.90,H2,828,1.0,1.0,1
0.90,H2,829,1.0,1.0,1
0.90,H2,830,1.0,1.0,1
0.90,H2,831,1.0,1.0,1
0.90,H2,832,1.0,1.0,1
0.90,H2,833,1.0,1.0,1
0.90,H2,834,1.0,1.0,1
0.90,H2,835,1.0,1.0,1
0.90,H2,836,1.0,1.0,1
0.90,H2,837,1.0,1.0,1
0.90,H2,838,1.0,1.0,1
0.90,H2,839,1.0,1.0,1
0.90,H2,840,1.0,1.0,1
0.90,H2,841,1.0,1.0,1
0.90,H2,842,1.0,1.0,1
0.90,H2,843,1.0,1.0,1
0.90,H2,844,1.0,1.0,1
0.90,H2,845,1.0,1.0,1
0.90,H2,846,1.0,1.0,1
0.90,H2,847,1.0,1.0,1
0.90,H2,848,1.0,1.0,1
0.90,H2,849,1.0,1.0,1
0.90,H2,850,1.0,1.0,1
0.90,H2,851,1.0,1.0,1
0.90,H2,852,1.0,1.0,1
0.90,H2,853,1.0,1.0,1
0.90,H2,854,1.0,1.0,1
0.90,H2,855,1.0,1.0,1
0.90,H2,856,1.0,1.0,1
0.90,H2,857,1.0,1.0,1
0.90,H2,858,1.0,1.0,1
0.90,H2,859,1.0,1.0,1
0.90,H2,860,1.0,1.0,1
0.90,H2,861,1.0,1.0,1
0.90,H2,862,1.0,1.0,1
0.90,H2,863,1.0,1.0,1
0.90,H2,864,1.0,1.0,1
0.90,H2,865,1.0,1.0,1
0.90,H2,866,1.0,1.0,1
0.90,H2,867,1.0,1.0,1
0.90,H2,868,1.0,1.0,1
0.90,H2,869,1.0,1.0,1
0.90,H2,870,1.0,1.0,1
0.90,H2,871,1.0,1.0,1
0.90,H2,872,1.0,1.0,1
0.90,H2,873,1.0,1.0,1
0.90,H2,874,1.0,1.0,1
0.90,H2,875,1.0,1.0,1
0.90,H2,876,1.0,1.0,1
0.90,H2,877,1.0,1.0,1
0.90,H2,878,1.0,1.0,1
0.90,H2,879,1.0,1.0,1
0.90,H2,880,1.0,1.0,1
0.90,H2,881,1.0,1.0,1
0.90,H2,882,1.0,1.0,1
0.90,H2,883,1.0,1.0,1
0.90,H2,884,1.0,1.0,1
0.90,H2,885,1.0,1.0,1
0.90,H2,886,1.0,1.0,1
0.90,H2,887,1.0,1.0,1
0.90,H2,888,1.0,1.0,1
0.90,H2,889,1.0,1.0,1
0.90,H2,890,1.0,1.0,1
0.90,H2,891,1.0,1.0,1
0.90,H2,892,1.0,1.0,1
0.90,H2,893,1.0,1.0,1
0.90,H2,894,1.0,1.0,1
0.90,H2,895,1.0,1.0,1
0.90,H2,896,1.0,1.0,1
0.90,H2,897,1.0,1.0,1
0.90,H2,898,1.0,1.0,1
0.90,H2,899,1.0,1.0,1
0.90,H2,900,1.0,1.0,1
0.90,H2,901,1.0,1.0,1
0.90,H2,902,1.0,1.0,1
0.90,H2,903,1.0,1.0,1
0.90,H2,904,1.0,1.0,1
0.90,H2,905,1.0,1.0,1
0.90,H2,906,1.0,1.0,1
0.90,H2,907,1.0,1.0,1
0.90,H2,908,1.0,1.0,1
0.90,H2,909,1.0,1.0,1
0.90,H2,910,1.0,1.0,1
0.90,H2,911,1.0,1.0,1
0.90,H2,912,1.0,1.0,1
0.90,H2,913,1.0,1.0,1
0.90,H2,914,1.0,1.0,1
0.90,H2,915,1.0,1.0,1
0.90,H2,916,1.0,1.0,1
0.90,H2,917,1.0,1.0,1
0.90,H2,918,1.0,1.0,1
0.90,H2,919,1.0,1.0,1
0.90,H2,920,1.0,1.0,1
0.90,H2,921,1.0,1.0,1
0.90,H2,922,1.0,1.0,1
0.90,H2,923,1.0,1.0,1
0.90,H2,924,1.0,1.0,1
0.90,H2,925,1.0,1.0,1
0.90,H2,926,1.0,1.0,1
0.90,H2,927,1.0,1.0,1
0.90,H2,928,1.0,1.0,1
0.90,H2,929,1.0,1.0,1
0.90,H2,930,1.0,1.0,1
0.90,H2,931,1.0,1.0,1
0.90,H2,932,1.0,1.0,1
0.90,H2,933,1.0,1.0,1
0.90,H2,934,1.0,1.0,1
0.90,H2,935,1.0,1.0,1
0.90,H2,936,1.0,1.0,1
0.90,H2,937,1.0,1.0,1
0.90,H2,938,1.0,1.0,1
0.90,H2,939,1.0,1.0,1
0.90,F2,0,0.0,0,0.0
0.90,F2,1,0.1484,0.1425803609737263,0.1542196390262737
0.90,F2,2,0.14855,0.14282184024822028,0.1542781597517797
0.90,F2,3,0.4545,0.4432448569579408,0.4657551430420592
0.90,F2,4,0.4551,0.4438051836423534,0.4663948163576466
0.90,F2,5,0.45545,0.4442643560607072,0.46663564393929285
0.90,F2,6,0.45570000000000005,0.44445053599610346,0.46694946400389664
0.90,F2,7,0.45595,0.44461327094168995,0.4672867290583101
0.90,F2,8,0.4561,0.4447403068457449,0.4674596931542551
0.90,F2,9,0.4566,0.4452287104783156,0.46797128952168443
0.90,F2,10,0.4568,0.4453992456772466,0.4682007543227534
0.90,F2,11,0.45704999999999996,0.44550313588496115,0.46859686411503876
0.90,F2,12,0.45709999999999995,0.44561165231329714,0.46858834768670277
0.90,F2,13,0.4573499999999999,0.44580036913350485,0.468899630866495
0.90,F2,14,0.45754999999999996,0.44614162880161173,0.4689583711983882
0.90,F2,15,0.45759999999999995,0.4461712545859561,0.4690287454140438
0.90,F2,16,0.4578999999999999,0.4467403620511445,0.46905963794885536
0.90,F2,17,0.45815,0.4469073723908006,0.4693926276091994
0.90,F2,18,0.4583,0.4470761272269843,0.46952387277301566
0.90,F2,19,0.45855,0.44744462440864136,0.46965537559135867
0.90,F2,20,0.45865,0.4476530444107032,0.4696469555892968
0.90,F2,21,0.4588,0.44779714429337203,0.46980285570662794
0.90,F2,22,0.45895,0.44784462440864137,0.4700553755913587
0.90,F2,23,0.45940000000000003,0.44825146207399036,0.4705485379260097
0.90,F2,24,0.45955,0.44840943584355253,0.4706905641564475
0.90,F2,25,0.4597,0.44845763882797957,0.47094236117202043
0.90,F2,26,0.45990000000000003,0.4486122579361438,0.4711877420638563
0.90,F2,27,0.46005,0.4488607860793064,0.4712392139206936
0.90,F2,28,0.46025000000000005,0.44893231094794794,0.47156768905205215
0.90,F2,29,0.46040000000000003,0.4492314184555267,0.47156858154447334
0.90,F2,30,0.4606,0.44952911309617394,0.4716708869038261
0.90,F2,31,0.46085,0.4496080829039771,0.4720919170960229
0.90,F2,32,0.4611,0.45006705752484655,0.47213294247515347
0.90,F2,33,0.4614,0.4505212598338285,0.47227874016617144
0.90,F2,34,0.46149999999999997,0.45055720101778446,0.4724427989822155
0.90,F2,35,0.46159999999999995,0.45068168199179665,0.47251831800820326
0.90,F2,36,0.4618,0.4507478883402312,0.47285211165976876
0.90,F2,37,0.462,0.45082998814476405,0.473170011855236
0.90,F2,38,0.46244999999999997,0.451235115760153,0.47366488423984693
0.90,F2,39,0.46265,0.451350676091835,0.473949323908165
0.90,F2,40,0.46295,0.45153392954566646,0.4743660704543335
0.90,F2,41,0.46314999999999995,0.4516093635009311,0.4746906364990688
0.90,F2,42,0.46335000000000004,0.45183222690146396,0.4748677730985361
0.90,F2,43,0.4636,0.4522935207345478,0.4749064792654522
0.90,F2,44,0.46365,0.4523090441702113,0.47499095582978873
0.90,F2,45,0.46370000000000006,0.4523360886156871,0.47506391138431303
0.90,F2,46,0.46380000000000005,0.4524540269242411,0.475145973075759
0.90,F2,47,0.46385000000000004,0.4524816084612121,0.475218391538788
0.90,F2,48,0.46405,0.45281376862682143,0.4752862313731786
0.90,F2,49,0.4643,0.4530037693152307,0.4755962306847693
0.90,F2,50,0.4644,0.45309776039944233,0.47570223960055763
0.90,F2,51,0.4646,0.45323011546868625,0.4759698845313138
0.90,F2,52,0.4647,0.45326321982637763,0.4761367801736224
0.90,F2,53,0.4650500000000001,0.4537846596301696,0.47631534036983053
0.90,F2,54,0.46525000000000005,0.4539556256559002,0.4765443743440999
0.90,F2,55,0.46535000000000004,0.45416007221970023,0.47653992778029985
0.90,F2,56,0.4655,0.45441217051802224,0.4765878294819778
0.90,F2,57,0.4658500000000001,0.454899630323365,0.4768003696766352
0.90,F2,58,0.46620000000000006,0.4554082498685389,0.4769917501314612
0.90,F2,59,0.4665,0.45562015850524495,0.4773798414947551
0.90,F2,60,0.46695000000000003,0.45614798482373925,0.4777520151762608
0.90,F2,61,0.46775000000000005,0.45662737528314956,0.47887262471685055
0.90,F2,62,0.46815,0.45707199045205055,0.4792280095479495
0.90,F2,63,0.4685500000000001,0.45772582341115026,0.4793741765888499
0.90,F2,64,0.46885000000000004,0.45825479824235155,0.47944520175764854
0.90,F2,65,0.4692,0.4586477637436461,0.47975223625635394
0.90,F2,66,0.46979999999999994,0.45935274859108355,0.48024725140891633
0.90,F2,67,0.47015,0.45951942372900256,0.48078057627099746
0.90,F2,68,0.47045000000000003,0.4599137669827711,0.480986233017229
0.90,F2,69,0.4708,0.4605378887974443,0.4810621112025557
0.90,F2,70,0.47135,0.4610475896615121,0.4816524103384879
0.90,F2,71,0.47165,0.4614074641686773,0.48189253583132274
0.90,F2,72,0.472,0.4616279482934402,0.4823720517065597
0.90,F2,73,0.47235,0.4617940741338973,0.4829059258661027
0.90,F2,74,0.4729,0.4621575842656927,0.4836424157343073
0.90,F2,75,0.47364999999999996,0.4628813124555257,0.4844186875444742
0.90,F2,76,0.4739499999999999,0.4631029708514118,0.4847970291485881
0.90,F2,77,0.47454999999999997,0.46351823407760734,0.4855817659223926
0.90,F2,78,0.47514999999999996,0.4639308430840435,0.48636915691595645
0.90,F2,79,0.47595000000000004,0.46461890908962067,0.4872810909103794
0.90,F2,80,0.47690000000000005,0.4653672393266588,0.4884327606733413
0.90,F2,81,0.47764999999999996,0.4659539849283104,0.4893460150716895
0.90,F2,82,0.47824999999999995,0.4664906421889483,0.4900093578110516
0.90,F2,83,0.47924999999999995,0.4672865936118285,0.4912134063881714
0.90,F2,84,0.48025,0.46800742034853415,0.49249257965146587
0.90,F2,85,0.48105,0.4687358589944967,0.49336414100550324
0.90,F2,86,0.482,0.46954902070161986,0.4944509792983801
0.90,F2,87,0.48295,0.4702790712996117,0.49562092870038826
0.90,F2,88,0.48405000000000004,0.47113493592136424,0.49696506407863583
0.90,F2,89,0.48539999999999994,0.4723000182347238,0.4984999817652761
0.90,F2,90,0.48629999999999995,0.4732320695948706,0.49936793040512933
0.90,F2,91,0.48725000000000007,0.474002751694475,0.5004972483055252
0.90,F2,92,0.48805,0.47481240283798687,0.5012875971620131
0.90,F2,93,0.48874999999999996,0.4752589800866293,0.5022410199133707
0.90,F2,94,0.48995000000000005,0.4761059810844971,0.503794018915503
0.90,F2,95,0.4912500000000001,0.4774383300040489,0.5050616699959513
0.90,F2,96,0.49235000000000007,0.478295254617878,0.5064047453821222
0.90,F2,97,0.49305,0.478764697274601,0.507335302725399
0.90,F2,98,0.49390000000000006,0.47987676140013175,0.5079232385998684
0.90,F2,99,0.49505,0.4813457397682313,0.5087542602317687
0.90,F2,100,0.4961500000000001,0.4824982987278242,0.5098017012721759
0.90,F2,101,0.4971,0.4837311318136748,0.5104688681863252
0.90,F2,102,0.49805000000000005,0.48467792068350163,0.5114220793164985
0.90,F2,103,0.49905,0.48557141953201083,0.5125285804679891
0.90,F2,104,0.49984999999999996,0.48639514552955654,0.5133048544704434
0.90,F2,105,0.5005999999999999,0.48722008279020224,0.5139799172097976
0.90,F2,106,0.5017,0.48805085883556687,0.5153491411644332
0.90,F2,107,0.5029,0.4890060897125652,0.5167939102874348
0.90,F2,108,0.5037,0.4897246905814141,0.517675309418586
0.90,F2,109,0.5045499999999999,0.4905162987119976,0.5185837012880022
0.90,F2,110,0.5057499999999999,0.4917083323727266,0.5197916676272732
0.90,F2,111,0.5068,0.4926201387655208,0.5209798612344793
0.90,F2,112,0.5075000000000001,0.49323729126329574,0.5217627087367044
0.90,F2,113,0.50825,0.4940106222887644,0.5224893777112356
0.90,F2,114,0.5093,0.4949046172317306,0.5236953827682693
0.90,F2,115,0.5109999999999999,0.4961563145964957,0.5258436854035041
0.90,F2,116,0.51225,0.49714394235642895,0.5273560576435711
0.90,F2,117,0.51315,0.4978688730530262,0.5284311269469738
0.90,F2,118,0.5138,0.49822832283156576,0.5293716771684343
0.90,F2,119,0.51475,0.4991768481164499,0.5303231518835502
0.90,F2,120,0.5156999999999999,0.5004321428877357,0.5309678571122641
0.90,F2,121,0.5166,0.5012608955456519,0.531939104454348
0.90,F2,122,0.5178,0.502209866896397,0.5333901331036031
0.90,F2,123,0.5185500000000001,0.5028995888250315,0.5342004111749686
0.90,F2,124,0.5193500000000001,0.5039901448207679,0.5347098551792323
0.90,F2,125,0.52045,0.5051198159206759,0.535780184079324
0.90,F2,126,0.5214,0.5059881634903309,0.536811836509669
0.90,F2,127,0.5223,0.5068956805114867,0.5377043194885133
0.90,F2,128,0.52355,0.5077537866188987,0.5393462133811012
0.90,F2,129,0.5245000000000001,0.5086660954360465,0.5403339045639537
0.90,F2,130,0.52555,0.5094225023206502,0.5416774976793497
0.90,F2,131,0.5262499999999999,0.5102922898373059,0.5422077101626939
0.90,F2,132,0.5271,0.5109405259273785,0.5432594740726215
0.90,F2,133,0.5278,0.5113803885647255,0.5442196114352746
0.90,F2,134,0.52875,0.51232023647125,0.5451797635287501
0.90,F2,135,0.53015,0.5131698643924938,0.5471301356075062
0.90,F2,136,0.5309,0.5136512046793325,0.5481487953206676
0.90,F2,137,0.5318999999999999,0.5146985049383606,0.5491014950616393
0.90,F2,138,0.5327000000000001,0.5153551489602023,0.5500448510397978
0.90,F2,139,0.53335,0.5160760423939258,0.5506239576060742
0.90,F2,140,0.5343,0.5168953833400638,0.5517046166599362
0.90,F2,141,0.53495,0.5176187974603227,0.5522812025396774
0.90,F2,142,0.5359,0.5184202782120125,0.5533797217879876
0.90,F2,143,0.53685,0.5192330959084163,0.5544669040915838
0.90,F2,144,0.53735,0.5196367816256627,0.5550632183743373
0.90,F2,145,0.53795,0.5203240299252017,0.5555759700747984
0.90,F2,146,0.53865,0.5209007422577885,0.5563992577422114
0.90,F2,147,0.5395,0.5217905587378447,0.5572094412621552
0.90,F2,148,0.54015,0.5224620528743098,0.5578379471256902
0.90,F2,149,0.54085,0.5229274250130381,0.558772574986962
0.90,F2,150,0.5417500000000001,0.52352118322811,0.5599788167718901
0.90,F2,151,0.5427000000000001,0.524274345993337,0.5611256540066631
0.90,F2,152,0.54385,0.5249474209131799,0.56275257908682
0.90,F2,153,0.5455,0.5263332028908412,0.5646667971091588
0.90,F2,154,0.5464,0.5271465063745618,0.5656534936254382
0.90,F2,155,0.54755,0.5280840698665864,0.5670159301334136
0.90,F2,156,0.5484,0.5291133449761946,0.5676866550238054
0.90,F2,157,0.54935,0.5303504769494558,0.5683495230505442
0.90,F2,158,0.5502,0.5311533956725795,0.5692466043274206
0.90,F2,159,0.5512,0.5322172486061011,0.570182751393899
0.90,F2,160,0.5523,0.5331891291230363,0.5714108708769637
0.90,F2,161,0.55315,0.5340929664272824,0.5722070335727176
0.90,F2,162,0.55425,0.5350822131326749,0.5734177868673251
0.90,F2,163,0.5549499999999999,0.5357705482555137,0.5741294517444862
0.90,F2,164,0.5561,0.5372381906745533,0.5749618093254468
0.90,F2,165,0.55715,0.5385717845056502,0.5757282154943498
0.90,F2,166,0.55785,0.5394476078760109,0.576252392123989
0.90,F2,167,0.55855,0.5400445894284407,0.5770554105715593
0.90,F2,168,0.55955,0.541179321743073,0.577920678256927
0.90,F2,169,0.5606,0.5417846199445447,0.5794153800554552
0.90,F2,170,0.5614,0.5425999094076359,0.5802000905923641
0.90,F2,171,0.5625,0.5439335582338746,0.5810664417661254
0.90,F2,172,0.5638500000000001,0.5453040591083006,0.5823959408916995
0.90,F2,173,0.5651499999999999,0.5465717845056501,0.5837282154943497
0.90,F2,174,0.5662,0.5478097113398718,0.5845902886601283
0.90,F2,175,0.5670999999999999,0.548882744296441,0.5853172557035589
0.90,F2,176,0.5681,0.54998740159911,0.5862125984008901
0.90,F2,177,0.56865,0.55034247797615,0.58695752202385
0.90,F2,178,0.56985,0.5513644557986775,0.5883355442013224
0.90,F2,179,0.5712,0.5525346543655832,0.5898653456344168
0.90,F2,180,0.5721,0.5531815281595688,0.5910184718404313
0.90,F2,181,0.57335,0.554300931968956,0.592399068031044
0.90,F2,182,0.5749,0.5552459627374783,0.5945540372625217
0.90,F2,183,0.5760500000000001,0.5562391515750236,0.5958608484249766
0.90,F2,184,0.5770500000000001,0.5571213634198228,0.5969786365801774
0.90,F2,185,0.57805,0.5582230300366233,0.5978769699633766
0.90,F2,186,0.5792499999999999,0.5589595023245868,0.5995404976754131
0.90,F2,187,0.5806,0.5596246080407532,0.6015753919592468
0.90,F2,188,0.5819000000000001,0.5605668353039694,0.6032331646960307
0.90,F2,189,0.5831500000000001,0.5617095034101202,0.60459049658988
0.90,F2,190,0.5851999999999999,0.5633085631511952,0.6070914368488047
0.90,F2,191,0.5871,0.5648604965585318,0.6093395034414681
0.90,F2,192,0.5885499999999999,0.5657513378672516,0.6113486621327482
0.90,F2,193,0.5893499999999999,0.566888069856645,0.6118119301433549
0.90,F2,194,0.5906,0.5681273595305525,0.6130726404694475
0.90,F2,195,0.5917,0.5694310640201169,0.6139689359798831
0.90,F2,196,0.5929000000000001,0.5702667393307091,0.615533260669291
0.90,F2,197,0.59405,0.5715763376500572,0.6165236623499427
0.90,F2,198,0.5952999999999999,0.5723297369992292,0.6182702630007707
0.90,F2,199,0.5962500000000001,0.5732018438962128,0.6192981561037874
0.90,F2,200,0.59685,0.5734855174617977,0.6202144825382023
0.90,F2,201,0.59765,0.574121309710409,0.621178690289591
0.90,F2,202,0.5986,0.5755150935317032,0.6216849064682969
0.90,F2,203,0.5995,0.57635582759968,0.6226441724003201
0.90,F2,204,0.6006,0.5771042209353067,0.6240957790646934
0.90,F2,205,0.60175,0.5779341550055894,0.6255658449944106
0.90,F2,206,0.60255,0.5788262320043644,0.6262737679956356
0.90,F2,207,0.6036,0.5796903862845468,0.6275096137154532
0.90,F2,208,0.60485,0.5807451190026462,0.6289548809973537
0.90,F2,209,0.60595,0.58144482653787,0.63045517346213
0.90,F2,210,0.6073500000000001,0.5828080203470493,0.6318919796529509
0.90,F2,211,0.6083000000000001,0.5835191053102115,0.6330808946897887
0.90,F2,212,0.60955,0.5847892998513642,0.6343107001486359
0.90,F2,213,0.6109,0.5861804250800511,0.6356195749199489
0.90,F2,214,0.6119,0.5871384530428828,0.6366615469571172
0.90,F2,215,0.613,0.5883410874989844,0.6376589125010156
0.90,F2,216,0.6144499999999999,0.5897209347840825,0.6391790652159174
0.90,F2,217,0.61655,0.5917548057612823,0.6413451942387178
0.90,F2,218,0.618,0.5929464581366617,0.6430535418633383
0.90,F2,219,0.61915,0.5943680174489768,0.6439319825510231
0.90,F2,220,0.6205499999999999,0.5954945850893649,0.645605414910635
0.90,F2,221,0.6218,0.5966592509104225,0.6469407490895775
0.90,F2,222,0.623,0.5978211530720957,0.6481788469279043
0.90,F2,223,0.6239999999999999,0.5987084671508636,0.6492915328491362
0.90,F2,224,0.626,0.6007647472127009,0.6512352527872991
0.90,F2,225,0.62735,0.6018302449598859,0.652869755040114
0.90,F2,226,0.6284000000000001,0.6028289247985307,0.6539710752014695
0.90,F2,227,0.6295999999999999,0.6042031995585495,0.6549968004414504
0.90,F2,228,0.6309499999999999,0.6052972518408413,0.6566027481591585
0.90,F2,229,0.63235,0.6065757893594748,0.6581242106405252
0.90,F2,230,0.63325,0.6075334979244871,0.6589665020755129
0.90,F2,231,0.6343000000000001,0.6082138505920283,0.6603861494079719
0.90,F2,232,0.63515,0.6086581038537745,0.6616418961462255
0.90,F2,233,0.6364,0.6095127115516548,0.6632872884483452
0.90,F2,234,0.6375,0.6102633819717864,0.6647366180282135
0.90,F2,235,0.6385500000000001,0.6110511743873617,0.6660488256126385
0.90,F2,236,0.6398999999999999,0.6119798335306105,0.6678201664693894
0.90,F2,237,0.6413499999999999,0.6134852834780101,0.6692147165219896
0.90,F2,238,0.6426499999999999,0.6142807379230575,0.6710192620769424
0.90,F2,239,0.64455,0.6156899917783347,0.6734100082216652
0.90,F2,240,0.6456500000000001,0.6169629419879905,0.6743370580120096
0.90,F2,241,0.6467499999999999,0.6177979717844635,0.6757020282155364
0.90,F2,242,0.6481,0.6190107278531835,0.6771892721468166
0.90,F2,243,0.64935,0.6199704527741294,0.6787295472258705
0.90,F2,244,0.6504,0.6208015532689631,0.6799984467310368
0.90,F2,245,0.6515500000000001,0.6217941307027697,0.6813058692972305
0.90,F2,246,0.65285,0.6233156159202071,0.682384384079793
0.90,F2,247,0.65355,0.6238763882437979,0.683223611756202
0.90,F2,248,0.6544500000000001,0.6249112889242402,0.68398871107576
0.90,F2,249,0.65565,0.6261974072065327,0.6851025927934672
0.90,F2,250,0.6569999999999999,0.6273384705187708,0.686661529481229
0.90,F2,251,0.6581,0.62826568071123,0.68793431928877
0.90,F2,252,0.6590999999999999,0.6295184250578176,0.6886815749421822
0.90,F2,253,0.65995,0.6302715432538537,0.6896284567461464
0.90,F2,254,0.66155,0.6319658936760891,0.6911341063239108
0.90,F2,255,0.6633,0.633069383074551,0.693530616925449
0.90,F2,256,0.6645500000000001,0.6343367280285358,0.6947632719714644
0.90,F2,257,0.66575,0.6352478201778886,0.6962521798221113
0.90,F2,258,0.66755,0.6368595885255971,0.6982404114744029
0.90,F2,259,0.6688,0.6382920267260792,0.6993079732739207
0.90,F2,260,0.6702000000000001,0.6402234492321666,0.7001765507678337
0.90,F2,261,0.67115,0.6411993410897429,0.7011006589102572
0.90,F2,262,0.6728500000000001,0.6427254254992296,0.7029745745007705
0.90,F2,263,0.6740999999999999,0.6438171110754121,0.7043828889245878
0.90,F2,264,0.67575,0.6456453189444502,0.7058546810555497
0.90,F2,265,0.67645,0.6465110781041434,0.7063889218958566
0.90,F2,266,0.6780499999999998,0.648408708415049,0.7076912915849506
0.90,F2,267,0.6792499999999999,0.649999882022655,0.7085001179773448
0.90,F2,268,0.68045,0.6514770111870627,0.7094229888129373
0.90,F2,269,0.6815500000000001,0.6526476759404611,0.7104523240595391
0.90,F2,270,0.6825500000000001,0.6535734273402937,0.7115265726597065
0.90,F2,271,0.6835500000000001,0.6546222609240115,0.7124777390759887
0.90,F2,272,0.68465,0.6558864713945467,0.7134135286054533
0.90,F2,273,0.68565,0.6569913575037875,0.7143086424962125
0.90,F2,274,0.6869000000000001,0.6580384349504521,0.715761565049548
0.90,F2,275,0.68795,0.6588647440893274,0.7170352559106725
0.90,F2,276,0.6891999999999999,0.660251524178461,0.7181484758215388
0.90,F2,277,0.6900999999999999,0.6611500065975954,0.7190499934024045
0.90,F2,278,0.6912499999999999,0.6622307309581748,0.7202692690418251
0.90,F2,279,0.69255,0.6633821965767226,0.7217178034232774
0.90,F2,280,0.69355,0.66451697132599,0.72258302867401
0.90,F2,281,0.6949500000000001,0.6654624421123235,0.7244375578876766
0.90,F2,282,0.6962499999999999,0.66712385245838,0.7253761475416198
0.90,F2,283,0.6974499999999999,0.6686792519642947,0.7262207480357051
0.90,F2,284,0.69865,0.67033654261902,0.72696345738098
0.90,F2,285,0.69945,0.6711010178297351,0.727798982170265
0.90,F2,286,0.7003,0.6718700903614873,0.7287299096385128
0.90,F2,287,0.7016499999999999,0.6732860881567808,0.730013911843219
0.90,F2,288,0.703,0.6746560548465709,0.731343945153429
0.90,F2,289,0.7044,0.6755482616720967,0.7332517383279034
0.90,F2,290,0.7060500000000001,0.6769329040431239,0.7351670959568762
0.90,F2,291,0.70715,0.6778944208227863,0.7364055791772136
0.90,F2,292,0.7083999999999999,0.6792206626664273,0.7375793373335725
0.90,F2,293,0.70945,0.6801308728011093,0.7387691271988908
0.90,F2,294,0.71115,0.6819091684032578,0.7403908315967421
0.90,F2,295,0.7127000000000001,0.6834885149958624,0.7419114850041378
0.90,F2,296,0.7139,0.6850905131799189,0.7427094868200811
0.90,F2,297,0.71495,0.6864470282274971,0.7434529717725028
0.90,F2,298,0.7162999999999999,0.6879607051951983,0.7446392948048016
0.90,F2,299,0.71755,0.689572851753505,0.745527148246495
0.90,F2,300,0.71855,0.690505267286387,0.7465947327136131
0.90,F2,301,0.7197000000000001,0.691389469761681,0.7480105302383192
0.90,F2,302,0.721,0.6927435529193171,0.7492564470806828
0.90,F2,303,0.72195,0.6939997026693825,0.7499002973306175
0.90,F2,304,0.72295,0.6951547424898994,0.7507452575101006
0.90,F2,305,0.7244,0.6966432420616028,0.7521567579383973
0.90,F2,306,0.7259500000000001,0.6983806787817034,0.7535193212182968
0.90,F2,307,0.72715,0.6997201038809358,0.7545798961190642
0.90,F2,308,0.7284499999999999,0.7009688992106913,0.7559311007893086
0.90,F2,309,0.72955,0.7022918715111013,0.7568081284888988
0.90,F2,310,0.73065,0.70365068432654,0.75764931567346
0.90,F2,311,0.7317000000000001,0.7044223545599302,0.7589776454400701
0.90,F2,312,0.7326,0.705204159861205,0.7599958401387951
0.90,F2,313,0.7336,0.7060831344069244,0.7611168655930757
0.90,F2,314,0.7346500000000001,0.7068599157993767,0.7624400842006236
0.90,F2,315,0.7359500000000001,0.707995701962241,0.7639042980377592
0.90,F2,316,0.737,0.7093522361198145,0.7646477638801855
0.90,F2,317,0.73845,0.7109264948975753,0.7659735051024248
0.90,F2,318,0.73975,0.7123518638501265,0.7671481361498735
0.90,F2,319,0.741,0.7136742260632397,0.7683257739367603
0.90,F2,320,0.7424000000000001,0.7150298299755798,0.7697701700244203
0.90,F2,321,0.74345,0.7161669742923148,0.7707330257076853
0.90,F2,322,0.74475,0.7176641386058605,0.7718358613941395
0.90,F2,323,0.7465999999999999,0.7195763984610883,0.7736236015389115
0.90,F2,324,0.7476999999999999,0.7207132239373363,0.7746867760626636
0.90,F2,325,0.7494500000000001,0.7233355799647422,0.7755644200352579
0.90,F2,326,0.7505000000000001,0.7246124165715806,0.7763875834284195
0.90,F2,327,0.7518,0.7261515726184053,0.7774484273815947
0.90,F2,328,0.75285,0.7275165362199387,0.7781834637800613
0.90,F2,329,0.7539,0.7289975602540096,0.7788024397459904
0.90,F2,330,0.7546999999999999,0.7298907559290667,0.7795092440709331
0.90,F2,331,0.75545,0.7305442325596564,0.7803557674403435
0.90,F2,332,0.7564999999999998,0.7318827478057741,0.7811172521942256
0.90,F2,333,0.7578,0.7337531382314025,0.7818468617685975
0.90,F2,334,0.7585000000000001,0.7347918515891513,0.7822081484108488
0.90,F2,335,0.7595000000000001,0.7364339591966418,0.7825660408033583
0.90,F2,336,0.7605000000000001,0.7379409747592007,0.7830590252407994
0.90,F2,337,0.7611000000000001,0.7387108664837022,0.783489133516298
0.90,F2,338,0.76185,0.7396340796532871,0.784065920346713
0.90,F2,339,0.7628500000000001,0.7409640826813149,0.7847359173186854
0.90,F2,340,0.7641,0.7428215723462256,0.7853784276537744
0.90,F2,341,0.76515,0.744635558275771,0.785664441724229
0.90,F2,342,0.7657499999999999,0.745441794851499,0.7860582051485009
0.90,F2,343,0.7663,0.746132454183106,0.7864675458168939
0.90,F2,344,0.7670999999999999,0.747376992450075,0.7868230075499247
0.90,F2,345,0.76805,0.7484793030100887,0.7876206969899113
0.90,F2,346,0.76895,0.7497464078358922,0.7881535921641079
0.90,F2,347,0.7699,0.7515769409713635,0.7882230590286365
0.90,F2,348,0.7706999999999999,0.7530828125258211,0.7883171874741788
0.90,F2,349,0.7713000000000001,0.7540678840630595,0.7885321159369407
0.90,F2,350,0.7721,0.7555546290801364,0.7886453709198636
0.90,F2,351,0.7726999999999999,0.756322522987695,0.7890774770123049
0.90,F2,352,0.7736,0.7572711242106781,0.7899288757893218
0.90,F2,353,0.7743,0.7583054786057734,0.7902945213942266
0.90,F2,354,0.7747999999999999,0.7591168943423429,0.790483105657657
0.90,F2,355,0.77525,0.7597292541439067,0.7907707458560933
0.90,F2,356,0.7757999999999999,0.7603767653510376,0.7912232346489623
0.90,F2,357,0.7760999999999999,0.760620158546185,0.7915798414538148
0.90,F2,358,0.77695,0.7616099191773217,0.7922900808226784
0.90,F2,359,0.77745,0.7623111934889726,0.7925888065110274
0.90,F2,360,0.77795,0.7628296720341957,0.7930703279658043
0.90,F2,361,0.7786,0.763569150250015,0.7936308497499849
0.90,F2,362,0.77905,0.7639386554806099,0.7941613445193901
0.90,F2,363,0.7796000000000001,0.764625587347518,0.7945744126524822
0.90,F2,364,0.7800499999999999,0.7648422302216872,0.7952577697783126
0.90,F2,365,0.7804,0.7650525658657253,0.7957474341342746
0.90,F2,366,0.78095,0.7653292193806049,0.7965707806193951
0.90,F2,367,0.78115,0.7653699765813772,0.7969300234186228
0.90,F2,368,0.78175,0.7659169152264377,0.7975830847735622
0.90,F2,369,0.7822,0.7662052289040132,0.7981947710959868
0.90,F2,370,0.7826500000000001,0.7667424245370822,0.798557575462918
0.90,F2,371,0.78305,0.7670972962171382,0.7990027037828619
0.90,F2,372,0.78335,0.7673732799011427,0.7993267200988573
0.90,F2,373,0.7837999999999999,0.7679678611911748,0.7996321388088251
0.90,F2,374,0.78435,0.7686878542993928,0.8000121457006072
0.90,F2,375,0.7847999999999999,0.7692447464903673,0.8003552535096325
0.90,F2,376,0.78525,0.7699000288147942,0.8005999711852058
0.90,F2,377,0.78585,0.7704995084459185,0.8012004915540816
0.90,F2,378,0.7861000000000001,0.7708248201740716,0.8013751798259287
0.90,F2,379,0.7868,0.7711576933335669,0.8024423066664332
0.90,F2,380,0.78725,0.771496320756799,0.803003679243201
0.90,F2,381,0.7877000000000001,0.771956147767451,0.8034438522325491
0.90,F2,382,0.7882,0.7724508214006003,0.8039491785993997
0.90,F2,383,0.7889999999999999,0.7730803150904034,0.8049196849095964
0.90,F2,384,0.78935,0.7734083157869833,0.8052916842130167
0.90,F2,385,0.78955,0.773475088756773,0.805624911243227
0.90,F2,386,0.7897,0.7735474477437838,0.8058525522562161
0.90,F2,387,0.7899999999999999,0.773783041109413,0.8062169588905869
0.90,F2,388,0.7906,0.7742135024716603,0.8069864975283396
0.90,F2,389,0.79135,0.7749216950687297,0.8077783049312703
0.90,F2,390,0.79165,0.7752738033283147,0.8080261966716852
0.90,F2,391,0.7922,0.7757124222875291,0.8086875777124709
0.90,F2,392,0.7930499999999999,0.7765906063570738,0.8095093936429261
0.90,F2,393,0.7933,0.7767044958598687,0.8098955041401313
0.90,F2,394,0.7940499999999999,0.7772567079771943,0.8108432920228056
0.90,F2,395,0.7948000000000001,0.7779539339412699,0.8116460660587302
0.90,F2,396,0.7952500000000001,0.7785454137488855,0.8119545862511147
0.90,F2,397,0.7955500000000001,0.7787938499985441,0.8123061500014561
0.90,F2,398,0.79605,0.7793196120085005,0.8127803879914995
0.90,F2,399,0.79675,0.779900674385412,0.8135993256145879
0.90,F2,400,0.7974000000000001,0.7807802068691632,0.814019793130837
0.90,F2,401,0.79815,0.7814239095345451,0.814876090465455
0.90,F2,402,0.7988500000000001,0.7819817221899313,0.8157182778100688
0.90,F2,403,0.79925,0.7825291635663617,0.8159708364336383
0.90,F2,404,0.7997000000000001,0.7831189418098037,0.8162810581901965
0.90,F2,405,0.80015,0.7836983730273174,0.8166016269726827
0.90,F2,406,0.8006,0.7842339886501178,0.8169660113498821
0.90,F2,407,0.80135,0.7852051764895904,0.8174948235104096
0.90,F2,408,0.8018,0.7854174026258339,0.818182597374166
0.90,F2,409,0.8020499999999999,0.7856718523730294,0.8184281476269705
0.90,F2,410,0.8023999999999999,0.7859628846802267,0.8188371153197731
0.90,F2,411,0.8028499999999998,0.7865736121294571,0.8191263878705426
0.90,F2,412,0.8030999999999998,0.7869830926139798,0.8192169073860198
0.90,F2,413,0.8036999999999999,0.7874272318790438,0.8199727681209559
0.90,F2,414,0.80425,0.787973121377929,0.8205268786220711
0.90,F2,415,0.8045,0.7882508106299143,0.8207491893700857
0.90,F2,416,0.8051,0.7888665488236202,0.8213334511763799
0.90,F2,417,0.8056,0.789276016757841,0.821923983242159
0.90,F2,418,0.80615,0.7901203713381427,0.8221796286618573
0.90,F2,419,0.8065,0.7902567106655847,0.8227432893344153
0.90,F2,420,0.8068,0.7906274320287815,0.8229725679712184
0.90,F2,421,0.8071499999999999,0.7910919925813298,0.8232080074186701
0.90,F2,422,0.8076499999999999,0.7913755752835552,0.8239244247164446
0.90,F2,423,0.8080499999999999,0.7916982099094424,0.8244017900905575
0.90,F2,424,0.80845,0.7924797807538978,0.8244202192461022
0.90,F2,425,0.8090499999999999,0.7931313813556384,0.8249686186443614
0.90,F2,426,0.8096000000000001,0.7936502381980889,0.8255497618019113
0.90,F2,427,0.81,0.793919561584292,0.8260804384157081
0.90,F2,428,0.81065,0.7941353745566284,0.8271646254433715
0.90,F2,429,0.8110999999999999,0.794718621614442,0.8274813783855579
0.90,F2,430,0.81145,0.7951192287426906,0.8277807712573094
0.90,F2,431,0.8124,0.796076016757841,0.828723983242159
0.90,F2,432,0.81285,0.7964348282783209,0.829265171721679
0.90,F2,433,0.81315,0.7967396950973056,0.8295603049026945
0.90,F2,434,0.8137999999999999,0.7971994427472879,0.8304005572527118
0.90,F2,435,0.8144,0.7979259931104514,0.8308740068895486
0.90,F2,436,0.81485,0.7984708769825304,0.8312291230174695
0.90,F2,437,0.8155000000000001,0.7991274010115754,0.8318725989884248
0.90,F2,438,0.8158499999999999,0.7994977214208251,0.8322022785791746
0.90,F2,439,0.8168,0.8003056410631177,0.8332943589368822
0.90,F2,440,0.81715,0.8007377481965294,0.8335622518034707
0.90,F2,441,0.81765,0.8010355546120834,0.8342644453879166
0.90,F2,442,0.8180999999999999,0.8017469276579439,0.834453072342056
0.90,F2,443,0.8185499999999999,0.8022642903792099,0.8348357096207899
0.90,F2,444,0.81895,0.8026074939674077,0.8352925060325922
0.90,F2,445,0.8197,0.8033030254040623,0.8360969745959377
0.90,F2,446,0.81995,0.8035777059363244,0.8363222940636755
0.90,F2,447,0.8206,0.8042281328405143,0.8369718671594857
0.90,F2,448,0.82115,0.8048422338044002,0.8374577661955999
0.90,F2,449,0.82165,0.8055284468920002,0.8377715531079998
0.90,F2,450,0.8223500000000001,0.8060187396253736,0.8386812603746266
0.90,F2,451,0.8232,0.8070907764796783,0.8393092235203218
0.90,F2,452,0.8236500000000001,0.8077188415776931,0.8395811584223071
0.90,F2,453,0.8244,0.8084022327868949,0.8403977672131051
0.90,F2,454,0.8251000000000001,0.8092066790618332,0.8409933209381669
0.90,F2,455,0.8255000000000001,0.8094615909649643,0.841538409035036
0.90,F2,456,0.8259000000000001,0.8100610515060752,0.8417389484939249
0.90,F2,457,0.82645,0.8106760521013632,0.8422239478986369
0.90,F2,458,0.82725,0.8116768481164499,0.8428231518835502
0.90,F2,459,0.82835,0.8122671401634497,0.8444328598365504
0.90,F2,460,0.8291499999999999,0.8129493652883891,0.8453506347116108
0.90,F2,461,0.82985,0.8134479720037545,0.8462520279962454
0.90,F2,462,0.8303499999999999,0.8139076007131575,0.8467923992868424
0.90,F2,463,0.8311,0.8143530887536247,0.8478469112463752
0.90,F2,464,0.83255,0.8151387872383844,0.8499612127616156
0.90,F2,465,0.8335000000000001,0.8157437118572893,0.8512562881427109
0.90,F2,466,0.83425,0.816100229776867,0.8523997702231331
0.90,F2,467,0.8348,0.8163611285509569,0.8532388714490431
0.90,F2,468,0.8355999999999999,0.8171828014603122,0.8540171985396876
0.90,F2,469,0.8364499999999999,0.8177688804772844,0.8551311195227155
0.90,F2,470,0.8371999999999998,0.8181869757486394,0.8562130242513603
0.90,F2,471,0.83835,0.818838983928563,0.857861016071437
0.90,F2,472,0.8395,0.8195346721260665,0.8594653278739336
0.90,F2,473,0.8405,0.820129106647925,0.860870893352075
0.90,F2,474,0.8411500000000001,0.8207081100650041,0.861591889934996
0.90,F2,475,0.8425,0.8214495310744138,0.8635504689255863
0.90,F2,476,0.84395,0.822582649129442,0.8653173508705579
0.90,F2,477,0.8459000000000001,0.8239373446432888,0.8678626553567114
0.90,F2,478,0.84705,0.8246850061030978,0.8694149938969021
0.90,F2,479,0.8486499999999999,0.8257339186382642,0.8715660813617356
0.90,F2,480,0.84965,0.8264446906508987,0.8728553093491014
0.90,F2,481,0.85065,0.8272380447665718,0.8740619552334282
0.90,F2,482,0.85195,0.8281411994017572,0.8757588005982427
0.90,F2,483,0.85315,0.8294582400567405,0.8768417599432594
0.90,F2,484,0.8543000000000001,0.8303598372552438,0.8782401627447564
0.90,F2,485,0.8558,0.8316411237433716,0.8799588762566284
0.90,F2,486,0.85795,0.8329645008545458,0.8829354991454542
0.90,F2,487,0.8601000000000001,0.8342723459040736,0.8859276540959266
0.90,F2,488,0.8623000000000001,0.8355504657767288,0.8890495342232714
0.90,F2,489,0.8649,0.8367331660420996,0.8930668339579004
0.90,F2,490,0.8664000000000001,0.8371703364501375,0.8956296635498626
0.90,F2,491,0.8674000000000001,0.8375623341732252,0.8972376658267749
0.90,F2,492,0.8688,0.8383927341542472,0.8992072658457528
0.90,F2,493,0.8709000000000001,0.8391874504683245,0.9026125495316757
0.90,F2,494,0.8719,0.8396772145508311,0.9041227854491689
0.90,F2,495,0.8728500000000001,0.8407018235697497,0.9049981764302506
0.90,F2,496,0.8748,0.8425533018100643,0.9070466981899358
0.90,F2,497,0.8767,0.8441845433289541,0.909215456671046
0.90,F2,498,0.8777999999999999,0.8453857905014874,0.9102142094985124
0.90,F2,499,0.8793,0.8469243795202787,0.9116756204797213
0.90,F2,500,0.8805,0.847984543328954,0.9130154566710459
0.90,F2,501,0.8816999999999999,0.8495367637443666,0.9138632362556333
0.90,F2,502,0.8829000000000001,0.8509180745590424,0.9148819254409578
0.90,F2,503,0.88385,0.8516628377836806,0.9160371622163195
0.90,F2,504,0.8851,0.852995925774152,0.917204074225848
0.90,F2,505,0.8859499999999999,0.8537278652748718,0.918172134725128
0.90,F2,506,0.8870499999999999,0.8551039663753468,0.918996033624653
0.90,F2,507,0.8877999999999999,0.8560430246233821,0.9195569753766177
0.90,F2,508,0.889,0.8577332646120949,0.9202667353879052
0.90,F2,509,0.8901499999999999,0.8591099557802658,0.9211900442197339
0.90,F2,510,0.8917499999999999,0.8612431067777218,0.9222568932222781
0.90,F2,511,0.89305,0.8629527492014885,0.9231472507985116
0.90,F2,512,0.89405,0.8638486274685402,0.9242513725314598
0.90,F2,513,0.8956500000000001,0.8651255688513395,0.9261744311486606
0.90,F2,514,0.8966000000000001,0.8660962162308057,0.9271037837691944
0.90,F2,515,0.8981,0.8674453639201564,0.9287546360798437
0.90,F2,516,0.8996999999999999,0.8693191462940303,0.9300808537059696
0.90,F2,517,0.9009,0.8705680891343585,0.9312319108656416
0.90,F2,518,0.9027,0.8721236358668448,0.9332763641331551
0.90,F2,519,0.9040499999999998,0.8737788841960151,0.9343211158039845
0.90,F2,520,0.9055500000000001,0.8754678807527216,0.9356321192472785
0.90,F2,521,0.9067500000000002,0.8766678807527217,0.9368321192472786
0.90,F2,522,0.9079500000000001,0.8777650299364639,0.9381349700635364
0.90,F2,523,0.90935,0.8792066051349979,0.939493394865002
0.90,F2,524,0.91105,0.8803343527448886,0.9417656472551115
0.90,F2,525,0.9130499999999999,0.881732243727753,0.9443677562722468
0.90,F2,526,0.9148000000000001,0.8834500912904208,0.9461499087095793
0.90,F2,527,0.9165500000000001,0.8849094757160136,0.9481905242839865
0.90,F2,528,0.91755,0.8862248479760909,0.948875152023909
0.90,F2,529,0.9188000000000001,0.888190606791193,0.9494093932088071
0.90,F2,530,0.9206000000000001,0.8909718822556857,0.9502281177443145
0.90,F2,531,0.92205,0.8931614978273614,0.9509385021726386
0.90,F2,532,0.92375,0.8949304295308981,0.9525695704691018
0.90,F2,533,0.9251999999999999,0.8964181139935036,0.9539818860064962
0.90,F2,534,0.9266,0.8977820579225806,0.9554179420774194
0.90,F2,535,0.92765,0.8988900817892667,0.9564099182107333
0.90,F2,536,0.92875,0.8999617662378054,0.9575382337621945
0.90,F2,537,0.9298500000000001,0.9010664835619938,0.9586335164380063
0.90,F2,538,0.9307000000000001,0.9019299113562976,0.9594700886437025
0.90,F2,539,0.9315,0.9027626917777027,0.9602373082222972
0.90,F2,540,0.9324000000000001,0.9035427250793249,0.9612572749206754
0.90,F2,541,0.9338000000000001,0.9052376433631718,0.9623623566368283
0.90,F2,542,0.9348500000000001,0.906374785884892,0.9633252141151082
0.90,F2,543,0.9362,0.9079011813600708,0.9644988186399293
0.90,F2,544,0.9371999999999999,0.9087761317305251,0.9656238682694748
0.90,F2,545,0.9377500000000001,0.9092711393969157,0.9662288606030844
0.90,F2,546,0.93875,0.9101298469305821,0.9673701530694179
0.90,F2,547,0.9394,0.9107544255581571,0.9680455744418429
0.90,F2,548,0.9397,0.9109071537197249,0.9684928462802751
0.90,F2,549,0.9404,0.9119924357852676,0.9688075642147325
0.90,F2,550,0.9410499999999999,0.9129472234771123,0.9691527765228876
0.90,F2,551,0.9418,0.9139260759510701,0.9696739240489298
0.90,F2,552,0.9423499999999999,0.9148073472513674,0.9698926527486325
0.90,F2,553,0.94285,0.915474905574048,0.970225094425952
0.90,F2,554,0.9435500000000001,0.916389923970773,0.9707100760292272
0.90,F2,555,0.9443500000000001,0.9176969802008644,0.9710030197991358
0.90,F2,556,0.9450500000000001,0.9186447813077283,0.9714552186922718
0.90,F2,557,0.9459500000000001,0.9200453358892492,0.9718546641107509
0.90,F2,558,0.94685,0.921320543683205,0.9723794563167949
0.90,F2,559,0.94785,0.9228622630775721,0.9728377369224278
0.90,F2,560,0.94895,0.9248427994812015,0.9730572005187984
0.90,F2,561,0.9497,0.9259454019381587,0.9734545980618413
0.90,F2,562,0.95045,0.9272625971141039,0.9736374028858962
0.90,F2,563,0.9509,0.9278498945265048,0.9739501054734951
0.90,F2,564,0.9514999999999999,0.9286252174340927,0.9743747825659071
0.90,F2,565,0.95235,0.9300812882063684,0.9746187117936317
0.90,F2,566,0.9531000000000001,0.9312576948612358,0.9749423051387643
0.90,F2,567,0.95375,0.9325014840746136,0.9749985159253863
0.90,F2,568,0.9543999999999999,0.9337748369144001,0.9750251630855997
0.90,F2,569,0.95495,0.9349509436364044,0.9749490563635955
0.90,F2,570,0.9554499999999999,0.9359500408237021,0.9749499591762977
0.90,F2,571,0.9565999999999999,0.9384343379848596,0.9747656620151401
0.90,F2,572,0.9570499999999998,0.9391823280857944,0.9749176719142053
0.90,F2,573,0.9576499999999999,0.9403469346071521,0.9749530653928477
0.90,F2,574,0.9583999999999999,0.9415245614367348,0.975275438563265
0.90,F2,575,0.9588999999999999,0.9424835509774167,0.9753164490225831
0.90,F2,576,0.95945,0.9434094121842987,0.9754905878157013
0.90,F2,577,0.9602999999999999,0.9452290810039549,0.975370918996045
0.90,F2,578,0.9610999999999998,0.9468361712139192,0.9753638287860805
0.90,F2,579,0.9616999999999999,0.9482251980644094,0.9751748019355904
0.90,F2,580,0.96215,0.9490099120013042,0.9752900879986957
0.90,F2,581,0.96265,0.9497120721879169,0.9755879278120831
0.90,F2,582,0.9630500000000001,0.9503199514035982,0.975780048596402
0.90,F2,583,0.9634999999999999,0.951235501033264,0.9757644989667358
0.90,F2,584,0.9637,0.9513679525749246,0.9760320474250754
0.90,F2,585,0.9639500000000001,0.9516846055380462,0.9762153944619539
0.90,F2,586,0.96425,0.9522926042834985,0.9762073957165016
0.90,F2,587,0.9645000000000001,0.9525468636713061,0.9764531363286941
0.90,F2,588,0.9649000000000001,0.9529763032905072,0.976823696709493
0.90,F2,589,0.9654,0.9535633743188333,0.9772366256811668
0.90,F2,590,0.9663999999999999,0.9558507920795546,0.9769492079204453
0.90,F2,591,0.9671000000000001,0.9572351555556926,0.9769648444443075
0.90,F2,592,0.9675,0.9579010900223371,0.9770989099776629
0.90,F2,593,0.96785,0.9583612546151169,0.9773387453848831
0.90,F2,594,0.9681,0.9585478043830996,0.9776521956169003
0.90,F2,595,0.9684999999999999,0.9590672956776117,0.9779327043223881
0.90,F2,596,0.96875,0.9595580052313676,0.9779419947686324
0.90,F2,597,0.96895,0.9601641059366128,0.9777358940633871
0.90,F2,598,0.9692,0.9606088934589827,0.9777911065410172
0.90,F2,599,0.9695,0.9612354050698333,0.9777645949301668
0.90,F2,600,0.96965,0.9616772478209715,0.9776227521790285
0.90,F2,601,0.9701,0.9624916190423717,0.9777083809576282
0.90,F2,602,0.9703999999999999,0.9627952944621164,0.9780047055378834
0.90,F2,603,0.97055,0.9631239879878217,0.9779760120121783
0.90,F2,604,0.9708,0.9633631050159702,0.9782368949840298
0.90,F2,605,0.9709,0.9635435587822617,0.9782564412177382
0.90,F2,606,0.971,0.963787757591736,0.978212242408264
0.90,F2,607,0.9712999999999999,0.9643892147762989,0.978210785223701
0.90,F2,608,0.9713999999999999,0.9645420072770649,0.978257992722935
0.90,F2,609,0.9719,0.9654260602786859,0.978373939721314
0.90,F2,610,0.9721,0.965829126540931,0.9783708734590689
0.90,F2,611,0.9723999999999999,0.9664152512700671,0.9783847487299328
0.90,F2,612,0.9724999999999999,0.9665507256845493,0.9784492743154506
0.90,F2,613,0.9726999999999999,0.9669251413416007,0.9784748586583991
0.90,F2,614,0.97305,0.967411793018706,0.978688206981294
0.90,F2,615,0.9734499999999999,0.9683566395109912,0.9785433604890087
0.90,F2,616,0.9738,0.9686782934297523,0.9789217065702477
0.90,F2,617,0.9741,0.9689603893929158,0.9792396106070841
0.90,F2,618,0.9742500000000001,0.9690265654445934,0.9794734345554067
0.90,F2,619,0.97445,0.9693206960440559,0.9795793039559442
0.90,F2,620,0.9745,0.9693201388155895,0.9796798611844105
0.90,F2,621,0.97465,0.9694265654445934,0.9798734345554067
0.90,F2,622,0.97475,0.9696051467732038,0.9798948532267963
0.90,F2,623,0.97485,0.9697238115580968,0.9799761884419032
0.90,F2,624,0.975,0.9697580564402456,0.9802419435597544
0.90,F2,625,0.9751,0.9697741558268423,0.9804258441731576
0.90,F2,626,0.97535,0.9698060852590111,0.980893914740989
0.90,F2,627,0.9756,0.9700415161011454,0.9811584838988546
0.90,F2,628,0.97595,0.9703273985784319,0.9815726014215681
0.90,F2,629,0.9761000000000001,0.9704964320687456,0.9817035679312546
0.90,F2,630,0.9763000000000001,0.9706481735005625,0.9819518264994376
0.90,F2,631,0.97635,0.9707018846576154,0.9819981153423847
0.90,F2,632,0.9766,0.9707886021471216,0.9824113978528785
0.90,F2,633,0.97675,0.9708555231325475,0.9826444768674525
0.90,F2,634,0.9769,0.9710509254535719,0.9827490745464281
0.90,F2,635,0.97705,0.9712387739625118,0.9828612260374882
0.90,F2,636,0.9773000000000001,0.9715835309164942,0.9830164690835059
0.90,F2,637,0.97775,0.971903145054297,0.983596854945703
0.90,F2,638,0.97795,0.9720501051024567,0.9838498948975433
0.90,F2,639,0.97815,0.9722568784183887,0.9840431215816112
0.90,F2,640,0.9783,0.9723830369856037,0.9842169630143962
0.90,F2,641,0.9784999999999999,0.9725965522225634,0.9844034477774365
0.90,F2,642,0.9786,0.9726312890355573,0.9845687109644428
0.90,F2,643,0.9786499999999999,0.9726787802952862,0.9846212197047136
0.90,F2,644,0.9788499999999999,0.9730539136617292,0.9846460863382706
0.90,F2,645,0.9788499999999999,0.9730539136617292,0.9846460863382706
0.90,F2,646,0.97905,0.9732332783872781,0.9848667216127218
0.90,F2,647,0.9791,0.9732892894391649,0.984910710560835
0.90,F2,648,0.9792,0.9734327539574383,0.9849672460425616
0.90,F2,649,0.9793499999999999,0.9734595899255578,0.9852404100744421
0.90,F2,650,0.9795999999999999,0.9736796629971819,0.9855203370028179
0.90,F2,651,0.9796999999999999,0.9738182411970208,0.985581758802979
0.90,F2,652,0.9797499999999999,0.9739387739625117,0.9855612260374881
0.90,F2,653,0.9798999999999999,0.9740345605592549,0.9857654394407449
0.90,F2,654,0.9799499999999999,0.974082688329796,0.9858173116702037
0.90,F2,655,0.9800999999999999,0.9742019669889193,0.9859980330110805
0.90,F2,656,0.9803499999999998,0.9742819129021173,0.9864180870978824
0.90,F2,657,0.9805499999999999,0.974600222212766,0.9864997777872339
0.90,F2,658,0.9806499999999999,0.9746494227612547,0.9866505772387452
0.90,F2,659,0.98085,0.9748720954684466,0.9868279045315534
0.90,F2,660,0.98115,0.9750399346062021,0.9872600653937978
0.90,F2,661,0.98135,0.9751943486208746,0.9875056513791253
0.90,F2,662,0.9816499999999999,0.9754800911579325,0.9878199088420673
0.90,F2,663,0.982,0.9757437922877417,0.9882562077122583
0.90,F2,664,0.982,0.9757437922877417,0.9882562077122583
0.90,F2,665,0.9822500000000001,0.975960842449853,0.9885391575501471
0.90,F2,666,0.9823500000000001,0.9760722836474527,0.9886277163525474
0.90,F2,667,0.98265,0.9764452344619629,0.9888547655380372
0.90,F2,668,0.9830000000000001,0.9768441864187594,0.9891558135812408
0.90,F2,669,0.9832000000000001,0.9769719447254593,0.9894280552745408
0.90,F2,670,0.9835,0.9770285284220167,0.9899714715779834
0.90,F2,671,0.98365,0.9771842396119853,0.9901157603880147
0.90,F2,672,0.98415,0.9775388616968269,0.990761138303173
0.90,F2,673,0.9843999999999999,0.9777213939878827,0.9910786060121172
0.90,F2,674,0.98485,0.9781084507508042,0.9915915492491958
0.90,F2,675,0.9851,0.9783719420168775,0.9918280579831225
0.90,F2,676,0.9853,0.9785128398804568,0.9920871601195431
0.90,F2,677,0.9855999999999999,0.9788334669072044,0.9923665330927954
0.90,F2,678,0.9861,0.9791247878839514,0.9930752121160485
0.90,F2,679,0.9864499999999999,0.9793304163259665,0.9935695836740334
0.90,F2,680,0.98675,0.9795923718376041,0.993907628162396
0.90,F2,681,0.98695,0.9798901298360622,0.9940098701639378
0.90,F2,682,0.9870500000000001,0.9800287040005353,0.9940712959994649
0.90,F2,683,0.9873500000000001,0.9805765351154728,0.9941234648845273
0.90,F2,684,0.98765,0.9807909882047448,0.9945090117952553
0.90,F2,685,0.9876999999999999,0.9808379318958265,0.9945620681041734
0.90,F2,686,0.98795,0.9810445626193051,0.9948554373806949
0.90,F2,687,0.98805,0.9812847950818209,0.9948152049181791
0.90,F2,688,0.98835,0.9815706413011015,0.9951293586988984
0.90,F2,689,0.9884000000000001,0.9815840669136422,0.9952159330863579
0.90,F2,690,0.9885500000000002,0.9817201644474102,0.9953798355525901
0.90,F2,691,0.9888000000000001,0.9819934487943265,0.9956065512056738
0.90,F2,692,0.98885,0.9821060814499363,0.9955939185500637
0.90,F2,693,0.9891,0.9826334675347973,0.9955665324652027
0.90,F2,694,0.98945,0.983037581728542,0.995862418271458
0.90,F2,695,0.9896,0.9833463463632562,0.9958536536367438
0.90,F2,696,0.9897999999999999,0.9836286348649295,0.9959713651350703
0.90,F2,697,0.9899999999999999,0.9838182888976745,0.9961817111023252
0.90,F2,698,0.9903,0.9841734519810776,0.9964265480189223
0.90,F2,699,0.9904000000000001,0.9843094119673936,0.9964905880326065
0.90,F2,700,0.9905999999999999,0.9846473700103496,0.9965526299896502
0.90,F2,701,0.9907000000000001,0.9846919396014311,0.9967080603985692
0.90,F2,702,0.9909500000000002,0.985138773962512,0.9967612260374884
0.90,F2,703,0.9912000000000001,0.9855957193732984,0.9968042806267018
0.90,F2,704,0.9914000000000002,0.9860019048662614,0.996798095133739
0.90,F2,705,0.9915000000000002,0.9860937724167457,0.9969062275832546
0.90,F2,706,0.9917000000000001,0.9864832600739054,0.9969167399260949
0.90,F2,707,0.9919500000000001,0.9869885134130327,0.9969114865869675
0.90,F2,708,0.9921000000000001,0.9872481966814559,0.9969518033185443
0.90,F2,709,0.9922500000000001,0.9875277238341152,0.9969722761658849
0.90,F2,710,0.9923500000000001,0.9876158980636396,0.9970841019363605
0.90,F2,711,0.9924000000000001,0.9877388017868342,0.997061198213166
0.90,F2,712,0.99255,0.9878753260692311,0.997224673930769
0.90,F2,713,0.99285,0.988232058607482,0.997467941392518
0.90,F2,714,0.9929,0.9882533908624104,0.9975466091375896
0.90,F2,715,0.9931000000000001,0.9885191807504721,0.9976808192495281
0.90,F2,716,0.9931000000000001,0.9885191807504721,0.9976808192495281
0.90,F2,717,0.9931500000000001,0.9886476677825629,0.9976523322174373
0.90,F2,718,0.9932000000000001,0.9886956723135285,0.9977043276864717
0.90,F2,719,0.9932000000000001,0.9886956723135285,0.9977043276864717
0.90,F2,720,0.9933000000000001,0.9887930130624734,0.9978069869375268
0.90,F2,721,0.9933000000000001,0.9887930130624734,0.9978069869375268
0.90,F2,722,0.99345,0.9890354566830312,0.9978645433169689
0.90,F2,723,0.9935,0.9890861352693571,0.997913864730643
0.90,F2,724,0.99355,0.9890976209091881,0.998002379090812
0.90,F2,725,0.9937,0.9892680751909327,0.9981319248090673
0.90,F2,726,0.9937,0.9892680751909327,0.9981319248090673
0.90,F2,727,0.9938,0.989359972122048,0.9982400278779521
0.90,F2,728,0.99395,0.9896472470190305,0.9982527529809695
0.90,F2,729,0.9940500000000001,0.989875392859667,0.9982246071403332
0.90,F2,730,0.9941,0.9899858644388616,0.9982141355611384
0.90,F2,731,0.9942,0.9902311327349915,0.9981688672650084
0.90,F2,732,0.9942,0.9902311327349915,0.9981688672650084
0.90,F2,733,0.9942500000000001,0.9903668393440671,0.998133160655933
0.90,F2,734,0.9943,0.9903848301585622,0.9982151698414378
0.90,F2,735,0.9943,0.9903848301585622,0.9982151698414378
0.90,F2,736,0.9944000000000001,0.99062929010659,0.9981707098934102
0.90,F2,737,0.9946000000000002,0.9909938787958682,0.9982061212041321
0.90,F2,738,0.9947000000000001,0.9911038603899287,0.9982961396100716
0.90,F2,739,0.9947000000000001,0.9911038603899287,0.9982961396100716
0.90,F2,740,0.9948500000000001,0.9913452585322772,0.9983547414677231
0.90,F2,741,0.9949000000000001,0.9914908617302804,0.9983091382697198
0.90,F2,742,0.9950000000000001,0.9915018171852528,0.9984981828147474
0.90,F2,743,0.9952000000000001,0.99197260653726,0.9984273934627401
0.90,F2,744,0.9953000000000001,0.9922052703856274,0.9983947296143727
0.90,F2,745,0.9954000000000001,0.9923091444488374,0.9984908555511627
0.90,F2,746,0.99555,0.9925353524751079,0.9985646475248922
0.90,F2,747,0.99565,0.9926726787567679,0.9986273212432322
0.90,F2,748,0.99575,0.9929639404563076,0.9985360595436924
0.90,F2,749,0.9959,0.993274460737518,0.998525539262482
0.90,F2,750,0.996,0.9933790282201228,0.9986209717798772
0.90,F2,751,0.99605,0.9933960920620063,0.9987039079379937
0.90,F2,752,0.9961,0.9935360294242697,0.9986639705757303
0.90,F2,753,0.99615,0.9936036138237683,0.9986963861762317
0.90,F2,754,0.99625,0.9938790503941839,0.998620949605816
0.90,F2,755,0.9963,0.9938968423170439,0.998703157682956
0.90,F2,756,0.99635,0.9938897678369893,0.9988102321630106
0.90,F2,757,0.9964999999999999,0.9940703968695689,0.998929603130431
0.90,F2,758,0.9965999999999999,0.994338986755903,0.9988610132440968
0.90,F2,759,0.9966499999999999,0.9944685505946423,0.9988314494053575
0.90,F2,760,0.997,0.9952486266720116,0.9987513733279884
0.90,F2,761,0.997,0.9952486266720116,0.9987513733279884
0.90,F2,762,0.9972,0.9955520175675079,0.9988479824324921
0.90,F2,763,0.99725,0.9956270485756694,0.9988729514243305
0.90,F2,764,0.9974,0.9958519900542377,0.9989480099457622
0.90,F2,765,0.99745,0.9959026351928136,0.9989973648071863
0.90,F2,766,0.9974999999999999,0.9959753870168421,0.9990246129831578
0.90,F2,767,0.9974999999999999,0.9959753870168421,0.9990246129831578
0.90,F2,768,0.9975499999999999,0.9960182000291568,0.9990817999708431
0.90,F2,769,0.9975499999999999,0.9960182000291568,0.9990817999708431
0.90,F2,770,0.9976499999999999,0.9960568528209705,0.9992431471790294
0.90,F2,771,0.9977499999999999,0.9962234235736805,0.9992765764263193
0.90,F2,772,0.9977499999999999,0.9962234235736805,0.9992765764263193
0.90,F2,773,0.9977499999999999,0.9962234235736805,0.9992765764263193
0.90,F2,774,0.9977999999999999,0.9963152010207422,0.9992847989792576
0.90,F2,775,0.9979499999999999,0.9966805374571337,0.9992194625428661
0.90,F2,776,0.9979499999999999,0.9966805374571337,0.9992194625428661
0.90,F2,777,0.9980499999999999,0.9967805374571337,0.9993194625428661
0.90,F2,778,0.9980499999999999,0.9967805374571337,0.9993194625428661
0.90,F2,779,0.9980499999999999,0.9967805374571337,0.9993194625428661
0.90,F2,780,0.9980499999999999,0.9967805374571337,0.9993194625428661
0.90,F2,781,0.9980499999999999,0.9967805374571337,0.9993194625428661
0.90,F2,782,0.9981,0.9968519544820335,0.9993480455179665
0.90,F2,783,0.9981,0.9968519544820335,0.9993480455179665
0.90,F2,784,0.9981,0.9968519544820335,0.9993480455179665
0.90,F2,785,0.99815,0.9969253750815976,0.9993746249184023
0.90,F2,786,0.99815,0.9969253750815976,0.9993746249184023
0.90,F2,787,0.99825,0.996986845384579,0.9995131546154209
0.90,F2,788,0.99835,0.9970311597253686,0.9996688402746313
0.90,F2,789,0.99835,0.9970311597253686,0.9996688402746313
0.90,F2,790,0.99835,0.9970311597253686,0.9996688402746313
0.90,F2,791,0.99835,0.9970311597253686,0.9996688402746313
0.90,F2,792,0.9984,0.997098689153274,0.9997013108467259
0.90,F2,793,0.9984,0.997098689153274,0.9997013108467259
0.90,F2,794,0.9984,0.997098689153274,0.9997013108467259
0.90,F2,795,0.99845,0.9971556131146889,0.999744386885311
0.90,F2,796,0.99845,0.9971556131146889,0.999744386885311
0.90,F2,797,0.9984999999999999,0.9971895141100613,0.9998104858899386
0.90,F2,798,0.99865,0.9974787179381027,0.9998212820618974
0.90,F2,799,0.99865,0.9974787179381027,0.9998212820618974
0.90,F2,800,0.99885,0.9978638394976006,0.9998361605023994
0.90,F2,801,0.99885,0.9978638394976006,0.9998361605023994
0.90,F2,802,0.99885,0.9978638394976006,0.9998361605023994
0.90,F2,803,0.99885,0.9978638394976006,0.9998361605023994
0.90,F2,804,0.99885,0.9978638394976006,0.9998361605023994
0.90,F2,805,0.99885,0.9978638394976006,0.9998361605023994
0.90,F2,806,0.99885,0.9978638394976006,0.9998361605023994
0.90,F2,807,0.9988999999999999,0.9978928017100114,0.9999071982899884
0.90,F2,808,0.9988999999999999,0.9978928017100114,0.9999071982899884
0.90,F2,809,0.9988999999999999,0.9978928017100114,0.9999071982899884
0.90,F2,810,0.9988999999999999,0.9978928017100114,0.9999071982899884
0.90,F2,811,0.99895,0.9979398320771593,0.9999601679228407
0.90,F2,812,0.99895,0.9979398320771593,0.9999601679228407
0.90,F2,813,0.99895,0.9979398320771593,0.9999601679228407
0.90,F2,814,0.99895,0.9979398320771593,0.9999601679228407
0.90,F2,815,0.99895,0.9979398320771593,0.9999601679228407
0.90,F2,816,0.99895,0.9979398320771593,0.9999601679228407
0.90,F2,817,0.99895,0.9979398320771593,0.9999601679228407
0.90,F2,818,0.9989999999999999,0.9980047688472349,0.9999952311527649
0.90,F2,819,0.9989999999999999,0.9980047688472349,0.9999952311527649
0.90,F2,820,0.9989999999999999,0.9980047688472349,0.9999952311527649
0.90,F2,821,0.9991000000000001,0.9981250404448231,1
0.90,F2,822,0.9991500000000001,0.9982846361328576,1
0.90,F2,823,0.9991500000000001,0.9982846361328576,1
0.90,F2,824,0.9991500000000001,0.9982846361328576,1
0.90,F2,825,0.9991500000000001,0.9982846361328576,1
0.90,F2,826,0.9992000000000001,0.9984416331032259,0.9999583668967743
0.90,F2,827,0.9992000000000001,0.9984416331032259,0.9999583668967743
0.90,F2,828,0.9992000000000001,0.9984416331032259,0.9999583668967743
0.90,F2,829,0.9992500000000001,0.9985947570550308,0.9999052429449694
0.90,F2,830,0.9992500000000001,0.9985947570550308,0.9999052429449694
0.90,F2,831,0.9993000000000001,0.9986617391484116,0.9999382608515885
0.90,F2,832,0.9993000000000001,0.9986617391484116,0.9999382608515885
0.90,F2,833,0.9993000000000001,0.9986617391484116,0.9999382608515885
0.90,F2,834,0.9993000000000001,0.9986617391484116,0.9999382608515885
0.90,F2,835,0.9993000000000001,0.9986617391484116,0.9999382608515885
0.90,F2,836,0.9993000000000001,0.9986617391484116,0.9999382608515885
0.90,F2,837,0.9993000000000001,0.9986617391484116,0.9999382608515885
0.90,F2,838,0.9993500000000001,0.9988156188350987,0.9998843811649014
0.90,F2,839,0.9993500000000001,0.9988156188350987,0.9998843811649014
0.90,F2,840,0.9993500000000001,0.9988156188350987,0.9998843811649014
0.90,F2,841,0.9993500000000001,0.9988156188350987,0.9998843811649014
0.90,F2,842,0.9993500000000001,0.9988156188350987,0.9998843811649014
0.90,F2,843,0.9993500000000001,0.9988156188350987,0.9998843811649014
0.90,F2,844,0.9993500000000001,0.9988156188350987,0.9998843811649014
0.90,F2,845,0.9993500000000001,0.9988156188350987,0.9998843811649014
0.90,F2,846,0.9993500000000001,0.9988156188350987,0.9998843811649014
0.90,F2,847,0.9993500000000001,0.9988156188350987,0.9998843811649014
0.90,F2,848,0.9994000000000001,0.9988637536246636,0.9999362463753365
0.90,F2,849,0.9994000000000001,0.9988637536246636,0.9999362463753365
0.90,F2,850,0.9994000000000001,0.9988637536246636,0.9999362463753365
0.90,F2,851,0.9994000000000001,0.9988637536246636,0.9999362463753365
0.90,F2,852,0.9994500000000001,0.9989156188350987,0.9999843811649014
0.90,F2,853,0.9995,0.9990713754548166,0.9999286245451835
0.90,F2,854,0.9995,0.9990713754548166,0.9999286245451835
0.90,F2,855,0.9995,0.9990713754548166,0.9999286245451835
0.90,F2,856,0.9995,0.9990713754548166,0.9999286245451835
0.90,F2,857,0.99955,0.9990964744737114,1
0.90,F2,858,0.9996,0.9992425024164424,0.9999574975835577
0.90,F2,859,0.9996,0.9992425024164424,0.9999574975835577
0.90,F2,860,0.9996,0.9992425024164424,0.9999574975835577
0.90,F2,861,0.9996,0.9992425024164424,0.9999574975835577
0.90,F2,862,0.9996,0.9992425024164424,0.9999574975835577
0.90,F2,863,0.9996,0.9992425024164424,0.9999574975835577
0.90,F2,864,0.9996,0.9992425024164424,0.9999574975835577
0.90,F2,865,0.9996,0.9992425024164424,0.9999574975835577
0.90,F2,866,0.9996,0.9992425024164424,0.9999574975835577
0.90,F2,867,0.99965,0.9992734589771743,1
0.90,F2,868,0.99965,0.9992734589771743,1
0.90,F2,869,0.9997,0.9994035786629701,0.9999964213370299
0.90,F2,870,0.9997,0.9994035786629701,0.9999964213370299
0.90,F2,871,0.9997,0.9994035786629701,0.9999964213370299
0.90,F2,872,0.99975,0.9995011922118088,0.9999988077881913
0.90,F2,873,0.99975,0.9995011922118088,0.9999988077881913
0.90,F2,874,0.99975,0.9995011922118088,0.9999988077881913
0.90,F2,875,0.99975,0.9995011922118088,0.9999988077881913
0.90,F2,876,0.99975,0.9995011922118088,0.9999988077881913
0.90,F2,877,0.99975,0.9995011922118088,0.9999988077881913
0.90,F2,878,0.99975,0.9995011922118088,0.9999988077881913
0.90,F2,879,0.99975,0.9995011922118088,0.9999988077881913
0.90,F2,880,0.99975,0.9995011922118088,0.9999988077881913
0.90,F2,881,0.9998,0.9995472110344086,1
0.90,F2,882,0.9998,0.9995472110344086,1
0.90,F2,883,0.9998,0.9995472110344086,1
0.90,F2,884,0.9998,0.9995472110344086,1
0.90,F2,885,0.9998,0.9995472110344086,1
0.90,F2,886,0.9998,0.9995472110344086,1
0.90,F2,887,0.9998,0.9995472110344086,1
0.90,F2,888,0.9998,0.9995472110344086,1
0.90,F2,889,0.9998,0.9995472110344086,1
0.90,F2,890,0.99985,0.9996769272265715,1
0.90,F2,891,0.99985,0.9996769272265715,1
0.90,F2,892,0.9999,0.9997451990054238,1
0.90,F2,893,0.9999,0.9997451990054238,1
0.90,F2,894,0.9999,0.9997451990054238,1
0.90,F2,895,0.9999,0.9997451990054238,1
0.90,F2,896,0.9999,0.9997451990054238,1
0.90,F2,897,0.9999,0.9997451990054238,1
0.90,F2,898,0.9999,0.9997451990054238,1
0.90,F2,899,0.9999,0.9997451990054238,1
0.90,F2,900,0.9999,0.9997451990054238,1
0.90,F2,901,0.9999,0.9997451990054238,1
0.90,F2,902,0.9999,0.9997451990054238,1
0.90,F2,903,0.9999,0.9997451990054238,1
0.90,F2,904,0.9999,0.9997451990054238,1
0.90,F2,905,0.9999,0.9997451990054238,1
0.90,F2,906,0.9999,0.9997451990054238,1
0.90,F2,907,0.9999,0.9997451990054238,1
0.90,F2,908,0.9999,0.9997451990054238,1
0.90,F2,909,0.9999,0.9997451990054238,1
0.90,F2,910,0.9999,0.9997451990054238,1
0.90,F2,911,0.9999,0.9997451990054238,1
0.90,F2,912,0.9999,0.9997451990054238,1
0.90,F2,913,0.9999,0.9997451990054238,1
0.90,F2,914,0.9999,0.9997451990054238,1
0.90,F2,915,0.9999,0.9997451990054238,1
0.90,F2,916,0.9999,0.9997451990054238,1
0.90,F2,917,0.9999,0.9997451990054238,1
0.90,F2,918,0.9999,0.9997451990054238,1
0.90,F2,919,0.9999,0.9997451990054238,1
0.90,F2,920,0.9999,0.9997451990054238,1
0.90,F2,921,0.9999,0.9997451990054238,1
0.90,F2,922,0.9999,0.9997451990054238,1
0.90,F2,923,0.9999,0.9997451990054238,1
0.90,F2,924,0.9999,0.9997451990054238,1
0.90,F2,925,0.9999,0.9997451990054238,1
0.90,F2,926,0.9999,0.9997451990054238,1
0.90,F2,927,0.9999,0.9997451990054238,1
0.90,F2,928,0.9999,0.9997451990054238,1
0.90,F2,929,0.9999,0.9997451990054238,1
0.90,F2,930,0.9999,0.9997451990054238,1
0.90,F2,931,0.9999,0.9997451990054238,1
0.90,F2,932,0.9999,0.9997451990054238,1
0.90,F2,933,0.9999,0.9997451990054238,1
0.90,F2,934,0.9999,0.9997451990054238,1
0.90,F2,935,0.9999,0.9997451990054238,1
0.90,F2,936,0.9999,0.9997451990054238,1
0.90,F2,937,0.9999,0.9997451990054238,1
0.90,F2,938,0.9999,0.9997451990054238,1
0.90,F2,939,0.99995,0.9998317687874501,1
0.90,H3,0,0.0,0,0.0
0.90,H3,1,0.08925,0.08212144641502832,0.09637855358497167
0.90,H3,2,0.08935,0.08216230348625404,0.09653769651374595
0.90,H3,3,0.3127,0.3018128191617937,0.32358718083820626
0.90,H3,4,0.31299999999999994,0.30225721248505144,0.32374278751494845
0.90,H3,5,0.5821500000000001,0.5728191461357046,0.5914808538642955
0.90,H3,6,0.5826,0.5733050628275018,0.5918949371724982
0.90,H3,7,0.5841000000000001,0.5735481422381048,0.5946518577618953
0.90,H3,8,0.58505,0.5742199213599876,0.5958800786400124
0.90,H3,9,0.58605,0.5744472377565104,0.5976527622434895
0.90,H3,10,0.58675,0.5754711955691894,0.5980288044308106
0.90,H3,11,0.5878,0.5768846087625257,0.5987153912374743
0.90,H3,12,0.58865,0.5778346825269329,0.5994653174730671
0.90,H3,13,0.58965,0.5787427529732119,0.6005572470267881
0.90,H3,14,0.59085,0.5794024865120865,0.6022975134879135
0.90,H3,15,0.59115,0.5794567170437013,0.6028432829562986
0.90,H3,16,0.5921499999999998,0.580393359584166,0.6039066404158336
0.90,H3,17,0.5944999999999999,0.581993012055223,0.6070069879447768
0.90,H3,18,0.59615,0.5828564035643138,0.6094435964356861
0.90,H3,19,0.59785,0.583760628926796,0.611939371073204
0.90,H3,20,0.6005499999999999,0.5845842828948697,0.6165157171051301
0.90,H3,21,0.60395,0.5856778533864798,0.6222221466135202
0.90,H3,22,0.60755,0.5871237462685093,0.6279762537314908
0.90,H3,23,0.6125,0.5889568433464498,0.6360431566535503
0.90,H3,24,0.6165499999999999,0.5904031771777585,0.6426968228222414
0.90,H3,25,0.62025,0.5920722854452388,0.6484277145547611
0.90,H3,26,0.624,0.5939457413833146,0.6540542586166854
0.90,H3,27,0.62865,0.5969494485615399,0.6603505514384602
0.90,H3,28,0.6335999999999999,0.60054548653041,0.6666545134695899
0.90,H3,29,0.638,0.603375293200349,0.672624706799651
0.90,H3,30,0.6413,0.6054642105861852,0.6771357894138148
0.90,H3,31,0.6444,0.6077783028061765,0.6810216971938234
0.90,H3,32,0.6462,0.6093755796760062,0.6830244203239938
0.90,H3,33,0.6487,0.6112442367040651,0.686155763295935
0.90,H3,34,0.65185,0.6126656972471153,0.6910343027528848
0.90,H3,35,0.65505,0.6146603122545122,0.6954396877454878
0.90,H3,36,0.6576000000000001,0.6168303824629618,0.6983696175370383
0.90,H3,37,0.6607000000000001,0.6191426357744458,0.7022573642255543
0.90,H3,38,0.6636,0.6209479013314644,0.7062520986685356
0.90,H3,39,0.66605,0.6222224738803448,0.7098775261196553
0.90,H3,40,0.6698500000000001,0.6246898553273869,0.7150101446726133
0.90,H3,41,0.6734000000000001,0.6265459897268087,0.7202540102731915
0.90,H3,42,0.6768,0.6287581238157331,0.7248418761842668
0.90,H3,43,0.68065,0.6311624236850242,0.7301375763149758
0.90,H3,44,0.6842999999999999,0.6329979289888539,0.7356020710111459
0.90,H3,45,0.6888500000000001,0.635175801199202,0.7425241988007981
0.90,H3,46,0.6915,0.6365191990352581,0.7464808009647419
0.90,H3,47,0.6940000000000001,0.6379546282512333,0.7500453717487668
0.90,H3,48,0.6974999999999999,0.639613603680857,0.7553863963191428
0.90,H3,49,0.7022,0.6429834091821292,0.7614165908178709
0.90,H3,50,0.7069,0.6458519227624195,0.7679480772375804
0.90,H3,51,0.71145,0.6485705708865993,0.7743294291134007
0.90,H3,52,0.71585,0.6497040253010389,0.7819959746989611
0.90,H3,53,0.7196999999999999,0.6515046418728173,0.7878953581271825
0.90,H3,54,0.72305,0.6537173695505893,0.7923826304494106
0.90,H3,55,0.72655,0.6558888283706095,0.7972111716293906
0.90,H3,56,0.7303499999999999,0.6582407705883491,0.8024592294116508
0.90,H3,57,0.7350500000000001,0.6613198745029694,0.8087801254970308
0.90,H3,58,0.7390000000000001,0.6647551018721537,0.8132448981278465
0.90,H3,59,0.74275,0.6672431932685546,0.8182568067314454
0.90,H3,60,0.7468499999999999,0.6700378281242512,0.8236621718757486
0.90,H3,61,0.7508000000000001,0.6731024420543473,0.8284975579456529
0.90,H3,62,0.75435,0.6766404275207338,0.8320595724792661
0.90,H3,63,0.758,0.6804121107509147,0.8355878892490853
0.90,H3,64,0.7610499999999999,0.6836214501152323,0.8384785498847674
0.90,H3,65,0.7646,0.6865997536651479,0.842600246334852
0.90,H3,66,0.7685500000000001,0.6898205542673291,0.847279445732671
0.90,H3,67,0.77325,0.6942791484315974,0.8522208515684025
0.90,H3,68,0.7785500000000001,0.7005276496543928,0.8565723503456073
0.90,H3,69,0.7828,0.7042125087430822,0.8613874912569179
0.90,H3,70,0.7884000000000001,0.7092786690513361,0.8675213309486641
0.90,H3,71,0.7939499999999999,0.7147700478809772,0.8731299521190227
0.90,H3,72,0.79855,0.719177095145231,0.877922904854769
0.90,H3,73,0.80355,0.7238558103848295,0.8832441896151705
0.90,H3,74,0.8075499999999999,0.7271435484964303,0.8879564515035695
0.90,H3,75,0.8128500000000001,0.7317373439005749,0.8939626560994253
0.90,H3,76,0.8190500000000001,0.7387498159148418,0.8993501840851583
0.90,H3,77,0.8256,0.7454463629710912,0.9057536370289088
0.90,H3,78,0.8311499999999999,0.750447258829355,0.9118527411706449
0.90,H3,79,0.8365,0.7553681799544935,0.9176318200455066
0.90,H3,80,0.8412000000000001,0.7595229502713192,0.9228770497286809
0.90,H3,81,0.8449,0.7630910794733949,0.926708920526605
0.90,H3,82,0.8481000000000001,0.7666384371560419,0.9295615628439583
0.90,H3,83,0.85215,0.7717416610099659,0.932558338990034
0.90,H3,84,0.85745,0.777942156149902,0.9369578438500981
0.90,H3,85,0.8618499999999999,0.7826354531259428,0.9410645468740569
0.90,H3,86,0.866,0.7862557985654146,0.9457442014345854
0.90,H3,87,0.8708,0.7907820097716793,0.9508179902283207
0.90,H3,88,0.8735999999999999,0.793889061134833,0.9533109388651668
0.90,H3,89,0.8757500000000001,0.7975117258157715,0.9539882741842288
0.90,H3,90,0.87945,0.8022812384047726,0.9566187615952273
0.90,H3,91,0.8839000000000001,0.8078030157425223,0.9599969842574779
0.90,H3,92,0.8872,0.8114221065494538,0.9629778934505462
0.90,H3,93,0.8901499999999999,0.8147406877954991,0.9655593122045006
0.90,H3,94,0.8934000000000001,0.8181531276524351,0.9686468723475651
0.90,H3,95,0.89715,0.8228359690936871,0.971464030906313
0.90,H3,96,0.9017999999999999,0.8287446449737587,0.9748553550262412
0.90,H3,97,0.90505,0.8332933379638218,0.9768066620361783
0.90,H3,98,0.9086500000000001,0.8381599572894652,0.9791400427105349
0.90,H3,99,0.91305,0.8433698467679291,0.9827301532320709
0.90,H3,100,0.9172999999999999,0.8477479401257296,0.9868520598742702
0.90,H3,101,0.9208,0.8513701863816592,0.9902298136183407
0.90,H3,102,0.9243499999999999,0.8554680363520087,0.993231963647991
0.90,H3,103,0.92775,0.8596073271983323,0.9958926728016676
0.90,H3,104,0.92985,0.8629399225353526,0.9967600774646473
0.90,H3,105,0.93155,0.8655961919549463,0.9975038080450537
0.90,H3,106,0.933,0.8682189125393388,0.9977810874606613
0.90,H3,107,0.9344,0.8712715546462206,0.9975284453537794
0.90,H3,108,0.9359999999999999,0.8734353693753591,0.9985646306246407
0.90,H3,109,0.93715,0.8752173644251902,0.9990826355748099
0.90,H3,110,0.9385999999999999,0.8776346068254249,0.9995653931745748
0.90,H3,111,0.9392999999999999,0.87923648266088,0.9993635173391199
0.90,H3,112,0.93995,0.8807432739050708,0.9991567260949291
0.90,H3,113,0.9408,0.8825402321428184,0.9990597678571815
0.90,H3,114,0.94175,0.8846913424374611,0.9988086575625389
0.90,H3,115,0.94295,0.8875263615835084,0.9983736384164915
0.90,H3,116,0.94465,0.8923046935562245,0.9969953064437754
0.90,H3,117,0.94645,0.8967496586403372,0.9961503413596628
0.90,H3,118,0.9477,0.900521576747577,0.9948784232524229
0.90,H3,119,0.9492,0.9046761193895614,0.9937238806104387
0.90,H3,120,0.9507000000000001,0.9089198835780451,0.9924801164219551
0.90,H3,121,0.9519500000000001,0.9122756446221878,0.9916243553778123
0.90,H3,122,0.9531499999999999,0.9148174737210999,0.9914825262789
0.90,H3,123,0.954,0.9167567122829597,0.9912432877170402
0.90,H3,124,0.9548,0.9188594893417458,0.9907405106582542
0.90,H3,125,0.9558499999999999,0.9213269776049022,0.9903730223950975
0.90,H3,126,0.9575499999999999,0.9264197611866412,0.9886802388133586
0.90,H3,127,0.9597,0.9328122659293789,0.9865877340706211
0.90,H3,128,0.9616,0.9378964004644963,0.9853035995355037
0.90,H3,129,0.96295,0.9409552262821504,0.9849447737178495
0.90,H3,130,0.9644999999999999,0.9446277080846612,0.9843722919153386
0.90,H3,131,0.96595,0.94835487332701,0.98354512667299
0.90,H3,132,0.96685,0.9506928122708714,0.9830071877291285
0.90,H3,133,0.96795,0.9531209184657325,0.9827790815342674
0.90,H3,134,0.9689500000000001,0.9550156889843111,0.9828843110156891
0.90,H3,135,0.9697,0.9563311318136748,0.9830688681863252
0.90,H3,136,0.9703499999999999,0.9574052826493288,0.9832947173506711
0.90,H3,137,0.97105,0.9585734655791651,0.9835265344208348
0.90,H3,138,0.9713999999999999,0.9590637430770659,0.983736256922934
0.90,H3,139,0.9719499999999999,0.9596585833233684,0.9842414166766313
0.90,H3,140,0.9723,0.9601152178541937,0.9844847821458064
0.90,H3,141,0.9727,0.9602711734871514,0.9851288265128486
0.90,H3,142,0.9732000000000001,0.9609065526576116,0.9854934473423885
0.90,H3,143,0.9736500000000001,0.9611638659051934,0.9861361340948068
0.90,H3,144,0.9738000000000001,0.9613144256834588,0.9862855743165414
0.90,H3,145,0.9740500000000001,0.9615958935941018,0.9865041064058984
0.90,H3,146,0.9742500000000001,0.9618466659033863,0.9866533340966138
0.90,H3,147,0.97495,0.9623448036373454,0.9875551963626545
0.90,H3,148,0.9753,0.9627318497097708,0.9878681502902291
0.90,H3,149,0.9756499999999999,0.9630924202990787,0.9882075797009211
0.90,H3,150,0.9759499999999999,0.9633530442966395,0.9885469557033603
0.90,H3,151,0.9761,0.9635394787156577,0.9886605212843422
0.90,H3,152,0.9763,0.9637611194393257,0.9888388805606741
0.90,H3,153,0.9769,0.9643853504150468,0.9894146495849532
0.90,H3,154,0.97725,0.9648370096192964,0.9896629903807035
0.90,H3,155,0.9776999999999999,0.965425084768131,0.9899749152318688
0.90,H3,156,0.9780499999999999,0.9657183574100604,0.9903816425899393
0.90,H3,157,0.9784499999999999,0.9662368163002093,0.9906631836997906
0.90,H3,158,0.9785999999999999,0.9663808497382991,0.9908191502617008
0.90,H3,159,0.9787000000000001,0.966457665023146,0.9909423349768542
0.90,H3,160,0.9789,0.9667862245814778,0.9910137754185222
0.90,H3,161,0.9791500000000001,0.9670168702668881,0.9912831297331121
0.90,H3,162,0.9794,0.9672070261828062,0.9915929738171939
0.90,H3,163,0.9797,0.9674668030437024,0.9919331969562977
0.90,H3,164,0.98,0.9677808497382991,0.9922191502617008
0.90,H3,165,0.9801500000000001,0.9680109466098853,0.9922890533901149
0.90,H3,166,0.9804500000000002,0.9685039660258633,0.992396033974137
0.90,H3,167,0.9808000000000001,0.9688118314463967,0.9927881685536035
0.90,H3,168,0.9810500000000001,0.9692920008080551,0.9928079991919451
0.90,H3,169,0.9814,0.9697730815170378,0.9930269184829623
0.90,H3,170,0.9816,0.9699607219474526,0.9932392780525474
0.90,H3,171,0.9818,0.9701895814096692,0.9934104185903309
0.90,H3,172,0.98215,0.9706808759018102,0.9936191240981898
0.90,H3,173,0.98245,0.9709523565129108,0.9939476434870893
0.90,H3,174,0.98265,0.9711655640096754,0.9941344359903247
0.90,H3,175,0.98275,0.9712495779200356,0.9942504220799644
0.90,H3,176,0.9828,0.9713252185620994,0.9942747814379006
0.90,H3,177,0.9832,0.9716323150632779,0.9947676849367221
0.90,H3,178,0.9834499999999999,0.9719363887612238,0.9949636112387761
0.90,H3,179,0.9835999999999999,0.9722020485671039,0.9949979514328959
0.90,H3,180,0.98375,0.9725600722197002,0.9949399277802998
0.90,H3,181,0.9841000000000001,0.9728179205649891,0.9953820794350111
0.90,H3,182,0.9843500000000001,0.9732022681510213,0.9954977318489788
0.90,H3,183,0.9845999999999999,0.9735956924419825,0.9956043075580173
0.90,H3,184,0.9849,0.9738612670934435,0.9959387329065565
0.90,H3,185,0.9852,0.9742437051188424,0.9961562948811575
0.90,H3,186,0.98555,0.9747976435608594,0.9963023564391407
0.90,H3,187,0.98595,0.9754959651261833,0.9964040348738167
0.90,H3,188,0.9862,0.9758680724349748,0.9965319275650252
0.90,H3,189,0.9866,0.9767720669675619,0.9964279330324382
0.90,H3,190,0.9869,0.9770319171987915,0.9967680828012085
0.90,H3,191,0.9871,0.97749443508785,0.9967055649121499
0.90,H3,192,0.9873,0.9780020555218277,0.9965979444781722
0.90,H3,193,0.9874499999999999,0.9780441144180049,0.996855885581995
0.90,H3,194,0.9874499999999999,0.9780441144180049,0.996855885581995
0.90,H3,195,0.9876500000000001,0.9782619652370331,0.9970380347629672
0.90,H3,196,0.9877,0.9782672956776118,0.9971327043223882
0.90,H3,197,0.9878499999999999,0.9784322326692829,0.9972677673307169
0.90,H3,198,0.9882,0.9789584973087028,0.9974415026912972
0.90,H3,199,0.9884000000000001,0.9790947561115217,0.9977052438884784
0.90,H3,200,0.98855,0.9791509107324522,0.9979490892675479
0.90,H3,201,0.9887499999999999,0.9793619652370329,0.9981380347629669
0.90,H3,202,0.9888500000000001,0.9794415670657954,0.9982584329342048
0.90,H3,203,0.9890500000000001,0.9797827111836294,0.9983172888163708
0.90,H3,204,0.9893000000000001,0.9800987768091586,0.9985012231908416
0.90,H3,205,0.9894000000000001,0.980219200338556,0.9985807996614441
0.90,H3,206,0.9895,0.9804088181746129,0.9985911818253872
0.90,H3,207,0.98955,0.9804558532827389,0.9986441467172612
0.90,H3,208,0.98975,0.9809713822289149,0.9985286177710851
0.90,H3,209,0.9900000000000001,0.9812778648331365,0.9987221351668637
0.90,H3,210,0.9900000000000001,0.9812778648331365,0.9987221351668637
0.90,H3,211,0.9901000000000001,0.9813271848450943,0.9988728151549059
0.90,H3,212,0.9904000000000001,0.9818368320908281,0.9989631679091721
0.90,H3,213,0.99055,0.982063784627883,0.9990362153721171
0.90,H3,214,0.9908,0.9822892295892248,0.9993107704107752
0.90,H3,215,0.9909,0.9823821933736122,0.9994178066263878
0.90,H3,216,0.991,0.9824592487992024,0.9995407512007976
0.90,H3,217,0.99115,0.9828455121546692,0.9994544878453308
0.90,H3,218,0.9912,0.9829156153850752,0.9994843846149247
0.90,H3,219,0.9914,0.9831581492627183,0.9996418507372816
0.90,H3,220,0.9914999999999999,0.9832586338636734,0.9997413661363265
0.90,H3,221,0.99155,0.983305363359989,0.9997946366400111
0.90,H3,222,0.9917,0.9835208998285269,0.9998791001714732
0.90,H3,223,0.9917,0.9835208998285269,0.9998791001714732
0.90,H3,224,0.99175,0.9835666282796699,0.9999333717203301
0.90,H3,225,0.99185,0.9837707572883784,0.9999292427116216
0.90,H3,226,0.99195,0.9838579146604879,1
0.90,H3,227,0.99205,0.9840872729762102,1
0.90,H3,228,0.99215,0.9841402638480654,1
0.90,H3,229,0.9922500000000001,0.9843446591196607,1
0.90,H3,230,0.9923500000000001,0.9845453325841824,1
0.90,H3,231,0.99265,0.9850139790249967,1
0.90,H3,232,0.99285,0.9851338523305121,1
0.90,H3,233,0.99295,0.9853643563755476,1
0.90,H3,234,0.99325,0.9856192111479687,1
0.90,H3,235,0.99325,0.9856192111479687,1
0.90,H3,236,0.9933,0.985641391253635,1
0.90,H3,237,0.9934,0.9857596652208508,1
0.90,H3,238,0.9935999999999999,0.9860289810310026,1
0.90,H3,239,0.99365,0.9861885760032488,1
0.90,H3,240,0.9937999999999999,0.9863095937848773,1
0.90,H3,241,0.9941500000000001,0.9871059877329946,1
0.90,H3,242,0.9943500000000001,0.987419161100207,1
0.90,H3,243,0.9943500000000001,0.987419161100207,1
0.90,H3,244,0.9944500000000001,0.9877393277846388,1
0.90,H3,245,0.9946000000000002,0.9880104942192697,1
0.90,H3,246,0.99475,0.9881764235655189,1
0.90,H3,247,0.9948999999999999,0.9885405862291136,1
0.90,H3,248,0.99505,0.9887532265339891,1
0.90,H3,249,0.99515,0.9889826809723463,1
0.90,H3,250,0.99515,0.9889826809723463,1
0.90,H3,251,0.9953000000000001,0.9892760065956023,1
0.90,H3,252,0.99535,0.9893387828420197,1
0.90,H3,253,0.9954000000000001,0.9895012898712993,1
0.90,H3,254,0.9954000000000001,0.9895012898712993,1
0.90,H3,255,0.9956499999999999,0.9900701810255722,1
0.90,H3,256,0.9957,0.9902320689082843,1
0.90,H3,257,0.9958,0.9904584309803008,1
0.90,H3,258,0.9958500000000001,0.990502639444766,1
0.90,H3,259,0.9958500000000001,0.990502639444766,1
0.90,H3,260,0.9959,0.9905651645247071,1
0.90,H3,261,0.9959500000000001,0.9906041334339144,1
0.90,H3,262,0.99605,0.9906832554321703,1
0.90,H3,263,0.9961500000000001,0.9907847440237163,1
0.90,H3,264,0.9962500000000001,0.9908787921328465,1
0.90,H3,265,0.9963000000000001,0.9909174645716501,1
0.90,H3,266,0.99635,0.9909506102481377,1
0.90,H3,267,0.9966,0.9915600447623917,1
0.90,H3,268,0.9967,0.9917795356739789,1
0.90,H3,269,0.9968000000000001,0.9919837233480322,1
0.90,H3,270,0.9968000000000001,0.9919837233480322,1
0.90,H3,271,0.9968500000000001,0.9920124173194368,1
0.90,H3,272,0.9968500000000001,0.9920124173194368,1
0.90,H3,273,0.9968500000000001,0.9920124173194368,1
0.90,H3,274,0.9968500000000001,0.9920124173194368,1
0.90,H3,275,0.9968500000000001,0.9920124173194368,1
0.90,H3,276,0.9969500000000001,0.9920745877925294,1
0.90,H3,277,0.997,0.99224044628471,1
0.90,H3,278,0.997,0.99224044628471,1
0.90,H3,279,0.9971,0.9924602721829393,1
0.90,H3,280,0.9972000000000001,0.9926568259615881,1
0.90,H3,281,0.9973,0.9928500884091885,1
0.90,H3,282,0.9973,0.9928500884091885,1
0.90,H3,283,0.9973,0.9928500884091885,1
0.90,H3,284,0.99735,0.9928779299215695,1
0.90,H3,285,0.9974000000000001,0.9930435138524201,1
0.90,H3,286,0.9974000000000001,0.9930435138524201,1
0.90,H3,287,0.9974500000000001,0.9930827551018883,1
0.90,H3,288,0.9974500000000001,0.9930827551018883,1
0.90,H3,289,0.9974500000000001,0.9930827551018883,1
0.90,H3,290,0.9974500000000001,0.9930827551018883,1
0.90,H3,291,0.9974500000000001,0.9930827551018883,1
0.90,H3,292,0.9974999999999999,0.9931371011892847,1
0.90,H3,293,0.99755,0.9933033052550476,1
0.90,H3,294,0.99755,0.9933033052550476,1
0.90,H3,295,0.9976,0.9933549513975474,1
0.90,H3,296,0.9976,0.9933549513975474,1
0.90,H3,297,0.99765,0.9933920345646667,1
0.90,H3,298,0.9977,0.9935587720022486,1
0.90,H3,299,0.99785,0.9939259143758821,1
0.90,H3,300,0.9979000000000001,0.9940923989845729,1
0.90,H3,301,0.9979000000000001,0.9940923989845729,1
0.90,H3,302,0.9979000000000001,0.9940923989845729,1
0.90,H3,303,0.9979000000000001,0.9940923989845729,1
0.90,H3,304,0.99795,0.9941437103677753,1
0.90,H3,305,0.9980000000000001,0.9941746088046356,1
0.90,H3,306,0.9980000000000001,0.9941746088046356,1
0.90,H3,307,0.9980000000000001,0.9941746088046356,1
0.90,H3,308,0.99805,0.9943415010096474,1
0.90,H3,309,0.9981000000000001,0.9945083055580183,1
0.90,H3,310,0.99815,0.9946750136105416,1
0.90,H3,311,0.99825,0.9950080985503312,1
0.90,H3,312,0.99825,0.9950080985503312,1
0.90,H3,313,0.9983000000000001,0.9950393652926719,1
0.90,H3,314,0.99835,0.9952056593754177,1
0.90,H3,315,0.99835,0.9952056593754177,1
0.90,H3,316,0.99835,0.9952056593754177,1
0.90,H3,317,0.9984000000000001,0.9953718034292002,1
0.90,H3,318,0.9984500000000001,0.9955377795037716,1
0.90,H3,319,0.9985,0.9957035666993216,1
0.90,H3,320,0.9985,0.9957035666993216,1
0.90,H3,321,0.99855,0.9958691405424983,1
0.90,H3,322,0.9987,0.9962572815077203,1
0.90,H3,323,0.9987,0.9962572815077203,1
0.90,H3,324,0.99875,0.9963093261372677,1
0.90,H3,325,0.99875,0.9963093261372677,1
0.90,H3,326,0.9988,0.9964762657068755,1
0.90,H3,327,0.9988,0.9964762657068755,1
0.90,H3,328,0.9988,0.9964762657068755,1
0.90,H3,329,0.99885,0.9966430676346785,1
0.90,H3,330,0.99885,0.9966430676346785,1
0.90,H3,331,0.99885,0.9966430676346785,1
0.90,H3,332,0.9989,0.9968097088469771,1
0.90,H3,333,0.99905,0.997192925646325,1
0.90,H3,334,0.99905,0.997192925646325,1
0.90,H3,335,0.99905,0.997192925646325,1
0.90,H3,336,0.99905,0.997192925646325,1
0.90,H3,337,0.99915,0.9975270485756694,1
0.90,H3,338,0.99915,0.9975270485756694,1
0.90,H3,339,0.99915,0.9975270485756694,1
0.90,H3,340,0.99915,0.9975270485756694,1
0.90,H3,341,0.9992,0.9976938359086974,1
0.90,H3,342,0.9992500000000001,0.9978603790252865,1
0.90,H3,343,0.99935,0.9980617989894492,1
0.90,H3,344,0.99935,0.9980617989894492,1
0.90,H3,345,0.99935,0.9980617989894492,1
0.90,H3,346,0.9994000000000001,0.9981110241316286,1
0.90,H3,347,0.9994000000000001,0.9981110241316286,1
0.90,H3,348,0.9994000000000001,0.9981110241316286,1
0.90,H3,349,0.9995499999999999,0.9986136992231096,1
0.90,H3,350,0.9995499999999999,0.9986136992231096,1
0.90,H3,351,0.9996,0.9986541502996,1
0.90,H3,352,0.9996,0.9986541502996,1
0.90,H3,353,0.9996499999999999,0.99882238151215,1
0.90,H3,354,0.9996499999999999,0.99882238151215,1
0.90,H3,355,0.9996499999999999,0.99882238151215,1
0.90,H3,356,0.9996499999999999,0.99882238151215,1
0.90,H3,357,0.9996499999999999,0.99882238151215,1
0.90,H3,358,0.9996499999999999,0.99882238151215,1
0.90,H3,359,0.9997,0.9989906127247,1
0.90,H3,360,0.9997,0.9989906127247,1
0.90,H3,361,0.9997,0.9989906127247,1
0.90,H3,362,0.9998,0.9993270751498,1
0.90,H3,363,0.9998,0.9993270751498,1
0.90,H3,364,0.9998,0.9993270751498,1
0.90,H3,365,0.9998,0.9993270751498,1
0.90,H3,366,0.9998,0.9993270751498,1
0.90,H3,367,0.9998,0.9993270751498,1
0.90,H3,368,0.99985,0.9994953063623501,1
0.90,H3,369,0.99985,0.9994953063623501,1
0.90,H3,370,0.99985,0.9994953063623501,1
0.90,H3,371,0.99985,0.9994953063623501,1
0.90,H3,372,0.99985,0.9994953063623501,1
0.90,H3,373,0.99985,0.9994953063623501,1
0.90,H3,374,0.99985,0.9994953063623501,1
0.90,H3,375,0.99985,0.9994953063623501,1
0.90,H3,376,0.99985,0.9994953063623501,1
0.90,H3,377,0.99985,0.9994953063623501,1
0.90,H3,378,0.99985,0.9994953063623501,1
0.90,H3,379,0.99985,0.9994953063623501,1
0.90,H3,380,0.99985,0.9994953063623501,1
0.90,H3,381,0.99985,0.9994953063623501,1
0.90,H3,382,0.99985,0.9994953063623501,1
0.90,H3,383,0.99985,0.9994953063623501,1
0.90,H3,384,0.99985,0.9994953063623501,1
0.90,H3,385,0.99985,0.9994953063623501,1
0.90,H3,386,0.99985,0.9994953063623501,1
0.90,H3,387,0.99985,0.9994953063623501,1
0.90,H3,388,0.99985,0.9994953063623501,1
0.90,H3,389,0.99985,0.9994953063623501,1
0.90,H3,390,0.99985,0.9994953063623501,1
0.90,H3,391,0.99985,0.9994953063623501,1
0.90,H3,392,0.99985,0.9994953063623501,1
0.90,H3,393,0.99985,0.9994953063623501,1
0.90,H3,394,0.99985,0.9994953063623501,1
0.90,H3,395,0.99985,0.9994953063623501,1
0.90,H3,396,0.99985,0.9994953063623501,1
0.90,H3,397,0.99985,0.9994953063623501,1
0.90,H3,398,0.99985,0.9994953063623501,1
0.90,H3,399,0.99985,0.9994953063623501,1
0.90,H3,400,0.99985,0.9994953063623501,1
0.90,H3,401,0.99985,0.9994953063623501,1
0.90,H3,402,0.99985,0.9994953063623501,1
0.90,H3,403,0.99985,0.9994953063623501,1
0.90,H3,404,0.99985,0.9994953063623501,1
0.90,H3,405,0.99985,0.9994953063623501,1
0.90,H3,406,0.99985,0.9994953063623501,1
0.90,H3,407,0.99985,0.9994953063623501,1
0.90,H3,408,0.99985,0.9994953063623501,1
0.90,H3,409,0.99985,0.9994953063623501,1
0.90,H3,410,0.99985,0.9994953063623501,1
0.90,H3,411,0.99985,0.9994953063623501,1
0.90,H3,412,0.99985,0.9994953063623501,1
0.90,H3,413,0.99985,0.9994953063623501,1
0.90,H3,414,0.99985,0.9994953063623501,1
0.90,H3,415,0.99985,0.9994953063623501,1
0.90,H3,416,0.99985,0.9994953063623501,1
0.90,H3,417,0.99985,0.9994953063623501,1
0.90,H3,418,0.99985,0.9994953063623501,1
0.90,H3,419,0.99985,0.9994953063623501,1
0.90,H3,420,0.99985,0.9994953063623501,1
0.90,H3,421,0.99985,0.9994953063623501,1
0.90,H3,422,0.99985,0.9994953063623501,1
0.90,H3,423,0.99985,0.9994953063623501,1
0.90,H3,424,0.99985,0.9994953063623501,1
0.90,H3,425,0.99985,0.9994953063623501,1
0.90,H3,426,0.99985,0.9994953063623501,1
0.90,H3,427,0.99985,0.9994953063623501,1
0.90,H3,428,0.99985,0.9994953063623501,1
0.90,H3,429,0.99985,0.9994953063623501,1
0.90,H3,430,0.99985,0.9994953063623501,1
0.90,H3,431,0.99985,0.9994953063623501,1
0.90,H3,432,0.99985,0.9994953063623501,1
0.90,H3,433,0.99985,0.9994953063623501,1
0.90,H3,434,0.99985,0.9994953063623501,1
0.90,H3,435,0.99985,0.9994953063623501,1
0.90,H3,436,0.99985,0.9994953063623501,1
0.90,H3,437,0.99985,0.9994953063623501,1
0.90,H3,438,0.99985,0.9994953063623501,1
0.90,H3,439,0.99985,0.9994953063623501,1
0.90,H3,440,0.99985,0.9994953063623501,1
0.90,H3,441,0.99985,0.9994953063623501,1
0.90,H3,442,0.99985,0.9994953063623501,1
0.90,H3,443,0.99985,0.9994953063623501,1
0.90,H3,444,0.9999,0.9996635375749,1
0.90,H3,445,0.9999,0.9996635375749,1
0.90,H3,446,0.9999,0.9996635375749,1
0.90,H3,447,0.9999,0.9996635375749,1
0.90,H3,448,0.9999,0.9996635375749,1
0.90,H3,449,0.9999,0.9996635375749,1
0.90,H3,450,0.9999,0.9996635375749,1
0.90,H3,451,0.9999,0.9996635375749,1
0.90,H3,452,0.9999,0.9996635375749,1
0.90,H3,453,0.99995,0.9998317687874501,1
0.90,H3,454,1.0,1.0,1
0.90,H3,455,1.0,1.0,1
0.90,H3,456,1.0,1.0,1
0.90,H3,457,1.0,1.0,1
0.90,H3,458,1.0,1.0,1
0.90,H3,459,1.0,1.0,1
0.90,H3,460,1.0,1.0,1
0.90,H3,461,1.0,1.0,1
0.90,H3,462,1.0,1.0,1
0.90,H3,463,1.0,1.0,1
0.90,H3,464,1.0,1.0,1
0.90,H3,465,1.0,1.0,1
0.90,H3,466,1.0,1.0,1
0.90,H3,467,1.0,1.0,1
0.90,H3,468,1.0,1.0,1
0.90,H3,469,1.0,1.0,1
0.90,H3,470,1.0,1.0,1
0.90,H3,471,1.0,1.0,1
0.90,H3,472,1.0,1.0,1
0.90,H3,473,1.0,1.0,1
0.90,H3,474,1.0,1.0,1
0.90,H3,475,1.0,1.0,1
0.90,H3,476,1.0,1.0,1
0.90,H3,477,1.0,1.0,1
0.90,H3,478,1.0,1.0,1
0.90,H3,479,1.0,1.0,1
0.90,H3,480,1.0,1.0,1
0.90,H3,481,1.0,1.0,1
0.90,H3,482,1.0,1.0,1
0.90,H3,483,1.0,1.0,1
0.90,H3,484,1.0,1.0,1
0.90,H3,485,1.0,1.0,1
0.90,H3,486,1.0,1.0,1
0.90,H3,487,1.0,1.0,1
0.90,H3,488,1.0,1.0,1
0.90,H3,489,1.0,1.0,1
0.90,H3,490,1.0,1.0,1
0.90,H3,491,1.0,1.0,1
0.90,H3,492,1.0,1.0,1
0.90,H3,493,1.0,1.0,1
0.90,H3,494,1.0,1.0,1
0.90,H3,495,1.0,1.0,1
0.90,H3,496,1.0,1.0,1
0.90,H3,497,1.0,1.0,1
0.90,H3,498,1.0,1.0,1
0.90,H3,499,1.0,1.0,1
0.90,H3,500,1.0,1.0,1
0.90,H3,501,1.0,1.0,1
0.90,H3,502,1.0,1.0,1
0.90,H3,503,1.0,1.0,1
0.90,H3,504,1.0,1.0,1
0.90,H3,505,1.0,1.0,1
0.90,H3,506,1.0,1.0,1
0.90,H3,507,1.0,1.0,1
0.90,H3,508,1.0,1.0,1
0.90,H3,509,1.0,1.0,1
0.90,H3,510,1.0,1.0,1
0.90,H3,511,1.0,1.0,1
0.90,H3,512,1.0,1.0,1
0.90,H3,513,1.0,1.0,1
0.90,H3,514,1.0,1.0,1
0.90,H3,515,1.0,1.0,1
0.90,H3,516,1.0,1.0,1
0.90,H3,517,1.0,1.0,1
0.90,H3,518,1.0,1.0,1
0.90,H3,519,1.0,1.0,1
0.90,H3,520,1.0,1.0,1
0.90,H3,521,1.0,1.0,1
0.90,H3,522,1.0,1.0,1
0.90,H3,523,1.0,1.0,1
0.90,H3,524,1.0,1.0,1
0.90,H3,525,1.0,1.0,1
0.90,H3,526,1.0,1.0,1
0.90,H3,527,1.0,1.0,1
0.90,H3,528,1.0,1.0,1
0.90,H3,529,1.0,1.0,1
0.90,H3,530,1.0,1.0,1
0.90,H3,531,1.0,1.0,1
0.90,H3,532,1.0,1.0,1
0.90,H3,533,1.0,1.0,1
0.90,H3,534,1.0,1.0,1
0.90,H3,535,1.0,1.0,1
0.90,H3,536,1.0,1.0,1
0.90,H3,537,1.0,1.0,1
0.90,H3,538,1.0,1.0,1
0.90,H3,539,1.0,1.0,1
0.90,H3,540,1.0,1.0,1
0.90,H3,541,1.0,1.0,1
0.90,H3,542,1.0,1.0,1
0.90,H3,543,1.0,1.0,1
0.90,H3,544,1.0,1.0,1
0.90,H3,545,1.0,1.0,1
0.90,H3,546,1.0,1.0,1
0.90,H3,547,1.0,1.0,1
0.90,H3,548,1.0,1.0,1
0.90,H3,549,1.0,1.0,1
0.90,H3,550,1.0,1.0,1
0.90,H3,551,1.0,1.0,1
0.90,H3,552,1.0,1.0,1
0.90,H3,553,1.0,1.0,1
0.90,H3,554,1.0,1.0,1
0.90,H3,555,1.0,1.0,1
0.90,H3,556,1.0,1.0,1
0.90,H3,557,1.0,1.0,1
0.90,H3,558,1.0,1.0,1
0.90,H3,559,1.0,1.0,1
0.90,H3,560,1.0,1.0,1
0.90,H3,561,1.0,1.0,1
0.90,H3,562,1.0,1.0,1
0.90,H3,563,1.0,1.0,1
0.90,H3,564,1.0,1.0,1
0.90,H3,565,1.0,1.0,1
0.90,H3,566,1.0,1.0,1
0.90,H3,567,1.0,1.0,1
0.90,H3,568,1.0,1.0,1
0.90,H3,569,1.0,1.0,1
0.90,H3,570,1.0,1.0,1
0.90,H3,571,1.0,1.0,1
0.90,H3,572,1.0,1.0,1
0.90,H3,573,1.0,1.0,1
0.90,H3,574,1.0,1.0,1
0.90,H3,575,1.0,1.0,1
0.90,H3,576,1.0,1.0,1
0.90,H3,577,1.0,1.0,1
0.90,H3,578,1.0,1.0,1
0.90,H3,579,1.0,1.0,1
0.90,H3,580,1.0,1.0,1
0.90,H3,581,1.0,1.0,1
0.90,H3,582,1.0,1.0,1
0.90,H3,583,1.0,1.0,1
0.90,H3,584,1.0,1.0,1
0.90,H3,585,1.0,1.0,1
0.90,H3,586,1.0,1.0,1
0.90,H3,587,1.0,1.0,1
0.90,H3,588,1.0,1.0,1
0.90,H3,589,1.0,1.0,1
0.90,H3,590,1.0,1.0,1
0.90,H3,591,1.0,1.0,1
0.90,H3,592,1.0,1.0,1
0.90,H3,593,1.0,1.0,1
0.90,H3,594,1.0,1.0,1
0.90,H3,595,1.0,1.0,1
0.90,H3,596,1.0,1.0,1
0.90,H3,597,1.0,1.0,1
0.90,H3,598,1.0,1.0,1
0.90,H3,599,1.0,1.0,1
0.90,H3,600,1.0,1.0,1
0.90,H3,601,1.0,1.0,1
0.90,H3,602,1.0,1.0,1
0.90,H3,603,1.0,1.0,1
0.90,H3,604,1.0,1.0,1
0.90,H3,605,1.0,1.0,1
0.90,H3,606,1.0,1.0,1
0.90,H3,607,1.0,1.0,1
0.90,H3,608,1.0,1.0,1
0.90,H3,609,1.0,1.0,1
0.90,H3,610,1.0,1.0,1
0.90,H3,611,1.0,1.0,1
0.90,H3,612,1.0,1.0,1
0.90,H3,613,1.0,1.0,1
0.90,H3,614,1.0,1.0,1
0.90,H3,615,1.0,1.0,1
0.90,H3,616,1.0,1.0,1
0.90,H3,617,1.0,1.0,1
0.90,H3,618,1.0,1.0,1
0.90,H3,619,1.0,1.0,1
0.90,H3,620,1.0,1.0,1
0.90,H3,621,1.0,1.0,1
0.90,H3,622,1.0,1.0,1
0.90,H3,623,1.0,1.0,1
0.90,H3,624,1.0,1.0,1
0.90,H3,625,1.0,1.0,1
0.90,H3,626,1.0,1.0,1
0.90,H3,627,1.0,1.0,1
0.90,H3,628,1.0,1.0,1
0.90,H3,629,1.0,1.0,1
0.90,H3,630,1.0,1.0,1
0.90,H3,631,1.0,1.0,1
0.90,H3,632,1.0,1.0,1
0.90,H3,633,1.0,1.0,1
0.90,H3,634,1.0,1.0,1
0.90,H3,635,1.0,1.0,1
0.90,H3,636,1.0,1.0,1
0.90,H3,637,1.0,1.0,1
0.90,H3,638,1.0,1.0,1
0.90,H3,639,1.0,1.0,1
0.90,H3,640,1.0,1.0,1
0.90,H3,641,1.0,1.0,1
0.90,H3,642,1.0,1.0,1
0.90,H3,643,1.0,1.0,1
0.90,H3,644,1.0,1.0,1
0.90,H3,645,1.0,1.0,1
0.90,H3,646,1.0,1.0,1
0.90,H3,647,1.0,1.0,1
0.90,H3,648,1.0,1.0,1
0.90,H3,649,1.0,1.0,1
0.90,H3,650,1.0,1.0,1
0.90,H3,651,1.0,1.0,1
0.90,H3,652,1.0,1.0,1
0.90,H3,653,1.0,1.0,1
0.90,H3,654,1.0,1.0,1
0.90,H3,655,1.0,1.0,1
0.90,H3,656,1.0,1.0,1
0.90,H3,657,1.0,1.0,1
0.90,H3,658,1.0,1.0,1
0.90,H3,659,1.0,1.0,1
0.90,H3,660,1.0,1.0,1
0.90,H3,661,1.0,1.0,1
0.90,H3,662,1.0,1.0,1
0.90,H3,663,1.0,1.0,1
0.90,H3,664,1.0,1.0,1
0.90,H3,665,1.0,1.0,1
0.90,H3,666,1.0,1.0,1
0.90,H3,667,1.0,1.0,1
0.90,H3,668,1.0,1.0,1
0.90,H3,669,1.0,1.0,1
0.90,H3,670,1.0,1.0,1
0.90,H3,671,1.0,1.0,1
0.90,H3,672,1.0,1.0,1
0.90,H3,673,1.0,1.0,1
0.90,H3,674,1.0,1.0,1
0.90,H3,675,1.0,1.0,1
0.90,H3,676,1.0,1.0,1
0.90,H3,677,1.0,1.0,1
0.90,H3,678,1.0,1.0,1
0.90,H3,679,1.0,1.0,1
0.90,H3,680,1.0,1.0,1
0.90,H3,681,1.0,1.0,1
0.90,H3,682,1.0,1.0,1
0.90,H3,683,1.0,1.0,1
0.90,H3,684,1.0,1.0,1
0.90,H3,685,1.0,1.0,1
0.90,H3,686,1.0,1.0,1
0.90,H3,687,1.0,1.0,1
0.90,H3,688,1.0,1.0,1
0.90,H3,689,1.0,1.0,1
0.90,H3,690,1.0,1.0,1
0.90,H3,691,1.0,1.0,1
0.90,H3,692,1.0,1.0,1
0.90,H3,693,1.0,1.0,1
0.90,H3,694,1.0,1.0,1
0.90,H3,695,1.0,1.0,1
0.90,H3,696,1.0,1.0,1
0.90,H3,697,1.0,1.0,1
0.90,H3,698,1.0,1.0,1
0.90,H3,699,1.0,1.0,1
0.90,H3,700,1.0,1.0,1
0.90,H3,701,1.0,1.0,1
0.90,H3,702,1.0,1.0,1
0.90,H3,703,1.0,1.0,1
0.90,H3,704,1.0,1.0,1
0.90,H3,705,1.0,1.0,1
0.90,H3,706,1.0,1.0,1
0.90,H3,707,1.0,1.0,1
0.90,H3,708,1.0,1.0,1
0.90,H3,709,1.0,1.0,1
0.90,H3,710,1.0,1.0,1
0.90,H3,711,1.0,1.0,1
0.90,H3,712,1.0,1.0,1
0.90,H3,713,1.0,1.0,1
0.90,H3,714,1.0,1.0,1
0.90,H3,715,1.0,1.0,1
0.90,H3,716,1.0,1.0,1
0.90,H3,717,1.0,1.0,1
0.90,H3,718,1.0,1.0,1
0.90,H3,719,1.0,1.0,1
0.90,H3,720,1.0,1.0,1
0.90,H3,721,1.0,1.0,1
0.90,H3,722,1.0,1.0,1
0.90,H3,723,1.0,1.0,1
0.90,H3,724,1.0,1.0,1
0.90,H3,725,1.0,1.0,1
0.90,H3,726,1.0,1.0,1
0.90,H3,727,1.0,1.0,1
0.90,H3,728,1.0,1.0,1
0.90,H3,729,1.0,1.0,1
0.90,H3,730,1.0,1.0,1
0.90,H3,731,1.0,1.0,1
0.90,H3,732,1.0,1.0,1
0.90,H3,733,1.0,1.0,1
0.90,H3,734,1.0,1.0,1
0.90,H3,735,1.0,1.0,1
0.90,H3,736,1.0,1.0,1
0.90,H3,737,1.0,1.0,1
0.90,H3,738,1.0,1.0,1
0.90,H3,739,1.0,1.0,1
0.90,H3,740,1.0,1.0,1
0.90,H3,741,1.0,1.0,1
0.90,H3,742,1.0,1.0,1
0.90,H3,743,1.0,1.0,1
0.90,H3,744,1.0,1.0,1
0.90,H3,745,1.0,1.0,1
0.90,H3,746,1.0,1.0,1
0.90,H3,747,1.0,1.0,1
0.90,H3,748,1.0,1.0,1
0.90,H3,749,1.0,1.0,1
0.90,H3,750,1.0,1.0,1
0.90,H3,751,1.0,1.0,1
0.90,H3,752,1.0,1.0,1
0.90,H3,753,1.0,1.0,1
0.90,H3,754,1.0,1.0,1
0.90,H3,755,1.0,1.0,1
0.90,H3,756,1.0,1.0,1
0.90,H3,757,1.0,1.0,1
0.90,H3,758,1.0,1.0,1
0.90,H3,759,1.0,1.0,1
0.90,H3,760,1.0,1.0,1
0.90,H3,761,1.0,1.0,1
0.90,H3,762,1.0,1.0,1
0.90,H3,763,1.0,1.0,1
0.90,H3,764,1.0,1.0,1
0.90,H3,765,1.0,1.0,1
0.90,H3,766,1.0,1.0,1
0.90,H3,767,1.0,1.0,1
0.90,H3,768,1.0,1.0,1
0.90,H3,769,1.0,1.0,1
0.90,H3,770,1.0,1.0,1
0.90,H3,771,1.0,1.0,1
0.90,H3,772,1.0,1.0,1
0.90,H3,773,1.0,1.0,1
0.90,H3,774,1.0,1.0,1
0.90,H3,775,1.0,1.0,1
0.90,H3,776,1.0,1.0,1
0.90,H3,777,1.0,1.0,1
0.90,H3,778,1.0,1.0,1
0.90,H3,779,1.0,1.0,1
0.90,H3,780,1.0,1.0,1
0.90,H3,781,1.0,1.0,1
0.90,H3,782,1.0,1.0,1
0.90,H3,783,1.0,1.0,1
0.90,H3,784,1.0,1.0,1
0.90,H3,785,1.0,1.0,1
0.90,H3,786,1.0,1.0,1
0.90,H3,787,1.0,1.0,1
0.90,H3,788,1.0,1.0,1
0.90,H3,789,1.0,1.0,1
0.90,H3,790,1.0,1.0,1
0.90,H3,791,1.0,1.0,1
0.90,H3,792,1.0,1.0,1
0.90,H3,793,1.0,1.0,1
0.90,H3,794,1.0,1.0,1
0.90,H3,795,1.0,1.0,1
0.90,H3,796,1.0,1.0,1
0.90,H3,797,1.0,1.0,1
0.90,H3,798,1.0,1.0,1
0.90,H3,799,1.0,1.0,1
0.90,H3,800,1.0,1.0,1
0.90,H3,801,1.0,1.0,1
0.90,H3,802,1.0,1.0,1
0.90,H3,803,1.0,1.0,1
0.90,H3,804,1.0,1.0,1
0.90,H3,805,1.0,1.0,1
0.90,H3,806,1.0,1.0,1
0.90,H3,807,1.0,1.0,1
0.90,H3,808,1.0,1.0,1
0.90,H3,809,1.0,1.0,1
0.90,H3,810,1.0,1.0,1
0.90,H3,811,1.0,1.0,1
0.90,H3,812,1.0,1.0,1
0.90,H3,813,1.0,1.0,1
0.90,H3,814,1.0,1.0,1
0.90,H3,815,1.0,1.0,1
0.90,H3,816,1.0,1.0,1
0.90,H3,817,1.0,1.0,1
0.90,H3,818,1.0,1.0,1
0.90,H3,819,1.0,1.0,1
0.90,H3,820,1.0,1.0,1
0.90,H3,821,1.0,1.0,1
0.90,H3,822,1.0,1.0,1
0.90,H3,823,1.0,1.0,1
0.90,H3,824,1.0,1.0,1
0.90,H3,825,1.0,1.0,1
0.90,H3,826,1.0,1.0,1
0.90,H3,827,1.0,1.0,1
0.90,H3,828,1.0,1.0,1
0.90,H3,829,1.0,1.0,1
0.90,H3,830,1.0,1.0,1
0.90,H3,831,1.0,1.0,1
0.90,H3,832,1.0,1.0,1
0.90,H3,833,1.0,1.0,1
0.90,H3,834,1.0,1.0,1
0.90,H3,835,1.0,1.0,1
0.90,H3,836,1.0,1.0,1
0.90,H3,837,1.0,1.0,1
0.90,H3,838,1.0,1.0,1
0.90,H3,839,1.0,1.0,1
0.90,H3,840,1.0,1.0,1
0.90,H3,841,1.0,1.0,1
0.90,H3,842,1.0,1.0,1
0.90,H3,843,1.0,1.0,1
0.90,H3,844,1.0,1.0,1
0.90,H3,845,1.0,1.0,1
0.90,H3,846,1.0,1.0,1
0.90,H3,847,1.0,1.0,1
0.90,H3,848,1.0,1.0,1
0.90,H3,849,1.0,1.0,1
0.90,H3,850,1.0,1.0,1
0.90,H3,851,1.0,1.0,1
0.90,H3,852,1.0,1.0,1
0.90,H3,853,1.0,1.0,1
0.90,H3,854,1.0,1.0,1
0.90,H3,855,1.0,1.0,1
0.90,H3,856,1.0,1.0,1
0.90,H3,857,1.0,1.0,1
0.90,H3,858,1.0,1.0,1
0.90,H3,859,1.0,1.0,1
0.90,H3,860,1.0,1.0,1
0.90,H3,861,1.0,1.0,1
0.90,H3,862,1.0,1.0,1
0.90,H3,863,1.0,1.0,1
0.90,H3,864,1.0,1.0,1
0.90,H3,865,1.0,1.0,1
0.90,H3,866,1.0,1.0,1
0.90,H3,867,1.0,1.0,1
0.90,H3,868,1.0,1.0,1
0.90,H3,869,1.0,1.0,1
0.90,H3,870,1.0,1.0,1
0.90,H3,871,1.0,1.0,1
0.90,H3,872,1.0,1.0,1
0.90,H3,873,1.0,1.0,1
0.90,H3,874,1.0,1.0,1
0.90,H3,875,1.0,1.0,1
0.90,H3,876,1.0,1.0,1
0.90,H3,877,1.0,1.0,1
0.90,H3,878,1.0,1.0,1
0.90,H3,879,1.0,1.0,1
0.90,H3,880,1.0,1.0,1
0.90,H3,881,1.0,1.0,1
0.90,H3,882,1.0,1.0,1
0.90,H3,883,1.0,1.0,1
0.90,H3,884,1.0,1.0,1
0.90,H3,885,1.0,1.0,1
0.90,H3,886,1.0,1.0,1
0.90,H3,887,1.0,1.0,1
0.90,H3,888,1.0,1.0,1
0.90,H3,889,1.0,1.0,1
0.90,H3,890,1.0,1.0,1
0.90,H3,891,1.0,1.0,1
0.90,H3,892,1.0,1.0,1
0.90,H3,893,1.0,1.0,1
0.90,H3,894,1.0,1.0,1
0.90,H3,895,1.0,1.0,1
0.90,H3,896,1.0,1.0,1
0.90,H3,897,1.0,1.0,1
0.90,H3,898,1.0,1.0,1
0.90,H3,899,1.0,1.0,1
0.90,H3,900,1.0,1.0,1
0.90,H3,901,1.0,1.0,1
0.90,H3,902,1.0,1.0,1
0.90,H3,903,1.0,1.0,1
0.90,H3,904,1.0,1.0,1
0.90,H3,905,1.0,1.0,1
0.90,H3,906,1.0,1.0,1
0.90,H3,907,1.0,1.0,1
0.90,H3,908,1.0,1.0,1
0.90,H3,909,1.0,1.0,1
0.90,H3,910,1.0,1.0,1
0.90,H3,911,1.0,1.0,1
0.90,H3,912,1.0,1.0,1
0.90,H3,913,1.0,1.0,1
0.90,H3,914,1.0,1.0,1
0.90,H3,915,1.0,1.0,1
0.90,H3,916,1.0,1.0,1
0.90,H3,917,1.0,1.0,1
0.90,H3,918,1.0,1.0,1
0.90,H3,919,1.0,1.0,1
0.90,H3,920,1.0,1.0,1
0.90,H3,921,1.0,1.0,1
0.90,H3,922,1.0,1.0,1
0.90,H3,923,1.0,1.0,1
0.90,H3,924,1.0,1.0,1
0.90,H3,925,1.0,1.0,1
0.90,H3,926,1.0,1.0,1
0.90,H3,927,1.0,1.0,1
0.90,H3,928,1.0,1.0,1
0.90,H3,929,1.0,1.0,1
0.90,H3,930,1.0,1.0,1
0.90,H3,931,1.0,1.0,1
0.90,H3,932,1.0,1.0,1
0.90,H3,933,1.0,1.0,1
0.90,H3,934,1.0,1.0,1
0.90,H3,935,1.0,1.0,1
0.90,H3,936,1.0,1.0,1
0.90,H3,937,1.0,1.0,1
0.90,H3,938,1.0,1.0,1
0.90,H3,939,1.0,1.0,1
0.90,F3,0,0.0,0,0.0
0.90,F3,1,0.09159999999999999,0.0825031088740946,0.10069689112590538
0.90,F3,2,0.09190000000000001,0.08271963537538242,0.1010803646246176
0.90,F3,3,0.31615,0.3044779126214568,0.3278220873785432
0.90,F3,4,0.31665,0.30504792621495336,0.3282520737850466
0.90,F3,5,0.5788,0.5699091565635571,0.5876908434364428
0.90,F3,6,0.5797500000000001,0.5707983834697414,0.5887016165302588
0.90,F3,7,0.5804,0.5717662298153099,0.5890337701846902
0.90,F3,8,0.5809,0.5722685430726417,0.5895314569273582
0.90,F3,9,0.5815,0.5726817765958101,0.5903182234041899
0.90,F3,10,0.5817,0.5729874861013835,0.5904125138986165
0.90,F3,11,0.582,0.573279696637245,0.5907203033627549
0.90,F3,12,0.5822499999999999,0.5733592688677657,0.5911407311322342
0.90,F3,13,0.5827,0.5736669938739261,0.5917330061260739
0.90,F3,14,0.58275,0.5737246240841093,0.5917753759158907
0.90,F3,15,0.5831999999999999,0.5740523221010528,0.592347677898947
0.90,F3,16,0.5835999999999999,0.5742878913050634,0.5929121086949364
0.90,F3,17,0.58415,0.574458027708059,0.5938419722919409
0.90,F3,18,0.5844499999999999,0.5746034925610195,0.5942965074389803
0.90,F3,19,0.5848499999999999,0.5747314328612444,0.5949685671387553
0.90,F3,20,0.5851,0.5747021810921487,0.5954978189078513
0.90,F3,21,0.58555,0.5750578303765601,0.5960421696234399
0.90,F3,22,0.5860999999999998,0.5756561897777993,0.5965438102222004
0.90,F3,23,0.5864,0.5756275116058276,0.5971724883941725
0.90,F3,24,0.5867500000000001,0.5756741538089132,0.597825846191087
0.90,F3,25,0.5869,0.5757131956917885,0.5980868043082115
0.90,F3,26,0.5872,0.575896347001125,0.5985036529988751
0.90,F3,27,0.58765,0.5761315334043701,0.59916846659563
0.90,F3,28,0.5883,0.5763094996039327,0.6002905003960674
0.90,F3,29,0.5885,0.5762641914843075,0.6007358085156925
0.90,F3,30,0.5891000000000001,0.5764798415988212,0.601720158401179
0.90,F3,31,0.5896,0.5769554969518699,0.6022445030481302
0.90,F3,32,0.5901500000000001,0.5771087626722803,0.6031912373277198
0.90,F3,33,0.5909,0.5777942268400243,0.6040057731599756
0.90,F3,34,0.59145,0.5781552018696992,0.6047447981303009
0.90,F3,35,0.59175,0.5781311044512052,0.6053688955487948
0.90,F3,36,0.5921,0.5782026406656885,0.6059973593343114
0.90,F3,37,0.5922499999999999,0.5783800410898063,0.6061199589101935
0.90,F3,38,0.5928000000000001,0.5786359204746228,0.6069640795253775
0.90,F3,39,0.5935,0.5789456876546514,0.6080543123453487
0.90,F3,40,0.59425,0.5795209070349552,0.6089790929650447
0.90,F3,41,0.5948500000000001,0.5797645788761162,0.609935421123884
0.90,F3,42,0.59555,0.5800354311969019,0.6110645688030981
0.90,F3,43,0.5961,0.5799930079659819,0.6122069920340181
0.90,F3,44,0.5970500000000001,0.5808075097935093,0.6132924902064909
0.90,F3,45,0.5981,0.5817557222597798,0.6144442777402201
0.90,F3,46,0.5994,0.5828331592773129,0.6159668407226871
0.90,F3,47,0.6002500000000001,0.5837712056962882,0.616728794303712
0.90,F3,48,0.6012,0.5842518241761587,0.6181481758238412
0.90,F3,49,0.60295,0.5857140023490547,0.6201859976509453
0.90,F3,50,0.60385,0.5863436226646193,0.6213563773353807
0.90,F3,51,0.6049500000000001,0.5871154406333413,0.6227845593666589
0.90,F3,52,0.60585,0.5877937728383554,0.6239062271616446
0.90,F3,53,0.6071499999999999,0.5886450210792689,0.6256549789207309
0.90,F3,54,0.6082000000000001,0.5895929462091927,0.6268070537908075
0.90,F3,55,0.6088,0.5900033087550269,0.6275966912449731
0.90,F3,56,0.61,0.5906984409345409,0.629301559065459
0.90,F3,57,0.6111,0.5915233347243928,0.6306766652756072
0.90,F3,58,0.6122,0.5919626683688622,0.6324373316311377
0.90,F3,59,0.6135999999999999,0.5927246204887104,0.6344753795112894
0.90,F3,60,0.61575,0.5940808556283561,0.6374191443716439
0.90,F3,61,0.6172500000000001,0.5947941161128053,0.6397058838871948
0.90,F3,62,0.6184999999999999,0.5958992315060261,0.6411007684939738
0.90,F3,63,0.6196499999999999,0.597027550158364,0.6422724498416359
0.90,F3,64,0.62105,0.597938163123709,0.644161836876291
0.90,F3,65,0.6219,0.5984356889283241,0.6453643110716759
0.90,F3,66,0.6229999999999999,0.5993537574899999,0.6466462425099999
0.90,F3,67,0.62415,0.6000859127875791,0.6482140872124209
0.90,F3,68,0.6258,0.6011061277483034,0.6504938722516966
0.90,F3,69,0.6269,0.6019738350897398,0.6518261649102602
0.90,F3,70,0.62795,0.6028853414597919,0.6530146585402081
0.90,F3,71,0.6287,0.6033612948067887,0.6540387051932114
0.90,F3,72,0.6302,0.6052672665713974,0.6551327334286026
0.90,F3,73,0.6316999999999999,0.6065753010219347,0.6568246989780652
0.90,F3,74,0.6331500000000001,0.6077032793744085,0.6585967206255917
0.90,F3,75,0.6346,0.6090345481795424,0.6601654518204577
0.90,F3,76,0.63585,0.6098766641774969,0.6618233358225032
0.90,F3,77,0.6368999999999999,0.610605238590408,0.6631947614095918
0.90,F3,78,0.6377999999999999,0.611398373831353,0.6642016261686469
0.90,F3,79,0.63875,0.6120652314169127,0.6654347685830874
0.90,F3,80,0.6396,0.6128461362256113,0.6663538637743885
0.90,F3,81,0.6407500000000002,0.6141293669616453,0.667370633038355
0.90,F3,82,0.64195,0.6155154543443816,0.6683845456556184
0.90,F3,83,0.64285,0.6165536058317733,0.6691463941682267
0.90,F3,84,0.6443,0.6180599756890977,0.6705400243109023
0.90,F3,85,0.64575,0.6192379098467089,0.6722620901532912
0.90,F3,86,0.64705,0.6202818462152061,0.6738181537847939
0.90,F3,87,0.64795,0.6206871832386708,0.6752128167613293
0.90,F3,88,0.6491,0.621926802920634,0.6762731970793661
0.90,F3,89,0.6504,0.6228019737961911,0.6779980262038089
0.90,F3,90,0.65185,0.6243819822310658,0.6793180177689343
0.90,F3,91,0.6534,0.6257181654459523,0.6810818345540477
0.90,F3,92,0.6547,0.626888761608451,0.6825112383915489
0.90,F3,93,0.6557,0.6275899409080006,0.6838100590919993
0.90,F3,94,0.65715,0.6289397042281203,0.6853602957718797
0.90,F3,95,0.6588999999999999,0.6302779979764359,0.687522002023564
0.90,F3,96,0.6607000000000001,0.6311508458966048,0.6902491541033954
0.90,F3,97,0.6624999999999999,0.6319691255407845,0.6930308744592152
0.90,F3,98,0.66355,0.6329805921847071,0.6941194078152928
0.90,F3,99,0.66505,0.6341740565222015,0.6959259434777986
0.90,F3,100,0.6667,0.6356399863422759,0.697760013657724
0.90,F3,101,0.6684,0.6372187090868039,0.6995812909131961
0.90,F3,102,0.6697,0.638267773361287,0.7011322266387129
0.90,F3,103,0.6712,0.6398970085760608,0.7025029914239392
0.90,F3,104,0.6723,0.6410855524040986,0.7035144475959014
0.90,F3,105,0.67385,0.6419830769336196,0.7057169230663803
0.90,F3,106,0.6758,0.6433134213311692,0.7082865786688307
0.90,F3,107,0.6771,0.6448296543148797,0.7093703456851204
0.90,F3,108,0.6787499999999999,0.6466595198439586,0.7108404801560411
0.90,F3,109,0.68035,0.6482575285905319,0.7124424714094681
0.90,F3,110,0.6816500000000001,0.6495669881450192,0.713733011854981
0.90,F3,111,0.6830999999999999,0.6507925465963449,0.715407453403655
0.90,F3,112,0.6840499999999999,0.6515509146207188,0.7165490853792811
0.90,F3,113,0.6855,0.6526317229110999,0.7183682770889
0.90,F3,114,0.6865,0.6535346566087173,0.7194653433912827
0.90,F3,115,0.6877999999999999,0.6542166267667819,0.7213833732332178
0.90,F3,116,0.689,0.6550339666380282,0.7229660333619717
0.90,F3,117,0.6902999999999999,0.6556671044593542,0.7249328955406457
0.90,F3,118,0.6922500000000001,0.6569843820546898,0.7275156179453105
0.90,F3,119,0.6942,0.6584788529000063,0.7299211470999938
0.90,F3,120,0.6973,0.6608783161989119,0.7337216838010882
0.90,F3,121,0.6994,0.6633596155576467,0.7354403844423534
0.90,F3,122,0.701,0.6647100330735839,0.737289966926416
0.90,F3,123,0.7025499999999999,0.6661738797538146,0.7389261202461852
0.90,F3,124,0.7038499999999999,0.6671207386725604,0.7405792613274393
0.90,F3,125,0.70505,0.6680037199542112,0.7420962800457888
0.90,F3,126,0.7066,0.6695998636325959,0.7436001363674041
0.90,F3,127,0.7085,0.6717099768265757,0.7452900231734243
0.90,F3,128,0.7103499999999999,0.673845646426016,0.7468543535739839
0.90,F3,129,0.71175,0.6752231152015615,0.7482768847984385
0.90,F3,130,0.7137000000000001,0.6773797805658264,0.7500202194341739
0.90,F3,131,0.7155,0.6797052476066736,0.7512947523933264
0.90,F3,132,0.718,0.6826954166822687,0.7533045833177312
0.90,F3,133,0.7202500000000001,0.6848401677536592,0.7556598322463409
0.90,F3,134,0.7218500000000001,0.6861123371633715,0.7575876628366287
0.90,F3,135,0.7229,0.6872322249387514,0.7585677750612486
0.90,F3,136,0.7243499999999999,0.6888363272061502,0.7598636727938497
0.90,F3,137,0.7257,0.6899700212011258,0.7614299787988742
0.90,F3,138,0.7273999999999999,0.6915297891315477,0.7632702108684521
0.90,F3,139,0.72915,0.6928004596897579,0.765499540310242
0.90,F3,140,0.73125,0.6943664363899815,0.7681335636100184
0.90,F3,141,0.7335,0.6960668489950246,0.7709331510049755
0.90,F3,142,0.73555,0.6980185262667064,0.7730814737332937
0.90,F3,143,0.7372,0.6993124236354942,0.7750875763645058
0.90,F3,144,0.7385499999999999,0.7003609000161775,0.7767390999838224
0.90,F3,145,0.7398500000000001,0.7020113938591106,0.7776886061408896
0.90,F3,146,0.7408000000000001,0.7030607154817576,0.7785392845182426
0.90,F3,147,0.74255,0.7047346221425143,0.7803653778574858
0.90,F3,148,0.7434499999999999,0.7055043058852759,0.781395694114724
0.90,F3,149,0.74475,0.7070605141828372,0.7824394858171628
0.90,F3,150,0.7463500000000001,0.708445798181629,0.7842542018183711
0.90,F3,151,0.7474999999999999,0.709693574118602,0.7853064258813979
0.90,F3,152,0.7484000000000001,0.7105254972609697,0.7862745027390304
0.90,F3,153,0.7496500000000001,0.711841170872656,0.7874588291273443
0.90,F3,154,0.7514500000000001,0.7129737516572644,0.7899262483427357
0.90,F3,155,0.75335,0.7142906536629496,0.7924093463370503
0.90,F3,156,0.7549,0.7160527631492289,0.7937472368507711
0.90,F3,157,0.75685,0.7178903742832955,0.7958096257167045
0.90,F3,158,0.7583500000000001,0.7196479195875255,0.7970520804124747
0.90,F3,159,0.7601000000000001,0.7215823312134403,0.7986176687865599
0.90,F3,160,0.76195,0.7230137543984574,0.8008862456015426
0.90,F3,161,0.7634500000000001,0.7242363536045139,0.8026636463954863
0.90,F3,162,0.76555,0.7260398701026427,0.8050601298973572
0.90,F3,163,0.76715,0.727760953597886,0.806539046402114
0.90,F3,164,0.7686499999999999,0.7289714168408719,0.808328583159128
0.90,F3,165,0.7699,0.7302235055098608,0.8095764944901392
0.90,F3,166,0.77115,0.7311368374160433,0.8111631625839567
0.90,F3,167,0.7725500000000002,0.7323828207122718,0.8127171792877286
0.90,F3,168,0.774,0.7336538198987586,0.8143461801012415
0.90,F3,169,0.7757000000000001,0.7349912625951559,0.8164087374048442
0.90,F3,170,0.7765500000000001,0.7357494625466142,0.8173505374533859
0.90,F3,171,0.7782,0.7372306365459048,0.8191693634540952
0.90,F3,172,0.7800499999999999,0.739168296071753,0.8209317039282468
0.90,F3,173,0.78265,0.7412612827327781,0.8240387172672218
0.90,F3,174,0.7847500000000001,0.7428253339669002,0.8266746660330999
0.90,F3,175,0.78635,0.7444280014303585,0.8282719985696415
0.90,F3,176,0.7877000000000001,0.7459321212885534,0.8294678787114468
0.90,F3,177,0.7891,0.7476411646093212,0.8305588353906789
0.90,F3,178,0.7908999999999999,0.7497707808399885,0.8320292191600114
0.90,F3,179,0.79265,0.7515090569691687,0.8337909430308312
0.90,F3,180,0.7947500000000001,0.7544194881986488,0.8350805118013513
0.90,F3,181,0.79695,0.7569334438690692,0.8369665561309308
0.90,F3,182,0.7982,0.7582597434211024,0.8381402565788977
0.90,F3,183,0.79935,0.7594986644181444,0.8392013355818556
0.90,F3,184,0.8004,0.7605626725917307,0.8402373274082693
0.90,F3,185,0.80145,0.7616624552416431,0.8412375447583569
0.90,F3,186,0.8026499999999999,0.76285924319716,0.8424407568028397
0.90,F3,187,0.80375,0.7642125865057031,0.8432874134942968
0.90,F3,188,0.8052,0.765488390221906,0.8449116097780941
0.90,F3,189,0.8063,0.7666537154296412,0.8459462845703588
0.90,F3,190,0.80795,0.7681108931051972,0.8477891068948027
0.90,F3,191,0.8093,0.7694539513612281,0.849146048638772
0.90,F3,192,0.8107499999999999,0.7711828990964039,0.8503171009035958
0.90,F3,193,0.8122,0.7723189853656537,0.8520810146343464
0.90,F3,194,0.81425,0.774342981133567,0.854157018866433
0.90,F3,195,0.81605,0.776086775797618,0.8560132242023821
0.90,F3,196,0.8181499999999999,0.7783447922044991,0.8579552077955007
0.90,F3,197,0.8193499999999999,0.7796126771588981,0.8590873228411017
0.90,F3,198,0.8208499999999999,0.7816956748987623,0.8600043251012374
0.90,F3,199,0.82165,0.7824858837548082,0.8608141162451918
0.90,F3,200,0.8223999999999999,0.7830760783115633,0.8617239216884365
0.90,F3,201,0.8235999999999999,0.7845717250278651,0.8626282749721347
0.90,F3,202,0.8250500000000001,0.7859117948230099,0.8641882051769902
0.90,F3,203,0.8260000000000001,0.7870216956580722,0.8649783043419279
0.90,F3,204,0.82715,0.7883168764097905,0.8659831235902096
0.90,F3,205,0.82805,0.7891059594671491,0.8669940405328508
0.90,F3,206,0.8291,0.7905810869553305,0.8676189130446694
0.90,F3,207,0.8304,0.79208516416818,0.8687148358318201
0.90,F3,208,0.83135,0.7935494112091526,0.8691505887908475
0.90,F3,209,0.8322,0.7946572214334305,0.8697427785665696
0.90,F3,210,0.8329500000000001,0.7953443223319132,0.870555677668087
0.90,F3,211,0.83395,0.7969669494956998,0.8709330505043001
0.90,F3,212,0.83475,0.7982579022499571,0.8712420977500429
0.90,F3,213,0.8355999999999999,0.7991199158573628,0.872080084142637
0.90,F3,214,0.8362,0.799980536742928,0.8724194632570721
0.90,F3,215,0.8369,0.8006414123073194,0.8731585876926805
0.90,F3,216,0.83755,0.8016328609842613,0.8734671390157387
0.90,F3,217,0.838,0.8020648237403886,0.8739351762596114
0.90,F3,218,0.83885,0.8031161370627977,0.8745838629372022
0.90,F3,219,0.8397000000000001,0.804377886394669,0.8750221136053312
0.90,F3,220,0.84035,0.8054621748132231,0.875237825186777
0.90,F3,221,0.841,0.806397447107261,0.8756025528927389
0.90,F3,222,0.8418,0.8080780088392481,0.8755219911607519
0.90,F3,223,0.8425000000000001,0.8095909201927501,0.8754090798072501
0.90,F3,224,0.8430000000000001,0.81033099918615,0.8756690008138501
0.90,F3,225,0.84415,0.8120527998587436,0.8762472001412563
0.90,F3,226,0.8450000000000001,0.8132968974057597,0.8767031025942404
0.90,F3,227,0.8457,0.8145901348752111,0.8768098651247889
0.90,F3,228,0.84695,0.8168479723971362,0.8770520276028637
0.90,F3,229,0.84795,0.8184118297640721,0.8774881702359278
0.90,F3,230,0.8485,0.8193586014159413,0.8776413985840588
0.90,F3,231,0.84925,0.8203272316699557,0.8781727683300442
0.90,F3,232,0.85,0.8213834405227687,0.8786165594772313
0.90,F3,233,0.8504499999999999,0.8220000436199639,0.8788999563800359
0.90,F3,234,0.8516499999999999,0.8234215883600416,0.8798784116399582
0.90,F3,235,0.8524999999999998,0.8244195092036044,0.8805804907963952
0.90,F3,236,0.8532,0.8250041132316563,0.8813958867683436
0.90,F3,237,0.8537500000000001,0.8256824907018723,0.881817509298128
0.90,F3,238,0.8544,0.8265903413314274,0.8822096586685727
0.90,F3,239,0.8550000000000001,0.8273505026995757,0.8826494973004245
0.90,F3,240,0.8555,0.8276285118879416,0.8833714881120585
0.90,F3,241,0.8562500000000001,0.8286792301474183,0.8838207698525818
0.90,F3,242,0.85685,0.8290280290485388,0.8846719709514612
0.90,F3,243,0.85775,0.8297411779656378,0.8857588220343622
0.90,F3,244,0.85835,0.8301527321973564,0.8865472678026435
0.90,F3,245,0.8592,0.8307901863938463,0.8876098136061537
0.90,F3,246,0.86005,0.8314354294036885,0.8886645705963114
0.90,F3,247,0.8603000000000001,0.8316116542063886,0.8889883457936115
0.90,F3,248,0.8609,0.8322094268287287,0.8895905731712713
0.90,F3,249,0.86185,0.8328640562975292,0.8908359437024708
0.90,F3,250,0.8623500000000002,0.8334101138060144,0.891289886193986
0.90,F3,251,0.8626,0.8337272282677403,0.8914727717322598
0.90,F3,252,0.8632000000000001,0.8342382825177146,0.8921617174822856
0.90,F3,253,0.86385,0.8346493523295682,0.8930506476704319
0.90,F3,254,0.86445,0.8350799702006907,0.8938200297993094
0.90,F3,255,0.865,0.8353115529592074,0.8946884470407925
0.90,F3,256,0.8657,0.8358592556897282,0.8955407443102719
0.90,F3,257,0.8668999999999999,0.8372348352221477,0.8965651647778521
0.90,F3,258,0.8678,0.8379350404378482,0.8976649595621519
0.90,F3,259,0.8686499999999999,0.8384515369337125,0.8988484630662873
0.90,F3,260,0.8700499999999999,0.8395250454860308,0.900574954513969
0.90,F3,261,0.8711,0.840273865207048,0.9019261347929519
0.90,F3,262,0.8716999999999999,0.8406348433172528,0.902765156682747
0.90,F3,263,0.8721999999999999,0.8408322607497983,0.9035677392502014
0.90,F3,264,0.87315,0.841455748591102,0.904844251408898
0.90,F3,265,0.8735500000000002,0.8418602853879156,0.9052397146120847
0.90,F3,266,0.8744500000000001,0.8426857625698554,0.9062142374301447
0.90,F3,267,0.8751500000000001,0.8428323185478469,0.9074676814521533
0.90,F3,268,0.87585,0.8437766995362049,0.9079233004637951
0.90,F3,269,0.8768,0.8445602383953459,0.9090397616046542
0.90,F3,270,0.8782,0.846176017773224,0.9102239822267759
0.90,F3,271,0.8794999999999998,0.8474272910300152,0.9115727089699844
0.90,F3,272,0.8808499999999999,0.8481842084914352,0.9135157915085647
0.90,F3,273,0.8818999999999999,0.8487245179884326,0.9150754820115672
0.90,F3,274,0.8831,0.8492075368526244,0.9169924631473756
0.90,F3,275,0.88365,0.8498133506377841,0.917486649362216
0.90,F3,276,0.88515,0.8509433291455496,0.9193566708544504
0.90,F3,277,0.88585,0.8514749121507594,0.9202250878492406
0.90,F3,278,0.8865,0.851980303788395,0.921019696211605
0.90,F3,279,0.8874,0.8527268808776763,0.9220731191223236
0.90,F3,280,0.88825,0.8533582827755227,0.9231417172244772
0.90,F3,281,0.8894,0.85434153325552,0.92445846674448
0.90,F3,282,0.8903,0.8549570875343615,0.9256429124656385
0.90,F3,283,0.8912,0.8553761376988921,0.9270238623011079
0.90,F3,284,0.89225,0.856011162112597,0.928488837887403
0.90,F3,285,0.89365,0.8568318978780907,0.9304681021219094
0.90,F3,286,0.89445,0.8578289844254069,0.931071015574593
0.90,F3,287,0.8952,0.8584402772896154,0.9319597227103846
0.90,F3,288,0.8963000000000001,0.8588826430338742,0.933717356966126
0.90,F3,289,0.89725,0.8592658028873235,0.9352341971126765
0.90,F3,290,0.8979,0.8599396522594839,0.9358603477405162
0.90,F3,291,0.89845,0.860531892151686,0.9363681078483139
0.90,F3,292,0.8994,0.8611231258860111,0.9376768741139888
0.90,F3,293,0.9004000000000001,0.8617981234130007,0.9390018765869995
0.90,F3,294,0.90165,0.8629570018817192,0.9403429981182807
0.90,F3,295,0.9031499999999999,0.8644830220710765,0.9418169779289233
0.90,F3,296,0.9056,0.8664340226944343,0.9447659773055657
0.90,F3,297,0.9071,0.8676342461763051,0.9465657538236949
0.90,F3,298,0.9094,0.8696473778665484,0.9491526221334515
0.90,F3,299,0.9108,0.8713685675309999,0.9502314324690002
0.90,F3,300,0.9128999999999999,0.8734812304386952,0.9523187695613047
0.90,F3,301,0.9154500000000001,0.8756696832899973,0.9552303167100029
0.90,F3,302,0.9171499999999999,0.877731762369832,0.9565682376301679
0.90,F3,303,0.9180999999999999,0.8789565653226941,0.9572434346773058
0.90,F3,304,0.9193,0.8801398356146253,0.9584601643853747
0.90,F3,305,0.92045,0.8812023506050084,0.9596976493949916
0.90,F3,306,0.9216000000000001,0.8823785883469684,0.9608214116530318
0.90,F3,307,0.9224500000000001,0.8832858837548083,0.9616141162451919
0.90,F3,308,0.92335,0.8844418701413173,0.9622581298586828
0.90,F3,309,0.9242999999999999,0.8855738566527136,0.9630261433472862
0.90,F3,310,0.9254,0.8866444752763282,0.9641555247236718
0.90,F3,311,0.9263,0.887458520945875,0.9651414790541251
0.90,F3,312,0.9272499999999999,0.8882268676139027,0.9662731323860971
0.90,F3,313,0.9279499999999999,0.8890297594116928,0.9668702405883071
0.90,F3,314,0.9282499999999999,0.8893394066367075,0.9671605933632923
0.90,F3,315,0.929,0.8902197503303437,0.9677802496696564
0.90,F3,316,0.9297500000000001,0.8910539054055776,0.9684460945944225
0.90,F3,317,0.93045,0.8916699820535119,0.9692300179464881
0.90,F3,318,0.93105,0.8923712488648241,0.969728751135176
0.90,F3,319,0.9318,0.8929958645243383,0.9706041354756616
0.90,F3,320,0.93265,0.8937476189254148,0.9715523810745852
0.90,F3,321,0.9335999999999999,0.8944972973688144,0.9727027026311853
0.90,F3,322,0.9339500000000001,0.8947932268832484,0.9731067731167518
0.90,F3,323,0.9345,0.8954779678571261,0.9735220321428739
0.90,F3,324,0.9355999999999999,0.8964572795547111,0.9747427204452886
0.90,F3,325,0.9362499999999999,0.8972512337508682,0.9752487662491316
0.90,F3,326,0.9369999999999999,0.8985303695704191,0.9754696304295808
0.90,F3,327,0.9378499999999999,0.8997270531182918,0.9759729468817079
0.90,F3,328,0.9389499999999998,0.9007562986866868,0.9771437013133129
0.90,F3,329,0.9400999999999999,0.9019746174459596,0.9782253825540402
0.90,F3,330,0.9415500000000001,0.9031891443291368,0.9799108556708634
0.90,F3,331,0.9424000000000001,0.9035637653962519,0.9812362346037483
0.90,F3,332,0.9430500000000002,0.9040541013561623,0.9820458986438381
0.90,F3,333,0.9441,0.9048208935334091,0.983379106466591
0.90,F3,334,0.94515,0.905992818895542,0.9843071811044581
0.90,F3,335,0.9465,0.9073206664448461,0.9856793335551539
0.90,F3,336,0.9481499999999998,0.9091754101721231,0.9871245898278765
0.90,F3,337,0.9497,0.9107361458269382,0.9886638541730618
0.90,F3,338,0.9511999999999999,0.9122532675013852,0.9901467324986146
0.90,F3,339,0.95235,0.9132789986883025,0.9914210013116975
0.90,F3,340,0.9539,0.9151243850568163,0.9926756149431837
0.90,F3,341,0.9549,0.9163864790307935,0.9934135209692064
0.90,F3,342,0.95625,0.9182756879097667,0.9942243120902334
0.90,F3,343,0.9574999999999999,0.9195110453228947,0.9954889546771051
0.90,F3,344,0.95855,0.9212518736698401,0.99584812633016
0.90,F3,345,0.9594,0.9228023034444084,0.9959976965555917
0.90,F3,346,0.9601999999999999,0.9238216564868134,0.9965783435131865
0.90,F3,347,0.9610000000000001,0.9248865503268462,0.997113449673154
0.90,F3,348,0.9615500000000001,0.9254682214336026,0.9976317785663976
0.90,F3,349,0.9622,0.9259990667088988,0.9984009332911014
0.90,F3,350,0.96285,0.9269212983191638,0.9987787016808362
0.90,F3,351,0.9635,0.9276459374789363,0.9993540625210637
0.90,F3,352,0.9637,0.92805417875231,0.99934582124769
0.90,F3,353,0.96415,0.928518887528584,0.9997811124714159
0.90,F3,354,0.96445,0.9288684658000312,1
0.90,F3,355,0.96475,0.9293566389919172,1
0.90,F3,356,0.96535,0.9300957090441385,1
0.90,F3,357,0.96565,0.9304585266120095,1
0.90,F3,358,0.96605,0.9310287196637913,1
0.90,F3,359,0.9663999999999999,0.9316757755282673,1
0.90,F3,360,0.9669,0.9322523465483263,1
0.90,F3,361,0.9672,0.9327464312058429,1
0.90,F3,362,0.9679,0.9340551777370687,1
0.90,F3,363,0.9684499999999999,0.9349941479954474,1
0.90,F3,364,0.9686,0.9353748354265868,1
0.90,F3,365,0.96885,0.9359410718948239,1
0.90,F3,366,0.9693999999999999,0.9367794473950906,1
0.90,F3,367,0.96965,0.9371243806893677,1
0.90,F3,368,0.96995,0.9375972402303485,1
0.90,F3,369,0.9703499999999999,0.9380481409472325,1
0.90,F3,370,0.9705999999999999,0.9383760990544759,1
0.90,F3,371,0.9709499999999999,0.9388801863939475,1
0.90,F3,372,0.97125,0.9393347360998239,1
0.90,F3,373,0.97155,0.939769169821618,1
0.90,F3,374,0.9718,0.9403315810768957,1
0.90,F3,375,0.9718499999999999,0.9404985944087831,1
0.90,F3,376,0.97215,0.9409697658153987,1
0.90,F3,377,0.97265,0.9418522847449801,1
0.90,F3,378,0.9727,0.9418925277639824,1
0.90,F3,379,0.9729,0.9424298840812981,1
0.90,F3,380,0.9731,0.9427112596697071,1
0.90,F3,381,0.9733,0.9431127476078539,1
0.90,F3,382,0.9735,0.9433932958439213,1
0.90,F3,383,0.9738,0.9438698505253051,1
0.90,F3,384,0.9743499999999999,0.9454377282734003,1
0.90,F3,385,0.975,0.9470465234893103,1
0.90,F3,386,0.9753999999999999,0.9481087412430326,1
0.90,F3,387,0.9758,0.9491736289357946,1
0.90,F3,388,0.9763,0.9504469979992287,1
0.90,F3,389,0.97665,0.9509599132747483,1
0.90,F3,390,0.97685,0.9514951045055438,1
0.90,F3,391,0.9772,0.9522659851110399,1
0.90,F3,392,0.97755,0.9531801489052013,1
0.90,F3,393,0.9778,0.9538870456932859,1
0.90,F3,394,0.9782000000000001,0.9548030189997655,1
0.90,F3,395,0.97865,0.9553605089046286,1
0.90,F3,396,0.9788000000000001,0.9558594884212878,1
0.90,F3,397,0.9791000000000001,0.9565991194148117,1
0.90,F3,398,0.97935,0.9570479540732475,1
0.90,F3,399,0.97955,0.9573157500535585,1
0.90,F3,400,0.9798500000000001,0.9580544175976904,1
0.90,F3,401,0.9800500000000001,0.9587193160487533,1
0.90,F3,402,0.9803000000000001,0.9592859906795472,1
0.90,F3,403,0.98065,0.9603150661473236,1
0.90,F3,404,0.98105,0.961381997031393,1
0.90,F3,405,0.98165,0.9628801533250676,1
0.90,F3,406,0.98185,0.9632859784179123,1
0.90,F3,407,0.98205,0.9634314126719847,1
0.90,F3,408,0.9827,0.9654632492819275,0.9999367507180725
0.90,F3,409,0.9833,0.9674479447991589,0.999152055200841
0.90,F3,410,0.98355,0.968273055402101,0.9988269445978991
0.90,F3,411,0.9837,0.9686280210152776,0.9987719789847225
0.90,F3,412,0.9839,0.9690254044975377,0.9987745955024623
0.90,F3,413,0.98405,0.9692781264143594,0.9988218735856406
0.90,F3,414,0.9841,0.9694428715595845,0.9987571284404154
0.90,F3,415,0.9845,0.9703983742484195,0.9986016257515806
0.90,F3,416,0.9847,0.9709366332127006,0.9984633667872994
0.90,F3,417,0.9853,0.9726671891735659,0.997932810826434
0.90,F3,418,0.9856000000000001,0.9736505396572358,0.9975494603427645
0.90,F3,419,0.98575,0.9741410434678014,0.9973589565321986
0.90,F3,420,0.986,0.9748299881447641,0.9971700118552359
0.90,F3,421,0.9863999999999999,0.9753811844494491,0.9974188155505508
0.90,F3,422,0.98685,0.9760428097627026,0.9976571902372974
0.90,F3,423,0.98725,0.9772075029661689,0.997292497033831
0.90,F3,424,0.9876500000000001,0.977742030898955,0.9975579691010453
0.90,F3,425,0.9878000000000001,0.9780914555591977,0.9975085444408025
0.90,F3,426,0.98805,0.9786432652239545,0.9974567347760455
0.90,F3,427,0.9883500000000001,0.9792663995171684,0.9974336004828317
0.90,F3,428,0.98865,0.9799941693510599,0.9973058306489402
0.90,F3,429,0.9889000000000001,0.9807915205547066,0.9970084794452936
0.90,F3,430,0.9890500000000001,0.9808803050975474,0.9972196949024528
0.90,F3,431,0.98925,0.9810656522386705,0.9974343477613294
0.90,F3,432,0.9894000000000001,0.9813068042373307,0.9974931957626694
0.90,F3,433,0.9895499999999999,0.9814460779911623,0.9976539220088375
0.90,F3,434,0.9896499999999999,0.9815559406801957,0.9977440593198041
0.90,F3,435,0.9898999999999999,0.9817365405268051,0.9980634594731946
0.90,F3,436,0.98995,0.9818974958844655,0.9980025041155345
0.90,F3,437,0.9901,0.9819954619716098,0.9982045380283902
0.90,F3,438,0.9902,0.9820478008139055,0.9983521991860944
0.90,F3,439,0.99035,0.9821539488128883,0.9985460511871116
0.90,F3,440,0.9904,0.9821892213836547,0.9986107786163452
0.90,F3,441,0.9904,0.9821892213836547,0.9986107786163452
0.90,F3,442,0.9904999999999999,0.9822683318737829,0.9987316681262169
0.90,F3,443,0.9905999999999999,0.9823523362721727,0.9988476637278272
0.90,F3,444,0.9908499999999999,0.982512872941306,0.9991871270586938
0.90,F3,445,0.9910499999999999,0.9828063322628496,0.9992936677371501
0.90,F3,446,0.9912,0.9829156153850752,0.9994843846149247
0.90,F3,447,0.9913499999999998,0.9831666282796698,0.9995333717203299
0.90,F3,448,0.9914999999999999,0.9834349820804678,0.9995650179195321
0.90,F3,449,0.9917499999999999,0.9837263143669791,0.9997736856330207
0.90,F3,450,0.9920999999999999,0.9839013909154894,1
0.90,F3,451,0.9922,0.9841008845517195,1
0.90,F3,452,0.9922500000000001,0.9841293389102179,1
0.90,F3,453,0.9923500000000001,0.984236227290703,1
0.90,F3,454,0.9925499999999999,0.9844077276530879,1
0.90,F3,455,0.9927,0.9845345838011124,1
0.90,F3,456,0.9927999999999999,0.9846009037874129,1
0.90,F3,457,0.99295,0.9847354524895101,1
0.90,F3,458,0.9930000000000001,0.9847736706526465,1
0.90,F3,459,0.9931500000000002,0.984884076230572,1
0.90,F3,460,0.9931500000000002,0.984884076230572,1
0.90,F3,461,0.9933000000000002,0.985016097497836,1
0.90,F3,462,0.9935000000000002,0.9851507857193338,1
0.90,F3,463,0.9936000000000001,0.985375612886022,1
0.90,F3,464,0.9937500000000001,0.9854985842255538,1
0.90,F3,465,0.9939500000000001,0.986051735286951,1
0.90,F3,466,0.9940000000000001,0.98608039967587,1
0.90,F3,467,0.9941500000000001,0.9863361268528945,1
0.90,F3,468,0.9943000000000001,0.9864987875340624,1
0.90,F3,469,0.9945,0.9867832053554831,1
0.90,F3,470,0.99455,0.9869496284886112,1
0.90,F3,471,0.9947,0.9871994698095589,1
0.90,F3,472,0.99475,0.987248005629169,1
0.90,F3,473,0.99475,0.987248005629169,1
0.90,F3,474,0.9948500000000001,0.9875816303451709,1
0.90,F3,475,0.9948500000000001,0.9875816303451709,1
0.90,F3,476,0.9949000000000001,0.9876199630618826,1
0.90,F3,477,0.9950000000000001,0.9877040707571324,1
0.90,F3,478,0.9951000000000001,0.9879171671274065,1
0.90,F3,479,0.9952500000000001,0.9881528907021282,1
0.90,F3,480,0.9953500000000001,0.9884874953913827,1
0.90,F3,481,0.9954500000000001,0.9885665757301794,1
0.90,F3,482,0.9956,0.9889357617478278,1
0.90,F3,483,0.9956,0.9889357617478278,1
0.90,F3,484,0.9959,0.989413733649624,1
0.90,F3,485,0.9959,0.989413733649624,1
0.90,F3,486,0.996,0.9894836319535029,1
0.90,F3,487,0.99605,0.9896512988138189,1
0.90,F3,488,0.99605,0.9896512988138189,1
0.90,F3,489,0.99605,0.9896512988138189,1
0.90,F3,490,0.9961000000000001,0.9898189444786801,1
0.90,F3,491,0.9961000000000001,0.9898189444786801,1
0.90,F3,492,0.9961500000000001,0.9898506899415237,1
0.90,F3,493,0.9961500000000001,0.9898506899415237,1
0.90,F3,494,0.9961500000000001,0.9898506899415237,1
0.90,F3,495,0.9961500000000001,0.9898506899415237,1
0.90,F3,496,0.9961500000000001,0.9898506899415237,1
0.90,F3,497,0.9961500000000001,0.9898506899415237,1
0.90,F3,498,0.9961500000000001,0.9898506899415237,1
0.90,F3,499,0.9962500000000001,0.9900503860506571,1
0.90,F3,500,0.9963500000000001,0.9902608875792948,1
0.90,F3,501,0.9964000000000001,0.9904286130834101,1
0.90,F3,502,0.9964500000000001,0.9905963182028319,1
0.90,F3,503,0.9965,0.9907640016826523,1
0.90,F3,504,0.9965,0.9907640016826523,1
0.90,F3,505,0.99655,0.9909316621630615,1
0.90,F3,506,0.9966,0.9909616159309983,1
0.90,F3,507,0.99665,0.9909948178855773,1
0.90,F3,508,0.9968,0.9913606299169143,1
0.90,F3,509,0.99685,0.9914034756237107,1
0.90,F3,510,0.99685,0.9914034756237107,1
0.90,F3,511,0.99685,0.9914034756237107,1
0.90,F3,512,0.9969,0.9915711570404713,1
0.90,F3,513,0.99695,0.9917388135676828,1
0.90,F3,514,0.997,0.9919064434805672,1
0.90,F3,515,0.9971,0.991975954572836,1
0.90,F3,516,0.9971,0.991975954572836,1
0.90,F3,517,0.9972000000000001,0.9923112940709568,1
0.90,F3,518,0.99725,0.9924789221783711,1
0.90,F3,519,0.99725,0.9924789221783711,1
0.90,F3,520,0.9973000000000001,0.9926465197176032,1
0.90,F3,521,0.9975,0.9933165526457781,1
0.90,F3,522,0.9975,0.9933165526457781,1
0.90,F3,523,0.9975499999999999,0.9933524946028033,1
0.90,F3,524,0.9975499999999999,0.9933524946028033,1
0.90,F3,525,0.9976,0.993519982962903,1
0.90,F3,526,0.9977,0.9937200787726009,1
0.90,F3,527,0.9977,0.9937200787726009,1
0.90,F3,528,0.9977,0.9937200787726009,1
0.90,F3,529,0.9978,0.9940547968924387,1
0.90,F3,530,0.99785,0.994096541377296,1
0.90,F3,531,0.99795,0.9944316102905926,1
0.90,F3,532,0.9980000000000001,0.9945990722936848,1
0.90,F3,533,0.9980000000000001,0.9945990722936848,1
0.90,F3,534,0.9980000000000001,0.9945990722936848,1
0.90,F3,535,0.99805,0.9947664790819694,1
0.90,F3,536,0.99805,0.9947664790819694,1
0.90,F3,537,0.99805,0.9947664790819694,1
0.90,F3,538,0.9981000000000001,0.994933824513084,1
0.90,F3,539,0.9982000000000001,0.995140313536524,1
0.90,F3,540,0.9982000000000001,0.995140313536524,1
0.90,F3,541,0.9982500000000001,0.9951802139210943,1
0.90,F3,542,0.9983000000000001,0.9953479378629694,1
0.90,F3,543,0.9983000000000001,0.9953479378629694,1
0.90,F3,544,0.9983000000000001,0.9953479378629694,1
0.90,F3,545,0.9983000000000001,0.9953479378629694,1
0.90,F3,546,0.9983000000000001,0.9953479378629694,1
0.90,F3,547,0.9983500000000001,0.9953834296697572,1
0.90,F3,548,0.9983500000000001,0.9953834296697572,1
0.90,F3,549,0.9984000000000001,0.9954143065417052,1
0.90,F3,550,0.9984500000000001,0.9955820008413262,1
0.90,F3,551,0.9984500000000001,0.9955820008413262,1
0.90,F3,552,0.99855,0.9956570431628377,1
0.90,F3,553,0.9986,0.9958250725296803,1
0.90,F3,554,0.99875,0.9960602167138002,1
0.90,F3,555,0.99875,0.9960602167138002,1
0.90,F3,556,0.9988,0.9962282527288994,1
0.90,F3,557,0.99885,0.996396269948558,1
0.90,F3,558,0.99885,0.996396269948558,1
0.90,F3,559,0.99885,0.996396269948558,1
0.90,F3,560,0.99885,0.996396269948558,1
0.90,F3,561,0.9989,0.9965642655237533,1
0.90,F3,562,0.99895,0.9967322359997179,1
0.90,F3,563,0.999,0.9969001771461361,1
0.90,F3,564,0.99905,0.9970680837269165,1
0.90,F3,565,0.9991,0.9972359491829192,1
0.90,F3,566,0.9991,0.9972359491829192,1
0.90,F3,567,0.99915,0.9974037651867381,1
0.90,F3,568,0.9992,0.9975715210051468,1
0.90,F3,569,0.99925,0.9977392025650172,1
0.90,F3,570,0.99925,0.9977392025650172,1
0.90,F3,571,0.99925,0.9977392025650172,1
0.90,F3,572,0.99925,0.9977392025650172,1
0.90,F3,573,0.99925,0.9977392025650172,1
0.90,F3,574,0.99925,0.9977392025650172,1
0.90,F3,575,0.99925,0.9977392025650172,1
0.90,F3,576,0.99925,0.9977392025650172,1
0.90,F3,577,0.99925,0.9977392025650172,1
0.90,F3,578,0.99925,0.9977392025650172,1
0.90,F3,579,0.99935,0.9980742607190254,1
0.90,F3,580,0.9994,0.9981110241316284,1
0.90,F3,581,0.9994,0.9981110241316284,1
0.90,F3,582,0.9994,0.9981110241316284,1
0.90,F3,583,0.9994,0.9981110241316284,1
0.90,F3,584,0.9994,0.9981110241316284,1
0.90,F3,585,0.9995,0.9983176878745,1
0.90,F3,586,0.9995,0.9983176878745,1
0.90,F3,587,0.9995,0.9983176878745,1
0.90,F3,588,0.9995,0.9983176878745,1
0.90,F3,589,0.9995,0.9983176878745,1
0.90,F3,590,0.9995,0.9983176878745,1
0.90,F3,591,0.9995,0.9983176878745,1
0.90,F3,592,0.9995,0.9983176878745,1
0.90,F3,593,0.9995,0.9983176878745,1
0.90,F3,594,0.9995,0.9983176878745,1
0.90,F3,595,0.9995499999999999,0.99848591908705,1
0.90,F3,596,0.9995499999999999,0.99848591908705,1
0.90,F3,597,0.9995499999999999,0.99848591908705,1
0.90,F3,598,0.9995499999999999,0.99848591908705,1
0.90,F3,599,0.9995499999999999,0.99848591908705,1
0.90,F3,600,0.9995499999999999,0.99848591908705,1
0.90,F3,601,0.9995499999999999,0.99848591908705,1
0.90,F3,602,0.9995499999999999,0.99848591908705,1
0.90,F3,603,0.9996,0.9986541502996,1
0.90,F3,604,0.9996,0.9986541502996,1
0.90,F3,605,0.9996,0.9986541502996,1
0.90,F3,606,0.9996,0.9986541502996,1
0.90,F3,607,0.9996,0.9986541502996,1
0.90,F3,608,0.9996,0.9986541502996,1
0.90,F3,609,0.9996,0.9986541502996,1
0.90,F3,610,0.9996,0.9986541502996,1
0.90,F3,611,0.9996499999999999,0.99882238151215,1
0.90,F3,612,0.9996499999999999,0.99882238151215,1
0.90,F3,613,0.9996499999999999,0.99882238151215,1
0.90,F3,614,0.9996499999999999,0.99882238151215,1
0.90,F3,615,0.9996499999999999,0.99882238151215,1
0.90,F3,616,0.9996499999999999,0.99882238151215,1
0.90,F3,617,0.9996499999999999,0.99882238151215,1
0.90,F3,618,0.9996499999999999,0.99882238151215,1
0.90,F3,619,0.9996499999999999,0.99882238151215,1
0.90,F3,620,0.9996499999999999,0.99882238151215,1
0.90,F3,621,0.9997,0.9989906127247,1
0.90,F3,622,0.9997,0.9989906127247,1
0.90,F3,623,0.99975,0.9991588439372501,1
0.90,F3,624,0.99975,0.9991588439372501,1
0.90,F3,625,0.99975,0.9991588439372501,1
0.90,F3,626,0.99975,0.9991588439372501,1
0.90,F3,627,0.99975,0.9991588439372501,1
0.90,F3,628,0.9998,0.9993270751498,1
0.90,F3,629,0.9998,0.9993270751498,1
0.90,F3,630,0.9998,0.9993270751498,1
0.90,F3,631,0.9998,0.9993270751498,1
0.90,F3,632,0.9998,0.9993270751498,1
0.90,F3,633,0.9998,0.9993270751498,1
0.90,F3,634,0.9998,0.9993270751498,1
0.90,F3,635,0.9998,0.9993270751498,1
0.90,F3,636,0.9998,0.9993270751498,1
0.90,F3,637,0.9998,0.9993270751498,1
0.90,F3,638,0.9998,0.9993270751498,1
0.90,F3,639,0.9998,0.9993270751498,1
0.90,F3,640,0.9998,0.9993270751498,1
0.90,F3,641,0.9998,0.9993270751498,1
0.90,F3,642,0.9998,0.9993270751498,1
0.90,F3,643,0.9998,0.9993270751498,1
0.90,F3,644,0.9998,0.9993270751498,1
0.90,F3,645,0.9998,0.9993270751498,1
0.90,F3,646,0.9998,0.9993270751498,1
0.90,F3,647,0.9998,0.9993270751498,1
0.90,F3,648,0.9998,0.9993270751498,1
0.90,F3,649,0.9998,0.9993270751498,1
0.90,F3,650,0.9998,0.9993270751498,1
0.90,F3,651,0.9998,0.9993270751498,1
0.90,F3,652,0.9998,0.9993270751498,1
0.90,F3,653,0.9998,0.9993270751498,1
0.90,F3,654,0.9998,0.9993270751498,1
0.90,F3,655,0.9998,0.9993270751498,1
0.90,F3,656,0.9998,0.9993270751498,1
0.90,F3,657,0.9998,0.9993270751498,1
0.90,F3,658,0.9998,0.9993270751498,1
0.90,F3,659,0.9998,0.9993270751498,1
0.90,F3,660,0.9998,0.9993270751498,1
0.90,F3,661,0.9998,0.9993270751498,1
0.90,F3,662,0.9998,0.9993270751498,1
0.90,F3,663,0.9998,0.9993270751498,1
0.90,F3,664,0.9998,0.9993270751498,1
0.90,F3,665,0.9998,0.9993270751498,1
0.90,F3,666,0.9998,0.9993270751498,1
0.90,F3,667,0.9998,0.9993270751498,1
0.90,F3,668,0.9998,0.9993270751498,1
0.90,F3,669,0.9998,0.9993270751498,1
0.90,F3,670,0.9998,0.9993270751498,1
0.90,F3,671,0.9998,0.9993270751498,1
0.90,F3,672,0.9998,0.9993270751498,1
0.90,F3,673,0.9998,0.9993270751498,1
0.90,F3,674,0.9998,0.9993270751498,1
0.90,F3,675,0.9998,0.9993270751498,1
0.90,F3,676,0.9998,0.9993270751498,1
0.90,F3,677,0.9998,0.9993270751498,1
0.90,F3,678,0.9998,0.9993270751498,1
0.90,F3,679,0.9998,0.9993270751498,1
0.90,F3,680,0.9998,0.9993270751498,1
0.90,F3,681,0.99985,0.9994953063623501,1
0.90,F3,682,0.99985,0.9994953063623501,1
0.90,F3,683,0.99985,0.9994953063623501,1
0.90,F3,684,0.99985,0.9994953063623501,1
0.90,F3,685,0.99985,0.9994953063623501,1
0.90,F3,686,0.99985,0.9994953063623501,1
0.90,F3,687,0.99985,0.9994953063623501,1
0.90,F3,688,0.99985,0.9994953063623501,1
0.90,F3,689,0.99985,0.9994953063623501,1
0.90,F3,690,0.99985,0.9994953063623501,1
0.90,F3,691,0.99985,0.9994953063623501,1
0.90,F3,692,0.99985,0.9994953063623501,1
0.90,F3,693,0.99985,0.9994953063623501,1
0.90,F3,694,0.99985,0.9994953063623501,1
0.90,F3,695,0.99985,0.9994953063623501,1
0.90,F3,696,0.99985,0.9994953063623501,1
0.90,F3,697,0.99985,0.9994953063623501,1
0.90,F3,698,0.99985,0.9994953063623501,1
0.90,F3,699,0.99985,0.9994953063623501,1
0.90,F3,700,0.99985,0.9994953063623501,1
0.90,F3,701,0.99985,0.9994953063623501,1
0.90,F3,702,0.99985,0.9994953063623501,1
0.90,F3,703,0.99985,0.9994953063623501,1
0.90,F3,704,0.99985,0.9994953063623501,1
0.90,F3,705,0.99985,0.9994953063623501,1
0.90,F3,706,0.99985,0.9994953063623501,1
0.90,F3,707,0.99985,0.9994953063623501,1
0.90,F3,708,0.99985,0.9994953063623501,1
0.90,F3,709,0.99985,0.9994953063623501,1
0.90,F3,710,0.99985,0.9994953063623501,1
0.90,F3,711,0.99985,0.9994953063623501,1
0.90,F3,712,0.99985,0.9994953063623501,1
0.90,F3,713,0.99985,0.9994953063623501,1
0.90,F3,714,0.99985,0.9994953063623501,1
0.90,F3,715,0.99985,0.9994953063623501,1
0.90,F3,716,0.99985,0.9994953063623501,1
0.90,F3,717,0.99985,0.9994953063623501,1
0.90,F3,718,0.99985,0.9994953063623501,1
0.90,F3,719,0.99985,0.9994953063623501,1
0.90,F3,720,0.99985,0.9994953063623501,1
0.90,F3,721,0.99985,0.9994953063623501,1
0.90,F3,722,0.99985,0.9994953063623501,1
0.90,F3,723,0.99985,0.9994953063623501,1
0.90,F3,724,0.99985,0.9994953063623501,1
0.90,F3,725,0.99985,0.9994953063623501,1
0.90,F3,726,0.99985,0.9994953063623501,1
0.90,F3,727,0.99985,0.9994953063623501,1
0.90,F3,728,0.99985,0.9994953063623501,1
0.90,F3,729,0.99985,0.9994953063623501,1
0.90,F3,730,0.99985,0.9994953063623501,1
0.90,F3,731,0.99985,0.9994953063623501,1
0.90,F3,732,0.99985,0.9994953063623501,1
0.90,F3,733,0.99985,0.9994953063623501,1
0.90,F3,734,0.99985,0.9994953063623501,1
0.90,F3,735,0.99985,0.9994953063623501,1
0.90,F3,736,0.99985,0.9994953063623501,1
0.90,F3,737,0.99985,0.9994953063623501,1
0.90,F3,738,0.99985,0.9994953063623501,1
0.90,F3,739,0.9999,0.9996635375749,1
0.90,F3,740,0.9999,0.9996635375749,1
0.90,F3,741,0.9999,0.9996635375749,1
0.90,F3,742,0.9999,0.9996635375749,1
0.90,F3,743,0.9999,0.9996635375749,1
0.90,F3,744,0.9999,0.9996635375749,1
0.90,F3,745,0.9999,0.9996635375749,1
0.90,F3,746,0.9999,0.9996635375749,1
0.90,F3,747,0.9999,0.9996635375749,1
0.90,F3,748,0.99995,0.9998317687874501,1
0.90,F3,749,0.99995,0.9998317687874501,1
0.90,F3,750,0.99995,0.9998317687874501,1
0.90,F3,751,0.99995,0.9998317687874501,1
0.90,F3,752,0.99995,0.9998317687874501,1
0.90,F3,753,0.99995,0.9998317687874501,1
0.90,F3,754,0.99995,0.9998317687874501,1
0.90,F3,755,0.99995,0.9998317687874501,1
0.90,F3,756,0.99995,0.9998317687874501,1
0.90,F3,757,0.99995,0.9998317687874501,1
0.90,F3,758,0.99995,0.9998317687874501,1
0.90,F3,759,0.99995,0.9998317687874501,1
0.90,F3,760,0.99995,0.9998317687874501,1
0.90,F3,761,0.99995,0.9998317687874501,1
0.90,F3,762,1.0,1.0,1
0.90,F3,763,1.0,1.0,1
0.90,F3,764,1.0,1.0,1
0.90,F3,765,1.0,1.0,1
0.90,F3,766,1.0,1.0,1
0.90,F3,767,1.0,1.0,1
0.90,F3,768,1.0,1.0,1
0.90,F3,769,1.0,1.0,1
0.90,F3,770,1.0,1.0,1
0.90,F3,771,1.0,1.0,1
0.90,F3,772,1.0,1.0,1
0.90,F3,773,1.0,1.0,1
0.90,F3,774,1.0,1.0,1
0.90,F3,775,1.0,1.0,1
0.90,F3,776,1.0,1.0,1
0.90,F3,777,1.0,1.0,1
0.90,F3,778,1.0,1.0,1
0.90,F3,779,1.0,1.0,1
0.90,F3,780,1.0,1.0,1
0.90,F3,781,1.0,1.0,1
0.90,F3,782,1.0,1.0,1
0.90,F3,783,1.0,1.0,1
0.90,F3,784,1.0,1.0,1
0.90,F3,785,1.0,1.0,1
0.90,F3,786,1.0,1.0,1
0.90,F3,787,1.0,1.0,1
0.90,F3,788,1.0,1.0,1
0.90,F3,789,1.0,1.0,1
0.90,F3,790,1.0,1.0,1
0.90,F3,791,1.0,1.0,1
0.90,F3,792,1.0,1.0,1
0.90,F3,793,1.0,1.0,1
0.90,F3,794,1.0,1.0,1
0.90,F3,795,1.0,1.0,1
0.90,F3,796,1.0,1.0,1
0.90,F3,797,1.0,1.0,1
0.90,F3,798,1.0,1.0,1
0.90,F3,799,1.0,1.0,1
0.90,F3,800,1.0,1.0,1
0.90,F3,801,1.0,1.0,1
0.90,F3,802,1.0,1.0,1
0.90,F3,803,1.0,1.0,1
0.90,F3,804,1.0,1.0,1
0.90,F3,805,1.0,1.0,1
0.90,F3,806,1.0,1.0,1
0.90,F3,807,1.0,1.0,1
0.90,F3,808,1.0,1.0,1
0.90,F3,809,1.0,1.0,1
0.90,F3,810,1.0,1.0,1
0.90,F3,811,1.0,1.0,1
0.90,F3,812,1.0,1.0,1
0.90,F3,813,1.0,1.0,1
0.90,F3,814,1.0,1.0,1
0.90,F3,815,1.0,1.0,1
0.90,F3,816,1.0,1.0,1
0.90,F3,817,1.0,1.0,1
0.90,F3,818,1.0,1.0,1
0.90,F3,819,1.0,1.0,1
0.90,F3,820,1.0,1.0,1
0.90,F3,821,1.0,1.0,1
0.90,F3,822,1.0,1.0,1
0.90,F3,823,1.0,1.0,1
0.90,F3,824,1.0,1.0,1
0.90,F3,825,1.0,1.0,1
0.90,F3,826,1.0,1.0,1
0.90,F3,827,1.0,1.0,1
0.90,F3,828,1.0,1.0,1
0.90,F3,829,1.0,1.0,1
0.90,F3,830,1.0,1.0,1
0.90,F3,831,1.0,1.0,1
0.90,F3,832,1.0,1.0,1
0.90,F3,833,1.0,1.0,1
0.90,F3,834,1.0,1.0,1
0.90,F3,835,1.0,1.0,1
0.90,F3,836,1.0,1.0,1
0.90,F3,837,1.0,1.0,1
0.90,F3,838,1.0,1.0,1
0.90,F3,839,1.0,1.0,1
0.90,F3,840,1.0,1.0,1
0.90,F3,841,1.0,1.0,1
0.90,F3,842,1.0,1.0,1
0.90,F3,843,1.0,1.0,1
0.90,F3,844,1.0,1.0,1
0.90,F3,845,1.0,1.0,1
0.90,F3,846,1.0,1.0,1
0.90,F3,847,1.0,1.0,1
0.90,F3,848,1.0,1.0,1
0.90,F3,849,1.0,1.0,1
0.90,F3,850,1.0,1.0,1
0.90,F3,851,1.0,1.0,1
0.90,F3,852,1.0,1.0,1
0.90,F3,853,1.0,1.0,1
0.90,F3,854,1.0,1.0,1
0.90,F3,855,1.0,1.0,1
0.90,F3,856,1.0,1.0,1
0.90,F3,857,1.0,1.0,1
0.90,F3,858,1.0,1.0,1
0.90,F3,859,1.0,1.0,1
0.90,F3,860,1.0,1.0,1
0.90,F3,861,1.0,1.0,1
0.90,F3,862,1.0,1.0,1
0.90,F3,863,1.0,1.0,1
0.90,F3,864,1.0,1.0,1
0.90,F3,865,1.0,1.0,1
0.90,F3,866,1.0,1.0,1
0.90,F3,867,1.0,1.0,1
0.90,F3,868,1.0,1.0,1
0.90,F3,869,1.0,1.0,1
0.90,F3,870,1.0,1.0,1
0.90,F3,871,1.0,1.0,1
0.90,F3,872,1.0,1.0,1
0.90,F3,873,1.0,1.0,1
0.90,F3,874,1.0,1.0,1
0.90,F3,875,1.0,1.0,1
0.90,F3,876,1.0,1.0,1
0.90,F3,877,1.0,1.0,1
0.90,F3,878,1.0,1.0,1
0.90,F3,879,1.0,1.0,1
0.90,F3,880,1.0,1.0,1
0.90,F3,881,1.0,1.0,1
0.90,F3,882,1.0,1.0,1
0.90,F3,883,1.0,1.0,1
0.90,F3,884,1.0,1.0,1
0.90,F3,885,1.0,1.0,1
0.90,F3,886,1.0,1.0,1
0.90,F3,887,1.0,1.0,1
0.90,F3,888,1.0,1.0,1
0.90,F3,889,1.0,1.0,1
0.90,F3,890,1.0,1.0,1
0.90,F3,891,1.0,1.0,1
0.90,F3,892,1.0,1.0,1
0.90,F3,893,1.0,1.0,1
0.90,F3,894,1.0,1.0,1
0.90,F3,895,1.0,1.0,1
0.90,F3,896,1.0,1.0,1
0.90,F3,897,1.0,1.0,1
0.90,F3,898,1.0,1.0,1
0.90,F3,899,1.0,1.0,1
0.90,F3,900,1.0,1.0,1
0.90,F3,901,1.0,1.0,1
0.90,F3,902,1.0,1.0,1
0.90,F3,903,1.0,1.0,1
0.90,F3,904,1.0,1.0,1
0.90,F3,905,1.0,1.0,1
0.90,F3,906,1.0,1.0,1
0.90,F3,907,1.0,1.0,1
0.90,F3,908,1.0,1.0,1
0.90,F3,909,1.0,1.0,1
0.90,F3,910,1.0,1.0,1
0.90,F3,911,1.0,1.0,1
0.90,F3,912,1.0,1.0,1
0.90,F3,913,1.0,1.0,1
0.90,F3,914,1.0,1.0,1
0.90,F3,915,1.0,1.0,1
0.90,F3,916,1.0,1.0,1
0.90,F3,917,1.0,1.0,1
0.90,F3,918,1.0,1.0,1
0.90,F3,919,1.0,1.0,1
0.90,F3,920,1.0,1.0,1
0.90,F3,921,1.0,1.0,1
0.90,F3,922,1.0,1.0,1
0.90,F3,923,1.0,1.0,1
0.90,F3,924,1.0,1.0,1
0.90,F3,925,1.0,1.0,1
0.90,F3,926,1.0,1.0,1
0.90,F3,927,1.0,1.0,1
0.90,F3,928,1.0,1.0,1
0.90,F3,929,1.0,1.0,1
0.90,F3,930,1.0,1.0,1
0.90,F3,931,1.0,1.0,1
0.90,F3,932,1.0,1.0,1
0.90,F3,933,1.0,1.0,1
0.90,F3,934,1.0,1.0,1
0.90,F3,935,1.0,1.0,1
0.90,F3,936,1.0,1.0,1
0.90,F3,937,1.0,1.0,1
0.90,F3,938,1.0,1.0,1
0.90,F3,939,1.0,1.0,1
