scheme,latency_slots,mean,ci95_low,ci95_high,population
B,0,0.0,0,0.0,all_measured_arrivals
B,1,0.06525,0.051622309460212984,0.07887769053978702,all_measured_arrivals
B,2,0.06545,0.0518945968367365,0.07900540316326349,all_measured_arrivals
B,3,0.2316,0.2004643411440626,0.26273565885593736,all_measured_arrivals
B,4,0.23215,0.20072733635059384,0.2635726636494062,all_measured_arrivals
B,5,0.46125000000000005,0.4279760972572076,0.4945239027427925,all_measured_arrivals
B,6,0.46175,0.42846721616733036,0.49503278383266963,all_measured_arrivals
B,7,0.6728999999999999,0.6480380092495139,0.697761990750486,all_measured_arrivals
B,8,0.6736499999999999,0.648826794495569,0.6984732055044307,all_measured_arrivals
B,9,0.67695,0.6484150983126602,0.7054849016873399,all_measured_arrivals
B,10,0.6786500000000001,0.6484229833986831,0.7088770166013171,all_measured_arrivals
B,11,0.6815,0.6474363937651793,0.7155636062348207,all_measured_arrivals
B,12,0.68295,0.6473058874603812,0.7185941125396187,all_measured_arrivals
B,13,0.6839999999999999,0.6472881137860976,0.7207118862139023,all_measured_arrivals
B,14,0.68475,0.6479544678653765,0.7215455321346235,all_measured_arrivals
B,15,0.68565,0.648336671377703,0.722963328622297,all_measured_arrivals
B,16,0.68655,0.6490736894934269,0.7240263105065731,all_measured_arrivals
B,17,0.6876,0.6498632554508808,0.7253367445491192,all_measured_arrivals
B,18,0.6889,0.6507369236480791,0.7270630763519208,all_measured_arrivals
B,19,0.69,0.6516910019839796,0.7283089980160203,all_measured_arrivals
B,20,0.69095,0.6523224987970081,0.7295775012029918,all_measured_arrivals
B,21,0.6928,0.6539464922345357,0.7316535077654642,all_measured_arrivals
B,22,0.6949000000000001,0.6557439153721424,0.7340560846278578,all_measured_arrivals
B,23,0.69685,0.6576410389626458,0.7360589610373541,all_measured_arrivals
B,24,0.69875,0.6595903710585671,0.7379096289414329,all_measured_arrivals
B,25,0.7005999999999999,0.6614695255594675,0.7397304744405323,all_measured_arrivals
B,26,0.7027000000000001,0.6635635041282827,0.7418364958717175,all_measured_arrivals
B,27,0.7040500000000001,0.6649630554073281,0.743136944592672,all_measured_arrivals
B,28,0.7062999999999999,0.6670978388205765,0.7455021611794234,all_measured_arrivals
B,29,0.7072499999999999,0.667781943968222,0.7467180560317779,all_measured_arrivals
B,30,0.7082999999999999,0.6681376683006478,0.7484623316993521,all_measured_arrivals
B,31,0.7092,0.6688518401359539,0.7495481598640462,all_measured_arrivals
B,32,0.7104999999999999,0.670075989391205,0.7509240106087948,all_measured_arrivals
B,33,0.7121999999999999,0.6715151100540397,0.7528848899459601,all_measured_arrivals
B,34,0.7132499999999999,0.6721131344583086,0.7543868655416913,all_measured_arrivals
B,35,0.7142999999999999,0.6727126616677714,0.7558873383322284,all_measured_arrivals
B,36,0.7163000000000002,0.6744801357509306,0.7581198642490697,all_measured_arrivals
B,37,0.7180000000000002,0.6757509543303264,0.760249045669674,all_measured_arrivals
B,38,0.7195,0.6768599824475897,0.7621400175524103,all_measured_arrivals
B,39,0.72195,0.6789482127256661,0.7649517872743339,all_measured_arrivals
B,40,0.7241500000000001,0.680558399995056,0.7677416000049442,all_measured_arrivals
B,41,0.72575,0.6819197401416752,0.7695802598583248,all_measured_arrivals
B,42,0.7273499999999999,0.6835190111734927,0.7711809888265072,all_measured_arrivals
B,43,0.7289999999999999,0.6848128792798538,0.773187120720146,all_measured_arrivals
B,44,0.73055,0.6865015907485218,0.7745984092514783,all_measured_arrivals
B,45,0.7322000000000001,0.6880031186839848,0.7763968813160154,all_measured_arrivals
B,46,0.73385,0.6897037752142094,0.7779962247857906,all_measured_arrivals
B,47,0.7352,0.6912775989701585,0.7791224010298414,all_measured_arrivals
B,48,0.7366999999999999,0.6925596335095461,0.7808403664904537,all_measured_arrivals
B,49,0.73805,0.6939963321733722,0.7821036678266278,all_measured_arrivals
B,50,0.7400500000000001,0.6956913209938178,0.7844086790061824,all_measured_arrivals
B,51,0.74175,0.6972006736533889,0.7862993263466111,all_measured_arrivals
B,52,0.74325,0.6985526368739228,0.7879473631260772,all_measured_arrivals
B,53,0.7452500000000001,0.7005451317621201,0.7899548682378801,all_measured_arrivals
B,54,0.7475999999999999,0.702770387451558,0.7924296125484419,all_measured_arrivals
B,55,0.74935,0.704302844083095,0.794397155916905,all_measured_arrivals
B,56,0.7517,0.706436390364122,0.7969636096358781,all_measured_arrivals
B,57,0.7533500000000001,0.7076535653364622,0.799046434663538,all_measured_arrivals
B,58,0.75455,0.7085729970413284,0.8005270029586717,all_measured_arrivals
B,59,0.75605,0.7097659911167447,0.8023340088832553,all_measured_arrivals
B,60,0.7575,0.710478279505478,0.8045217204945219,all_measured_arrivals
B,61,0.7597999999999999,0.7120322489750445,0.8075677510249554,all_measured_arrivals
B,62,0.762,0.7137424606701713,0.8102575393298287,all_measured_arrivals
B,63,0.76435,0.7151968651332908,0.8135031348667091,all_measured_arrivals
B,64,0.7665000000000001,0.7166596086600385,0.8163403913399616,all_measured_arrivals
B,65,0.7689000000000001,0.7179146683482162,0.8198853316517841,all_measured_arrivals
B,66,0.7708,0.7194847739428255,0.8221152260571746,all_measured_arrivals
B,67,0.7726000000000001,0.7210068930267594,0.8241931069732408,all_measured_arrivals
B,68,0.7743000000000001,0.72278133903104,0.8258186609689602,all_measured_arrivals
B,69,0.7765,0.7253448095738293,0.8276551904261706,all_measured_arrivals
B,70,0.7786500000000001,0.7271074093013853,0.8301925906986148,all_measured_arrivals
B,71,0.7809,0.7292194149673326,0.8325805850326675,all_measured_arrivals
B,72,0.7834,0.7309175161373673,0.8358824838626326,all_measured_arrivals
B,73,0.7865,0.7333728790179884,0.8396271209820115,all_measured_arrivals
B,74,0.7902,0.7366836147500555,0.8437163852499445,all_measured_arrivals
B,75,0.79395,0.7402097658370151,0.847690234162985,all_measured_arrivals
B,76,0.79715,0.7438647370756664,0.8504352629243337,all_measured_arrivals
B,77,0.8006,0.747989824299593,0.8532101757004069,all_measured_arrivals
B,78,0.8032999999999999,0.7509898601049365,0.8556101398950633,all_measured_arrivals
B,79,0.8065999999999999,0.7553209000259004,0.8578790999740994,all_measured_arrivals
B,80,0.8094,0.7586473030896059,0.8601526969103941,all_measured_arrivals
B,81,0.812,0.7615915730123889,0.8624084269876112,all_measured_arrivals
B,82,0.81535,0.7649935949554832,0.8657064050445168,all_measured_arrivals
B,83,0.8188499999999999,0.768555337916305,0.8691446620836947,all_measured_arrivals
B,84,0.8222,0.7721264044542123,0.8722735955457878,all_measured_arrivals
B,85,0.8251000000000001,0.775169619702945,0.8750303802970552,all_measured_arrivals
B,86,0.8284,0.7789934976677658,0.8778065023322342,all_measured_arrivals
B,87,0.8312,0.7814705569553754,0.8809294430446247,all_measured_arrivals
B,88,0.8336000000000001,0.7843882143868255,0.8828117856131747,all_measured_arrivals
B,89,0.83605,0.7869479191914782,0.8851520808085217,all_measured_arrivals
B,90,0.8389,0.7901144311521389,0.8876855688478611,all_measured_arrivals
B,91,0.8412499999999999,0.792907972538556,0.8895920274614438,all_measured_arrivals
B,92,0.84295,0.7949507278633647,0.8909492721366352,all_measured_arrivals
B,93,0.8443499999999999,0.7965724048387942,0.8921275951612057,all_measured_arrivals
B,94,0.846,0.7984131906146414,0.8935868093853585,all_measured_arrivals
B,95,0.8475999999999999,0.800402871691719,0.8947971283082808,all_measured_arrivals
B,96,0.8494499999999999,0.8018088569229925,0.8970911430770073,all_measured_arrivals
B,97,0.8505,0.8026664926759465,0.8983335073240536,all_measured_arrivals
B,98,0.8515,0.8034369294376882,0.8995630705623119,all_measured_arrivals
B,99,0.85285,0.805518873382618,0.900181126617382,all_measured_arrivals
B,100,0.85435,0.8074839083465495,0.9012160916534506,all_measured_arrivals
B,101,0.8557,0.8093003977196791,0.9020996022803209,all_measured_arrivals
B,102,0.85695,0.8110707396161002,0.9028292603838998,all_measured_arrivals
B,103,0.859,0.8131809975585234,0.9048190024414766,all_measured_arrivals
B,104,0.86065,0.814704975274248,0.906595024725752,all_measured_arrivals
B,105,0.8618499999999999,0.8158285425505265,0.9078714574494733,all_measured_arrivals
B,106,0.8629500000000001,0.8166854969828004,0.9092145030171999,all_measured_arrivals
B,107,0.8641000000000001,0.8177303618365096,0.9104696381634906,all_measured_arrivals
B,108,0.8650999999999999,0.8184956443496195,0.9117043556503802,all_measured_arrivals
B,109,0.8664000000000001,0.8201327130099609,0.9126672869900392,all_measured_arrivals
B,110,0.8678499999999999,0.8220624101307377,0.9136375898692621,all_measured_arrivals
B,111,0.8690000000000001,0.8234758725326015,0.9145241274673988,all_measured_arrivals
B,112,0.8703500000000001,0.8252048923602741,0.9154951076397261,all_measured_arrivals
B,113,0.8722500000000001,0.8274040200652987,0.9170959799347015,all_measured_arrivals
B,114,0.8740999999999999,0.8292127829264064,0.9189872170735933,all_measured_arrivals
B,115,0.87565,0.8309144096787069,0.9203855903212932,all_measured_arrivals
B,116,0.8770499999999999,0.8326029932872123,0.9214970067127874,all_measured_arrivals
B,117,0.8784500000000001,0.8346341397483621,0.922265860251638,all_measured_arrivals
B,118,0.88025,0.8370752514634489,0.9234247485365511,all_measured_arrivals
B,119,0.8817499999999999,0.8394341021227002,0.9240658978772996,all_measured_arrivals
B,120,0.8833500000000001,0.8414880642945236,0.9252119357054766,all_measured_arrivals
B,121,0.88475,0.8432608545937913,0.9262391454062088,all_measured_arrivals
B,122,0.886,0.8450524789697562,0.9269475210302438,all_measured_arrivals
B,123,0.8869499999999999,0.8458860149326108,0.928013985067389,all_measured_arrivals
B,124,0.8887499999999999,0.8488852372322183,0.9286147627677815,all_measured_arrivals
B,125,0.8905999999999998,0.8511098647699342,0.9300901352300655,all_measured_arrivals
B,126,0.892,0.8538117105350486,0.9301882894649515,all_measured_arrivals
B,127,0.89335,0.8561973581763029,0.930502641823697,all_measured_arrivals
B,128,0.89515,0.8582854992597279,0.9320145007402721,all_measured_arrivals
B,129,0.897,0.8606300013021347,0.9333699986978653,all_measured_arrivals
B,130,0.8981999999999999,0.8626815760607934,0.9337184239392063,all_measured_arrivals
B,131,0.8995,0.8646518926965542,0.9343481073034458,all_measured_arrivals
B,132,0.9007999999999999,0.8668264420403811,0.9347735579596188,all_measured_arrivals
B,133,0.9024,0.8687515191634353,0.9360484808365647,all_measured_arrivals
B,134,0.90415,0.8711400112124541,0.9371599887875459,all_measured_arrivals
B,135,0.90535,0.872294066838806,0.938405933161194,all_measured_arrivals
B,136,0.9064,0.873240292414228,0.939559707585772,all_measured_arrivals
B,137,0.90735,0.8742139380005607,0.9404860619994393,all_measured_arrivals
B,138,0.90855,0.8753532464346052,0.9417467535653947,all_measured_arrivals
B,139,0.9097999999999999,0.8766475198482003,0.9429524801517996,all_measured_arrivals
B,140,0.9111,0.8784316104580876,0.9437683895419124,all_measured_arrivals
B,141,0.9122999999999999,0.879950542639371,0.9446494573606288,all_measured_arrivals
B,142,0.9134499999999999,0.8809806682068942,0.9459193317931055,all_measured_arrivals
B,143,0.91465,0.8823721365571917,0.9469278634428082,all_measured_arrivals
B,144,0.9156500000000001,0.8831917405480034,0.9481082594519967,all_measured_arrivals
B,145,0.9170499999999999,0.8842750856208332,0.9498249143791666,all_measured_arrivals
B,146,0.9182500000000001,0.8854322195745783,0.951067780425422,all_measured_arrivals
B,147,0.9197000000000001,0.8868288067515632,0.952571193248437,all_measured_arrivals
B,148,0.9210499999999999,0.8877408269115976,0.9543591730884022,all_measured_arrivals
B,149,0.92245,0.8889712352734228,0.9559287647265772,all_measured_arrivals
B,150,0.9238500000000001,0.8905206891862918,0.9571793108137083,all_measured_arrivals
B,151,0.92535,0.8917871177912001,0.9589128822087999,all_measured_arrivals
B,152,0.9272999999999999,0.8938124979627333,0.9607875020372665,all_measured_arrivals
B,153,0.9289000000000001,0.8956259472191153,0.9621740527808849,all_measured_arrivals
B,154,0.9301999999999999,0.8969339902148123,0.9634660097851875,all_measured_arrivals
B,155,0.9317,0.8984610145170756,0.9649389854829243,all_measured_arrivals
B,156,0.933,0.9000490771180691,0.965950922881931,all_measured_arrivals
B,157,0.9345,0.9014427076167445,0.9675572923832555,all_measured_arrivals
B,158,0.93595,0.9029930476081703,0.9689069523918296,all_measured_arrivals
B,159,0.9377,0.9049476066566294,0.9704523933433705,all_measured_arrivals
B,160,0.9394000000000001,0.9066235928921572,0.972176407107843,all_measured_arrivals
B,161,0.941,0.9081894918960643,0.9738105081039355,all_measured_arrivals
B,162,0.9424,0.9096231054852718,0.9751768945147282,all_measured_arrivals
B,163,0.9436,0.9109002058813704,0.9762997941186295,all_measured_arrivals
B,164,0.94475,0.911707843443015,0.9777921565569849,all_measured_arrivals
B,165,0.9461499999999998,0.9132204468284102,0.9790795531715895,all_measured_arrivals
B,166,0.9473499999999999,0.9144898956116976,0.9802101043883023,all_measured_arrivals
B,167,0.94895,0.9160655961443992,0.9818344038556007,all_measured_arrivals
B,168,0.9507,0.9178813372686311,0.9835186627313689,all_measured_arrivals
B,169,0.9522499999999999,0.9190859868169833,0.9854140131830166,all_measured_arrivals
B,170,0.95505,0.9213716510664725,0.9887283489335275,all_measured_arrivals
B,171,0.9569,0.9230047088081605,0.9907952911918394,all_measured_arrivals
B,172,0.9581000000000001,0.9241317325991337,0.9920682674008664,all_measured_arrivals
B,173,0.9588500000000001,0.9248339417215073,0.9928660582784928,all_measured_arrivals
B,174,0.9601000000000001,0.9257254640369436,0.9944745359630566,all_measured_arrivals
B,175,0.9610000000000001,0.9262371511505385,0.9957628488494616,all_measured_arrivals
B,176,0.96145,0.9266564030469322,0.9962435969530679,all_measured_arrivals
B,177,0.9622499999999999,0.9276816577474776,0.9968183422525223,all_measured_arrivals
B,178,0.96305,0.9292079214872517,0.9968920785127482,all_measured_arrivals
B,179,0.9637,0.9299558686109773,0.9974441313890227,all_measured_arrivals
B,180,0.9642000000000001,0.9306842440457961,0.997715755954204,all_measured_arrivals
B,181,0.9649000000000001,0.9315295824762688,0.9982704175237314,all_measured_arrivals
B,182,0.96565,0.9326078434430151,0.998692156556985,all_measured_arrivals
B,183,0.9665,0.9339938797909382,0.9990061202090619,all_measured_arrivals
B,184,0.9668999999999999,0.9346791977508173,0.9991208022491824,all_measured_arrivals
B,185,0.96765,0.9357032162644922,0.9995967837355079,all_measured_arrivals
B,186,0.9686,0.9367465841370335,1,all_measured_arrivals
B,187,0.9694,0.9375290352874475,1,all_measured_arrivals
B,188,0.97035,0.9386008544114691,1,all_measured_arrivals
B,189,0.97115,0.9392482541340964,1,all_measured_arrivals
B,190,0.9715999999999999,0.9396394361113662,1,all_measured_arrivals
B,191,0.9720999999999999,0.9404217247798946,1,all_measured_arrivals
B,192,0.9727499999999999,0.9413606548049839,1,all_measured_arrivals
B,193,0.9733999999999999,0.9425576742267494,1,all_measured_arrivals
B,194,0.9737499999999999,0.9429398378442633,1,all_measured_arrivals
B,195,0.9743999999999999,0.94390459696694,1,all_measured_arrivals
B,196,0.9748,0.9445534014905351,1,all_measured_arrivals
B,197,0.9754499999999999,0.9462455229068103,1,all_measured_arrivals
B,198,0.97595,0.9469643318731907,1,all_measured_arrivals
B,199,0.9764499999999999,0.9475764328969667,1,all_measured_arrivals
B,200,0.9768,0.9482505106762584,1,all_measured_arrivals
B,201,0.9773,0.9494985286063488,1,all_measured_arrivals
B,202,0.9776500000000001,0.950151464866124,1,all_measured_arrivals
B,203,0.9782500000000001,0.951693958185993,1,all_measured_arrivals
B,204,0.9788000000000001,0.9526965555841109,1,all_measured_arrivals
B,205,0.97925,0.953265902583823,1,all_measured_arrivals
B,206,0.9796,0.953948458471239,1,all_measured_arrivals
B,207,0.9798,0.9543717670847741,1,all_measured_arrivals
B,208,0.9803,0.9553411698032105,1,all_measured_arrivals
B,209,0.98075,0.9561855728890281,1,all_measured_arrivals
B,210,0.98105,0.9566509945347624,1,all_measured_arrivals
B,211,0.9812000000000001,0.9570120453173936,1,all_measured_arrivals
B,212,0.9817,0.957890318738258,1,all_measured_arrivals
B,213,0.9822500000000001,0.9589173336991502,1,all_measured_arrivals
B,214,0.98255,0.9595268104059342,1,all_measured_arrivals
B,215,0.9829,0.9600566666932729,1,all_measured_arrivals
B,216,0.9831500000000001,0.960640822850505,1,all_measured_arrivals
B,217,0.9835,0.961307237895284,1,all_measured_arrivals
B,218,0.9839,0.9620613521910794,1,all_measured_arrivals
B,219,0.98425,0.962721388735167,1,all_measured_arrivals
B,220,0.9846,0.963280131722253,1,all_measured_arrivals
B,221,0.9849,0.9637654591372442,1,all_measured_arrivals
B,222,0.9852,0.9639973490569516,1,all_measured_arrivals
B,223,0.9854,0.9645376343498442,1,all_measured_arrivals
B,224,0.9857,0.9650092965169681,1,all_measured_arrivals
B,225,0.9857499999999999,0.9651760703621108,1,all_measured_arrivals
B,226,0.9863,0.9660881428961114,1,all_measured_arrivals
B,227,0.98675,0.9670718463796737,1,all_measured_arrivals
B,228,0.9875999999999999,0.9692645208468005,1,all_measured_arrivals
B,229,0.98795,0.9700327740043304,1,all_measured_arrivals
B,230,0.98815,0.9704232582763951,1,all_measured_arrivals
B,231,0.98815,0.9704232582763951,1,all_measured_arrivals
B,232,0.9885999999999999,0.9712825720310854,1,all_measured_arrivals
B,233,0.9887,0.9714808680870293,1,all_measured_arrivals
B,234,0.98895,0.9721962337056741,1,all_measured_arrivals
B,235,0.9893500000000001,0.9731508445169754,1,all_measured_arrivals
B,236,0.98965,0.9741508845998351,1,all_measured_arrivals
B,237,0.9903000000000002,0.9756559568236064,1,all_measured_arrivals
B,238,0.99065,0.9764128663228124,1,all_measured_arrivals
B,239,0.9908000000000001,0.9767810341291083,1,all_measured_arrivals
B,240,0.99115,0.9779438177648073,1,all_measured_arrivals
B,241,0.9914000000000001,0.9782634838649116,1,all_measured_arrivals
B,242,0.9919,0.9795420707112575,1,all_measured_arrivals
B,243,0.99265,0.9816443315052497,1,all_measured_arrivals
B,244,0.99305,0.9828394886475064,1,all_measured_arrivals
B,245,0.9935000000000002,0.9841951853300875,1,all_measured_arrivals
B,246,0.9939000000000001,0.9851180844119888,1,all_measured_arrivals
B,247,0.9939500000000001,0.9852821809795205,1,all_measured_arrivals
B,248,0.9941500000000001,0.9856769725936938,1,all_measured_arrivals
B,249,0.9943000000000001,0.9861679121695904,1,all_measured_arrivals
B,250,0.9943500000000001,0.9863312935387846,1,all_measured_arrivals
B,251,0.9948500000000001,0.9876968371575927,1,all_measured_arrivals
B,252,0.9949500000000001,0.9879287040005353,1,all_measured_arrivals
B,253,0.9950500000000001,0.9879923930683909,1,all_measured_arrivals
B,254,0.9953000000000001,0.9885364187605461,1,all_measured_arrivals
B,255,0.99555,0.9891637944585832,1,all_measured_arrivals
B,256,0.99565,0.9893952288268891,1,all_measured_arrivals
B,257,0.9957,0.9894265794760579,1,all_measured_arrivals
B,258,0.9958,0.9896182888976747,1,all_measured_arrivals
B,259,0.99585,0.9897805966856066,1,all_measured_arrivals
B,260,0.99595,0.9899694236298723,1,all_measured_arrivals
B,261,0.99595,0.9899694236298723,1,all_measured_arrivals
B,262,0.996,0.9900019192225141,1,all_measured_arrivals
B,263,0.996,0.9900019192225141,1,all_measured_arrivals
B,264,0.996,0.9900019192225141,1,all_measured_arrivals
B,265,0.996,0.9900019192225141,1,all_measured_arrivals
B,266,0.996,0.9900019192225141,1,all_measured_arrivals
B,267,0.99605,0.9900294883375775,1,all_measured_arrivals
B,268,0.9961000000000001,0.9901911424181958,1,all_measured_arrivals
B,269,0.99615,0.9903525356917038,1,all_measured_arrivals
B,270,0.99625,0.9905863493982261,1,all_measured_arrivals
B,271,0.9963000000000001,0.9906566597313243,1,all_measured_arrivals
B,272,0.99635,0.9907245579839108,1,all_measured_arrivals
B,273,0.9965,0.9911174645716501,1,all_measured_arrivals
B,274,0.9965,0.9911174645716501,1,all_measured_arrivals
B,275,0.99655,0.9912808885461539,1,all_measured_arrivals
B,276,0.9966,0.9914440965265141,1,all_measured_arrivals
B,277,0.9966,0.9914440965265141,1,all_measured_arrivals
B,278,0.99665,0.9914757318908257,1,all_measured_arrivals
B,279,0.99675,0.9917054902569944,1,all_measured_arrivals
B,280,0.99675,0.9917054902569944,1,all_measured_arrivals
B,281,0.9969000000000001,0.9920978412684085,1,all_measured_arrivals
B,282,0.9970000000000001,0.9923251124821372,1,all_measured_arrivals
B,283,0.99705,0.992489496842403,1,all_measured_arrivals
B,284,0.9971000000000001,0.9926536799445526,1,all_measured_arrivals
B,285,0.9971000000000001,0.9926536799445526,1,all_measured_arrivals
B,286,0.9972500000000001,0.9931448539092991,1,all_measured_arrivals
B,287,0.9972500000000001,0.9931448539092991,1,all_measured_arrivals
B,288,0.9972500000000001,0.9931448539092991,1,all_measured_arrivals
B,289,0.9972500000000001,0.9931448539092991,1,all_measured_arrivals
B,290,0.9974000000000001,0.9932693942671428,1,all_measured_arrivals
B,291,0.9975,0.993389749364715,1,all_measured_arrivals
B,292,0.99755,0.993444853909299,1,all_measured_arrivals
B,293,0.9976,0.9936110574057694,1,all_measured_arrivals
B,294,0.9977,0.9939430847859004,1,all_measured_arrivals
B,295,0.99775,0.993996541377296,1,all_measured_arrivals
B,296,0.99775,0.993996541377296,1,all_measured_arrivals
B,297,0.99775,0.993996541377296,1,all_measured_arrivals
B,298,0.99775,0.993996541377296,1,all_measured_arrivals
B,299,0.9978000000000001,0.9940462753726451,1,all_measured_arrivals
B,300,0.9979,0.9942465653430729,1,all_measured_arrivals
B,301,0.9979,0.9942465653430729,1,all_measured_arrivals
B,302,0.9981000000000001,0.9947810917063917,1,all_measured_arrivals
B,303,0.9981000000000001,0.9947810917063917,1,all_measured_arrivals
B,304,0.9981000000000001,0.9947810917063917,1,all_measured_arrivals
B,305,0.9981000000000001,0.9947810917063917,1,all_measured_arrivals
B,306,0.9981000000000001,0.9947810917063917,1,all_measured_arrivals
B,307,0.9981000000000001,0.9947810917063917,1,all_measured_arrivals
B,308,0.9981000000000001,0.9947810917063917,1,all_measured_arrivals
B,309,0.9981000000000001,0.9947810917063917,1,all_measured_arrivals
B,310,0.99815,0.9949477639117539,1,all_measured_arrivals
B,311,0.99815,0.9949477639117539,1,all_measured_arrivals
B,312,0.99815,0.9949477639117539,1,all_measured_arrivals
B,313,0.9982000000000001,0.9951143174324649,1,all_measured_arrivals
B,314,0.9982500000000001,0.9952807382921747,1,all_measured_arrivals
B,315,0.9982500000000001,0.9952807382921747,1,all_measured_arrivals
B,316,0.9983000000000001,0.9954470102504973,1,all_measured_arrivals
B,317,0.9983500000000001,0.9954764359577841,1,all_measured_arrivals
B,318,0.9983500000000001,0.9954764359577841,1,all_measured_arrivals
B,319,0.9984000000000001,0.9955066980442159,1,all_measured_arrivals
B,320,0.9984500000000001,0.9955377795037716,1,all_measured_arrivals
B,321,0.9985,0.9957035666993216,1,all_measured_arrivals
B,322,0.9986,0.9959247330514557,1,all_measured_arrivals
B,323,0.99865,0.9960910969499357,1,all_measured_arrivals
B,324,0.9988,0.9965889995531333,1,all_measured_arrivals
B,325,0.9989,0.9968097088469771,1,all_measured_arrivals
B,326,0.99895,0.9969761608518041,1,all_measured_arrivals
B,327,0.99895,0.9969761608518041,1,all_measured_arrivals
B,328,0.99905,0.9973083454826612,1,all_measured_arrivals
B,329,0.99905,0.9973083454826612,1,all_measured_arrivals
B,330,0.99905,0.9973083454826612,1,all_measured_arrivals
B,331,0.99905,0.9973083454826612,1,all_measured_arrivals
B,332,0.99905,0.9973083454826612,1,all_measured_arrivals
B,333,0.99905,0.9973083454826612,1,all_measured_arrivals
B,334,0.99905,0.9973083454826612,1,all_measured_arrivals
B,335,0.99915,0.9976392025650173,1,all_measured_arrivals
B,336,0.9992000000000001,0.9978039273069409,1,all_measured_arrivals
B,337,0.99925,0.9979680147121348,1,all_measured_arrivals
B,338,0.99925,0.9979680147121348,1,all_measured_arrivals
B,339,0.99925,0.9979680147121348,1,all_measured_arrivals
B,340,0.99925,0.9979680147121348,1,all_measured_arrivals
B,341,0.9993000000000001,0.9980266108701419,1,all_measured_arrivals
B,342,0.9993000000000001,0.9980266108701419,1,all_measured_arrivals
B,343,0.9993000000000001,0.9980266108701419,1,all_measured_arrivals
B,344,0.9993000000000001,0.9980266108701419,1,all_measured_arrivals
B,345,0.99935,0.9981924376742654,1,all_measured_arrivals
B,346,0.99935,0.9981924376742654,1,all_measured_arrivals
B,347,0.9994000000000001,0.998357724393876,1,all_measured_arrivals
B,348,0.9995,0.9986857605025735,1,all_measured_arrivals
B,349,0.9995,0.9986857605025735,1,all_measured_arrivals
B,350,0.9995,0.9986857605025735,1,all_measured_arrivals
B,351,0.9995,0.9986857605025735,1,all_measured_arrivals
B,352,0.9995499999999999,0.9987419150843699,1,all_measured_arrivals
B,353,0.9995499999999999,0.9987419150843699,1,all_measured_arrivals
B,354,0.9996,0.998907708906286,1,all_measured_arrivals
B,355,0.9996,0.998907708906286,1,all_measured_arrivals
B,356,0.9996,0.998907708906286,1,all_measured_arrivals
B,357,0.9996,0.998907708906286,1,all_measured_arrivals
B,358,0.99965,0.9990725141341601,1,all_measured_arrivals
B,359,0.99965,0.9990725141341601,1,all_measured_arrivals
B,360,0.99965,0.9990725141341601,1,all_measured_arrivals
B,361,0.99965,0.9990725141341601,1,all_measured_arrivals
B,362,0.99965,0.9990725141341601,1,all_measured_arrivals
B,363,0.99965,0.9990725141341601,1,all_measured_arrivals
B,364,0.9997,0.9992355970162713,1,all_measured_arrivals
B,365,0.9997,0.9992355970162713,1,all_measured_arrivals
B,366,0.99975,0.9993953063623501,1,all_measured_arrivals
B,367,0.99975,0.9993953063623501,1,all_measured_arrivals
B,368,0.99975,0.9993953063623501,1,all_measured_arrivals
B,369,0.99975,0.9993953063623501,1,all_measured_arrivals
B,370,0.99975,0.9993953063623501,1,all_measured_arrivals
B,371,0.99975,0.9993953063623501,1,all_measured_arrivals
B,372,0.99975,0.9993953063623501,1,all_measured_arrivals
B,373,0.99975,0.9993953063623501,1,all_measured_arrivals
B,374,0.99975,0.9993953063623501,1,all_measured_arrivals
B,375,0.99975,0.9993953063623501,1,all_measured_arrivals
B,376,0.9998,0.9995472110344086,1,all_measured_arrivals
B,377,0.9998,0.9995472110344086,1,all_measured_arrivals
B,378,0.9998,0.9995472110344086,1,all_measured_arrivals
B,379,0.9998,0.9995472110344086,1,all_measured_arrivals
B,380,0.9998,0.9995472110344086,1,all_measured_arrivals
B,381,0.9998,0.9995472110344086,1,all_measured_arrivals
B,382,0.9998,0.9995472110344086,1,all_measured_arrivals
B,383,0.9998,0.9995472110344086,1,all_measured_arrivals
B,384,0.9998,0.9995472110344086,1,all_measured_arrivals
B,385,0.9998,0.9995472110344086,1,all_measured_arrivals
B,386,0.9998,0.9995472110344086,1,all_measured_arrivals
B,387,0.9998,0.9995472110344086,1,all_measured_arrivals
B,388,0.9998,0.9995472110344086,1,all_measured_arrivals
B,389,0.9998,0.9995472110344086,1,all_measured_arrivals
B,390,0.9998,0.9995472110344086,1,all_measured_arrivals
B,391,0.9998,0.9995472110344086,1,all_measured_arrivals
B,392,0.9998,0.9995472110344086,1,all_measured_arrivals
B,393,0.9998,0.9995472110344086,1,all_measured_arrivals
B,394,0.9998,0.9995472110344086,1,all_measured_arrivals
B,395,0.9998,0.9995472110344086,1,all_measured_arrivals
B,396,0.9998,0.9995472110344086,1,all_measured_arrivals
B,397,0.9998,0.9995472110344086,1,all_measured_arrivals
B,398,0.9998,0.9995472110344086,1,all_measured_arrivals
B,399,0.99985,0.9996769272265715,1,all_measured_arrivals
B,400,0.99985,0.9996769272265715,1,all_measured_arrivals
B,401,0.99985,0.9996769272265715,1,all_measured_arrivals
B,402,0.99985,0.9996769272265715,1,all_measured_arrivals
B,403,0.99985,0.9996769272265715,1,all_measured_arrivals
B,404,0.99985,0.9996769272265715,1,all_measured_arrivals
B,405,0.99985,0.9996769272265715,1,all_measured_arrivals
B,406,0.99985,0.9996769272265715,1,all_measured_arrivals
B,407,0.99985,0.9996769272265715,1,all_measured_arrivals
B,408,0.99985,0.9996769272265715,1,all_measured_arrivals
B,409,0.99985,0.9996769272265715,1,all_measured_arrivals
B,410,0.99985,0.9996769272265715,1,all_measured_arrivals
B,411,0.99985,0.9996769272265715,1,all_measured_arrivals
B,412,0.99985,0.9996769272265715,1,all_measured_arrivals
B,413,0.99985,0.9996769272265715,1,all_measured_arrivals
B,414,0.99985,0.9996769272265715,1,all_measured_arrivals
B,415,0.99985,0.9996769272265715,1,all_measured_arrivals
B,416,0.99985,0.9996769272265715,1,all_measured_arrivals
B,417,0.99985,0.9996769272265715,1,all_measured_arrivals
B,418,0.99985,0.9996769272265715,1,all_measured_arrivals
B,419,0.99985,0.9996769272265715,1,all_measured_arrivals
B,420,0.99985,0.9996769272265715,1,all_measured_arrivals
B,421,0.99985,0.9996769272265715,1,all_measured_arrivals
B,422,0.99985,0.9996769272265715,1,all_measured_arrivals
B,423,0.99985,0.9996769272265715,1,all_measured_arrivals
B,424,0.99985,0.9996769272265715,1,all_measured_arrivals
B,425,0.99985,0.9996769272265715,1,all_measured_arrivals
B,426,0.99985,0.9996769272265715,1,all_measured_arrivals
B,427,0.9999,0.9997451990054238,1,all_measured_arrivals
B,428,0.9999,0.9997451990054238,1,all_measured_arrivals
B,429,0.9999,0.9997451990054238,1,all_measured_arrivals
B,430,0.9999,0.9997451990054238,1,all_measured_arrivals
B,431,0.9999,0.9997451990054238,1,all_measured_arrivals
B,432,0.9999,0.9997451990054238,1,all_measured_arrivals
B,433,0.9999,0.9997451990054238,1,all_measured_arrivals
B,434,0.9999,0.9997451990054238,1,all_measured_arrivals
B,435,0.9999,0.9997451990054238,1,all_measured_arrivals
B,436,0.9999,0.9997451990054238,1,all_measured_arrivals
B,437,0.9999,0.9997451990054238,1,all_measured_arrivals
B,438,0.9999,0.9997451990054238,1,all_measured_arrivals
B,439,0.9999,0.9997451990054238,1,all_measured_arrivals
B,440,0.9999,0.9997451990054238,1,all_measured_arrivals
B,441,0.9999,0.9997451990054238,1,all_measured_arrivals
B,442,0.9999,0.9997451990054238,1,all_measured_arrivals
B,443,0.9999,0.9997451990054238,1,all_measured_arrivals
B,444,0.9999,0.9997451990054238,1,all_measured_arrivals
B,445,0.9999,0.9997451990054238,1,all_measured_arrivals
B,446,0.9999,0.9997451990054238,1,all_measured_arrivals
B,447,0.9999,0.9997451990054238,1,all_measured_arrivals
B,448,0.9999,0.9997451990054238,1,all_measured_arrivals
B,449,0.9999,0.9997451990054238,1,all_measured_arrivals
B,450,0.9999,0.9997451990054238,1,all_measured_arrivals
B,451,0.9999,0.9997451990054238,1,all_measured_arrivals
B,452,0.9999,0.9997451990054238,1,all_measured_arrivals
B,453,0.9999,0.9997451990054238,1,all_measured_arrivals
B,454,0.9999,0.9997451990054238,1,all_measured_arrivals
B,455,0.9999,0.9997451990054238,1,all_measured_arrivals
B,456,0.9999,0.9997451990054238,1,all_measured_arrivals
B,457,0.9999,0.9997451990054238,1,all_measured_arrivals
B,458,0.9999,0.9997451990054238,1,all_measured_arrivals
B,459,0.9999,0.9997451990054238,1,all_measured_arrivals
B,460,0.9999,0.9997451990054238,1,all_measured_arrivals
B,461,0.9999,0.9997451990054238,1,all_measured_arrivals
B,462,0.9999,0.9997451990054238,1,all_measured_arrivals
B,463,0.9999,0.9997451990054238,1,all_measured_arrivals
B,464,0.9999,0.9997451990054238,1,all_measured_arrivals
B,465,0.9999,0.9997451990054238,1,all_measured_arrivals
B,466,0.9999,0.9997451990054238,1,all_measured_arrivals
B,467,0.9999,0.9997451990054238,1,all_measured_arrivals
B,468,0.9999,0.9997451990054238,1,all_measured_arrivals
B,469,0.9999,0.9997451990054238,1,all_measured_arrivals
B,470,0.9999,0.9997451990054238,1,all_measured_arrivals
B,471,0.9999,0.9997451990054238,1,all_measured_arrivals
B,472,0.9999,0.9997451990054238,1,all_measured_arrivals
B,473,0.9999,0.9997451990054238,1,all_measured_arrivals
B,474,0.9999,0.9997451990054238,1,all_measured_arrivals
B,475,0.9999,0.9997451990054238,1,all_measured_arrivals
B,476,0.9999,0.9997451990054238,1,all_measured_arrivals
B,477,0.9999,0.9997451990054238,1,all_measured_arrivals
B,478,0.9999,0.9997451990054238,1,all_measured_arrivals
B,479,0.9999,0.9997451990054238,1,all_measured_arrivals
B,480,0.9999,0.9997451990054238,1,all_measured_arrivals
B,481,0.9999,0.9997451990054238,1,all_measured_arrivals
B,482,0.9999,0.9997451990054238,1,all_measured_arrivals
B,483,0.9999,0.9997451990054238,1,all_measured_arrivals
B,484,0.9999,0.9997451990054238,1,all_measured_arrivals
B,485,0.9999,0.9997451990054238,1,all_measured_arrivals
B,486,0.9999,0.9997451990054238,1,all_measured_arrivals
B,487,0.9999,0.9997451990054238,1,all_measured_arrivals
B,488,0.9999,0.9997451990054238,1,all_measured_arrivals
B,489,0.9999,0.9997451990054238,1,all_measured_arrivals
B,490,0.9999,0.9997451990054238,1,all_measured_arrivals
B,491,0.9999,0.9997451990054238,1,all_measured_arrivals
B,492,0.9999,0.9997451990054238,1,all_measured_arrivals
B,493,0.9999,0.9997451990054238,1,all_measured_arrivals
B,494,0.9999,0.9997451990054238,1,all_measured_arrivals
B,495,0.9999,0.9997451990054238,1,all_measured_arrivals
B,496,0.9999,0.9997451990054238,1,all_measured_arrivals
B,497,0.9999,0.9997451990054238,1,all_measured_arrivals
B,498,0.9999,0.9997451990054238,1,all_measured_arrivals
B,499,0.9999,0.9997451990054238,1,all_measured_arrivals
B,500,0.9999,0.9997451990054238,1,all_measured_arrivals
B,501,0.9999,0.9997451990054238,1,all_measured_arrivals
B,502,0.9999,0.9997451990054238,1,all_measured_arrivals
B,503,0.9999,0.9997451990054238,1,all_measured_arrivals
B,504,0.9999,0.9997451990054238,1,all_measured_arrivals
B,505,0.9999,0.9997451990054238,1,all_measured_arrivals
B,506,0.9999,0.9997451990054238,1,all_measured_arrivals
B,507,0.9999,0.9997451990054238,1,all_measured_arrivals
B,508,0.9999,0.9997451990054238,1,all_measured_arrivals
B,509,0.9999,0.9997451990054238,1,all_measured_arrivals
B,510,0.9999,0.9997451990054238,1,all_measured_arrivals
B,511,0.9999,0.9997451990054238,1,all_measured_arrivals
B,512,0.9999,0.9997451990054238,1,all_measured_arrivals
B,513,0.9999,0.9997451990054238,1,all_measured_arrivals
B,514,0.9999,0.9997451990054238,1,all_measured_arrivals
B,515,0.9999,0.9997451990054238,1,all_measured_arrivals
B,516,0.9999,0.9997451990054238,1,all_measured_arrivals
B,517,0.9999,0.9997451990054238,1,all_measured_arrivals
B,518,0.9999,0.9997451990054238,1,all_measured_arrivals
B,519,0.9999,0.9997451990054238,1,all_measured_arrivals
B,520,0.9999,0.9997451990054238,1,all_measured_arrivals
B,521,0.9999,0.9997451990054238,1,all_measured_arrivals
B,522,0.9999,0.9997451990054238,1,all_measured_arrivals
B,523,0.9999,0.9997451990054238,1,all_measured_arrivals
B,524,0.9999,0.9997451990054238,1,all_measured_arrivals
B,525,0.9999,0.9997451990054238,1,all_measured_arrivals
B,526,0.9999,0.9997451990054238,1,all_measured_arrivals
B,527,0.9999,0.9997451990054238,1,all_measured_arrivals
B,528,0.9999,0.9997451990054238,1,all_measured_arrivals
B,529,0.9999,0.9997451990054238,1,all_measured_arrivals
B,530,0.9999,0.9997451990054238,1,all_measured_arrivals
B,531,0.9999,0.9997451990054238,1,all_measured_arrivals
B,532,0.9999,0.9997451990054238,1,all_measured_arrivals
B,533,0.9999,0.9997451990054238,1,all_measured_arrivals
B,534,0.9999,0.9997451990054238,1,all_measured_arrivals
B,535,0.9999,0.9997451990054238,1,all_measured_arrivals
B,536,0.9999,0.9997451990054238,1,all_measured_arrivals
B,537,0.9999,0.9997451990054238,1,all_measured_arrivals
B,538,0.9999,0.9997451990054238,1,all_measured_arrivals
B,539,0.9999,0.9997451990054238,1,all_measured_arrivals
B,540,0.9999,0.9997451990054238,1,all_measured_arrivals
B,541,0.9999,0.9997451990054238,1,all_measured_arrivals
B,542,0.9999,0.9997451990054238,1,all_measured_arrivals
B,543,0.9999,0.9997451990054238,1,all_measured_arrivals
B,544,0.9999,0.9997451990054238,1,all_measured_arrivals
B,545,0.9999,0.9997451990054238,1,all_measured_arrivals
B,546,0.9999,0.9997451990054238,1,all_measured_arrivals
B,547,0.9999,0.9997451990054238,1,all_measured_arrivals
B,548,0.9999,0.9997451990054238,1,all_measured_arrivals
B,549,0.9999,0.9997451990054238,1,all_measured_arrivals
B,550,0.9999,0.9997451990054238,1,all_measured_arrivals
B,551,0.9999,0.9997451990054238,1,all_measured_arrivals
B,552,0.9999,0.9997451990054238,1,all_measured_arrivals
B,553,0.9999,0.9997451990054238,1,all_measured_arrivals
B,554,0.9999,0.9997451990054238,1,all_measured_arrivals
B,555,0.9999,0.9997451990054238,1,all_measured_arrivals
B,556,0.9999,0.9997451990054238,1,all_measured_arrivals
B,557,0.9999,0.9997451990054238,1,all_measured_arrivals
B,558,0.9999,0.9997451990054238,1,all_measured_arrivals
B,559,0.9999,0.9997451990054238,1,all_measured_arrivals
B,560,0.9999,0.9997451990054238,1,all_measured_arrivals
B,561,0.9999,0.9997451990054238,1,all_measured_arrivals
B,562,0.9999,0.9997451990054238,1,all_measured_arrivals
B,563,0.9999,0.9997451990054238,1,all_measured_arrivals
B,564,0.9999,0.9997451990054238,1,all_measured_arrivals
B,565,0.9999,0.9997451990054238,1,all_measured_arrivals
B,566,0.9999,0.9997451990054238,1,all_measured_arrivals
B,567,0.9999,0.9997451990054238,1,all_measured_arrivals
B,568,0.9999,0.9997451990054238,1,all_measured_arrivals
B,569,0.9999,0.9997451990054238,1,all_measured_arrivals
B,570,0.9999,0.9997451990054238,1,all_measured_arrivals
B,571,0.9999,0.9997451990054238,1,all_measured_arrivals
B,572,0.9999,0.9997451990054238,1,all_measured_arrivals
B,573,0.9999,0.9997451990054238,1,all_measured_arrivals
B,574,0.9999,0.9997451990054238,1,all_measured_arrivals
B,575,0.9999,0.9997451990054238,1,all_measured_arrivals
B,576,0.9999,0.9997451990054238,1,all_measured_arrivals
B,577,0.9999,0.9997451990054238,1,all_measured_arrivals
B,578,0.9999,0.9997451990054238,1,all_measured_arrivals
B,579,0.9999,0.9997451990054238,1,all_measured_arrivals
B,580,0.9999,0.9997451990054238,1,all_measured_arrivals
B,581,0.9999,0.9997451990054238,1,all_measured_arrivals
B,582,0.9999,0.9997451990054238,1,all_measured_arrivals
B,583,0.9999,0.9997451990054238,1,all_measured_arrivals
B,584,0.9999,0.9997451990054238,1,all_measured_arrivals
B,585,0.9999,0.9997451990054238,1,all_measured_arrivals
B,586,0.9999,0.9997451990054238,1,all_measured_arrivals
B,587,0.9999,0.9997451990054238,1,all_measured_arrivals
B,588,0.9999,0.9997451990054238,1,all_measured_arrivals
B,589,0.9999,0.9997451990054238,1,all_measured_arrivals
B,590,0.9999,0.9997451990054238,1,all_measured_arrivals
B,591,0.9999,0.9997451990054238,1,all_measured_arrivals
B,592,0.9999,0.9997451990054238,1,all_measured_arrivals
B,593,0.9999,0.9997451990054238,1,all_measured_arrivals
B,594,0.9999,0.9997451990054238,1,all_measured_arrivals
B,595,0.9999,0.9997451990054238,1,all_measured_arrivals
B,596,0.9999,0.9997451990054238,1,all_measured_arrivals
B,597,0.9999,0.9997451990054238,1,all_measured_arrivals
B,598,0.9999,0.9997451990054238,1,all_measured_arrivals
B,599,0.9999,0.9997451990054238,1,all_measured_arrivals
B,600,0.9999,0.9997451990054238,1,all_measured_arrivals
B,601,0.9999,0.9997451990054238,1,all_measured_arrivals
B,602,0.9999,0.9997451990054238,1,all_measured_arrivals
B,603,0.9999,0.9997451990054238,1,all_measured_arrivals
B,604,0.9999,0.9997451990054238,1,all_measured_arrivals
B,605,0.9999,0.9997451990054238,1,all_measured_arrivals
B,606,0.9999,0.9997451990054238,1,all_measured_arrivals
B,607,0.9999,0.9997451990054238,1,all_measured_arrivals
B,608,0.9999,0.9997451990054238,1,all_measured_arrivals
B,609,0.9999,0.9997451990054238,1,all_measured_arrivals
B,610,0.9999,0.9997451990054238,1,all_measured_arrivals
B,611,0.9999,0.9997451990054238,1,all_measured_arrivals
B,612,0.9999,0.9997451990054238,1,all_measured_arrivals
B,613,0.9999,0.9997451990054238,1,all_measured_arrivals
B,614,0.9999,0.9997451990054238,1,all_measured_arrivals
B,615,0.9999,0.9997451990054238,1,all_measured_arrivals
B,616,0.9999,0.9997451990054238,1,all_measured_arrivals
B,617,0.9999,0.9997451990054238,1,all_measured_arrivals
B,618,0.9999,0.9997451990054238,1,all_measured_arrivals
B,619,0.9999,0.9997451990054238,1,all_measured_arrivals
B,620,0.9999,0.9997451990054238,1,all_measured_arrivals
B,621,0.9999,0.9997451990054238,1,all_measured_arrivals
B,622,0.9999,0.9997451990054238,1,all_measured_arrivals
B,623,0.9999,0.9997451990054238,1,all_measured_arrivals
B,624,0.9999,0.9997451990054238,1,all_measured_arrivals
B,625,0.9999,0.9997451990054238,1,all_measured_arrivals
B,626,0.9999,0.9997451990054238,1,all_measured_arrivals
B,627,0.9999,0.9997451990054238,1,all_measured_arrivals
B,628,0.9999,0.9997451990054238,1,all_measured_arrivals
B,629,0.9999,0.9997451990054238,1,all_measured_arrivals
B,630,0.9999,0.9997451990054238,1,all_measured_arrivals
B,631,0.9999,0.9997451990054238,1,all_measured_arrivals
B,632,0.9999,0.9997451990054238,1,all_measured_arrivals
B,633,0.9999,0.9997451990054238,1,all_measured_arrivals
B,634,0.9999,0.9997451990054238,1,all_measured_arrivals
B,635,0.9999,0.9997451990054238,1,all_measured_arrivals
B,636,0.9999,0.9997451990054238,1,all_measured_arrivals
B,637,0.9999,0.9997451990054238,1,all_measured_arrivals
B,638,0.9999,0.9997451990054238,1,all_measured_arrivals
B,639,0.9999,0.9997451990054238,1,all_measured_arrivals
B,640,0.9999,0.9997451990054238,1,all_measured_arrivals
B,641,0.9999,0.9997451990054238,1,all_measured_arrivals
B,642,0.9999,0.9997451990054238,1,all_measured_arrivals
B,643,0.9999,0.9997451990054238,1,all_measured_arrivals
B,644,0.9999,0.9997451990054238,1,all_measured_arrivals
B,645,0.9999,0.9997451990054238,1,all_measured_arrivals
B,646,0.9999,0.9997451990054238,1,all_measured_arrivals
B,647,0.9999,0.9997451990054238,1,all_measured_arrivals
B,648,0.9999,0.9997451990054238,1,all_measured_arrivals
B,649,0.9999,0.9997451990054238,1,all_measured_arrivals
B,650,0.9999,0.9997451990054238,1,all_measured_arrivals
B,651,0.9999,0.9997451990054238,1,all_measured_arrivals
B,652,0.9999,0.9997451990054238,1,all_measured_arrivals
B,653,0.9999,0.9997451990054238,1,all_measured_arrivals
B,654,0.9999,0.9997451990054238,1,all_measured_arrivals
B,655,0.9999,0.9997451990054238,1,all_measured_arrivals
B,656,0.9999,0.9997451990054238,1,all_measured_arrivals
B,657,0.9999,0.9997451990054238,1,all_measured_arrivals
B,658,0.9999,0.9997451990054238,1,all_measured_arrivals
B,659,0.9999,0.9997451990054238,1,all_measured_arrivals
B,660,0.9999,0.9997451990054238,1,all_measured_arrivals
B,661,0.9999,0.9997451990054238,1,all_measured_arrivals
B,662,0.9999,0.9997451990054238,1,all_measured_arrivals
B,663,0.9999,0.9997451990054238,1,all_measured_arrivals
B,664,0.9999,0.9997451990054238,1,all_measured_arrivals
B,665,0.9999,0.9997451990054238,1,all_measured_arrivals
B,666,0.9999,0.9997451990054238,1,all_measured_arrivals
B,667,0.9999,0.9997451990054238,1,all_measured_arrivals
B,668,0.9999,0.9997451990054238,1,all_measured_arrivals
B,669,0.9999,0.9997451990054238,1,all_measured_arrivals
B,670,0.9999,0.9997451990054238,1,all_measured_arrivals
B,671,0.9999,0.9997451990054238,1,all_measured_arrivals
B,672,0.9999,0.9997451990054238,1,all_measured_arrivals
B,673,0.9999,0.9997451990054238,1,all_measured_arrivals
B,674,0.9999,0.9997451990054238,1,all_measured_arrivals
B,675,0.9999,0.9997451990054238,1,all_measured_arrivals
B,676,0.9999,0.9997451990054238,1,all_measured_arrivals
B,677,0.9999,0.9997451990054238,1,all_measured_arrivals
B,678,0.9999,0.9997451990054238,1,all_measured_arrivals
B,679,0.9999,0.9997451990054238,1,all_measured_arrivals
B,680,0.9999,0.9997451990054238,1,all_measured_arrivals
B,681,0.9999,0.9997451990054238,1,all_measured_arrivals
B,682,0.9999,0.9997451990054238,1,all_measured_arrivals
B,683,0.9999,0.9997451990054238,1,all_measured_arrivals
B,684,0.9999,0.9997451990054238,1,all_measured_arrivals
B,685,0.9999,0.9997451990054238,1,all_measured_arrivals
B,686,0.9999,0.9997451990054238,1,all_measured_arrivals
B,687,0.9999,0.9997451990054238,1,all_measured_arrivals
B,688,0.9999,0.9997451990054238,1,all_measured_arrivals
B,689,0.9999,0.9997451990054238,1,all_measured_arrivals
B,690,0.9999,0.9997451990054238,1,all_measured_arrivals
B,691,0.9999,0.9997451990054238,1,all_measured_arrivals
B,692,0.9999,0.9997451990054238,1,all_measured_arrivals
B,693,0.9999,0.9997451990054238,1,all_measured_arrivals
B,694,0.9999,0.9997451990054238,1,all_measured_arrivals
B,695,0.9999,0.9997451990054238,1,all_measured_arrivals
B,696,0.9999,0.9997451990054238,1,all_measured_arrivals
B,697,0.9999,0.9997451990054238,1,all_measured_arrivals
B,698,0.9999,0.9997451990054238,1,all_measured_arrivals
B,699,0.9999,0.9997451990054238,1,all_measured_arrivals
B,700,0.9999,0.9997451990054238,1,all_measured_arrivals
B,701,0.9999,0.9997451990054238,1,all_measured_arrivals
B,702,0.9999,0.9997451990054238,1,all_measured_arrivals
B,703,0.9999,0.9997451990054238,1,all_measured_arrivals
B,704,0.9999,0.9997451990054238,1,all_measured_arrivals
B,705,0.9999,0.9997451990054238,1,all_measured_arrivals
B,706,0.9999,0.9997451990054238,1,all_measured_arrivals
B,707,0.9999,0.9997451990054238,1,all_measured_arrivals
B,708,0.9999,0.9997451990054238,1,all_measured_arrivals
B,709,0.9999,0.9997451990054238,1,all_measured_arrivals
B,710,0.9999,0.9997451990054238,1,all_measured_arrivals
B,711,0.9999,0.9997451990054238,1,all_measured_arrivals
B,712,0.9999,0.9997451990054238,1,all_measured_arrivals
B,713,0.9999,0.9997451990054238,1,all_measured_arrivals
B,714,0.9999,0.9997451990054238,1,all_measured_arrivals
B,715,0.9999,0.9997451990054238,1,all_measured_arrivals
B,716,0.9999,0.9997451990054238,1,all_measured_arrivals
B,717,0.9999,0.9997451990054238,1,all_measured_arrivals
B,718,0.9999,0.9997451990054238,1,all_measured_arrivals
B,719,0.9999,0.9997451990054238,1,all_measured_arrivals
B,720,0.9999,0.9997451990054238,1,all_measured_arrivals
B,721,0.9999,0.9997451990054238,1,all_measured_arrivals
B,722,0.9999,0.9997451990054238,1,all_measured_arrivals
B,723,0.9999,0.9997451990054238,1,all_measured_arrivals
B,724,0.9999,0.9997451990054238,1,all_measured_arrivals
B,725,0.9999,0.9997451990054238,1,all_measured_arrivals
B,726,0.9999,0.9997451990054238,1,all_measured_arrivals
B,727,0.9999,0.9997451990054238,1,all_measured_arrivals
B,728,0.9999,0.9997451990054238,1,all_measured_arrivals
B,729,0.9999,0.9997451990054238,1,all_measured_arrivals
B,730,0.9999,0.9997451990054238,1,all_measured_arrivals
B,731,0.9999,0.9997451990054238,1,all_measured_arrivals
B,732,0.9999,0.9997451990054238,1,all_measured_arrivals
B,733,0.9999,0.9997451990054238,1,all_measured_arrivals
B,734,0.9999,0.9997451990054238,1,all_measured_arrivals
B,735,0.9999,0.9997451990054238,1,all_measured_arrivals
B,736,0.9999,0.9997451990054238,1,all_measured_arrivals
B,737,0.9999,0.9997451990054238,1,all_measured_arrivals
B,738,0.9999,0.9997451990054238,1,all_measured_arrivals
B,739,0.9999,0.9997451990054238,1,all_measured_arrivals
B,740,0.9999,0.9997451990054238,1,all_measured_arrivals
B,741,0.9999,0.9997451990054238,1,all_measured_arrivals
B,742,0.9999,0.9997451990054238,1,all_measured_arrivals
B,743,0.9999,0.9997451990054238,1,all_measured_arrivals
B,744,0.9999,0.9997451990054238,1,all_measured_arrivals
B,745,0.9999,0.9997451990054238,1,all_measured_arrivals
B,746,0.9999,0.9997451990054238,1,all_measured_arrivals
B,747,0.9999,0.9997451990054238,1,all_measured_arrivals
B,748,0.9999,0.9997451990054238,1,all_measured_arrivals
B,749,0.9999,0.9997451990054238,1,all_measured_arrivals
B,750,0.9999,0.9997451990054238,1,all_measured_arrivals
B,751,0.9999,0.9997451990054238,1,all_measured_arrivals
B,752,0.9999,0.9997451990054238,1,all_measured_arrivals
B,753,0.9999,0.9997451990054238,1,all_measured_arrivals
B,754,0.9999,0.9997451990054238,1,all_measured_arrivals
B,755,0.9999,0.9997451990054238,1,all_measured_arrivals
B,756,0.9999,0.9997451990054238,1,all_measured_arrivals
B,757,0.9999,0.9997451990054238,1,all_measured_arrivals
B,758,0.9999,0.9997451990054238,1,all_measured_arrivals
B,759,0.9999,0.9997451990054238,1,all_measured_arrivals
B,760,0.9999,0.9997451990054238,1,all_measured_arrivals
B,761,0.9999,0.9997451990054238,1,all_measured_arrivals
B,762,0.9999,0.9997451990054238,1,all_measured_arrivals
B,763,0.9999,0.9997451990054238,1,all_measured_arrivals
B,764,0.9999,0.9997451990054238,1,all_measured_arrivals
B,765,0.9999,0.9997451990054238,1,all_measured_arrivals
B,766,0.9999,0.9997451990054238,1,all_measured_arrivals
B,767,0.9999,0.9997451990054238,1,all_measured_arrivals
B,768,0.9999,0.9997451990054238,1,all_measured_arrivals
B,769,0.9999,0.9997451990054238,1,all_measured_arrivals
B,770,0.9999,0.9997451990054238,1,all_measured_arrivals
B,771,0.9999,0.9997451990054238,1,all_measured_arrivals
B,772,0.9999,0.9997451990054238,1,all_measured_arrivals
B,773,0.9999,0.9997451990054238,1,all_measured_arrivals
B,774,0.9999,0.9997451990054238,1,all_measured_arrivals
B,775,0.9999,0.9997451990054238,1,all_measured_arrivals
B,776,0.9999,0.9997451990054238,1,all_measured_arrivals
B,777,0.9999,0.9997451990054238,1,all_measured_arrivals
B,778,0.9999,0.9997451990054238,1,all_measured_arrivals
B,779,0.9999,0.9997451990054238,1,all_measured_arrivals
B,780,0.9999,0.9997451990054238,1,all_measured_arrivals
B,781,0.9999,0.9997451990054238,1,all_measured_arrivals
B,782,0.9999,0.9997451990054238,1,all_measured_arrivals
B,783,0.9999,0.9997451990054238,1,all_measured_arrivals
B,784,0.9999,0.9997451990054238,1,all_measured_arrivals
B,785,0.9999,0.9997451990054238,1,all_measured_arrivals
B,786,0.9999,0.9997451990054238,1,all_measured_arrivals
B,787,0.9999,0.9997451990054238,1,all_measured_arrivals
B,788,0.9999,0.9997451990054238,1,all_measured_arrivals
B,789,0.9999,0.9997451990054238,1,all_measured_arrivals
B,790,0.9999,0.9997451990054238,1,all_measured_arrivals
B,791,0.9999,0.9997451990054238,1,all_measured_arrivals
B,792,0.9999,0.9997451990054238,1,all_measured_arrivals
B,793,0.9999,0.9997451990054238,1,all_measured_arrivals
B,794,0.9999,0.9997451990054238,1,all_measured_arrivals
B,795,0.9999,0.9997451990054238,1,all_measured_arrivals
B,796,0.9999,0.9997451990054238,1,all_measured_arrivals
B,797,0.9999,0.9997451990054238,1,all_measured_arrivals
B,798,0.9999,0.9997451990054238,1,all_measured_arrivals
B,799,0.9999,0.9997451990054238,1,all_measured_arrivals
B,800,0.9999,0.9997451990054238,1,all_measured_arrivals
B,801,0.9999,0.9997451990054238,1,all_measured_arrivals
B,802,0.9999,0.9997451990054238,1,all_measured_arrivals
B,803,0.9999,0.9997451990054238,1,all_measured_arrivals
B,804,0.9999,0.9997451990054238,1,all_measured_arrivals
B,805,0.9999,0.9997451990054238,1,all_measured_arrivals
B,806,0.9999,0.9997451990054238,1,all_measured_arrivals
B,807,0.9999,0.9997451990054238,1,all_measured_arrivals
B,808,0.9999,0.9997451990054238,1,all_measured_arrivals
B,809,0.9999,0.9997451990054238,1,all_measured_arrivals
B,810,0.9999,0.9997451990054238,1,all_measured_arrivals
B,811,0.9999,0.9997451990054238,1,all_measured_arrivals
B,812,0.9999,0.9997451990054238,1,all_measured_arrivals
B,813,0.9999,0.9997451990054238,1,all_measured_arrivals
B,814,0.9999,0.9997451990054238,1,all_measured_arrivals
B,815,0.9999,0.9997451990054238,1,all_measured_arrivals
B,816,0.9999,0.9997451990054238,1,all_measured_arrivals
B,817,0.9999,0.9997451990054238,1,all_measured_arrivals
B,818,0.9999,0.9997451990054238,1,all_measured_arrivals
B,819,0.9999,0.9997451990054238,1,all_measured_arrivals
B,820,0.9999,0.9997451990054238,1,all_measured_arrivals
B,821,0.9999,0.9997451990054238,1,all_measured_arrivals
B,822,0.9999,0.9997451990054238,1,all_measured_arrivals
B,823,0.9999,0.9997451990054238,1,all_measured_arrivals
B,824,0.9999,0.9997451990054238,1,all_measured_arrivals
B,825,0.9999,0.9997451990054238,1,all_measured_arrivals
B,826,0.9999,0.9997451990054238,1,all_measured_arrivals
B,827,0.9999,0.9997451990054238,1,all_measured_arrivals
B,828,0.9999,0.9997451990054238,1,all_measured_arrivals
B,829,0.9999,0.9997451990054238,1,all_measured_arrivals
B,830,0.9999,0.9997451990054238,1,all_measured_arrivals
B,831,0.9999,0.9997451990054238,1,all_measured_arrivals
B,832,0.9999,0.9997451990054238,1,all_measured_arrivals
B,833,0.9999,0.9997451990054238,1,all_measured_arrivals
B,834,0.9999,0.9997451990054238,1,all_measured_arrivals
B,835,0.9999,0.9997451990054238,1,all_measured_arrivals
B,836,0.9999,0.9997451990054238,1,all_measured_arrivals
B,837,0.9999,0.9997451990054238,1,all_measured_arrivals
B,838,0.9999,0.9997451990054238,1,all_measured_arrivals
B,839,0.9999,0.9997451990054238,1,all_measured_arrivals
B,840,0.9999,0.9997451990054238,1,all_measured_arrivals
B,841,0.9999,0.9997451990054238,1,all_measured_arrivals
B,842,0.9999,0.9997451990054238,1,all_measured_arrivals
B,843,0.9999,0.9997451990054238,1,all_measured_arrivals
B,844,0.9999,0.9997451990054238,1,all_measured_arrivals
B,845,0.9999,0.9997451990054238,1,all_measured_arrivals
B,846,0.9999,0.9997451990054238,1,all_measured_arrivals
B,847,0.9999,0.9997451990054238,1,all_measured_arrivals
B,848,0.9999,0.9997451990054238,1,all_measured_arrivals
B,849,0.9999,0.9997451990054238,1,all_measured_arrivals
B,850,0.9999,0.9997451990054238,1,all_measured_arrivals
B,851,0.9999,0.9997451990054238,1,all_measured_arrivals
B,852,0.9999,0.9997451990054238,1,all_measured_arrivals
B,853,0.9999,0.9997451990054238,1,all_measured_arrivals
B,854,0.9999,0.9997451990054238,1,all_measured_arrivals
B,855,0.9999,0.9997451990054238,1,all_measured_arrivals
B,856,0.9999,0.9997451990054238,1,all_measured_arrivals
B,857,0.9999,0.9997451990054238,1,all_measured_arrivals
B,858,0.9999,0.9997451990054238,1,all_measured_arrivals
B,859,0.9999,0.9997451990054238,1,all_measured_arrivals
B,860,0.9999,0.9997451990054238,1,all_measured_arrivals
B,861,0.9999,0.9997451990054238,1,all_measured_arrivals
B,862,0.9999,0.9997451990054238,1,all_measured_arrivals
B,863,0.9999,0.9997451990054238,1,all_measured_arrivals
B,864,0.9999,0.9997451990054238,1,all_measured_arrivals
B,865,0.9999,0.9997451990054238,1,all_measured_arrivals
B,866,0.9999,0.9997451990054238,1,all_measured_arrivals
B,867,0.9999,0.9997451990054238,1,all_measured_arrivals
B,868,0.9999,0.9997451990054238,1,all_measured_arrivals
B,869,0.9999,0.9997451990054238,1,all_measured_arrivals
B,870,0.9999,0.9997451990054238,1,all_measured_arrivals
B,871,0.9999,0.9997451990054238,1,all_measured_arrivals
B,872,0.9999,0.9997451990054238,1,all_measured_arrivals
B,873,0.9999,0.9997451990054238,1,all_measured_arrivals
B,874,0.9999,0.9997451990054238,1,all_measured_arrivals
B,875,0.9999,0.9997451990054238,1,all_measured_arrivals
B,876,0.9999,0.9997451990054238,1,all_measured_arrivals
B,877,0.9999,0.9997451990054238,1,all_measured_arrivals
B,878,0.9999,0.9997451990054238,1,all_measured_arrivals
B,879,0.9999,0.9997451990054238,1,all_measured_arrivals
B,880,0.9999,0.9997451990054238,1,all_measured_arrivals
B,881,0.9999,0.9997451990054238,1,all_measured_arrivals
B,882,0.9999,0.9997451990054238,1,all_measured_arrivals
B,883,0.9999,0.9997451990054238,1,all_measured_arrivals
B,884,0.9999,0.9997451990054238,1,all_measured_arrivals
B,885,0.9999,0.9997451990054238,1,all_measured_arrivals
B,886,0.9999,0.9997451990054238,1,all_measured_arrivals
B,887,0.9999,0.9997451990054238,1,all_measured_arrivals
B,888,0.9999,0.9997451990054238,1,all_measured_arrivals
B,889,0.9999,0.9997451990054238,1,all_measured_arrivals
B,890,0.9999,0.9997451990054238,1,all_measured_arrivals
B,891,0.9999,0.9997451990054238,1,all_measured_arrivals
B,892,0.9999,0.9997451990054238,1,all_measured_arrivals
B,893,0.9999,0.9997451990054238,1,all_measured_arrivals
B,894,0.9999,0.9997451990054238,1,all_measured_arrivals
B,895,0.9999,0.9997451990054238,1,all_measured_arrivals
B,896,0.9999,0.9997451990054238,1,all_measured_arrivals
B,897,0.9999,0.9997451990054238,1,all_measured_arrivals
B,898,0.9999,0.9997451990054238,1,all_measured_arrivals
B,899,0.9999,0.9997451990054238,1,all_measured_arrivals
B,900,0.9999,0.9997451990054238,1,all_measured_arrivals
B,901,0.9999,0.9997451990054238,1,all_measured_arrivals
B,902,0.9999,0.9997451990054238,1,all_measured_arrivals
B,903,0.9999,0.9997451990054238,1,all_measured_arrivals
B,904,0.9999,0.9997451990054238,1,all_measured_arrivals
B,905,0.9999,0.9997451990054238,1,all_measured_arrivals
B,906,0.9999,0.9997451990054238,1,all_measured_arrivals
B,907,0.9999,0.9997451990054238,1,all_measured_arrivals
B,908,0.9999,0.9997451990054238,1,all_measured_arrivals
B,909,0.9999,0.9997451990054238,1,all_measured_arrivals
B,910,0.9999,0.9997451990054238,1,all_measured_arrivals
B,911,0.9999,0.9997451990054238,1,all_measured_arrivals
B,912,0.9999,0.9997451990054238,1,all_measured_arrivals
B,913,0.9999,0.9997451990054238,1,all_measured_arrivals
B,914,0.9999,0.9997451990054238,1,all_measured_arrivals
B,915,0.9999,0.9997451990054238,1,all_measured_arrivals
B,916,0.9999,0.9997451990054238,1,all_measured_arrivals
B,917,0.9999,0.9997451990054238,1,all_measured_arrivals
B,918,0.9999,0.9997451990054238,1,all_measured_arrivals
B,919,0.9999,0.9997451990054238,1,all_measured_arrivals
B,920,0.9999,0.9997451990054238,1,all_measured_arrivals
B,921,0.9999,0.9997451990054238,1,all_measured_arrivals
B,922,0.9999,0.9997451990054238,1,all_measured_arrivals
B,923,0.9999,0.9997451990054238,1,all_measured_arrivals
B,924,0.9999,0.9997451990054238,1,all_measured_arrivals
B,925,0.9999,0.9997451990054238,1,all_measured_arrivals
B,926,0.9999,0.9997451990054238,1,all_measured_arrivals
B,927,0.9999,0.9997451990054238,1,all_measured_arrivals
B,928,0.9999,0.9997451990054238,1,all_measured_arrivals
B,929,0.9999,0.9997451990054238,1,all_measured_arrivals
B,930,0.9999,0.9997451990054238,1,all_measured_arrivals
B,931,0.9999,0.9997451990054238,1,all_measured_arrivals
B,932,0.9999,0.9997451990054238,1,all_measured_arrivals
B,933,0.9999,0.9997451990054238,1,all_measured_arrivals
B,934,0.9999,0.9997451990054238,1,all_measured_arrivals
B,935,0.9999,0.9997451990054238,1,all_measured_arrivals
B,936,0.9999,0.9997451990054238,1,all_measured_arrivals
B,937,0.9999,0.9997451990054238,1,all_measured_arrivals
B,938,0.9999,0.9997451990054238,1,all_measured_arrivals
B,939,0.9999,0.9997451990054238,1,all_measured_arrivals
H,0,0.0,0,0.0,all_measured_arrivals
H,1,0.14784999999999998,0.1404541674858646,0.15524583251413537,all_measured_arrivals
H,2,0.14800000000000002,0.1406278311816253,0.15537216881837473,all_measured_arrivals
H,3,0.4557,0.44683119536454036,0.46456880463545963,all_measured_arrivals
H,4,0.45629999999999993,0.44729001470720514,0.4653099852927947,all_measured_arrivals
H,5,0.45680000000000004,0.44779134462705694,0.46580865537294314,all_measured_arrivals
H,6,0.45745,0.4484538776815308,0.46644612231846927,all_measured_arrivals
H,7,0.45785,0.448907311206802,0.46679268879319796,all_measured_arrivals
H,8,0.4581,0.4490264077854124,0.4671735922145876,all_measured_arrivals
H,9,0.45825,0.4490797557996236,0.46742024420037637,all_measured_arrivals
H,10,0.45864999999999995,0.449460612581313,0.4678393874186869,all_measured_arrivals
H,11,0.45875000000000005,0.44959108650844,0.4679089134915601,all_measured_arrivals
H,12,0.45895,0.44985848869443434,0.4680415113055657,all_measured_arrivals
H,13,0.45930000000000004,0.45024226764021136,0.4683577323597887,all_measured_arrivals
H,14,0.45955,0.450604631950119,0.468495368049881,all_measured_arrivals
H,15,0.4596,0.45061087272354705,0.46858912727645297,all_measured_arrivals
H,16,0.46004999999999996,0.4511691571994778,0.4689308428005221,all_measured_arrivals
H,17,0.4604,0.45164130920283824,0.4691586907971617,all_measured_arrivals
H,18,0.46054999999999996,0.45180602730504454,0.4692939726949554,all_measured_arrivals
H,19,0.46090000000000003,0.45214176520652455,0.4696582347934755,all_measured_arrivals
H,20,0.4611,0.45228721323221105,0.46991278676778897,all_measured_arrivals
H,21,0.46125,0.45247593297584265,0.47002406702415733,all_measured_arrivals
H,22,0.46155000000000007,0.45269618150800744,0.4704038184919927,all_measured_arrivals
H,23,0.46185000000000004,0.45288768192440293,0.47081231807559715,all_measured_arrivals
H,24,0.4622,0.4530558155813785,0.4713441844186215,all_measured_arrivals
H,25,0.46245,0.45337871895387644,0.4715212810461236,all_measured_arrivals
H,26,0.46275,0.4536330449593966,0.4718669550406034,all_measured_arrivals
H,27,0.46309999999999996,0.4539039870152336,0.4722960129847663,all_measured_arrivals
H,28,0.4634499999999999,0.4541930601588507,0.47270693984114914,all_measured_arrivals
H,29,0.46385,0.4545208584153591,0.47317914158464086,all_measured_arrivals
H,30,0.46449999999999997,0.45489776197855925,0.4741022380214407,all_measured_arrivals
H,31,0.4648,0.45506516290593246,0.4745348370940675,all_measured_arrivals
H,32,0.46554999999999996,0.45549637356032935,0.4756036264396706,all_measured_arrivals
H,33,0.4664500000000001,0.45573038041150926,0.4771696195884909,all_measured_arrivals
H,34,0.46710000000000007,0.45591605220107434,0.4782839477989258,all_measured_arrivals
H,35,0.46785000000000004,0.45577428209417503,0.47992571790582506,all_measured_arrivals
H,36,0.4685,0.45586086771058704,0.481139132289413,all_measured_arrivals
H,37,0.46915000000000007,0.4558461926199803,0.48245380738001986,all_measured_arrivals
H,38,0.4696,0.4560103887233452,0.48318961127665483,all_measured_arrivals
H,39,0.4701,0.4566251980644096,0.48357480193559044,all_measured_arrivals
H,40,0.47095,0.45766121142945526,0.4842387885705447,all_measured_arrivals
H,41,0.47180000000000005,0.4588286988493245,0.4847713011506756,all_measured_arrivals
H,42,0.4728,0.45957017410467005,0.48602982589532995,all_measured_arrivals
H,43,0.4734500000000001,0.46007493427780155,0.48682506572219864,all_measured_arrivals
H,44,0.47415,0.4607236720698728,0.48757632793012723,all_measured_arrivals
H,45,0.47485000000000005,0.4612598744203667,0.4884401255796334,all_measured_arrivals
H,46,0.47625,0.46212891615724266,0.49037108384275735,all_measured_arrivals
H,47,0.47765,0.46255081806248316,0.4927491819375169,all_measured_arrivals
H,48,0.47855000000000003,0.4632151271934362,0.49388487280656385,all_measured_arrivals
H,49,0.4795,0.46343173630126794,0.495568263698732,all_measured_arrivals
H,50,0.4811,0.4638929334534042,0.49830706654659584,all_measured_arrivals
H,51,0.4824,0.4645824122489083,0.5002175877510917,all_measured_arrivals
H,52,0.4835499999999999,0.4656479381589622,0.5014520618410376,all_measured_arrivals
H,53,0.48519999999999996,0.466511559503869,0.5038884404961309,all_measured_arrivals
H,54,0.4869,0.4676782704721772,0.5061217295278229,all_measured_arrivals
H,55,0.4888,0.46932786435996765,0.5082721356400324,all_measured_arrivals
H,56,0.49080000000000007,0.4700435782345995,0.5115564217654006,all_measured_arrivals
H,57,0.49305000000000004,0.47120170730568717,0.514898292694313,all_measured_arrivals
H,58,0.4945,0.4722246084242904,0.5167753915757095,all_measured_arrivals
H,59,0.4961,0.473828911946925,0.518371088053075,all_measured_arrivals
H,60,0.49755000000000005,0.47507420517955107,0.5200257948204491,all_measured_arrivals
H,61,0.49995,0.4775603759296215,0.5223396240703785,all_measured_arrivals
H,62,0.50265,0.4798674602153255,0.5254325397846745,all_measured_arrivals
H,63,0.50505,0.4814775560311458,0.5286224439688542,all_measured_arrivals
H,64,0.5075000000000001,0.4837339717601112,0.5312660282398889,all_measured_arrivals
H,65,0.50995,0.48608222495882,0.5338177750411801,all_measured_arrivals
H,66,0.51235,0.48813601180227884,0.5365639881977211,all_measured_arrivals
H,67,0.51485,0.4893970021038281,0.540302997896172,all_measured_arrivals
H,68,0.5166,0.49090054825769514,0.5422994517423048,all_measured_arrivals
H,69,0.5186499999999999,0.4927925569477026,0.5445074430522973,all_measured_arrivals
H,70,0.5207,0.4942362730702143,0.5471637269297858,all_measured_arrivals
H,71,0.52275,0.49571431910669295,0.5497856808933071,all_measured_arrivals
H,72,0.52485,0.49690827754215056,0.5527917224578495,all_measured_arrivals
H,73,0.52745,0.49926604960326204,0.5556339503967379,all_measured_arrivals
H,74,0.53015,0.5013825837838942,0.5589174162161058,all_measured_arrivals
H,75,0.5334,0.5043556589142036,0.5624443410857963,all_measured_arrivals
H,76,0.53685,0.507281557968027,0.5664184420319731,all_measured_arrivals
H,77,0.5404,0.5100695375710792,0.5707304624289208,all_measured_arrivals
H,78,0.5432,0.512391879569078,0.5740081204309221,all_measured_arrivals
H,79,0.5456999999999999,0.5146245598207382,0.5767754401792615,all_measured_arrivals
H,80,0.5478000000000001,0.5164098595827706,0.5791901404172295,all_measured_arrivals
H,81,0.5498000000000001,0.5185240689640196,0.5810759310359805,all_measured_arrivals
H,82,0.55155,0.5194644985181834,0.5836355014818165,all_measured_arrivals
H,83,0.55305,0.5208305922613992,0.5852694077386009,all_measured_arrivals
H,84,0.5547500000000001,0.5229586153090343,0.5865413846909658,all_measured_arrivals
H,85,0.5562499999999999,0.5242849689925249,0.588215031007475,all_measured_arrivals
H,86,0.5578,0.525891463109366,0.589708536890634,all_measured_arrivals
H,87,0.5600499999999999,0.5282189415839906,0.5918810584160092,all_measured_arrivals
H,88,0.5619,0.5299310646796557,0.5938689353203442,all_measured_arrivals
H,89,0.5642,0.5314489480457526,0.5969510519542475,all_measured_arrivals
H,90,0.5665,0.5336448488320701,0.5993551511679299,all_measured_arrivals
H,91,0.56905,0.535965565081741,0.6021344349182589,all_measured_arrivals
H,92,0.5704500000000001,0.5375085629521218,0.6033914370478785,all_measured_arrivals
H,93,0.5720000000000001,0.5388123611453524,0.6051876388546478,all_measured_arrivals
H,94,0.5741,0.5404094089478075,0.6077905910521926,all_measured_arrivals
H,95,0.5760000000000001,0.5422671145045557,0.6097328854954445,all_measured_arrivals
H,96,0.57785,0.5440797511673732,0.6116202488326268,all_measured_arrivals
H,97,0.58055,0.5469409785648804,0.6141590214351196,all_measured_arrivals
H,98,0.58365,0.5498932362481753,0.6174067637518247,all_measured_arrivals
H,99,0.5857500000000001,0.5517214983320494,0.6197785016679508,all_measured_arrivals
H,100,0.588,0.5533393233022541,0.6226606766977458,all_measured_arrivals
H,101,0.59045,0.5559693453245743,0.6249306546754257,all_measured_arrivals
H,102,0.5927,0.5576899831069513,0.6277100168930487,all_measured_arrivals
H,103,0.5947,0.5598266879288272,0.6295733120711728,all_measured_arrivals
H,104,0.5962999999999999,0.5612566880078007,0.6313433119921992,all_measured_arrivals
H,105,0.59765,0.5625794881918149,0.6327205118081851,all_measured_arrivals
H,106,0.5991500000000001,0.5641862439955824,0.6341137560044178,all_measured_arrivals
H,107,0.60205,0.5669517120438565,0.6371482879561434,all_measured_arrivals
H,108,0.60405,0.5690570134699473,0.6390429865300526,all_measured_arrivals
H,109,0.60635,0.5717080241410478,0.6409919758589521,all_measured_arrivals
H,110,0.60855,0.5737559438975118,0.6433440561024882,all_measured_arrivals
H,111,0.6107499999999999,0.5760444421247858,0.645455557875214,all_measured_arrivals
H,112,0.61255,0.5778847432793925,0.6472152567206075,all_measured_arrivals
H,113,0.6143000000000001,0.5793507255799673,0.6492492744200329,all_measured_arrivals
H,114,0.61615,0.5812335670217696,0.6510664329782303,all_measured_arrivals
H,115,0.6187,0.5833119147931112,0.6540880852068889,all_measured_arrivals
H,116,0.6204,0.5851022049374158,0.6556977950625841,all_measured_arrivals
H,117,0.62215,0.5871325973010914,0.6571674026989086,all_measured_arrivals
H,118,0.6244500000000001,0.5894643188117846,0.6594356811882155,all_measured_arrivals
H,119,0.6266499999999999,0.591571061954451,0.6617289380455489,all_measured_arrivals
H,120,0.6286,0.5936871989117973,0.6635128010882028,all_measured_arrivals
H,121,0.6308499999999999,0.5956880464744762,0.6660119535255237,all_measured_arrivals
H,122,0.63405,0.5990063745913059,0.6690936254086941,all_measured_arrivals
H,123,0.637,0.6017937476020724,0.6722062523979276,all_measured_arrivals
H,124,0.63935,0.6045284060115446,0.6741715939884554,all_measured_arrivals
H,125,0.6414,0.6063101051799437,0.6764898948200563,all_measured_arrivals
H,126,0.6441,0.6087281703341518,0.6794718296658482,all_measured_arrivals
H,127,0.64625,0.6105369319038029,0.6819630680961971,all_measured_arrivals
H,128,0.6501000000000001,0.6135535210571974,0.6866464789428028,all_measured_arrivals
H,129,0.65455,0.6183230667747835,0.6907769332252164,all_measured_arrivals
H,130,0.65705,0.6205270516948134,0.6935729483051867,all_measured_arrivals
H,131,0.65935,0.6223658695866724,0.6963341304133276,all_measured_arrivals
H,132,0.6614999999999999,0.6246514015500314,0.6983485984499683,all_measured_arrivals
H,133,0.664,0.6276286835724302,0.7003713164275699,all_measured_arrivals
H,134,0.6676,0.631403921362797,0.703796078637203,all_measured_arrivals
H,135,0.67025,0.6339666644915841,0.7065333355084159,all_measured_arrivals
H,136,0.6730499999999999,0.6368914841888231,0.7092085158111767,all_measured_arrivals
H,137,0.6759000000000001,0.639876131091467,0.7119238689085331,all_measured_arrivals
H,138,0.6783999999999999,0.6421686296263089,0.7146313703736908,all_measured_arrivals
H,139,0.6808,0.6436438914783843,0.7179561085216156,all_measured_arrivals
H,140,0.68385,0.6462243611879814,0.7214756388120185,all_measured_arrivals
H,141,0.687,0.6509777941486149,0.7230222058513852,all_measured_arrivals
H,142,0.68955,0.6539675678419157,0.7251324321580843,all_measured_arrivals
H,143,0.6927,0.6571035121386897,0.7282964878613103,all_measured_arrivals
H,144,0.6958,0.6605769620881816,0.7310230379118183,all_measured_arrivals
H,145,0.6990500000000001,0.6639628653955103,0.7341371346044898,all_measured_arrivals
H,146,0.7018,0.6673232548058574,0.7362767451941425,all_measured_arrivals
H,147,0.7041,0.6690475715820735,0.7391524284179264,all_measured_arrivals
H,148,0.70605,0.6705736837950732,0.7415263162049267,all_measured_arrivals
H,149,0.7078,0.6728643271661682,0.7427356728338318,all_measured_arrivals
H,150,0.7102,0.6755679117139785,0.7448320882860217,all_measured_arrivals
H,151,0.7125,0.6772929535123284,0.7477070464876716,all_measured_arrivals
H,152,0.7142999999999999,0.6783782743856892,0.7502217256143107,all_measured_arrivals
H,153,0.71615,0.6799724909055183,0.7523275090944817,all_measured_arrivals
H,154,0.7186999999999999,0.682748934011257,0.7546510659887428,all_measured_arrivals
H,155,0.7209999999999999,0.6854231523867232,0.7565768476132765,all_measured_arrivals
H,156,0.72355,0.6875307046833888,0.7595692953166112,all_measured_arrivals
H,157,0.7270000000000001,0.6908211385665795,0.7631788614334207,all_measured_arrivals
H,158,0.7302500000000001,0.6933588573047796,0.7671411426952205,all_measured_arrivals
H,159,0.73315,0.6952883907988446,0.7710116092011553,all_measured_arrivals
H,160,0.7371,0.6995654137729593,0.7746345862270406,all_measured_arrivals
H,161,0.74025,0.7034420960622432,0.7770579039377568,all_measured_arrivals
H,162,0.7429,0.7059712826261044,0.7798287173738956,all_measured_arrivals
H,163,0.7456500000000001,0.7090770023466394,0.7822229976533609,all_measured_arrivals
H,164,0.74875,0.7125722701120347,0.7849277298879653,all_measured_arrivals
H,165,0.7516999999999999,0.7153072771520276,0.7880927228479723,all_measured_arrivals
H,166,0.7541500000000001,0.7173347183698034,0.7909652816301967,all_measured_arrivals
H,167,0.7559499999999999,0.7189712694471808,0.792928730552819,all_measured_arrivals
H,168,0.75825,0.7213670860983242,0.7951329139016757,all_measured_arrivals
H,169,0.7602500000000001,0.7233982855693534,0.7971017144306468,all_measured_arrivals
H,170,0.76185,0.7250994320716414,0.7986005679283587,all_measured_arrivals
H,171,0.7644000000000001,0.7277168456268359,0.8010831543731642,all_measured_arrivals
H,172,0.7666499999999999,0.729992140648326,0.8033078593516739,all_measured_arrivals
H,173,0.76925,0.7328087202879283,0.8056912797120717,all_measured_arrivals
H,174,0.7714,0.7349874188645288,0.8078125811354712,all_measured_arrivals
H,175,0.77435,0.7384097393739952,0.8102902606260047,all_measured_arrivals
H,176,0.7768000000000002,0.7407498649707802,0.8128501350292201,all_measured_arrivals
H,177,0.77875,0.7424263993516236,0.8150736006483765,all_measured_arrivals
H,178,0.78085,0.7443916270090754,0.8173083729909247,all_measured_arrivals
H,179,0.78245,0.7459749797243819,0.8189250202756181,all_measured_arrivals
H,180,0.78425,0.74753465986156,0.82096534013844,all_measured_arrivals
H,181,0.7863000000000001,0.7489039969274474,0.8236960030725529,all_measured_arrivals
H,182,0.789,0.751193045919582,0.826806954080418,all_measured_arrivals
H,183,0.7914500000000001,0.7530660380426015,0.8298339619573987,all_measured_arrivals
H,184,0.79325,0.7547639955555259,0.8317360044444742,all_measured_arrivals
H,185,0.7951,0.756726938937382,0.8334730610626181,all_measured_arrivals
H,186,0.7973,0.7594053615373735,0.8351946384626265,all_measured_arrivals
H,187,0.80055,0.7627574419831885,0.8383425580168115,all_measured_arrivals
H,188,0.8041999999999999,0.7662959825761412,0.8421040174238587,all_measured_arrivals
H,189,0.80655,0.7688734445353618,0.8442265554646382,all_measured_arrivals
H,190,0.8088000000000002,0.77198035212333,0.8456196478766703,all_measured_arrivals
H,191,0.8114,0.7758204582255241,0.8469795417744759,all_measured_arrivals
H,192,0.8142,0.7794688751676295,0.8489311248323705,all_measured_arrivals
H,193,0.8164,0.7816725551893433,0.8511274448106567,all_measured_arrivals
H,194,0.8201,0.7863274746127364,0.8538725253872637,all_measured_arrivals
H,195,0.8231999999999999,0.7890781712434211,0.8573218287565788,all_measured_arrivals
H,196,0.8263499999999999,0.7912594507276844,0.8614405492723154,all_measured_arrivals
H,197,0.8290000000000001,0.7936041283252945,0.8643958716747057,all_measured_arrivals
H,198,0.83165,0.7967058969878711,0.8665941030121289,all_measured_arrivals
H,199,0.8338000000000001,0.7990716351473565,0.8685283648526437,all_measured_arrivals
H,200,0.8368000000000001,0.8027475341514002,0.8708524658486,all_measured_arrivals
H,201,0.84095,0.8068183698823299,0.87508163011767,all_measured_arrivals
H,202,0.8447500000000001,0.8107353506939419,0.8787646493060584,all_measured_arrivals
H,203,0.8472999999999999,0.8134967413624082,0.8811032586375916,all_measured_arrivals
H,204,0.8499500000000001,0.8167039560524235,0.8831960439475767,all_measured_arrivals
H,205,0.85175,0.8186621851465763,0.8848378148534237,all_measured_arrivals
H,206,0.8534,0.8207314882027851,0.886068511797215,all_measured_arrivals
H,207,0.8548999999999999,0.8223707892167298,0.88742921078327,all_measured_arrivals
H,208,0.8567000000000001,0.8244945716915071,0.8889054283084932,all_measured_arrivals
H,209,0.8586,0.8255962730589066,0.8916037269410935,all_measured_arrivals
H,210,0.86005,0.8267031984205038,0.8933968015794962,all_measured_arrivals
H,211,0.86195,0.8285275905385152,0.8953724094614848,all_measured_arrivals
H,212,0.8641,0.8307722170691164,0.8974277829308835,all_measured_arrivals
H,213,0.86565,0.832458299826453,0.898841700173547,all_measured_arrivals
H,214,0.8674999999999999,0.8344127585041166,0.9005872414958833,all_measured_arrivals
H,215,0.8695,0.8364630111507054,0.9025369888492947,all_measured_arrivals
H,216,0.8710500000000001,0.8379337108286931,0.9041662891713071,all_measured_arrivals
H,217,0.8727,0.8394528448562345,0.9059471551437656,all_measured_arrivals
H,218,0.8745999999999999,0.8414885051059655,0.9077114948940344,all_measured_arrivals
H,219,0.8764500000000001,0.8431746569194472,0.909725343080553,all_measured_arrivals
H,220,0.8781999999999999,0.8451266428253308,0.911273357174669,all_measured_arrivals
H,221,0.8803500000000001,0.84767638445213,0.9130236155478701,all_measured_arrivals
H,222,0.88235,0.8505802306908786,0.9141197693091213,all_measured_arrivals
H,223,0.88385,0.8525598019041507,0.9151401980958493,all_measured_arrivals
H,224,0.8858999999999999,0.8546313486290679,0.917168651370932,all_measured_arrivals
H,225,0.8886999999999999,0.8584588157919618,0.918941184208038,all_measured_arrivals
H,226,0.8911,0.8619893172851703,0.9202106827148298,all_measured_arrivals
H,227,0.89495,0.8679146145616629,0.9219853854383372,all_measured_arrivals
H,228,0.8986999999999999,0.8733846333418283,0.9240153666581716,all_measured_arrivals
H,229,0.9012499999999999,0.8769195134748825,0.9255804865251173,all_measured_arrivals
H,230,0.9036499999999998,0.880945780833013,0.9263542191669867,all_measured_arrivals
H,231,0.9058000000000002,0.8842668904539702,0.9273331095460301,all_measured_arrivals
H,232,0.9081500000000001,0.8869594551278621,0.9293405448721381,all_measured_arrivals
H,233,0.9100000000000001,0.8890048149034439,0.9309951850965564,all_measured_arrivals
H,234,0.91225,0.8917741425504583,0.9327258574495417,all_measured_arrivals
H,235,0.9152500000000001,0.8949429748693278,0.9355570251306724,all_measured_arrivals
H,236,0.91705,0.8970134344616972,0.9370865655383028,all_measured_arrivals
H,237,0.9192000000000001,0.9008157932156728,0.9375842067843274,all_measured_arrivals
H,238,0.9212,0.9046254465949944,0.9377745534050056,all_measured_arrivals
H,239,0.9233499999999999,0.9093962122453609,0.9373037877546389,all_measured_arrivals
H,240,0.9251999999999999,0.9129991673525881,0.9374008326474117,all_measured_arrivals
H,241,0.9263999999999999,0.915672093760397,0.9371279062396027,all_measured_arrivals
H,242,0.92745,0.9176890433669967,0.9372109566330032,all_measured_arrivals
H,243,0.92875,0.9196857661495572,0.9378142338504427,all_measured_arrivals
H,244,0.9295,0.9209317031885141,0.9380682968114858,all_measured_arrivals
H,245,0.93055,0.9224254053149572,0.9386745946850428,all_measured_arrivals
H,246,0.93145,0.9238056150768724,0.9390943849231276,all_measured_arrivals
H,247,0.93195,0.9244950020343659,0.939404997965634,all_measured_arrivals
H,248,0.93245,0.9249950020343659,0.9399049979656341,all_measured_arrivals
H,249,0.9328000000000001,0.925168033607567,0.9404319663924331,all_measured_arrivals
H,250,0.9332,0.9256142247500434,0.9407857752499567,all_measured_arrivals
H,251,0.9336,0.9261395127880497,0.9410604872119502,all_measured_arrivals
H,252,0.9337,0.9262186636913813,0.9411813363086187,all_measured_arrivals
H,253,0.9339,0.926465790688292,0.9413342093117079,all_measured_arrivals
H,254,0.93415,0.9266639939847231,0.941636006015277,all_measured_arrivals
H,255,0.9345499999999999,0.926998127973264,0.9421018720267358,all_measured_arrivals
H,256,0.9348,0.9273781572982478,0.9422218427017521,all_measured_arrivals
H,257,0.9350999999999999,0.9275930827545918,0.942606917245408,all_measured_arrivals
H,258,0.9352999999999999,0.9277042278856572,0.9428957721143426,all_measured_arrivals
H,259,0.9356500000000001,0.9281267406767012,0.943173259323299,all_measured_arrivals
H,260,0.9361,0.9286571999481019,0.9435428000518982,all_measured_arrivals
H,261,0.93645,0.9288675160731228,0.9440324839268772,all_measured_arrivals
H,262,0.9367000000000001,0.929110540162743,0.9442894598372572,all_measured_arrivals
H,263,0.9372,0.9295096461283648,0.9448903538716352,all_measured_arrivals
H,264,0.9374,0.9298226533918129,0.9449773466081871,all_measured_arrivals
H,265,0.93775,0.9304257968850813,0.9450742031149186,all_measured_arrivals
H,266,0.9380000000000001,0.9305997136687878,0.9454002863312123,all_measured_arrivals
H,267,0.9387000000000001,0.9311337302331234,0.9462662697668768,all_measured_arrivals
H,268,0.9392,0.9318560563462602,0.9465439436537398,all_measured_arrivals
H,269,0.9398,0.9320806179976084,0.9475193820023915,all_measured_arrivals
H,270,0.94035,0.9326691298905799,0.9480308701094201,all_measured_arrivals
H,271,0.9408500000000001,0.9329375892806724,0.9487624107193278,all_measured_arrivals
H,272,0.94155,0.9336436487556113,0.9494563512443887,all_measured_arrivals
H,273,0.9421499999999999,0.933842627065727,0.9504573729342729,all_measured_arrivals
H,274,0.9424499999999999,0.934236424941792,0.9506635750582078,all_measured_arrivals
H,275,0.94285,0.9346715102319136,0.9510284897680863,all_measured_arrivals
H,276,0.9433499999999999,0.935086975791748,0.9516130242082518,all_measured_arrivals
H,277,0.9440999999999998,0.9355074989120145,0.9526925010879852,all_measured_arrivals
H,278,0.9447,0.9359984948629441,0.9534015051370559,all_measured_arrivals
H,279,0.9452499999999999,0.936474112393896,0.9540258876061039,all_measured_arrivals
H,280,0.9462,0.9372179843759866,0.9551820156240135,all_measured_arrivals
H,281,0.94655,0.9375485517742672,0.9555514482257328,all_measured_arrivals
H,282,0.9470000000000001,0.9380108727235471,0.955989127276453,all_measured_arrivals
H,283,0.9475000000000001,0.9388500543357509,0.9561499456642494,all_measured_arrivals
H,284,0.9479500000000002,0.9391941596155036,0.9567058403844968,all_measured_arrivals
H,285,0.9486,0.9398376620276657,0.9573623379723343,all_measured_arrivals
H,286,0.9490500000000001,0.9402006935829555,0.9578993064170446,all_measured_arrivals
H,287,0.9495,0.9407399413342029,0.9582600586657971,all_measured_arrivals
H,288,0.9500500000000001,0.9410423421958029,0.9590576578041973,all_measured_arrivals
H,289,0.95045,0.9416124357589838,0.9592875642410162,all_measured_arrivals
H,290,0.95075,0.9420417274133064,0.9594582725866936,all_measured_arrivals
H,291,0.9511999999999999,0.9425810453906784,0.9598189546093214,all_measured_arrivals
H,292,0.9519999999999998,0.9432540862932252,0.9607459137067745,all_measured_arrivals
H,293,0.9522499999999999,0.9437131075989479,0.960786892401052,all_measured_arrivals
H,294,0.9531,0.9445803180308712,0.9616196819691287,all_measured_arrivals
H,295,0.9533499999999999,0.9451024573343536,0.9615975426656462,all_measured_arrivals
H,296,0.9538,0.945475217589041,0.962124782410959,all_measured_arrivals
H,297,0.95455,0.9457750226376539,0.9633249773623461,all_measured_arrivals
H,298,0.9551,0.9465915762874829,0.963608423712517,all_measured_arrivals
H,299,0.9556,0.9471608608244942,0.9640391391755058,all_measured_arrivals
H,300,0.95605,0.9476062478183984,0.9644937521816015,all_measured_arrivals
H,301,0.9563,0.9479202269008355,0.9646797730991645,all_measured_arrivals
H,302,0.95655,0.947972036562242,0.965127963437758,all_measured_arrivals
H,303,0.95695,0.9483144952789692,0.9655855047210308,all_measured_arrivals
H,304,0.95705,0.9484590096814483,0.9656409903185517,all_measured_arrivals
H,305,0.9574499999999999,0.9487573348831109,0.966142665116889,all_measured_arrivals
H,306,0.9576499999999999,0.9488941596155033,0.9664058403844965,all_measured_arrivals
H,307,0.95795,0.9492472327359355,0.9666527672640645,all_measured_arrivals
H,308,0.9582999999999999,0.9497728207842601,0.9668271792157398,all_measured_arrivals
H,309,0.9588999999999999,0.9504518737051504,0.9673481262948493,all_measured_arrivals
H,310,0.95915,0.9507803610106308,0.9675196389893691,all_measured_arrivals
H,311,0.95975,0.9515783498649463,0.9679216501350537,all_measured_arrivals
H,312,0.96025,0.9519310967157645,0.9685689032842356,all_measured_arrivals
H,313,0.9607500000000001,0.9523327774725611,0.9691672225274391,all_measured_arrivals
H,314,0.9611000000000001,0.9524500543357508,0.9697499456642493,all_measured_arrivals
H,315,0.96135,0.9526831025732097,0.9700168974267904,all_measured_arrivals
H,316,0.96165,0.9530897476089096,0.9702102523910904,all_measured_arrivals
H,317,0.96195,0.9534121719721922,0.9704878280278078,all_measured_arrivals
H,318,0.9622999999999999,0.9539374024957301,0.9706625975042698,all_measured_arrivals
H,319,0.9628499999999999,0.9543873489845127,0.971312651015487,all_measured_arrivals
H,320,0.9635999999999999,0.9552617951510082,0.9719382048489916,all_measured_arrivals
H,321,0.96395,0.955523293007987,0.972376706992013,all_measured_arrivals
H,322,0.9644499999999999,0.9558860159236314,0.9730139840763684,all_measured_arrivals
H,323,0.96485,0.9563459193864182,0.9733540806135818,all_measured_arrivals
H,324,0.9652499999999998,0.9565087682907792,0.9739912317092204,all_measured_arrivals
H,325,0.9657500000000001,0.9570481506283326,0.9744518493716676,all_measured_arrivals
H,326,0.9659500000000001,0.9573990839469473,0.9745009160530529,all_measured_arrivals
H,327,0.9665000000000001,0.9578796553488005,0.9751203446511998,all_measured_arrivals
H,328,0.9668000000000001,0.958212613358071,0.9753873866419293,all_measured_arrivals
H,329,0.9670500000000001,0.9585355934851342,0.975564406514866,all_measured_arrivals
H,330,0.9673,0.9588518737051506,0.9757481262948495,all_measured_arrivals
H,331,0.9678,0.9593438406945815,0.9762561593054185,all_measured_arrivals
H,332,0.9682499999999999,0.9596441459634765,0.9768558540365234,all_measured_arrivals
H,333,0.9686,0.9600107532071464,0.9771892467928537,all_measured_arrivals
H,334,0.9687,0.960094494038061,0.977305505961939,all_measured_arrivals
H,335,0.9691500000000001,0.9605860159236316,0.9777139840763686,all_measured_arrivals
H,336,0.96945,0.9608034024859301,0.97809659751407,all_measured_arrivals
H,337,0.9698,0.960995828105702,0.9786041718942979,all_measured_arrivals
H,338,0.9701,0.9612636786323817,0.9789363213676182,all_measured_arrivals
H,339,0.9705499999999999,0.961918196044521,0.9791818039554788,all_measured_arrivals
H,340,0.9709999999999999,0.9623090580113846,0.9796909419886152,all_measured_arrivals
H,341,0.9714999999999999,0.9627764912324821,0.9802235087675177,all_measured_arrivals
H,342,0.9718499999999999,0.9632293078733521,0.9804706921266476,all_measured_arrivals
H,343,0.9722999999999998,0.9635344719942324,0.9810655280057673,all_measured_arrivals
H,344,0.9724999999999999,0.9636672952584894,0.9813327047415105,all_measured_arrivals
H,345,0.9729000000000001,0.9638953355651257,0.9819046644348745,all_measured_arrivals
H,346,0.9732500000000002,0.9642140098934034,0.9822859901065969,all_measured_arrivals
H,347,0.9738,0.9649037676287641,0.9826962323712359,all_measured_arrivals
H,348,0.9740500000000001,0.9651332521927088,0.9829667478072913,all_measured_arrivals
H,349,0.9744,0.9655813236940659,0.9832186763059342,all_measured_arrivals
H,350,0.9750500000000001,0.9662568356653984,0.9838431643346017,all_measured_arrivals
H,351,0.9755,0.9665487180991872,0.9844512819008129,all_measured_arrivals
H,352,0.9758,0.9667506493254272,0.9848493506745728,all_measured_arrivals
H,353,0.9764499999999999,0.9675404216184723,0.9853595783815275,all_measured_arrivals
H,354,0.97715,0.9681405688166189,0.986159431183381,all_measured_arrivals
H,355,0.9774999999999999,0.9687035433020189,0.9862964566979809,all_measured_arrivals
H,356,0.9776999999999999,0.9690629922959089,0.9863370077040909,all_measured_arrivals
H,357,0.9783000000000002,0.9694636786323819,0.9871363213676184,all_measured_arrivals
H,358,0.9786000000000001,0.9698962002226952,0.9873037997773051,all_measured_arrivals
H,359,0.9788000000000001,0.9701311443037315,0.9874688556962687,all_measured_arrivals
H,360,0.9791000000000001,0.9705205234988904,0.9876794765011098,all_measured_arrivals
H,361,0.9793499999999999,0.9708524969476128,0.9878475030523871,all_measured_arrivals
H,362,0.9796,0.9712273791167956,0.9879726208832045,all_measured_arrivals
H,363,0.9798500000000001,0.9715657359106351,0.9881342640893651,all_measured_arrivals
H,364,0.9800500000000001,0.9717860091583161,0.988313990841684,all_measured_arrivals
H,365,0.9806999999999999,0.9725954619716097,0.9888045380283901,all_measured_arrivals
H,366,0.98125,0.973142136274798,0.989357863725202,all_measured_arrivals
H,367,0.98175,0.9740162738950022,0.9894837261049978,all_measured_arrivals
H,368,0.9821500000000001,0.9743832930043601,0.98991670699564,all_measured_arrivals
H,369,0.98255,0.9749496284886112,0.9901503715113888,all_measured_arrivals
H,370,0.9828,0.9751910941273373,0.9904089058726627,all_measured_arrivals
H,371,0.98295,0.9753896709310741,0.9905103290689259,all_measured_arrivals
H,372,0.9833999999999999,0.975986772324601,0.9908132276753989,all_measured_arrivals
H,373,0.98385,0.9765127213456243,0.9911872786543757,all_measured_arrivals
H,374,0.9842,0.9769524032504173,0.9914475967495826,all_measured_arrivals
H,375,0.9844499999999999,0.9774048538423248,0.9914951461576751,all_measured_arrivals
H,376,0.9846999999999999,0.9775774718287376,0.9918225281712623,all_measured_arrivals
H,377,0.98505,0.978157298483134,0.9919427015168659,all_measured_arrivals
H,378,0.98525,0.9783168564860196,0.9921831435139803,all_measured_arrivals
H,379,0.9855499999999999,0.9786747035902887,0.9924252964097111,all_measured_arrivals
H,380,0.98575,0.9790883092682494,0.9924116907317506,all_measured_arrivals
H,381,0.9859999999999999,0.9792879888190674,0.9927120111809323,all_measured_arrivals
H,382,0.9863,0.9796219920273745,0.9929780079726254,all_measured_arrivals
H,383,0.9865999999999999,0.9799381593871398,0.99326184061286,all_measured_arrivals
H,384,0.9868499999999999,0.9802910213937998,0.9934089786062,all_measured_arrivals
H,385,0.9870499999999999,0.9807052046870726,0.9933947953129272,all_measured_arrivals
H,386,0.9872,0.9810571761221587,0.9933428238778412,all_measured_arrivals
H,387,0.98735,0.981267450185524,0.9934325498144759,all_measured_arrivals
H,388,0.9874999999999998,0.9814284584423432,0.9935715415576565,all_measured_arrivals
H,389,0.9876499999999999,0.981677442731355,0.9936225572686448,all_measured_arrivals
H,390,0.9878499999999999,0.9818734318356529,0.9938265681643469,all_measured_arrivals
H,391,0.9883,0.9824454654061319,0.994154534593868,all_measured_arrivals
H,392,0.9884499999999998,0.98269263072117,0.9942073692788297,all_measured_arrivals
H,393,0.9888000000000001,0.9830744554881649,0.9945255445118354,all_measured_arrivals
H,394,0.98925,0.9836558838553177,0.9948441161446823,all_measured_arrivals
H,395,0.9895,0.9839049914952258,0.9950950085047743,all_measured_arrivals
H,396,0.9901,0.9850197907807093,0.9951802092192906,all_measured_arrivals
H,397,0.9905999999999999,0.9855759186765852,0.9956240813234146,all_measured_arrivals
H,398,0.9908,0.9858560527025236,0.9957439472974764,all_measured_arrivals
H,399,0.9909500000000001,0.9859708353742069,0.9959291646257933,all_measured_arrivals
H,400,0.9912,0.986217427527173,0.9961825724728269,all_measured_arrivals
H,401,0.9915,0.9864671818279089,0.9965328181720912,all_measured_arrivals
H,402,0.99185,0.9868548187196498,0.9968451812803503,all_measured_arrivals
H,403,0.9922499999999999,0.987283685889062,0.9972163141109377,all_measured_arrivals
H,404,0.9924499999999998,0.9874500237281155,0.9974499762718841,all_measured_arrivals
H,405,0.9928499999999998,0.9877613465066725,0.9979386534933271,all_measured_arrivals
H,406,0.9928499999999998,0.9877613465066725,0.9979386534933271,all_measured_arrivals
H,407,0.9930499999999998,0.9879066995848972,0.9981933004151023,all_measured_arrivals
H,408,0.9933499999999998,0.9883997959440352,0.9983002040559645,all_measured_arrivals
H,409,0.9937499999999999,0.98880625466528,0.9986937453347198,all_measured_arrivals
H,410,0.9940499999999999,0.989278922178371,0.9988210778216288,all_measured_arrivals
H,411,0.9942000000000001,0.9893837233480322,0.999016276651968,all_measured_arrivals
H,412,0.9943500000000001,0.9896192738386914,0.9990807261613087,all_measured_arrivals
H,413,0.9944500000000001,0.989818241454158,0.9990817585458421,all_measured_arrivals
H,414,0.99465,0.9900824961618432,0.9992175038381569,all_measured_arrivals
H,415,0.99475,0.99013898271055,0.99936101728945,all_measured_arrivals
H,416,0.9950000000000001,0.9904148234592277,0.9995851765407725,all_measured_arrivals
H,417,0.9950500000000002,0.9904337886595772,0.9996662113404232,all_measured_arrivals
H,418,0.9950500000000002,0.9904337886595772,0.9996662113404232,all_measured_arrivals
H,419,0.9951000000000001,0.9904602721829394,0.9997397278170608,all_measured_arrivals
H,420,0.9951000000000001,0.9904602721829394,0.9997397278170608,all_measured_arrivals
H,421,0.9951500000000002,0.9904941601035994,0.999805839896401,all_measured_arrivals
H,422,0.9953000000000001,0.9908572743833417,0.9997427256166584,all_measured_arrivals
H,423,0.9953000000000001,0.9908572743833417,0.9997427256166584,all_measured_arrivals
H,424,0.9954000000000001,0.9911889576750972,0.9996110423249029,all_measured_arrivals
H,425,0.9956500000000001,0.9918732046851274,0.9994267953148729,all_measured_arrivals
H,426,0.9959499999999999,0.9924727157188111,0.9994272842811887,all_measured_arrivals
H,427,0.9959499999999999,0.9924727157188111,0.9994272842811887,all_measured_arrivals
H,428,0.9961,0.9928344694420055,0.9993655305579945,all_measured_arrivals
H,429,0.9961500000000001,0.9929980474846152,0.999301952515385,all_measured_arrivals
H,430,0.9962,0.9931612705397602,0.9992387294602397,all_measured_arrivals
H,431,0.9963,0.9933533544953068,0.9992466455046931,all_measured_arrivals
H,432,0.9964,0.9936773795177305,0.9991226204822694,all_measured_arrivals
H,433,0.99655,0.9940543090107138,0.9990456909892863,all_measured_arrivals
H,434,0.99655,0.9940543090107138,0.9990456909892863,all_measured_arrivals
H,435,0.99675,0.9946929322194308,0.9988070677805693,all_measured_arrivals
H,436,0.9967999999999999,0.9948500808896459,0.9987499191103539,all_measured_arrivals
H,437,0.99685,0.9950058746085925,0.9986941253914076,all_measured_arrivals
H,438,0.99685,0.9950058746085925,0.9986941253914076,all_measured_arrivals
H,439,0.9968999999999999,0.9951600662021829,0.9986399337978169,all_measured_arrivals
H,440,0.99695,0.9951630707594932,0.9987369292405068,all_measured_arrivals
H,441,0.9969999999999999,0.9953136872709807,0.9986863127290191,all_measured_arrivals
H,442,0.9970999999999999,0.995503722247743,0.9986962777522568,all_measured_arrivals
H,443,0.9970999999999999,0.995503722247743,0.9986962777522568,all_measured_arrivals
H,444,0.9970999999999999,0.995503722247743,0.9986962777522568,all_measured_arrivals
H,445,0.9971999999999999,0.9957925306060634,0.9986074693939363,all_measured_arrivals
H,446,0.99725,0.9959311597253686,0.9985688402746313,all_measured_arrivals
H,447,0.99725,0.9959311597253686,0.9985688402746313,all_measured_arrivals
H,448,0.99725,0.9959311597253686,0.9985688402746313,all_measured_arrivals
H,449,0.9972999999999999,0.9960648212743274,0.9985351787256723,all_measured_arrivals
H,450,0.9974000000000001,0.9961360551720431,0.9986639448279571,all_measured_arrivals
H,451,0.9974000000000001,0.9961360551720431,0.9986639448279571,all_measured_arrivals
H,452,0.99745,0.9961617989894492,0.9987382010105507,all_measured_arrivals
H,453,0.99745,0.9961617989894492,0.9987382010105507,all_measured_arrivals
H,454,0.99745,0.9961617989894492,0.9987382010105507,all_measured_arrivals
H,455,0.9975,0.996290965582281,0.9987090344177191,all_measured_arrivals
H,456,0.9975,0.996290965582281,0.9987090344177191,all_measured_arrivals
H,457,0.9975,0.996290965582281,0.9987090344177191,all_measured_arrivals
H,458,0.9975999999999999,0.9964554492789492,0.9987445507210506,all_measured_arrivals
H,459,0.9975999999999999,0.9964554492789492,0.9987445507210506,all_measured_arrivals
H,460,0.9975999999999999,0.9964554492789492,0.9987445507210506,all_measured_arrivals
H,461,0.9977500000000001,0.9966346089715833,0.998865391028417,all_measured_arrivals
H,462,0.9977500000000001,0.9966346089715833,0.998865391028417,all_measured_arrivals
H,463,0.9978000000000001,0.9966554492789494,0.9989445507210508,all_measured_arrivals
H,464,0.9978000000000001,0.9966554492789494,0.9989445507210508,all_measured_arrivals
H,465,0.9978500000000001,0.9967346089715833,0.998965391028417,all_measured_arrivals
H,466,0.9979000000000001,0.9968163930379665,0.9989836069620337,all_measured_arrivals
H,467,0.9980500000000001,0.9969417935296203,0.9991582064703799,all_measured_arrivals
H,468,0.9980500000000001,0.9969417935296203,0.9991582064703799,all_measured_arrivals
H,469,0.9981500000000001,0.9971557726106299,0.9991442273893703,all_measured_arrivals
H,470,0.9981500000000001,0.9971557726106299,0.9991442273893703,all_measured_arrivals
H,471,0.9982500000000001,0.9973573739201663,0.9991426260798338,all_measured_arrivals
H,472,0.9982500000000001,0.9973573739201663,0.9991426260798338,all_measured_arrivals
H,473,0.9982500000000001,0.9973573739201663,0.9991426260798338,all_measured_arrivals
H,474,0.9983000000000001,0.9973929489474229,0.9992070510525772,all_measured_arrivals
H,475,0.9983000000000001,0.9973929489474229,0.9992070510525772,all_measured_arrivals
H,476,0.9983000000000001,0.9973929489474229,0.9992070510525772,all_measured_arrivals
H,477,0.9983500000000001,0.9974663678632383,0.9992336321367619,all_measured_arrivals
H,478,0.9983500000000001,0.9974663678632383,0.9992336321367619,all_measured_arrivals
H,479,0.9984000000000001,0.9975243133360059,0.9992756866639942,all_measured_arrivals
H,480,0.9984000000000001,0.9975243133360059,0.9992756866639942,all_measured_arrivals
H,481,0.9985,0.9977056229934049,0.9992943770065952,all_measured_arrivals
H,482,0.99855,0.9978364026742357,0.9992635973257644,all_measured_arrivals
H,483,0.9986,0.9978416331032258,0.9993583668967743,all_measured_arrivals
H,484,0.9987,0.9979684390408723,0.9994315609591278,all_measured_arrivals
H,485,0.9987,0.9979684390408723,0.9994315609591278,all_measured_arrivals
H,486,0.9987500000000001,0.9980947570550308,0.9994052429449695,all_measured_arrivals
H,487,0.9987500000000001,0.9980947570550308,0.9994052429449695,all_measured_arrivals
H,488,0.9988000000000001,0.9981807960216952,0.9994192039783051,all_measured_arrivals
H,489,0.9988000000000001,0.9981807960216952,0.9994192039783051,all_measured_arrivals
H,490,0.9988500000000001,0.9981947570550308,0.9995052429449695,all_measured_arrivals
H,491,0.9989000000000001,0.99823718174042,0.9995628182595803,all_measured_arrivals
H,492,0.9989000000000001,0.99823718174042,0.9995628182595803,all_measured_arrivals
H,493,0.9989000000000001,0.99823718174042,0.9995628182595803,all_measured_arrivals
H,494,0.9989000000000001,0.99823718174042,0.9995628182595803,all_measured_arrivals
H,495,0.9989000000000001,0.99823718174042,0.9995628182595803,all_measured_arrivals
H,496,0.9989000000000001,0.99823718174042,0.9995628182595803,all_measured_arrivals
H,497,0.9989000000000001,0.99823718174042,0.9995628182595803,all_measured_arrivals
H,498,0.9989000000000001,0.99823718174042,0.9995628182595803,all_measured_arrivals
H,499,0.9989500000000001,0.9983324106371638,0.9995675893628364,all_measured_arrivals
H,500,0.9989500000000001,0.9983324106371638,0.9995675893628364,all_measured_arrivals
H,501,0.9990000000000001,0.9984071573259404,0.9995928426740598,all_measured_arrivals
H,502,0.9990000000000001,0.9984071573259404,0.9995928426740598,all_measured_arrivals
H,503,0.9990000000000001,0.9984071573259404,0.9995928426740598,all_measured_arrivals
H,504,0.9990500000000001,0.9984865158742577,0.9996134841257425,all_measured_arrivals
H,505,0.9990500000000001,0.9984865158742577,0.9996134841257425,all_measured_arrivals
H,506,0.9990500000000001,0.9984865158742577,0.9996134841257425,all_measured_arrivals
H,507,0.9990500000000001,0.9984865158742577,0.9996134841257425,all_measured_arrivals
H,508,0.9990500000000001,0.9984865158742577,0.9996134841257425,all_measured_arrivals
H,509,0.9990500000000001,0.9984865158742577,0.9996134841257425,all_measured_arrivals
H,510,0.9990500000000001,0.9984865158742577,0.9996134841257425,all_measured_arrivals
H,511,0.9990500000000001,0.9984865158742577,0.9996134841257425,all_measured_arrivals
H,512,0.9990500000000001,0.9984865158742577,0.9996134841257425,all_measured_arrivals
H,513,0.9991000000000001,0.9985418570765627,0.9996581429234375,all_measured_arrivals
H,514,0.9991000000000001,0.9985418570765627,0.9996581429234375,all_measured_arrivals
H,515,0.9991000000000001,0.9985418570765627,0.9996581429234375,all_measured_arrivals
H,516,0.9992000000000001,0.9986347466889759,0.9997652533110243,all_measured_arrivals
H,517,0.9992500000000001,0.9986454827911406,0.9998545172088595,all_measured_arrivals
H,518,0.9992500000000001,0.9986454827911406,0.9998545172088595,all_measured_arrivals
H,519,0.9992500000000001,0.9986454827911406,0.9998545172088595,all_measured_arrivals
H,520,0.9992500000000001,0.9986454827911406,0.9998545172088595,all_measured_arrivals
H,521,0.9992500000000001,0.9986454827911406,0.9998545172088595,all_measured_arrivals
H,522,0.9992500000000001,0.9986454827911406,0.9998545172088595,all_measured_arrivals
H,523,0.9992500000000001,0.9986454827911406,0.9998545172088595,all_measured_arrivals
H,524,0.9992500000000001,0.9986454827911406,0.9998545172088595,all_measured_arrivals
H,525,0.9993000000000001,0.9986872800116628,0.9999127199883373,all_measured_arrivals
H,526,0.9993500000000001,0.9987324106371639,0.9999675893628363,all_measured_arrivals
H,527,0.9994000000000001,0.9988944220688173,0.9999055779311828,all_measured_arrivals
H,528,0.9994000000000001,0.9988944220688173,0.9999055779311828,all_measured_arrivals
H,529,0.9994000000000001,0.9988944220688173,0.9999055779311828,all_measured_arrivals
H,530,0.9994500000000001,0.9989156188350987,0.9999843811649014,all_measured_arrivals
H,531,0.9994500000000001,0.9989156188350987,0.9999843811649014,all_measured_arrivals
H,532,0.9995,0.9989418570765627,1,all_measured_arrivals
H,533,0.9995,0.9989418570765627,1,all_measured_arrivals
H,534,0.9995,0.9989418570765627,1,all_measured_arrivals
H,535,0.9995,0.9989418570765627,1,all_measured_arrivals
H,536,0.9995,0.9989418570765627,1,all_measured_arrivals
H,537,0.9995,0.9989418570765627,1,all_measured_arrivals
H,538,0.9995,0.9989418570765627,1,all_measured_arrivals
H,539,0.9995,0.9989418570765627,1,all_measured_arrivals
H,540,0.9995,0.9989418570765627,1,all_measured_arrivals
H,541,0.9995,0.9989418570765627,1,all_measured_arrivals
H,542,0.9995,0.9989418570765627,1,all_measured_arrivals
H,543,0.99955,0.9989725141341601,1,all_measured_arrivals
H,544,0.99955,0.9989725141341601,1,all_measured_arrivals
H,545,0.99955,0.9989725141341601,1,all_measured_arrivals
H,546,0.9996,0.9990347466889758,1,all_measured_arrivals
H,547,0.9996,0.9990347466889758,1,all_measured_arrivals
H,548,0.99965,0.9990725141341601,1,all_measured_arrivals
H,549,0.99965,0.9990725141341601,1,all_measured_arrivals
H,550,0.99965,0.9990725141341601,1,all_measured_arrivals
H,551,0.99965,0.9990725141341601,1,all_measured_arrivals
H,552,0.99965,0.9990725141341601,1,all_measured_arrivals
H,553,0.99965,0.9990725141341601,1,all_measured_arrivals
H,554,0.99965,0.9990725141341601,1,all_measured_arrivals
H,555,0.99965,0.9990725141341601,1,all_measured_arrivals
H,556,0.99965,0.9990725141341601,1,all_measured_arrivals
H,557,0.99965,0.9990725141341601,1,all_measured_arrivals
H,558,0.99965,0.9990725141341601,1,all_measured_arrivals
H,559,0.99965,0.9990725141341601,1,all_measured_arrivals
H,560,0.9997,0.9991139328933086,1,all_measured_arrivals
H,561,0.99975,0.9992791911552694,1,all_measured_arrivals
H,562,0.99975,0.9992791911552694,1,all_measured_arrivals
H,563,0.99975,0.9992791911552694,1,all_measured_arrivals
H,564,0.9998,0.9994425024164424,1,all_measured_arrivals
H,565,0.9998,0.9994425024164424,1,all_measured_arrivals
H,566,0.9998,0.9994425024164424,1,all_measured_arrivals
H,567,0.9998,0.9994425024164424,1,all_measured_arrivals
H,568,0.9998,0.9994425024164424,1,all_measured_arrivals
H,569,0.9998,0.9994425024164424,1,all_measured_arrivals
H,570,0.9998,0.9994425024164424,1,all_measured_arrivals
H,571,0.9998,0.9994425024164424,1,all_measured_arrivals
H,572,0.9998,0.9994425024164424,1,all_measured_arrivals
H,573,0.9998,0.9994425024164424,1,all_measured_arrivals
H,574,0.9998,0.9994425024164424,1,all_measured_arrivals
H,575,0.9998,0.9994425024164424,1,all_measured_arrivals
H,576,0.9998,0.9994425024164424,1,all_measured_arrivals
H,577,0.9998,0.9994425024164424,1,all_measured_arrivals
H,578,0.9998,0.9994425024164424,1,all_measured_arrivals
H,579,0.9998,0.9994425024164424,1,all_measured_arrivals
H,580,0.9998,0.9994425024164424,1,all_measured_arrivals
H,581,0.9998,0.9994425024164424,1,all_measured_arrivals
H,582,0.99985,0.9996011922118088,1,all_measured_arrivals
H,583,0.99985,0.9996011922118088,1,all_measured_arrivals
H,584,0.99985,0.9996011922118088,1,all_measured_arrivals
H,585,0.99985,0.9996011922118088,1,all_measured_arrivals
H,586,0.9999,0.9996635375749,1,all_measured_arrivals
H,587,0.9999,0.9996635375749,1,all_measured_arrivals
H,588,0.9999,0.9996635375749,1,all_measured_arrivals
H,589,0.9999,0.9996635375749,1,all_measured_arrivals
H,590,0.9999,0.9996635375749,1,all_measured_arrivals
H,591,0.9999,0.9996635375749,1,all_measured_arrivals
H,592,0.9999,0.9996635375749,1,all_measured_arrivals
H,593,0.9999,0.9996635375749,1,all_measured_arrivals
H,594,0.9999,0.9996635375749,1,all_measured_arrivals
H,595,0.9999,0.9996635375749,1,all_measured_arrivals
H,596,0.9999,0.9996635375749,1,all_measured_arrivals
H,597,0.9999,0.9996635375749,1,all_measured_arrivals
H,598,0.9999,0.9996635375749,1,all_measured_arrivals
H,599,0.9999,0.9996635375749,1,all_measured_arrivals
H,600,0.9999,0.9996635375749,1,all_measured_arrivals
H,601,0.9999,0.9996635375749,1,all_measured_arrivals
H,602,0.9999,0.9996635375749,1,all_measured_arrivals
H,603,0.9999,0.9996635375749,1,all_measured_arrivals
H,604,0.9999,0.9996635375749,1,all_measured_arrivals
H,605,0.9999,0.9996635375749,1,all_measured_arrivals
H,606,0.9999,0.9996635375749,1,all_measured_arrivals
H,607,0.9999,0.9996635375749,1,all_measured_arrivals
H,608,0.9999,0.9996635375749,1,all_measured_arrivals
H,609,0.9999,0.9996635375749,1,all_measured_arrivals
H,610,0.9999,0.9996635375749,1,all_measured_arrivals
H,611,0.9999,0.9996635375749,1,all_measured_arrivals
H,612,0.9999,0.9996635375749,1,all_measured_arrivals
H,613,0.9999,0.9996635375749,1,all_measured_arrivals
H,614,0.9999,0.9996635375749,1,all_measured_arrivals
H,615,0.9999,0.9996635375749,1,all_measured_arrivals
H,616,0.9999,0.9996635375749,1,all_measured_arrivals
H,617,0.9999,0.9996635375749,1,all_measured_arrivals
H,618,0.9999,0.9996635375749,1,all_measured_arrivals
H,619,0.9999,0.9996635375749,1,all_measured_arrivals
H,620,0.9999,0.9996635375749,1,all_measured_arrivals
H,621,0.9999,0.9996635375749,1,all_measured_arrivals
H,622,0.9999,0.9996635375749,1,all_measured_arrivals
H,623,0.9999,0.9996635375749,1,all_measured_arrivals
H,624,0.9999,0.9996635375749,1,all_measured_arrivals
H,625,0.9999,0.9996635375749,1,all_measured_arrivals
H,626,0.9999,0.9996635375749,1,all_measured_arrivals
H,627,0.9999,0.9996635375749,1,all_measured_arrivals
H,628,0.9999,0.9996635375749,1,all_measured_arrivals
H,629,0.9999,0.9996635375749,1,all_measured_arrivals
H,630,0.9999,0.9996635375749,1,all_measured_arrivals
H,631,0.9999,0.9996635375749,1,all_measured_arrivals
H,632,0.9999,0.9996635375749,1,all_measured_arrivals
H,633,0.9999,0.9996635375749,1,all_measured_arrivals
H,634,0.9999,0.9996635375749,1,all_measured_arrivals
H,635,0.9999,0.9996635375749,1,all_measured_arrivals
H,636,0.9999,0.9996635375749,1,all_measured_arrivals
H,637,0.9999,0.9996635375749,1,all_measured_arrivals
H,638,0.9999,0.9996635375749,1,all_measured_arrivals
H,639,0.9999,0.9996635375749,1,all_measured_arrivals
H,640,0.9999,0.9996635375749,1,all_measured_arrivals
H,641,0.9999,0.9996635375749,1,all_measured_arrivals
H,642,0.9999,0.9996635375749,1,all_measured_arrivals
H,643,0.9999,0.9996635375749,1,all_measured_arrivals
H,644,0.9999,0.9996635375749,1,all_measured_arrivals
H,645,0.9999,0.9996635375749,1,all_measured_arrivals
H,646,0.9999,0.9996635375749,1,all_measured_arrivals
H,647,0.9999,0.9996635375749,1,all_measured_arrivals
H,648,0.9999,0.9996635375749,1,all_measured_arrivals
H,649,0.9999,0.9996635375749,1,all_measured_arrivals
H,650,0.9999,0.9996635375749,1,all_measured_arrivals
H,651,0.9999,0.9996635375749,1,all_measured_arrivals
H,652,0.9999,0.9996635375749,1,all_measured_arrivals
H,653,0.9999,0.9996635375749,1,all_measured_arrivals
H,654,0.9999,0.9996635375749,1,all_measured_arrivals
H,655,0.9999,0.9996635375749,1,all_measured_arrivals
H,656,0.9999,0.9996635375749,1,all_measured_arrivals
H,657,0.9999,0.9996635375749,1,all_measured_arrivals
H,658,0.9999,0.9996635375749,1,all_measured_arrivals
H,659,0.99995,0.9998317687874501,1,all_measured_arrivals
H,660,0.99995,0.9998317687874501,1,all_measured_arrivals
H,661,0.99995,0.9998317687874501,1,all_measured_arrivals
H,662,0.99995,0.9998317687874501,1,all_measured_arrivals
H,663,0.99995,0.9998317687874501,1,all_measured_arrivals
H,664,0.99995,0.9998317687874501,1,all_measured_arrivals
H,665,0.99995,0.9998317687874501,1,all_measured_arrivals
H,666,0.99995,0.9998317687874501,1,all_measured_arrivals
H,667,0.99995,0.9998317687874501,1,all_measured_arrivals
H,668,0.99995,0.9998317687874501,1,all_measured_arrivals
H,669,0.99995,0.9998317687874501,1,all_measured_arrivals
H,670,0.99995,0.9998317687874501,1,all_measured_arrivals
H,671,0.99995,0.9998317687874501,1,all_measured_arrivals
H,672,0.99995,0.9998317687874501,1,all_measured_arrivals
H,673,0.99995,0.9998317687874501,1,all_measured_arrivals
H,674,0.99995,0.9998317687874501,1,all_measured_arrivals
H,675,0.99995,0.9998317687874501,1,all_measured_arrivals
H,676,0.99995,0.9998317687874501,1,all_measured_arrivals
H,677,0.99995,0.9998317687874501,1,all_measured_arrivals
H,678,0.99995,0.9998317687874501,1,all_measured_arrivals
H,679,0.99995,0.9998317687874501,1,all_measured_arrivals
H,680,0.99995,0.9998317687874501,1,all_measured_arrivals
H,681,0.99995,0.9998317687874501,1,all_measured_arrivals
H,682,0.99995,0.9998317687874501,1,all_measured_arrivals
H,683,0.99995,0.9998317687874501,1,all_measured_arrivals
H,684,0.99995,0.9998317687874501,1,all_measured_arrivals
H,685,0.99995,0.9998317687874501,1,all_measured_arrivals
H,686,0.99995,0.9998317687874501,1,all_measured_arrivals
H,687,0.99995,0.9998317687874501,1,all_measured_arrivals
H,688,0.99995,0.9998317687874501,1,all_measured_arrivals
H,689,0.99995,0.9998317687874501,1,all_measured_arrivals
H,690,0.99995,0.9998317687874501,1,all_measured_arrivals
H,691,0.99995,0.9998317687874501,1,all_measured_arrivals
H,692,0.99995,0.9998317687874501,1,all_measured_arrivals
H,693,0.99995,0.9998317687874501,1,all_measured_arrivals
H,694,0.99995,0.9998317687874501,1,all_measured_arrivals
H,695,0.99995,0.9998317687874501,1,all_measured_arrivals
H,696,0.99995,0.9998317687874501,1,all_measured_arrivals
H,697,0.99995,0.9998317687874501,1,all_measured_arrivals
H,698,0.99995,0.9998317687874501,1,all_measured_arrivals
H,699,1.0,1.0,1,all_measured_arrivals
H,700,1.0,1.0,1,all_measured_arrivals
H,701,1.0,1.0,1,all_measured_arrivals
H,702,1.0,1.0,1,all_measured_arrivals
H,703,1.0,1.0,1,all_measured_arrivals
H,704,1.0,1.0,1,all_measured_arrivals
H,705,1.0,1.0,1,all_measured_arrivals
H,706,1.0,1.0,1,all_measured_arrivals
H,707,1.0,1.0,1,all_measured_arrivals
H,708,1.0,1.0,1,all_measured_arrivals
H,709,1.0,1.0,1,all_measured_arrivals
H,710,1.0,1.0,1,all_measured_arrivals
H,711,1.0,1.0,1,all_measured_arrivals
H,712,1.0,1.0,1,all_measured_arrivals
H,713,1.0,1.0,1,all_measured_arrivals
H,714,1.0,1.0,1,all_measured_arrivals
H,715,1.0,1.0,1,all_measured_arrivals
H,716,1.0,1.0,1,all_measured_arrivals
H,717,1.0,1.0,1,all_measured_arrivals
H,718,1.0,1.0,1,all_measured_arrivals
H,719,1.0,1.0,1,all_measured_arrivals
H,720,1.0,1.0,1,all_measured_arrivals
H,721,1.0,1.0,1,all_measured_arrivals
H,722,1.0,1.0,1,all_measured_arrivals
H,723,1.0,1.0,1,all_measured_arrivals
H,724,1.0,1.0,1,all_measured_arrivals
H,725,1.0,1.0,1,all_measured_arrivals
H,726,1.0,1.0,1,all_measured_arrivals
H,727,1.0,1.0,1,all_measured_arrivals
H,728,1.0,1.0,1,all_measured_arrivals
H,729,1.0,1.0,1,all_measured_arrivals
H,730,1.0,1.0,1,all_measured_arrivals
H,731,1.0,1.0,1,all_measured_arrivals
H,732,1.0,1.0,1,all_measured_arrivals
H,733,1.0,1.0,1,all_measured_arrivals
H,734,1.0,1.0,1,all_measured_arrivals
H,735,1.0,1.0,1,all_measured_arrivals
H,736,1.0,1.0,1,all_measured_arrivals
H,737,1.0,1.0,1,all_measured_arrivals
H,738,1.0,1.0,1,all_measured_arrivals
H,739,1.0,1.0,1,all_measured_arrivals
H,740,1.0,1.0,1,all_measured_arrivals
H,741,1.0,1.0,1,all_measured_arrivals
H,742,1.0,1.0,1,all_measured_arrivals
H,743,1.0,1.0,1,all_measured_arrivals
H,744,1.0,1.0,1,all_measured_arrivals
H,745,1.0,1.0,1,all_measured_arrivals
H,746,1.0,1.0,1,all_measured_arrivals
H,747,1.0,1.0,1,all_measured_arrivals
H,748,1.0,1.0,1,all_measured_arrivals
H,749,1.0,1.0,1,all_measured_arrivals
H,750,1.0,1.0,1,all_measured_arrivals
H,751,1.0,1.0,1,all_measured_arrivals
H,752,1.0,1.0,1,all_measured_arrivals
H,753,1.0,1.0,1,all_measured_arrivals
H,754,1.0,1.0,1,all_measured_arrivals
H,755,1.0,1.0,1,all_measured_arrivals
H,756,1.0,1.0,1,all_measured_arrivals
H,757,1.0,1.0,1,all_measured_arrivals
H,758,1.0,1.0,1,all_measured_arrivals
H,759,1.0,1.0,1,all_measured_arrivals
H,760,1.0,1.0,1,all_measured_arrivals
H,761,1.0,1.0,1,all_measured_arrivals
H,762,1.0,1.0,1,all_measured_arrivals
H,763,1.0,1.0,1,all_measured_arrivals
H,764,1.0,1.0,1,all_measured_arrivals
H,765,1.0,1.0,1,all_measured_arrivals
H,766,1.0,1.0,1,all_measured_arrivals
H,767,1.0,1.0,1,all_measured_arrivals
H,768,1.0,1.0,1,all_measured_arrivals
H,769,1.0,1.0,1,all_measured_arrivals
H,770,1.0,1.0,1,all_measured_arrivals
H,771,1.0,1.0,1,all_measured_arrivals
H,772,1.0,1.0,1,all_measured_arrivals
H,773,1.0,1.0,1,all_measured_arrivals
H,774,1.0,1.0,1,all_measured_arrivals
H,775,1.0,1.0,1,all_measured_arrivals
H,776,1.0,1.0,1,all_measured_arrivals
H,777,1.0,1.0,1,all_measured_arrivals
H,778,1.0,1.0,1,all_measured_arrivals
H,779,1.0,1.0,1,all_measured_arrivals
H,780,1.0,1.0,1,all_measured_arrivals
H,781,1.0,1.0,1,all_measured_arrivals
H,782,1.0,1.0,1,all_measured_arrivals
H,783,1.0,1.0,1,all_measured_arrivals
H,784,1.0,1.0,1,all_measured_arrivals
H,785,1.0,1.0,1,all_measured_arrivals
H,786,1.0,1.0,1,all_measured_arrivals
H,787,1.0,1.0,1,all_measured_arrivals
H,788,1.0,1.0,1,all_measured_arrivals
H,789,1.0,1.0,1,all_measured_arrivals
H,790,1.0,1.0,1,all_measured_arrivals
H,791,1.0,1.0,1,all_measured_arrivals
H,792,1.0,1.0,1,all_measured_arrivals
H,793,1.0,1.0,1,all_measured_arrivals
H,794,1.0,1.0,1,all_measured_arrivals
H,795,1.0,1.0,1,all_measured_arrivals
H,796,1.0,1.0,1,all_measured_arrivals
H,797,1.0,1.0,1,all_measured_arrivals
H,798,1.0,1.0,1,all_measured_arrivals
H,799,1.0,1.0,1,all_measured_arrivals
H,800,1.0,1.0,1,all_measured_arrivals
H,801,1.0,1.0,1,all_measured_arrivals
H,802,1.0,1.0,1,all_measured_arrivals
H,803,1.0,1.0,1,all_measured_arrivals
H,804,1.0,1.0,1,all_measured_arrivals
H,805,1.0,1.0,1,all_measured_arrivals
H,806,1.0,1.0,1,all_measured_arrivals
H,807,1.0,1.0,1,all_measured_arrivals
H,808,1.0,1.0,1,all_measured_arrivals
H,809,1.0,1.0,1,all_measured_arrivals
H,810,1.0,1.0,1,all_measured_arrivals
H,811,1.0,1.0,1,all_measured_arrivals
H,812,1.0,1.0,1,all_measured_arrivals
H,813,1.0,1.0,1,all_measured_arrivals
H,814,1.0,1.0,1,all_measured_arrivals
H,815,1.0,1.0,1,all_measured_arrivals
H,816,1.0,1.0,1,all_measured_arrivals
H,817,1.0,1.0,1,all_measured_arrivals
H,818,1.0,1.0,1,all_measured_arrivals
H,819,1.0,1.0,1,all_measured_arrivals
H,820,1.0,1.0,1,all_measured_arrivals
H,821,1.0,1.0,1,all_measured_arrivals
H,822,1.0,1.0,1,all_measured_arrivals
H,823,1.0,1.0,1,all_measured_arrivals
H,824,1.0,1.0,1,all_measured_arrivals
H,825,1.0,1.0,1,all_measured_arrivals
H,826,1.0,1.0,1,all_measured_arrivals
H,827,1.0,1.0,1,all_measured_arrivals
H,828,1.0,1.0,1,all_measured_arrivals
H,829,1.0,1.0,1,all_measured_arrivals
H,830,1.0,1.0,1,all_measured_arrivals
H,831,1.0,1.0,1,all_measured_arrivals
H,832,1.0,1.0,1,all_measured_arrivals
H,833,1.0,1.0,1,all_measured_arrivals
H,834,1.0,1.0,1,all_measured_arrivals
H,835,1.0,1.0,1,all_measured_arrivals
H,836,1.0,1.0,1,all_measured_arrivals
H,837,1.0,1.0,1,all_measured_arrivals
H,838,1.0,1.0,1,all_measured_arrivals
H,839,1.0,1.0,1,all_measured_arrivals
H,840,1.0,1.0,1,all_measured_arrivals
H,841,1.0,1.0,1,all_measured_arrivals
H,842,1.0,1.0,1,all_measured_arrivals
H,843,1.0,1.0,1,all_measured_arrivals
H,844,1.0,1.0,1,all_measured_arrivals
H,845,1.0,1.0,1,all_measured_arrivals
H,846,1.0,1.0,1,all_measured_arrivals
H,847,1.0,1.0,1,all_measured_arrivals
H,848,1.0,1.0,1,all_measured_arrivals
H,849,1.0,1.0,1,all_measured_arrivals
H,850,1.0,1.0,1,all_measured_arrivals
H,851,1.0,1.0,1,all_measured_arrivals
H,852,1.0,1.0,1,all_measured_arrivals
H,853,1.0,1.0,1,all_measured_arrivals
H,854,1.0,1.0,1,all_measured_arrivals
H,855,1.0,1.0,1,all_measured_arrivals
H,856,1.0,1.0,1,all_measured_arrivals
H,857,1.0,1.0,1,all_measured_arrivals
H,858,1.0,1.0,1,all_measured_arrivals
H,859,1.0,1.0,1,all_measured_arrivals
H,860,1.0,1.0,1,all_measured_arrivals
H,861,1.0,1.0,1,all_measured_arrivals
H,862,1.0,1.0,1,all_measured_arrivals
H,863,1.0,1.0,1,all_measured_arrivals
H,864,1.0,1.0,1,all_measured_arrivals
H,865,1.0,1.0,1,all_measured_arrivals
H,866,1.0,1.0,1,all_measured_arrivals
H,867,1.0,1.0,1,all_measured_arrivals
H,868,1.0,1.0,1,all_measured_arrivals
H,869,1.0,1.0,1,all_measured_arrivals
H,870,1.0,1.0,1,all_measured_arrivals
H,871,1.0,1.0,1,all_measured_arrivals
H,872,1.0,1.0,1,all_measured_arrivals
H,873,1.0,1.0,1,all_measured_arrivals
H,874,1.0,1.0,1,all_measured_arrivals
H,875,1.0,1.0,1,all_measured_arrivals
H,876,1.0,1.0,1,all_measured_arrivals
H,877,1.0,1.0,1,all_measured_arrivals
H,878,1.0,1.0,1,all_measured_arrivals
H,879,1.0,1.0,1,all_measured_arrivals
H,880,1.0,1.0,1,all_measured_arrivals
H,881,1.0,1.0,1,all_measured_arrivals
H,882,1.0,1.0,1,all_measured_arrivals
H,883,1.0,1.0,1,all_measured_arrivals
H,884,1.0,1.0,1,all_measured_arrivals
H,885,1.0,1.0,1,all_measured_arrivals
H,886,1.0,1.0,1,all_measured_arrivals
H,887,1.0,1.0,1,all_measured_arrivals
H,888,1.0,1.0,1,all_measured_arrivals
H,889,1.0,1.0,1,all_measured_arrivals
H,890,1.0,1.0,1,all_measured_arrivals
H,891,1.0,1.0,1,all_measured_arrivals
H,892,1.0,1.0,1,all_measured_arrivals
H,893,1.0,1.0,1,all_measured_arrivals
H,894,1.0,1.0,1,all_measured_arrivals
H,895,1.0,1.0,1,all_measured_arrivals
H,896,1.0,1.0,1,all_measured_arrivals
H,897,1.0,1.0,1,all_measured_arrivals
H,898,1.0,1.0,1,all_measured_arrivals
H,899,1.0,1.0,1,all_measured_arrivals
H,900,1.0,1.0,1,all_measured_arrivals
H,901,1.0,1.0,1,all_measured_arrivals
H,902,1.0,1.0,1,all_measured_arrivals
H,903,1.0,1.0,1,all_measured_arrivals
H,904,1.0,1.0,1,all_measured_arrivals
H,905,1.0,1.0,1,all_measured_arrivals
H,906,1.0,1.0,1,all_measured_arrivals
H,907,1.0,1.0,1,all_measured_arrivals
H,908,1.0,1.0,1,all_measured_arrivals
H,909,1.0,1.0,1,all_measured_arrivals
H,910,1.0,1.0,1,all_measured_arrivals
H,911,1.0,1.0,1,all_measured_arrivals
H,912,1.0,1.0,1,all_measured_arrivals
H,913,1.0,1.0,1,all_measured_arrivals
H,914,1.0,1.0,1,all_measured_arrivals
H,915,1.0,1.0,1,all_measured_arrivals
H,916,1.0,1.0,1,all_measured_arrivals
H,917,1.0,1.0,1,all_measured_arrivals
H,918,1.0,1.0,1,all_measured_arrivals
H,919,1.0,1.0,1,all_measured_arrivals
H,920,1.0,1.0,1,all_measured_arrivals
H,921,1.0,1.0,1,all_measured_arrivals
H,922,1.0,1.0,1,all_measured_arrivals
H,923,1.0,1.0,1,all_measured_arrivals
H,924,1.0,1.0,1,all_measured_arrivals
H,925,1.0,1.0,1,all_measured_arrivals
H,926,1.0,1.0,1,all_measured_arrivals
H,927,1.0,1.0,1,all_measured_arrivals
H,928,1.0,1.0,1,all_measured_arrivals
H,929,1.0,1.0,1,all_measured_arrivals
H,930,1.0,1.0,1,all_measured_arrivals
H,931,1.0,1.0,1,all_measured_arrivals
H,932,1.0,1.0,1,all_measured_arrivals
H,933,1.0,1.0,1,all_measured_arrivals
H,934,1.0,1.0,1,all_measured_arrivals
H,935,1.0,1.0,1,all_measured_arrivals
H,936,1.0,1.0,1,all_measured_arrivals
H,937,1.0,1.0,1,all_measured_arrivals
H,938,1.0,1.0,1,all_measured_arrivals
H,939,1.0,1.0,1,all_measured_arrivals
F,0,0.0,0,0.0,all_measured_arrivals
F,1,0.1484,0.1425803609737263,0.1542196390262737,all_measured_arrivals
F,2,0.14855,0.14282184024822028,0.1542781597517797,all_measured_arrivals
F,3,0.4545,0.4432448569579408,0.4657551430420592,all_measured_arrivals
F,4,0.4551,0.4438051836423534,0.4663948163576466,all_measured_arrivals
F,5,0.45545,0.4442643560607072,0.46663564393929285,all_measured_arrivals
F,6,0.45570000000000005,0.44445053599610346,0.46694946400389664,all_measured_arrivals
F,7,0.45595,0.44461327094168995,0.4672867290583101,all_measured_arrivals
F,8,0.4561,0.4447403068457449,0.4674596931542551,all_measured_arrivals
F,9,0.4566,0.4452287104783156,0.46797128952168443,all_measured_arrivals
F,10,0.4568,0.4453992456772466,0.4682007543227534,all_measured_arrivals
F,11,0.45704999999999996,0.44550313588496115,0.46859686411503876,all_measured_arrivals
F,12,0.45709999999999995,0.44561165231329714,0.46858834768670277,all_measured_arrivals
F,13,0.4573499999999999,0.44580036913350485,0.468899630866495,all_measured_arrivals
F,14,0.45754999999999996,0.44614162880161173,0.4689583711983882,all_measured_arrivals
F,15,0.45759999999999995,0.4461712545859561,0.4690287454140438,all_measured_arrivals
F,16,0.4578999999999999,0.4467403620511445,0.46905963794885536,all_measured_arrivals
F,17,0.45815,0.4469073723908006,0.4693926276091994,all_measured_arrivals
F,18,0.4583,0.4470761272269843,0.46952387277301566,all_measured_arrivals
F,19,0.45855,0.44744462440864136,0.46965537559135867,all_measured_arrivals
F,20,0.45865,0.4476530444107032,0.4696469555892968,all_measured_arrivals
F,21,0.4588,0.44779714429337203,0.46980285570662794,all_measured_arrivals
F,22,0.45895,0.44784462440864137,0.4700553755913587,all_measured_arrivals
F,23,0.45940000000000003,0.44825146207399036,0.4705485379260097,all_measured_arrivals
F,24,0.45955,0.44840943584355253,0.4706905641564475,all_measured_arrivals
F,25,0.4597,0.44845763882797957,0.47094236117202043,all_measured_arrivals
F,26,0.45990000000000003,0.4486122579361438,0.4711877420638563,all_measured_arrivals
F,27,0.46005,0.4488607860793064,0.4712392139206936,all_measured_arrivals
F,28,0.46025000000000005,0.44893231094794794,0.47156768905205215,all_measured_arrivals
F,29,0.46040000000000003,0.4492314184555267,0.47156858154447334,all_measured_arrivals
F,30,0.4606,0.44952911309617394,0.4716708869038261,all_measured_arrivals
F,31,0.46085,0.4496080829039771,0.4720919170960229,all_measured_arrivals
F,32,0.4611,0.45006705752484655,0.47213294247515347,all_measured_arrivals
F,33,0.4614,0.4505212598338285,0.47227874016617144,all_measured_arrivals
F,34,0.46149999999999997,0.45055720101778446,0.4724427989822155,all_measured_arrivals
F,35,0.46159999999999995,0.45068168199179665,0.47251831800820326,all_measured_arrivals
F,36,0.4618,0.4507478883402312,0.47285211165976876,all_measured_arrivals
F,37,0.462,0.45082998814476405,0.473170011855236,all_measured_arrivals
F,38,0.46244999999999997,0.451235115760153,0.47366488423984693,all_measured_arrivals
F,39,0.46265,0.451350676091835,0.473949323908165,all_measured_arrivals
F,40,0.46295,0.45153392954566646,0.4743660704543335,all_measured_arrivals
F,41,0.46314999999999995,0.4516093635009311,0.4746906364990688,all_measured_arrivals
F,42,0.46335000000000004,0.45183222690146396,0.4748677730985361,all_measured_arrivals
F,43,0.4636,0.4522935207345478,0.4749064792654522,all_measured_arrivals
F,44,0.46365,0.4523090441702113,0.47499095582978873,all_measured_arrivals
F,45,0.46370000000000006,0.4523360886156871,0.47506391138431303,all_measured_arrivals
F,46,0.46380000000000005,0.4524540269242411,0.475145973075759,all_measured_arrivals
F,47,0.46385000000000004,0.4524816084612121,0.475218391538788,all_measured_arrivals
F,48,0.46405,0.45281376862682143,0.4752862313731786,all_measured_arrivals
F,49,0.4643,0.4530037693152307,0.4755962306847693,all_measured_arrivals
F,50,0.4644,0.45309776039944233,0.47570223960055763,all_measured_arrivals
F,51,0.4646,0.45323011546868625,0.4759698845313138,all_measured_arrivals
F,52,0.4647,0.45326321982637763,0.4761367801736224,all_measured_arrivals
F,53,0.4650500000000001,0.4537846596301696,0.47631534036983053,all_measured_arrivals
F,54,0.46525000000000005,0.4539556256559002,0.4765443743440999,all_measured_arrivals
F,55,0.46535000000000004,0.45416007221970023,0.47653992778029985,all_measured_arrivals
F,56,0.4655,0.45441217051802224,0.4765878294819778,all_measured_arrivals
F,57,0.4658500000000001,0.454899630323365,0.4768003696766352,all_measured_arrivals
F,58,0.46620000000000006,0.4554082498685389,0.4769917501314612,all_measured_arrivals
F,59,0.4665,0.45562015850524495,0.4773798414947551,all_measured_arrivals
F,60,0.46695000000000003,0.45614798482373925,0.4777520151762608,all_measured_arrivals
F,61,0.46775000000000005,0.45662737528314956,0.47887262471685055,all_measured_arrivals
F,62,0.46815,0.45707199045205055,0.4792280095479495,all_measured_arrivals
F,63,0.4685500000000001,0.45772582341115026,0.4793741765888499,all_measured_arrivals
F,64,0.46885000000000004,0.45825479824235155,0.47944520175764854,all_measured_arrivals
F,65,0.4692,0.4586477637436461,0.47975223625635394,all_measured_arrivals
F,66,0.46979999999999994,0.45935274859108355,0.48024725140891633,all_measured_arrivals
F,67,0.47015,0.45951942372900256,0.48078057627099746,all_measured_arrivals
F,68,0.47045000000000003,0.4599137669827711,0.480986233017229,all_measured_arrivals
F,69,0.4708,0.4605378887974443,0.4810621112025557,all_measured_arrivals
F,70,0.47135,0.4610475896615121,0.4816524103384879,all_measured_arrivals
F,71,0.47165,0.4614074641686773,0.48189253583132274,all_measured_arrivals
F,72,0.472,0.4616279482934402,0.4823720517065597,all_measured_arrivals
F,73,0.47235,0.4617940741338973,0.4829059258661027,all_measured_arrivals
F,74,0.4729,0.4621575842656927,0.4836424157343073,all_measured_arrivals
F,75,0.47364999999999996,0.4628813124555257,0.4844186875444742,all_measured_arrivals
F,76,0.4739499999999999,0.4631029708514118,0.4847970291485881,all_measured_arrivals
F,77,0.47454999999999997,0.46351823407760734,0.4855817659223926,all_measured_arrivals
F,78,0.47514999999999996,0.4639308430840435,0.48636915691595645,all_measured_arrivals
F,79,0.47595000000000004,0.46461890908962067,0.4872810909103794,all_measured_arrivals
F,80,0.47690000000000005,0.4653672393266588,0.4884327606733413,all_measured_arrivals
F,81,0.47764999999999996,0.4659539849283104,0.4893460150716895,all_measured_arrivals
F,82,0.47824999999999995,0.4664906421889483,0.4900093578110516,all_measured_arrivals
F,83,0.47924999999999995,0.4672865936118285,0.4912134063881714,all_measured_arrivals
F,84,0.48025,0.46800742034853415,0.49249257965146587,all_measured_arrivals
F,85,0.48105,0.4687358589944967,0.49336414100550324,all_measured_arrivals
F,86,0.482,0.46954902070161986,0.4944509792983801,all_measured_arrivals
F,87,0.48295,0.4702790712996117,0.49562092870038826,all_measured_arrivals
F,88,0.48405000000000004,0.47113493592136424,0.49696506407863583,all_measured_arrivals
F,89,0.48539999999999994,0.4723000182347238,0.4984999817652761,all_measured_arrivals
F,90,0.48629999999999995,0.4732320695948706,0.49936793040512933,all_measured_arrivals
F,91,0.48725000000000007,0.474002751694475,0.5004972483055252,all_measured_arrivals
F,92,0.48805,0.47481240283798687,0.5012875971620131,all_measured_arrivals
F,93,0.48874999999999996,0.4752589800866293,0.5022410199133707,all_measured_arrivals
F,94,0.48995000000000005,0.4761059810844971,0.503794018915503,all_measured_arrivals
F,95,0.4912500000000001,0.4774383300040489,0.5050616699959513,all_measured_arrivals
F,96,0.49235000000000007,0.478295254617878,0.5064047453821222,all_measured_arrivals
F,97,0.49305,0.478764697274601,0.507335302725399,all_measured_arrivals
F,98,0.49390000000000006,0.47987676140013175,0.5079232385998684,all_measured_arrivals
F,99,0.49505,0.4813457397682313,0.5087542602317687,all_measured_arrivals
F,100,0.4961500000000001,0.4824982987278242,0.5098017012721759,all_measured_arrivals
F,101,0.4971,0.4837311318136748,0.5104688681863252,all_measured_arrivals
F,102,0.49805000000000005,0.48467792068350163,0.5114220793164985,all_measured_arrivals
F,103,0.49905,0.48557141953201083,0.5125285804679891,all_measured_arrivals
F,104,0.49984999999999996,0.48639514552955654,0.5133048544704434,all_measured_arrivals
F,105,0.5005999999999999,0.48722008279020224,0.5139799172097976,all_measured_arrivals
F,106,0.5017,0.48805085883556687,0.5153491411644332,all_measured_arrivals
F,107,0.5029,0.4890060897125652,0.5167939102874348,all_measured_arrivals
F,108,0.5037,0.4897246905814141,0.517675309418586,all_measured_arrivals
F,109,0.5045499999999999,0.4905162987119976,0.5185837012880022,all_measured_arrivals
F,110,0.5057499999999999,0.4917083323727266,0.5197916676272732,all_measured_arrivals
F,111,0.5068,0.4926201387655208,0.5209798612344793,all_measured_arrivals
F,112,0.5075000000000001,0.49323729126329574,0.5217627087367044,all_measured_arrivals
F,113,0.50825,0.4940106222887644,0.5224893777112356,all_measured_arrivals
F,114,0.5093,0.4949046172317306,0.5236953827682693,all_measured_arrivals
F,115,0.5109999999999999,0.4961563145964957,0.5258436854035041,all_measured_arrivals
F,116,0.51225,0.49714394235642895,0.5273560576435711,all_measured_arrivals
F,117,0.51315,0.4978688730530262,0.5284311269469738,all_measured_arrivals
F,118,0.5138,0.49822832283156576,0.5293716771684343,all_measured_arrivals
F,119,0.51475,0.4991768481164499,0.5303231518835502,all_measured_arrivals
F,120,0.5156999999999999,0.5004321428877357,0.5309678571122641,all_measured_arrivals
F,121,0.5166,0.5012608955456519,0.531939104454348,all_measured_arrivals
F,122,0.5178,0.502209866896397,0.5333901331036031,all_measured_arrivals
F,123,0.5185500000000001,0.5028995888250315,0.5342004111749686,all_measured_arrivals
F,124,0.5193500000000001,0.5039901448207679,0.5347098551792323,all_measured_arrivals
F,125,0.52045,0.5051198159206759,0.535780184079324,all_measured_arrivals
F,126,0.5214,0.5059881634903309,0.536811836509669,all_measured_arrivals
F,127,0.5223,0.5068956805114867,0.5377043194885133,all_measured_arrivals
F,128,0.52355,0.5077537866188987,0.5393462133811012,all_measured_arrivals
F,129,0.5245000000000001,0.5086660954360465,0.5403339045639537,all_measured_arrivals
F,130,0.52555,0.5094225023206502,0.5416774976793497,all_measured_arrivals
F,131,0.5262499999999999,0.5102922898373059,0.5422077101626939,all_measured_arrivals
F,132,0.5271,0.5109405259273785,0.5432594740726215,all_measured_arrivals
F,133,0.5278,0.5113803885647255,0.5442196114352746,all_measured_arrivals
F,134,0.52875,0.51232023647125,0.5451797635287501,all_measured_arrivals
F,135,0.53015,0.5131698643924938,0.5471301356075062,all_measured_arrivals
F,136,0.5309,0.5136512046793325,0.5481487953206676,all_measured_arrivals
F,137,0.5318999999999999,0.5146985049383606,0.5491014950616393,all_measured_arrivals
F,138,0.5327000000000001,0.5153551489602023,0.5500448510397978,all_measured_arrivals
F,139,0.53335,0.5160760423939258,0.5506239576060742,all_measured_arrivals
F,140,0.5343,0.5168953833400638,0.5517046166599362,all_measured_arrivals
F,141,0.53495,0.5176187974603227,0.5522812025396774,all_measured_arrivals
F,142,0.5359,0.5184202782120125,0.5533797217879876,all_measured_arrivals
F,143,0.53685,0.5192330959084163,0.5544669040915838,all_measured_arrivals
F,144,0.53735,0.5196367816256627,0.5550632183743373,all_measured_arrivals
F,145,0.53795,0.5203240299252017,0.5555759700747984,all_measured_arrivals
F,146,0.53865,0.5209007422577885,0.5563992577422114,all_measured_arrivals
F,147,0.5395,0.5217905587378447,0.5572094412621552,all_measured_arrivals
F,148,0.54015,0.5224620528743098,0.5578379471256902,all_measured_arrivals
F,149,0.54085,0.5229274250130381,0.558772574986962,all_measured_arrivals
F,150,0.5417500000000001,0.52352118322811,0.5599788167718901,all_measured_arrivals
F,151,0.5427000000000001,0.524274345993337,0.5611256540066631,all_measured_arrivals
F,152,0.54385,0.5249474209131799,0.56275257908682,all_measured_arrivals
F,153,0.5455,0.5263332028908412,0.5646667971091588,all_measured_arrivals
F,154,0.5464,0.5271465063745618,0.5656534936254382,all_measured_arrivals
F,155,0.54755,0.5280840698665864,0.5670159301334136,all_measured_arrivals
F,156,0.5484,0.5291133449761946,0.5676866550238054,all_measured_arrivals
F,157,0.54935,0.5303504769494558,0.5683495230505442,all_measured_arrivals
F,158,0.5502,0.5311533956725795,0.5692466043274206,all_measured_arrivals
F,159,0.5512,0.5322172486061011,0.570182751393899,all_measured_arrivals
F,160,0.5523,0.5331891291230363,0.5714108708769637,all_measured_arrivals
F,161,0.55315,0.5340929664272824,0.5722070335727176,all_measured_arrivals
F,162,0.55425,0.5350822131326749,0.5734177868673251,all_measured_arrivals
F,163,0.5549499999999999,0.5357705482555137,0.5741294517444862,all_measured_arrivals
F,164,0.5561,0.5372381906745533,0.5749618093254468,all_measured_arrivals
F,165,0.55715,0.5385717845056502,0.5757282154943498,all_measured_arrivals
F,166,0.55785,0.5394476078760109,0.576252392123989,all_measured_arrivals
F,167,0.55855,0.5400445894284407,0.5770554105715593,all_measured_arrivals
F,168,0.55955,0.541179321743073,0.577920678256927,all_measured_arrivals
F,169,0.5606,0.5417846199445447,0.5794153800554552,all_measured_arrivals
F,170,0.5614,0.5425999094076359,0.5802000905923641,all_measured_arrivals
F,171,0.5625,0.5439335582338746,0.5810664417661254,all_measured_arrivals
F,172,0.5638500000000001,0.5453040591083006,0.5823959408916995,all_measured_arrivals
F,173,0.5651499999999999,0.5465717845056501,0.5837282154943497,all_measured_arrivals
F,174,0.5662,0.5478097113398718,0.5845902886601283,all_measured_arrivals
F,175,0.5670999999999999,0.548882744296441,0.5853172557035589,all_measured_arrivals
F,176,0.5681,0.54998740159911,0.5862125984008901,all_measured_arrivals
F,177,0.56865,0.55034247797615,0.58695752202385,all_measured_arrivals
F,178,0.56985,0.5513644557986775,0.5883355442013224,all_measured_arrivals
F,179,0.5712,0.5525346543655832,0.5898653456344168,all_measured_arrivals
F,180,0.5721,0.5531815281595688,0.5910184718404313,all_measured_arrivals
F,181,0.57335,0.554300931968956,0.592399068031044,all_measured_arrivals
F,182,0.5749,0.5552459627374783,0.5945540372625217,all_measured_arrivals
F,183,0.5760500000000001,0.5562391515750236,0.5958608484249766,all_measured_arrivals
F,184,0.5770500000000001,0.5571213634198228,0.5969786365801774,all_measured_arrivals
F,185,0.57805,0.5582230300366233,0.5978769699633766,all_measured_arrivals
F,186,0.5792499999999999,0.5589595023245868,0.5995404976754131,all_measured_arrivals
F,187,0.5806,0.5596246080407532,0.6015753919592468,all_measured_arrivals
F,188,0.5819000000000001,0.5605668353039694,0.6032331646960307,all_measured_arrivals
F,189,0.5831500000000001,0.5617095034101202,0.60459049658988,all_measured_arrivals
F,190,0.5851999999999999,0.5633085631511952,0.6070914368488047,all_measured_arrivals
F,191,0.5871,0.5648604965585318,0.6093395034414681,all_measured_arrivals
F,192,0.5885499999999999,0.5657513378672516,0.6113486621327482,all_measured_arrivals
F,193,0.5893499999999999,0.566888069856645,0.6118119301433549,all_measured_arrivals
F,194,0.5906,0.5681273595305525,0.6130726404694475,all_measured_arrivals
F,195,0.5917,0.5694310640201169,0.6139689359798831,all_measured_arrivals
F,196,0.5929000000000001,0.5702667393307091,0.615533260669291,all_measured_arrivals
F,197,0.59405,0.5715763376500572,0.6165236623499427,all_measured_arrivals
F,198,0.5952999999999999,0.5723297369992292,0.6182702630007707,all_measured_arrivals
F,199,0.5962500000000001,0.5732018438962128,0.6192981561037874,all_measured_arrivals
F,200,0.59685,0.5734855174617977,0.6202144825382023,all_measured_arrivals
F,201,0.59765,0.574121309710409,0.621178690289591,all_measured_arrivals
F,202,0.5986,0.5755150935317032,0.6216849064682969,all_measured_arrivals
F,203,0.5995,0.57635582759968,0.6226441724003201,all_measured_arrivals
F,204,0.6006,0.5771042209353067,0.6240957790646934,all_measured_arrivals
F,205,0.60175,0.5779341550055894,0.6255658449944106,all_measured_arrivals
F,206,0.60255,0.5788262320043644,0.6262737679956356,all_measured_arrivals
F,207,0.6036,0.5796903862845468,0.6275096137154532,all_measured_arrivals
F,208,0.60485,0.5807451190026462,0.6289548809973537,all_measured_arrivals
F,209,0.60595,0.58144482653787,0.63045517346213,all_measured_arrivals
F,210,0.6073500000000001,0.5828080203470493,0.6318919796529509,all_measured_arrivals
F,211,0.6083000000000001,0.5835191053102115,0.6330808946897887,all_measured_arrivals
F,212,0.60955,0.5847892998513642,0.6343107001486359,all_measured_arrivals
F,213,0.6109,0.5861804250800511,0.6356195749199489,all_measured_arrivals
F,214,0.6119,0.5871384530428828,0.6366615469571172,all_measured_arrivals
F,215,0.613,0.5883410874989844,0.6376589125010156,all_measured_arrivals
F,216,0.6144499999999999,0.5897209347840825,0.6391790652159174,all_measured_arrivals
F,217,0.61655,0.5917548057612823,0.6413451942387178,all_measured_arrivals
F,218,0.618,0.5929464581366617,0.6430535418633383,all_measured_arrivals
F,219,0.61915,0.5943680174489768,0.6439319825510231,all_measured_arrivals
F,220,0.6205499999999999,0.5954945850893649,0.645605414910635,all_measured_arrivals
F,221,0.6218,0.5966592509104225,0.6469407490895775,all_measured_arrivals
F,222,0.623,0.5978211530720957,0.6481788469279043,all_measured_arrivals
F,223,0.6239999999999999,0.5987084671508636,0.6492915328491362,all_measured_arrivals
F,224,0.626,0.6007647472127009,0.6512352527872991,all_measured_arrivals
F,225,0.62735,0.6018302449598859,0.652869755040114,all_measured_arrivals
F,226,0.6284000000000001,0.6028289247985307,0.6539710752014695,all_measured_arrivals
F,227,0.6295999999999999,0.6042031995585495,0.6549968004414504,all_measured_arrivals
F,228,0.6309499999999999,0.6052972518408413,0.6566027481591585,all_measured_arrivals
F,229,0.63235,0.6065757893594748,0.6581242106405252,all_measured_arrivals
F,230,0.63325,0.6075334979244871,0.6589665020755129,all_measured_arrivals
F,231,0.6343000000000001,0.6082138505920283,0.6603861494079719,all_measured_arrivals
F,232,0.63515,0.6086581038537745,0.6616418961462255,all_measured_arrivals
F,233,0.6364,0.6095127115516548,0.6632872884483452,all_measured_arrivals
F,234,0.6375,0.6102633819717864,0.6647366180282135,all_measured_arrivals
F,235,0.6385500000000001,0.6110511743873617,0.6660488256126385,all_measured_arrivals
F,236,0.6398999999999999,0.6119798335306105,0.6678201664693894,all_measured_arrivals
F,237,0.6413499999999999,0.6134852834780101,0.6692147165219896,all_measured_arrivals
F,238,0.6426499999999999,0.6142807379230575,0.6710192620769424,all_measured_arrivals
F,239,0.64455,0.6156899917783347,0.6734100082216652,all_measured_arrivals
F,240,0.6456500000000001,0.6169629419879905,0.6743370580120096,all_measured_arrivals
F,241,0.6467499999999999,0.6177979717844635,0.6757020282155364,all_measured_arrivals
F,242,0.6481,0.6190107278531835,0.6771892721468166,all_measured_arrivals
F,243,0.64935,0.6199704527741294,0.6787295472258705,all_measured_arrivals
F,244,0.6504,0.6208015532689631,0.6799984467310368,all_measured_arrivals
F,245,0.6515500000000001,0.6217941307027697,0.6813058692972305,all_measured_arrivals
F,246,0.65285,0.6233156159202071,0.682384384079793,all_measured_arrivals
F,247,0.65355,0.6238763882437979,0.683223611756202,all_measured_arrivals
F,248,0.6544500000000001,0.6249112889242402,0.68398871107576,all_measured_arrivals
F,249,0.65565,0.6261974072065327,0.6851025927934672,all_measured_arrivals
F,250,0.6569999999999999,0.6273384705187708,0.686661529481229,all_measured_arrivals
F,251,0.6581,0.62826568071123,0.68793431928877,all_measured_arrivals
F,252,0.6590999999999999,0.6295184250578176,0.6886815749421822,all_measured_arrivals
F,253,0.65995,0.6302715432538537,0.6896284567461464,all_measured_arrivals
F,254,0.66155,0.6319658936760891,0.6911341063239108,all_measured_arrivals
F,255,0.6633,0.633069383074551,0.693530616925449,all_measured_arrivals
F,256,0.6645500000000001,0.6343367280285358,0.6947632719714644,all_measured_arrivals
F,257,0.66575,0.6352478201778886,0.6962521798221113,all_measured_arrivals
F,258,0.66755,0.6368595885255971,0.6982404114744029,all_measured_arrivals
F,259,0.6688,0.6382920267260792,0.6993079732739207,all_measured_arrivals
F,260,0.6702000000000001,0.6402234492321666,0.7001765507678337,all_measured_arrivals
F,261,0.67115,0.6411993410897429,0.7011006589102572,all_measured_arrivals
F,262,0.6728500000000001,0.6427254254992296,0.7029745745007705,all_measured_arrivals
F,263,0.6740999999999999,0.6438171110754121,0.7043828889245878,all_measured_arrivals
F,264,0.67575,0.6456453189444502,0.7058546810555497,all_measured_arrivals
F,265,0.67645,0.6465110781041434,0.7063889218958566,all_measured_arrivals
F,266,0.6780499999999998,0.648408708415049,0.7076912915849506,all_measured_arrivals
F,267,0.6792499999999999,0.649999882022655,0.7085001179773448,all_measured_arrivals
F,268,0.68045,0.6514770111870627,0.7094229888129373,all_measured_arrivals
F,269,0.6815500000000001,0.6526476759404611,0.7104523240595391,all_measured_arrivals
F,270,0.6825500000000001,0.6535734273402937,0.7115265726597065,all_measured_arrivals
F,271,0.6835500000000001,0.6546222609240115,0.7124777390759887,all_measured_arrivals
F,272,0.68465,0.6558864713945467,0.7134135286054533,all_measured_arrivals
F,273,0.68565,0.6569913575037875,0.7143086424962125,all_measured_arrivals
F,274,0.6869000000000001,0.6580384349504521,0.715761565049548,all_measured_arrivals
F,275,0.68795,0.6588647440893274,0.7170352559106725,all_measured_arrivals
F,276,0.6891999999999999,0.660251524178461,0.7181484758215388,all_measured_arrivals
F,277,0.6900999999999999,0.6611500065975954,0.7190499934024045,all_measured_arrivals
F,278,0.6912499999999999,0.6622307309581748,0.7202692690418251,all_measured_arrivals
F,279,0.69255,0.6633821965767226,0.7217178034232774,all_measured_arrivals
F,280,0.69355,0.66451697132599,0.72258302867401,all_measured_arrivals
F,281,0.6949500000000001,0.6654624421123235,0.7244375578876766,all_measured_arrivals
F,282,0.6962499999999999,0.66712385245838,0.7253761475416198,all_measured_arrivals
F,283,0.6974499999999999,0.6686792519642947,0.7262207480357051,all_measured_arrivals
F,284,0.69865,0.67033654261902,0.72696345738098,all_measured_arrivals
F,285,0.69945,0.6711010178297351,0.727798982170265,all_measured_arrivals
F,286,0.7003,0.6718700903614873,0.7287299096385128,all_measured_arrivals
F,287,0.7016499999999999,0.6732860881567808,0.730013911843219,all_measured_arrivals
F,288,0.703,0.6746560548465709,0.731343945153429,all_measured_arrivals
F,289,0.7044,0.6755482616720967,0.7332517383279034,all_measured_arrivals
F,290,0.7060500000000001,0.6769329040431239,0.7351670959568762,all_measured_arrivals
F,291,0.70715,0.6778944208227863,0.7364055791772136,all_measured_arrivals
F,292,0.7083999999999999,0.6792206626664273,0.7375793373335725,all_measured_arrivals
F,293,0.70945,0.6801308728011093,0.7387691271988908,all_measured_arrivals
F,294,0.71115,0.6819091684032578,0.7403908315967421,all_measured_arrivals
F,295,0.7127000000000001,0.6834885149958624,0.7419114850041378,all_measured_arrivals
F,296,0.7139,0.6850905131799189,0.7427094868200811,all_measured_arrivals
F,297,0.71495,0.6864470282274971,0.7434529717725028,all_measured_arrivals
F,298,0.7162999999999999,0.6879607051951983,0.7446392948048016,all_measured_arrivals
F,299,0.71755,0.689572851753505,0.745527148246495,all_measured_arrivals
F,300,0.71855,0.690505267286387,0.7465947327136131,all_measured_arrivals
F,301,0.7197000000000001,0.691389469761681,0.7480105302383192,all_measured_arrivals
F,302,0.721,0.6927435529193171,0.7492564470806828,all_measured_arrivals
F,303,0.72195,0.6939997026693825,0.7499002973306175,all_measured_arrivals
F,304,0.72295,0.6951547424898994,0.7507452575101006,all_measured_arrivals
F,305,0.7244,0.6966432420616028,0.7521567579383973,all_measured_arrivals
F,306,0.7259500000000001,0.6983806787817034,0.7535193212182968,all_measured_arrivals
F,307,0.72715,0.6997201038809358,0.7545798961190642,all_measured_arrivals
F,308,0.7284499999999999,0.7009688992106913,0.7559311007893086,all_measured_arrivals
F,309,0.72955,0.7022918715111013,0.7568081284888988,all_measured_arrivals
F,310,0.73065,0.70365068432654,0.75764931567346,all_measured_arrivals
F,311,0.7317000000000001,0.7044223545599302,0.7589776454400701,all_measured_arrivals
F,312,0.7326,0.705204159861205,0.7599958401387951,all_measured_arrivals
F,313,0.7336,0.7060831344069244,0.7611168655930757,all_measured_arrivals
F,314,0.7346500000000001,0.7068599157993767,0.7624400842006236,all_measured_arrivals
F,315,0.7359500000000001,0.707995701962241,0.7639042980377592,all_measured_arrivals
F,316,0.737,0.7093522361198145,0.7646477638801855,all_measured_arrivals
F,317,0.73845,0.7109264948975753,0.7659735051024248,all_measured_arrivals
F,318,0.73975,0.7123518638501265,0.7671481361498735,all_measured_arrivals
F,319,0.741,0.7136742260632397,0.7683257739367603,all_measured_arrivals
F,320,0.7424000000000001,0.7150298299755798,0.7697701700244203,all_measured_arrivals
F,321,0.74345,0.7161669742923148,0.7707330257076853,all_measured_arrivals
F,322,0.74475,0.7176641386058605,0.7718358613941395,all_measured_arrivals
F,323,0.7465999999999999,0.7195763984610883,0.7736236015389115,all_measured_arrivals
F,324,0.7476999999999999,0.7207132239373363,0.7746867760626636,all_measured_arrivals
F,325,0.7494500000000001,0.7233355799647422,0.7755644200352579,all_measured_arrivals
F,326,0.7505000000000001,0.7246124165715806,0.7763875834284195,all_measured_arrivals
F,327,0.7518,0.7261515726184053,0.7774484273815947,all_measured_arrivals
F,328,0.75285,0.7275165362199387,0.7781834637800613,all_measured_arrivals
F,329,0.7539,0.7289975602540096,0.7788024397459904,all_measured_arrivals
F,330,0.7546999999999999,0.7298907559290667,0.7795092440709331,all_measured_arrivals
F,331,0.75545,0.7305442325596564,0.7803557674403435,all_measured_arrivals
F,332,0.7564999999999998,0.7318827478057741,0.7811172521942256,all_measured_arrivals
F,333,0.7578,0.7337531382314025,0.7818468617685975,all_measured_arrivals
F,334,0.7585000000000001,0.7347918515891513,0.7822081484108488,all_measured_arrivals
F,335,0.7595000000000001,0.7364339591966418,0.7825660408033583,all_measured_arrivals
F,336,0.7605000000000001,0.7379409747592007,0.7830590252407994,all_measured_arrivals
F,337,0.7611000000000001,0.7387108664837022,0.783489133516298,all_measured_arrivals
F,338,0.76185,0.7396340796532871,0.784065920346713,all_measured_arrivals
F,339,0.7628500000000001,0.7409640826813149,0.7847359173186854,all_measured_arrivals
F,340,0.7641,0.7428215723462256,0.7853784276537744,all_measured_arrivals
F,341,0.76515,0.744635558275771,0.785664441724229,all_measured_arrivals
F,342,0.7657499999999999,0.745441794851499,0.7860582051485009,all_measured_arrivals
F,343,0.7663,0.746132454183106,0.7864675458168939,all_measured_arrivals
F,344,0.7670999999999999,0.747376992450075,0.7868230075499247,all_measured_arrivals
F,345,0.76805,0.7484793030100887,0.7876206969899113,all_measured_arrivals
F,346,0.76895,0.7497464078358922,0.7881535921641079,all_measured_arrivals
F,347,0.7699,0.7515769409713635,0.7882230590286365,all_measured_arrivals
F,348,0.7706999999999999,0.7530828125258211,0.7883171874741788,all_measured_arrivals
F,349,0.7713000000000001,0.7540678840630595,0.7885321159369407,all_measured_arrivals
F,350,0.7721,0.7555546290801364,0.7886453709198636,all_measured_arrivals
F,351,0.7726999999999999,0.756322522987695,0.7890774770123049,all_measured_arrivals
F,352,0.7736,0.7572711242106781,0.7899288757893218,all_measured_arrivals
F,353,0.7743,0.7583054786057734,0.7902945213942266,all_measured_arrivals
F,354,0.7747999999999999,0.7591168943423429,0.790483105657657,all_measured_arrivals
F,355,0.77525,0.7597292541439067,0.7907707458560933,all_measured_arrivals
F,356,0.7757999999999999,0.7603767653510376,0.7912232346489623,all_measured_arrivals
F,357,0.7760999999999999,0.760620158546185,0.7915798414538148,all_measured_arrivals
F,358,0.77695,0.7616099191773217,0.7922900808226784,all_measured_arrivals
F,359,0.77745,0.7623111934889726,0.7925888065110274,all_measured_arrivals
F,360,0.77795,0.7628296720341957,0.7930703279658043,all_measured_arrivals
F,361,0.7786,0.763569150250015,0.7936308497499849,all_measured_arrivals
F,362,0.77905,0.7639386554806099,0.7941613445193901,all_measured_arrivals
F,363,0.7796000000000001,0.764625587347518,0.7945744126524822,all_measured_arrivals
F,364,0.7800499999999999,0.7648422302216872,0.7952577697783126,all_measured_arrivals
F,365,0.7804,0.7650525658657253,0.7957474341342746,all_measured_arrivals
F,366,0.78095,0.7653292193806049,0.7965707806193951,all_measured_arrivals
F,367,0.78115,0.7653699765813772,0.7969300234186228,all_measured_arrivals
F,368,0.78175,0.7659169152264377,0.7975830847735622,all_measured_arrivals
F,369,0.7822,0.7662052289040132,0.7981947710959868,all_measured_arrivals
F,370,0.7826500000000001,0.7667424245370822,0.798557575462918,all_measured_arrivals
F,371,0.78305,0.7670972962171382,0.7990027037828619,all_measured_arrivals
F,372,0.78335,0.7673732799011427,0.7993267200988573,all_measured_arrivals
F,373,0.7837999999999999,0.7679678611911748,0.7996321388088251,all_measured_arrivals
F,374,0.78435,0.7686878542993928,0.8000121457006072,all_measured_arrivals
F,375,0.7847999999999999,0.7692447464903673,0.8003552535096325,all_measured_arrivals
F,376,0.78525,0.7699000288147942,0.8005999711852058,all_measured_arrivals
F,377,0.78585,0.7704995084459185,0.8012004915540816,all_measured_arrivals
F,378,0.7861000000000001,0.7708248201740716,0.8013751798259287,all_measured_arrivals
F,379,0.7868,0.7711576933335669,0.8024423066664332,all_measured_arrivals
F,380,0.78725,0.771496320756799,0.803003679243201,all_measured_arrivals
F,381,0.7877000000000001,0.771956147767451,0.8034438522325491,all_measured_arrivals
F,382,0.7882,0.7724508214006003,0.8039491785993997,all_measured_arrivals
F,383,0.7889999999999999,0.7730803150904034,0.8049196849095964,all_measured_arrivals
F,384,0.78935,0.7734083157869833,0.8052916842130167,all_measured_arrivals
F,385,0.78955,0.773475088756773,0.805624911243227,all_measured_arrivals
F,386,0.7897,0.7735474477437838,0.8058525522562161,all_measured_arrivals
F,387,0.7899999999999999,0.773783041109413,0.8062169588905869,all_measured_arrivals
F,388,0.7906,0.7742135024716603,0.8069864975283396,all_measured_arrivals
F,389,0.79135,0.7749216950687297,0.8077783049312703,all_measured_arrivals
F,390,0.79165,0.7752738033283147,0.8080261966716852,all_measured_arrivals
F,391,0.7922,0.7757124222875291,0.8086875777124709,all_measured_arrivals
F,392,0.7930499999999999,0.7765906063570738,0.8095093936429261,all_measured_arrivals
F,393,0.7933,0.7767044958598687,0.8098955041401313,all_measured_arrivals
F,394,0.7940499999999999,0.7772567079771943,0.8108432920228056,all_measured_arrivals
F,395,0.7948000000000001,0.7779539339412699,0.8116460660587302,all_measured_arrivals
F,396,0.7952500000000001,0.7785454137488855,0.8119545862511147,all_measured_arrivals
F,397,0.7955500000000001,0.7787938499985441,0.8123061500014561,all_measured_arrivals
F,398,0.79605,0.7793196120085005,0.8127803879914995,all_measured_arrivals
F,399,0.79675,0.779900674385412,0.8135993256145879,all_measured_arrivals
F,400,0.7974000000000001,0.7807802068691632,0.814019793130837,all_measured_arrivals
F,401,0.79815,0.7814239095345451,0.814876090465455,all_measured_arrivals
F,402,0.7988500000000001,0.7819817221899313,0.8157182778100688,all_measured_arrivals
F,403,0.79925,0.7825291635663617,0.8159708364336383,all_measured_arrivals
F,404,0.7997000000000001,0.7831189418098037,0.8162810581901965,all_measured_arrivals
F,405,0.80015,0.7836983730273174,0.8166016269726827,all_measured_arrivals
F,406,0.8006,0.7842339886501178,0.8169660113498821,all_measured_arrivals
F,407,0.80135,0.7852051764895904,0.8174948235104096,all_measured_arrivals
F,408,0.8018,0.7854174026258339,0.818182597374166,all_measured_arrivals
F,409,0.8020499999999999,0.7856718523730294,0.8184281476269705,all_measured_arrivals
F,410,0.8023999999999999,0.7859628846802267,0.8188371153197731,all_measured_arrivals
F,411,0.8028499999999998,0.7865736121294571,0.8191263878705426,all_measured_arrivals
F,412,0.8030999999999998,0.7869830926139798,0.8192169073860198,all_measured_arrivals
F,413,0.8036999999999999,0.7874272318790438,0.8199727681209559,all_measured_arrivals
F,414,0.80425,0.787973121377929,0.8205268786220711,all_measured_arrivals
F,415,0.8045,0.7882508106299143,0.8207491893700857,all_measured_arrivals
F,416,0.8051,0.7888665488236202,0.8213334511763799,all_measured_arrivals
F,417,0.8056,0.789276016757841,0.821923983242159,all_measured_arrivals
F,418,0.80615,0.7901203713381427,0.8221796286618573,all_measured_arrivals
F,419,0.8065,0.7902567106655847,0.8227432893344153,all_measured_arrivals
F,420,0.8068,0.7906274320287815,0.8229725679712184,all_measured_arrivals
F,421,0.8071499999999999,0.7910919925813298,0.8232080074186701,all_measured_arrivals
F,422,0.8076499999999999,0.7913755752835552,0.8239244247164446,all_measured_arrivals
F,423,0.8080499999999999,0.7916982099094424,0.8244017900905575,all_measured_arrivals
F,424,0.80845,0.7924797807538978,0.8244202192461022,all_measured_arrivals
F,425,0.8090499999999999,0.7931313813556384,0.8249686186443614,all_measured_arrivals
F,426,0.8096000000000001,0.7936502381980889,0.8255497618019113,all_measured_arrivals
F,427,0.81,0.793919561584292,0.8260804384157081,all_measured_arrivals
F,428,0.81065,0.7941353745566284,0.8271646254433715,all_measured_arrivals
F,429,0.8110999999999999,0.794718621614442,0.8274813783855579,all_measured_arrivals
F,430,0.81145,0.7951192287426906,0.8277807712573094,all_measured_arrivals
F,431,0.8124,0.796076016757841,0.828723983242159,all_measured_arrivals
F,432,0.81285,0.7964348282783209,0.829265171721679,all_measured_arrivals
F,433,0.81315,0.7967396950973056,0.8295603049026945,all_measured_arrivals
F,434,0.8137999999999999,0.7971994427472879,0.8304005572527118,all_measured_arrivals
F,435,0.8144,0.7979259931104514,0.8308740068895486,all_measured_arrivals
F,436,0.81485,0.7984708769825304,0.8312291230174695,all_measured_arrivals
F,437,0.8155000000000001,0.7991274010115754,0.8318725989884248,all_measured_arrivals
F,438,0.8158499999999999,0.7994977214208251,0.8322022785791746,all_measured_arrivals
F,439,0.8168,0.8003056410631177,0.8332943589368822,all_measured_arrivals
F,440,0.81715,0.8007377481965294,0.8335622518034707,all_measured_arrivals
F,441,0.81765,0.8010355546120834,0.8342644453879166,all_measured_arrivals
F,442,0.8180999999999999,0.8017469276579439,0.834453072342056,all_measured_arrivals
F,443,0.8185499999999999,0.8022642903792099,0.8348357096207899,all_measured_arrivals
F,444,0.81895,0.8026074939674077,0.8352925060325922,all_measured_arrivals
F,445,0.8197,0.8033030254040623,0.8360969745959377,all_measured_arrivals
F,446,0.81995,0.8035777059363244,0.8363222940636755,all_measured_arrivals
F,447,0.8206,0.8042281328405143,0.8369718671594857,all_measured_arrivals
F,448,0.82115,0.8048422338044002,0.8374577661955999,all_measured_arrivals
F,449,0.82165,0.8055284468920002,0.8377715531079998,all_measured_arrivals
F,450,0.8223500000000001,0.8060187396253736,0.8386812603746266,all_measured_arrivals
F,451,0.8232,0.8070907764796783,0.8393092235203218,all_measured_arrivals
F,452,0.8236500000000001,0.8077188415776931,0.8395811584223071,all_measured_arrivals
F,453,0.8244,0.8084022327868949,0.8403977672131051,all_measured_arrivals
F,454,0.8251000000000001,0.8092066790618332,0.8409933209381669,all_measured_arrivals
F,455,0.8255000000000001,0.8094615909649643,0.841538409035036,all_measured_arrivals
F,456,0.8259000000000001,0.8100610515060752,0.8417389484939249,all_measured_arrivals
F,457,0.82645,0.8106760521013632,0.8422239478986369,all_measured_arrivals
F,458,0.82725,0.8116768481164499,0.8428231518835502,all_measured_arrivals
F,459,0.82835,0.8122671401634497,0.8444328598365504,all_measured_arrivals
F,460,0.8291499999999999,0.8129493652883891,0.8453506347116108,all_measured_arrivals
F,461,0.82985,0.8134479720037545,0.8462520279962454,all_measured_arrivals
F,462,0.8303499999999999,0.8139076007131575,0.8467923992868424,all_measured_arrivals
F,463,0.8311,0.8143530887536247,0.8478469112463752,all_measured_arrivals
F,464,0.83255,0.8151387872383844,0.8499612127616156,all_measured_arrivals
F,465,0.8335000000000001,0.8157437118572893,0.8512562881427109,all_measured_arrivals
F,466,0.83425,0.816100229776867,0.8523997702231331,all_measured_arrivals
F,467,0.8348,0.8163611285509569,0.8532388714490431,all_measured_arrivals
F,468,0.8355999999999999,0.8171828014603122,0.8540171985396876,all_measured_arrivals
F,469,0.8364499999999999,0.8177688804772844,0.8551311195227155,all_measured_arrivals
F,470,0.8371999999999998,0.8181869757486394,0.8562130242513603,all_measured_arrivals
F,471,0.83835,0.818838983928563,0.857861016071437,all_measured_arrivals
F,472,0.8395,0.8195346721260665,0.8594653278739336,all_measured_arrivals
F,473,0.8405,0.820129106647925,0.860870893352075,all_measured_arrivals
F,474,0.8411500000000001,0.8207081100650041,0.861591889934996,all_measured_arrivals
F,475,0.8425,0.8214495310744138,0.8635504689255863,all_measured_arrivals
F,476,0.84395,0.822582649129442,0.8653173508705579,all_measured_arrivals
F,477,0.8459000000000001,0.8239373446432888,0.8678626553567114,all_measured_arrivals
F,478,0.84705,0.8246850061030978,0.8694149938969021,all_measured_arrivals
F,479,0.8486499999999999,0.8257339186382642,0.8715660813617356,all_measured_arrivals
F,480,0.84965,0.8264446906508987,0.8728553093491014,all_measured_arrivals
F,481,0.85065,0.8272380447665718,0.8740619552334282,all_measured_arrivals
F,482,0.85195,0.8281411994017572,0.8757588005982427,all_measured_arrivals
F,483,0.85315,0.8294582400567405,0.8768417599432594,all_measured_arrivals
F,484,0.8543000000000001,0.8303598372552438,0.8782401627447564,all_measured_arrivals
F,485,0.8558,0.8316411237433716,0.8799588762566284,all_measured_arrivals
F,486,0.85795,0.8329645008545458,0.8829354991454542,all_measured_arrivals
F,487,0.8601000000000001,0.8342723459040736,0.8859276540959266,all_measured_arrivals
F,488,0.8623000000000001,0.8355504657767288,0.8890495342232714,all_measured_arrivals
F,489,0.8649,0.8367331660420996,0.8930668339579004,all_measured_arrivals
F,490,0.8664000000000001,0.8371703364501375,0.8956296635498626,all_measured_arrivals
F,491,0.8674000000000001,0.8375623341732252,0.8972376658267749,all_measured_arrivals
F,492,0.8688,0.8383927341542472,0.8992072658457528,all_measured_arrivals
F,493,0.8709000000000001,0.8391874504683245,0.9026125495316757,all_measured_arrivals
F,494,0.8719,0.8396772145508311,0.9041227854491689,all_measured_arrivals
F,495,0.8728500000000001,0.8407018235697497,0.9049981764302506,all_measured_arrivals
F,496,0.8748,0.8425533018100643,0.9070466981899358,all_measured_arrivals
F,497,0.8767,0.8441845433289541,0.909215456671046,all_measured_arrivals
F,498,0.8777999999999999,0.8453857905014874,0.9102142094985124,all_measured_arrivals
F,499,0.8793,0.8469243795202787,0.9116756204797213,all_measured_arrivals
F,500,0.8805,0.847984543328954,0.9130154566710459,all_measured_arrivals
F,501,0.8816999999999999,0.8495367637443666,0.9138632362556333,all_measured_arrivals
F,502,0.8829000000000001,0.8509180745590424,0.9148819254409578,all_measured_arrivals
F,503,0.88385,0.8516628377836806,0.9160371622163195,all_measured_arrivals
F,504,0.8851,0.852995925774152,0.917204074225848,all_measured_arrivals
F,505,0.8859499999999999,0.8537278652748718,0.918172134725128,all_measured_arrivals
F,506,0.8870499999999999,0.8551039663753468,0.918996033624653,all_measured_arrivals
F,507,0.8877999999999999,0.8560430246233821,0.9195569753766177,all_measured_arrivals
F,508,0.889,0.8577332646120949,0.9202667353879052,all_measured_arrivals
F,509,0.8901499999999999,0.8591099557802658,0.9211900442197339,all_measured_arrivals
F,510,0.8917499999999999,0.8612431067777218,0.9222568932222781,all_measured_arrivals
F,511,0.89305,0.8629527492014885,0.9231472507985116,all_measured_arrivals
F,512,0.89405,0.8638486274685402,0.9242513725314598,all_measured_arrivals
F,513,0.8956500000000001,0.8651255688513395,0.9261744311486606,all_measured_arrivals
F,514,0.8966000000000001,0.8660962162308057,0.9271037837691944,all_measured_arrivals
F,515,0.8981,0.8674453639201564,0.9287546360798437,all_measured_arrivals
F,516,0.8996999999999999,0.8693191462940303,0.9300808537059696,all_measured_arrivals
F,517,0.9009,0.8705680891343585,0.9312319108656416,all_measured_arrivals
F,518,0.9027,0.8721236358668448,0.9332763641331551,all_measured_arrivals
F,519,0.9040499999999998,0.8737788841960151,0.9343211158039845,all_measured_arrivals
F,520,0.9055500000000001,0.8754678807527216,0.9356321192472785,all_measured_arrivals
F,521,0.9067500000000002,0.8766678807527217,0.9368321192472786,all_measured_arrivals
F,522,0.9079500000000001,0.8777650299364639,0.9381349700635364,all_measured_arrivals
F,523,0.90935,0.8792066051349979,0.939493394865002,all_measured_arrivals
F,524,0.91105,0.8803343527448886,0.9417656472551115,all_measured_arrivals
F,525,0.9130499999999999,0.881732243727753,0.9443677562722468,all_measured_arrivals
F,526,0.9148000000000001,0.8834500912904208,0.9461499087095793,all_measured_arrivals
F,527,0.9165500000000001,0.8849094757160136,0.9481905242839865,all_measured_arrivals
F,528,0.91755,0.8862248479760909,0.948875152023909,all_measured_arrivals
F,529,0.9188000000000001,0.888190606791193,0.9494093932088071,all_measured_arrivals
F,530,0.9206000000000001,0.8909718822556857,0.9502281177443145,all_measured_arrivals
F,531,0.92205,0.8931614978273614,0.9509385021726386,all_measured_arrivals
F,532,0.92375,0.8949304295308981,0.9525695704691018,all_measured_arrivals
F,533,0.9251999999999999,0.8964181139935036,0.9539818860064962,all_measured_arrivals
F,534,0.9266,0.8977820579225806,0.9554179420774194,all_measured_arrivals
F,535,0.92765,0.8988900817892667,0.9564099182107333,all_measured_arrivals
F,536,0.92875,0.8999617662378054,0.9575382337621945,all_measured_arrivals
F,537,0.9298500000000001,0.9010664835619938,0.9586335164380063,all_measured_arrivals
F,538,0.9307000000000001,0.9019299113562976,0.9594700886437025,all_measured_arrivals
F,539,0.9315,0.9027626917777027,0.9602373082222972,all_measured_arrivals
F,540,0.9324000000000001,0.9035427250793249,0.9612572749206754,all_measured_arrivals
F,541,0.9338000000000001,0.9052376433631718,0.9623623566368283,all_measured_arrivals
F,542,0.9348500000000001,0.906374785884892,0.9633252141151082,all_measured_arrivals
F,543,0.9362,0.9079011813600708,0.9644988186399293,all_measured_arrivals
F,544,0.9371999999999999,0.9087761317305251,0.9656238682694748,all_measured_arrivals
F,545,0.9377500000000001,0.9092711393969157,0.9662288606030844,all_measured_arrivals
F,546,0.93875,0.9101298469305821,0.9673701530694179,all_measured_arrivals
F,547,0.9394,0.9107544255581571,0.9680455744418429,all_measured_arrivals
F,548,0.9397,0.9109071537197249,0.9684928462802751,all_measured_arrivals
F,549,0.9404,0.9119924357852676,0.9688075642147325,all_measured_arrivals
F,550,0.9410499999999999,0.9129472234771123,0.9691527765228876,all_measured_arrivals
F,551,0.9418,0.9139260759510701,0.9696739240489298,all_measured_arrivals
F,552,0.9423499999999999,0.9148073472513674,0.9698926527486325,all_measured_arrivals
F,553,0.94285,0.915474905574048,0.970225094425952,all_measured_arrivals
F,554,0.9435500000000001,0.916389923970773,0.9707100760292272,all_measured_arrivals
F,555,0.9443500000000001,0.9176969802008644,0.9710030197991358,all_measured_arrivals
F,556,0.9450500000000001,0.9186447813077283,0.9714552186922718,all_measured_arrivals
F,557,0.9459500000000001,0.9200453358892492,0.9718546641107509,all_measured_arrivals
F,558,0.94685,0.921320543683205,0.9723794563167949,all_measured_arrivals
F,559,0.94785,0.9228622630775721,0.9728377369224278,all_measured_arrivals
F,560,0.94895,0.9248427994812015,0.9730572005187984,all_measured_arrivals
F,561,0.9497,0.9259454019381587,0.9734545980618413,all_measured_arrivals
F,562,0.95045,0.9272625971141039,0.9736374028858962,all_measured_arrivals
F,563,0.9509,0.9278498945265048,0.9739501054734951,all_measured_arrivals
F,564,0.9514999999999999,0.9286252174340927,0.9743747825659071,all_measured_arrivals
F,565,0.95235,0.9300812882063684,0.9746187117936317,all_measured_arrivals
F,566,0.9531000000000001,0.9312576948612358,0.9749423051387643,all_measured_arrivals
F,567,0.95375,0.9325014840746136,0.9749985159253863,all_measured_arrivals
F,568,0.9543999999999999,0.9337748369144001,0.9750251630855997,all_measured_arrivals
F,569,0.95495,0.9349509436364044,0.9749490563635955,all_measured_arrivals
F,570,0.9554499999999999,0.9359500408237021,0.9749499591762977,all_measured_arrivals
F,571,0.9565999999999999,0.9384343379848596,0.9747656620151401,all_measured_arrivals
F,572,0.9570499999999998,0.9391823280857944,0.9749176719142053,all_measured_arrivals
F,573,0.9576499999999999,0.9403469346071521,0.9749530653928477,all_measured_arrivals
F,574,0.9583999999999999,0.9415245614367348,0.975275438563265,all_measured_arrivals
F,575,0.9588999999999999,0.9424835509774167,0.9753164490225831,all_measured_arrivals
F,576,0.95945,0.9434094121842987,0.9754905878157013,all_measured_arrivals
F,577,0.9602999999999999,0.9452290810039549,0.975370918996045,all_measured_arrivals
F,578,0.9610999999999998,0.9468361712139192,0.9753638287860805,all_measured_arrivals
F,579,0.9616999999999999,0.9482251980644094,0.9751748019355904,all_measured_arrivals
F,580,0.96215,0.9490099120013042,0.9752900879986957,all_measured_arrivals
F,581,0.96265,0.9497120721879169,0.9755879278120831,all_measured_arrivals
F,582,0.9630500000000001,0.9503199514035982,0.975780048596402,all_measured_arrivals
F,583,0.9634999999999999,0.951235501033264,0.9757644989667358,all_measured_arrivals
F,584,0.9637,0.9513679525749246,0.9760320474250754,all_measured_arrivals
F,585,0.9639500000000001,0.9516846055380462,0.9762153944619539,all_measured_arrivals
F,586,0.96425,0.9522926042834985,0.9762073957165016,all_measured_arrivals
F,587,0.9645000000000001,0.9525468636713061,0.9764531363286941,all_measured_arrivals
F,588,0.9649000000000001,0.9529763032905072,0.976823696709493,all_measured_arrivals
F,589,0.9654,0.9535633743188333,0.9772366256811668,all_measured_arrivals
F,590,0.9663999999999999,0.9558507920795546,0.9769492079204453,all_measured_arrivals
F,591,0.9671000000000001,0.9572351555556926,0.9769648444443075,all_measured_arrivals
F,592,0.9675,0.9579010900223371,0.9770989099776629,all_measured_arrivals
F,593,0.96785,0.9583612546151169,0.9773387453848831,all_measured_arrivals
F,594,0.9681,0.9585478043830996,0.9776521956169003,all_measured_arrivals
F,595,0.9684999999999999,0.9590672956776117,0.9779327043223881,all_measured_arrivals
F,596,0.96875,0.9595580052313676,0.9779419947686324,all_measured_arrivals
F,597,0.96895,0.9601641059366128,0.9777358940633871,all_measured_arrivals
F,598,0.9692,0.9606088934589827,0.9777911065410172,all_measured_arrivals
F,599,0.9695,0.9612354050698333,0.9777645949301668,all_measured_arrivals
F,600,0.96965,0.9616772478209715,0.9776227521790285,all_measured_arrivals
F,601,0.9701,0.9624916190423717,0.9777083809576282,all_measured_arrivals
F,602,0.9703999999999999,0.9627952944621164,0.9780047055378834,all_measured_arrivals
F,603,0.97055,0.9631239879878217,0.9779760120121783,all_measured_arrivals
F,604,0.9708,0.9633631050159702,0.9782368949840298,all_measured_arrivals
F,605,0.9709,0.9635435587822617,0.9782564412177382,all_measured_arrivals
F,606,0.971,0.963787757591736,0.978212242408264,all_measured_arrivals
F,607,0.9712999999999999,0.9643892147762989,0.978210785223701,all_measured_arrivals
F,608,0.9713999999999999,0.9645420072770649,0.978257992722935,all_measured_arrivals
F,609,0.9719,0.9654260602786859,0.978373939721314,all_measured_arrivals
F,610,0.9721,0.965829126540931,0.9783708734590689,all_measured_arrivals
F,611,0.9723999999999999,0.9664152512700671,0.9783847487299328,all_measured_arrivals
F,612,0.9724999999999999,0.9665507256845493,0.9784492743154506,all_measured_arrivals
F,613,0.9726999999999999,0.9669251413416007,0.9784748586583991,all_measured_arrivals
F,614,0.97305,0.967411793018706,0.978688206981294,all_measured_arrivals
F,615,0.9734499999999999,0.9683566395109912,0.9785433604890087,all_measured_arrivals
F,616,0.9738,0.9686782934297523,0.9789217065702477,all_measured_arrivals
F,617,0.9741,0.9689603893929158,0.9792396106070841,all_measured_arrivals
F,618,0.9742500000000001,0.9690265654445934,0.9794734345554067,all_measured_arrivals
F,619,0.97445,0.9693206960440559,0.9795793039559442,all_measured_arrivals
F,620,0.9745,0.9693201388155895,0.9796798611844105,all_measured_arrivals
F,621,0.97465,0.9694265654445934,0.9798734345554067,all_measured_arrivals
F,622,0.97475,0.9696051467732038,0.9798948532267963,all_measured_arrivals
F,623,0.97485,0.9697238115580968,0.9799761884419032,all_measured_arrivals
F,624,0.975,0.9697580564402456,0.9802419435597544,all_measured_arrivals
F,625,0.9751,0.9697741558268423,0.9804258441731576,all_measured_arrivals
F,626,0.97535,0.9698060852590111,0.980893914740989,all_measured_arrivals
F,627,0.9756,0.9700415161011454,0.9811584838988546,all_measured_arrivals
F,628,0.97595,0.9703273985784319,0.9815726014215681,all_measured_arrivals
F,629,0.9761000000000001,0.9704964320687456,0.9817035679312546,all_measured_arrivals
F,630,0.9763000000000001,0.9706481735005625,0.9819518264994376,all_measured_arrivals
F,631,0.97635,0.9707018846576154,0.9819981153423847,all_measured_arrivals
F,632,0.9766,0.9707886021471216,0.9824113978528785,all_measured_arrivals
F,633,0.97675,0.9708555231325475,0.9826444768674525,all_measured_arrivals
F,634,0.9769,0.9710509254535719,0.9827490745464281,all_measured_arrivals
F,635,0.97705,0.9712387739625118,0.9828612260374882,all_measured_arrivals
F,636,0.9773000000000001,0.9715835309164942,0.9830164690835059,all_measured_arrivals
F,637,0.97775,0.971903145054297,0.983596854945703,all_measured_arrivals
F,638,0.97795,0.9720501051024567,0.9838498948975433,all_measured_arrivals
F,639,0.97815,0.9722568784183887,0.9840431215816112,all_measured_arrivals
F,640,0.9783,0.9723830369856037,0.9842169630143962,all_measured_arrivals
F,641,0.9784999999999999,0.9725965522225634,0.9844034477774365,all_measured_arrivals
F,642,0.9786,0.9726312890355573,0.9845687109644428,all_measured_arrivals
F,643,0.9786499999999999,0.9726787802952862,0.9846212197047136,all_measured_arrivals
F,644,0.9788499999999999,0.9730539136617292,0.9846460863382706,all_measured_arrivals
F,645,0.9788499999999999,0.9730539136617292,0.9846460863382706,all_measured_arrivals
F,646,0.97905,0.9732332783872781,0.9848667216127218,all_measured_arrivals
F,647,0.9791,0.9732892894391649,0.984910710560835,all_measured_arrivals
F,648,0.9792,0.9734327539574383,0.9849672460425616,all_measured_arrivals
F,649,0.9793499999999999,0.9734595899255578,0.9852404100744421,all_measured_arrivals
F,650,0.9795999999999999,0.9736796629971819,0.9855203370028179,all_measured_arrivals
F,651,0.9796999999999999,0.9738182411970208,0.985581758802979,all_measured_arrivals
F,652,0.9797499999999999,0.9739387739625117,0.9855612260374881,all_measured_arrivals
F,653,0.9798999999999999,0.9740345605592549,0.9857654394407449,all_measured_arrivals
F,654,0.9799499999999999,0.974082688329796,0.9858173116702037,all_measured_arrivals
F,655,0.9800999999999999,0.9742019669889193,0.9859980330110805,all_measured_arrivals
F,656,0.9803499999999998,0.9742819129021173,0.9864180870978824,all_measured_arrivals
F,657,0.9805499999999999,0.974600222212766,0.9864997777872339,all_measured_arrivals
F,658,0.9806499999999999,0.9746494227612547,0.9866505772387452,all_measured_arrivals
F,659,0.98085,0.9748720954684466,0.9868279045315534,all_measured_arrivals
F,660,0.98115,0.9750399346062021,0.9872600653937978,all_measured_arrivals
F,661,0.98135,0.9751943486208746,0.9875056513791253,all_measured_arrivals
F,662,0.9816499999999999,0.9754800911579325,0.9878199088420673,all_measured_arrivals
F,663,0.982,0.9757437922877417,0.9882562077122583,all_measured_arrivals
F,664,0.982,0.9757437922877417,0.9882562077122583,all_measured_arrivals
F,665,0.9822500000000001,0.975960842449853,0.9885391575501471,all_measured_arrivals
F,666,0.9823500000000001,0.9760722836474527,0.9886277163525474,all_measured_arrivals
F,667,0.98265,0.9764452344619629,0.9888547655380372,all_measured_arrivals
F,668,0.9830000000000001,0.9768441864187594,0.9891558135812408,all_measured_arrivals
F,669,0.9832000000000001,0.9769719447254593,0.9894280552745408,all_measured_arrivals
F,670,0.9835,0.9770285284220167,0.9899714715779834,all_measured_arrivals
F,671,0.98365,0.9771842396119853,0.9901157603880147,all_measured_arrivals
F,672,0.98415,0.9775388616968269,0.990761138303173,all_measured_arrivals
F,673,0.9843999999999999,0.9777213939878827,0.9910786060121172,all_measured_arrivals
F,674,0.98485,0.9781084507508042,0.9915915492491958,all_measured_arrivals
F,675,0.9851,0.9783719420168775,0.9918280579831225,all_measured_arrivals
F,676,0.9853,0.9785128398804568,0.9920871601195431,all_measured_arrivals
F,677,0.9855999999999999,0.9788334669072044,0.9923665330927954,all_measured_arrivals
F,678,0.9861,0.9791247878839514,0.9930752121160485,all_measured_arrivals
F,679,0.9864499999999999,0.9793304163259665,0.9935695836740334,all_measured_arrivals
F,680,0.98675,0.9795923718376041,0.993907628162396,all_measured_arrivals
F,681,0.98695,0.9798901298360622,0.9940098701639378,all_measured_arrivals
F,682,0.9870500000000001,0.9800287040005353,0.9940712959994649,all_measured_arrivals
F,683,0.9873500000000001,0.9805765351154728,0.9941234648845273,all_measured_arrivals
F,684,0.98765,0.9807909882047448,0.9945090117952553,all_measured_arrivals
F,685,0.9876999999999999,0.9808379318958265,0.9945620681041734,all_measured_arrivals
F,686,0.98795,0.9810445626193051,0.9948554373806949,all_measured_arrivals
F,687,0.98805,0.9812847950818209,0.9948152049181791,all_measured_arrivals
F,688,0.98835,0.9815706413011015,0.9951293586988984,all_measured_arrivals
F,689,0.9884000000000001,0.9815840669136422,0.9952159330863579,all_measured_arrivals
F,690,0.9885500000000002,0.9817201644474102,0.9953798355525901,all_measured_arrivals
F,691,0.9888000000000001,0.9819934487943265,0.9956065512056738,all_measured_arrivals
F,692,0.98885,0.9821060814499363,0.9955939185500637,all_measured_arrivals
F,693,0.9891,0.9826334675347973,0.9955665324652027,all_measured_arrivals
F,694,0.98945,0.983037581728542,0.995862418271458,all_measured_arrivals
F,695,0.9896,0.9833463463632562,0.9958536536367438,all_measured_arrivals
F,696,0.9897999999999999,0.9836286348649295,0.9959713651350703,all_measured_arrivals
F,697,0.9899999999999999,0.9838182888976745,0.9961817111023252,all_measured_arrivals
F,698,0.9903,0.9841734519810776,0.9964265480189223,all_measured_arrivals
F,699,0.9904000000000001,0.9843094119673936,0.9964905880326065,all_measured_arrivals
F,700,0.9905999999999999,0.9846473700103496,0.9965526299896502,all_measured_arrivals
F,701,0.9907000000000001,0.9846919396014311,0.9967080603985692,all_measured_arrivals
F,702,0.9909500000000002,0.985138773962512,0.9967612260374884,all_measured_arrivals
F,703,0.9912000000000001,0.9855957193732984,0.9968042806267018,all_measured_arrivals
F,704,0.9914000000000002,0.9860019048662614,0.996798095133739,all_measured_arrivals
F,705,0.9915000000000002,0.9860937724167457,0.9969062275832546,all_measured_arrivals
F,706,0.9917000000000001,0.9864832600739054,0.9969167399260949,all_measured_arrivals
F,707,0.9919500000000001,0.9869885134130327,0.9969114865869675,all_measured_arrivals
F,708,0.9921000000000001,0.9872481966814559,0.9969518033185443,all_measured_arrivals
F,709,0.9922500000000001,0.9875277238341152,0.9969722761658849,all_measured_arrivals
F,710,0.9923500000000001,0.9876158980636396,0.9970841019363605,all_measured_arrivals
F,711,0.9924000000000001,0.9877388017868342,0.997061198213166,all_measured_arrivals
F,712,0.99255,0.9878753260692311,0.997224673930769,all_measured_arrivals
F,713,0.99285,0.988232058607482,0.997467941392518,all_measured_arrivals
F,714,0.9929,0.9882533908624104,0.9975466091375896,all_measured_arrivals
F,715,0.9931000000000001,0.9885191807504721,0.9976808192495281,all_measured_arrivals
F,716,0.9931000000000001,0.9885191807504721,0.9976808192495281,all_measured_arrivals
F,717,0.9931500000000001,0.9886476677825629,0.9976523322174373,all_measured_arrivals
F,718,0.9932000000000001,0.9886956723135285,0.9977043276864717,all_measured_arrivals
F,719,0.9932000000000001,0.9886956723135285,0.9977043276864717,all_measured_arrivals
F,720,0.9933000000000001,0.9887930130624734,0.9978069869375268,all_measured_arrivals
F,721,0.9933000000000001,0.9887930130624734,0.9978069869375268,all_measured_arrivals
F,722,0.99345,0.9890354566830312,0.9978645433169689,all_measured_arrivals
F,723,0.9935,0.9890861352693571,0.997913864730643,all_measured_arrivals
F,724,0.99355,0.9890976209091881,0.998002379090812,all_measured_arrivals
F,725,0.9937,0.9892680751909327,0.9981319248090673,all_measured_arrivals
F,726,0.9937,0.9892680751909327,0.9981319248090673,all_measured_arrivals
F,727,0.9938,0.989359972122048,0.9982400278779521,all_measured_arrivals
F,728,0.99395,0.9896472470190305,0.9982527529809695,all_measured_arrivals
F,729,0.9940500000000001,0.989875392859667,0.9982246071403332,all_measured_arrivals
F,730,0.9941,0.9899858644388616,0.9982141355611384,all_measured_arrivals
F,731,0.9942,0.9902311327349915,0.9981688672650084,all_measured_arrivals
F,732,0.9942,0.9902311327349915,0.9981688672650084,all_measured_arrivals
F,733,0.9942500000000001,0.9903668393440671,0.998133160655933,all_measured_arrivals
F,734,0.9943,0.9903848301585622,0.9982151698414378,all_measured_arrivals
F,735,0.9943,0.9903848301585622,0.9982151698414378,all_measured_arrivals
F,736,0.9944000000000001,0.99062929010659,0.9981707098934102,all_measured_arrivals
F,737,0.9946000000000002,0.9909938787958682,0.9982061212041321,all_measured_arrivals
F,738,0.9947000000000001,0.9911038603899287,0.9982961396100716,all_measured_arrivals
F,739,0.9947000000000001,0.9911038603899287,0.9982961396100716,all_measured_arrivals
F,740,0.9948500000000001,0.9913452585322772,0.9983547414677231,all_measured_arrivals
F,741,0.9949000000000001,0.9914908617302804,0.9983091382697198,all_measured_arrivals
F,742,0.9950000000000001,0.9915018171852528,0.9984981828147474,all_measured_arrivals
F,743,0.9952000000000001,0.99197260653726,0.9984273934627401,all_measured_arrivals
F,744,0.9953000000000001,0.9922052703856274,0.9983947296143727,all_measured_arrivals
F,745,0.9954000000000001,0.9923091444488374,0.9984908555511627,all_measured_arrivals
F,746,0.99555,0.9925353524751079,0.9985646475248922,all_measured_arrivals
F,747,0.99565,0.9926726787567679,0.9986273212432322,all_measured_arrivals
F,748,0.99575,0.9929639404563076,0.9985360595436924,all_measured_arrivals
F,749,0.9959,0.993274460737518,0.998525539262482,all_measured_arrivals
F,750,0.996,0.9933790282201228,0.9986209717798772,all_measured_arrivals
F,751,0.99605,0.9933960920620063,0.9987039079379937,all_measured_arrivals
F,752,0.9961,0.9935360294242697,0.9986639705757303,all_measured_arrivals
F,753,0.99615,0.9936036138237683,0.9986963861762317,all_measured_arrivals
F,754,0.99625,0.9938790503941839,0.998620949605816,all_measured_arrivals
F,755,0.9963,0.9938968423170439,0.998703157682956,all_measured_arrivals
F,756,0.99635,0.9938897678369893,0.9988102321630106,all_measured_arrivals
F,757,0.9964999999999999,0.9940703968695689,0.998929603130431,all_measured_arrivals
F,758,0.9965999999999999,0.994338986755903,0.9988610132440968,all_measured_arrivals
F,759,0.9966499999999999,0.9944685505946423,0.9988314494053575,all_measured_arrivals
F,760,0.997,0.9952486266720116,0.9987513733279884,all_measured_arrivals
F,761,0.997,0.9952486266720116,0.9987513733279884,all_measured_arrivals
F,762,0.9972,0.9955520175675079,0.9988479824324921,all_measured_arrivals
F,763,0.99725,0.9956270485756694,0.9988729514243305,all_measured_arrivals
F,764,0.9974,0.9958519900542377,0.9989480099457622,all_measured_arrivals
F,765,0.99745,0.9959026351928136,0.9989973648071863,all_measured_arrivals
F,766,0.9974999999999999,0.9959753870168421,0.9990246129831578,all_measured_arrivals
F,767,0.9974999999999999,0.9959753870168421,0.9990246129831578,all_measured_arrivals
F,768,0.9975499999999999,0.9960182000291568,0.9990817999708431,all_measured_arrivals
F,769,0.9975499999999999,0.9960182000291568,0.9990817999708431,all_measured_arrivals
F,770,0.9976499999999999,0.9960568528209705,0.9992431471790294,all_measured_arrivals
F,771,0.9977499999999999,0.9962234235736805,0.9992765764263193,all_measured_arrivals
F,772,0.9977499999999999,0.9962234235736805,0.9992765764263193,all_measured_arrivals
F,773,0.9977499999999999,0.9962234235736805,0.9992765764263193,all_measured_arrivals
F,774,0.9977999999999999,0.9963152010207422,0.9992847989792576,all_measured_arrivals
F,775,0.9979499999999999,0.9966805374571337,0.9992194625428661,all_measured_arrivals
F,776,0.9979499999999999,0.9966805374571337,0.9992194625428661,all_measured_arrivals
F,777,0.9980499999999999,0.9967805374571337,0.9993194625428661,all_measured_arrivals
F,778,0.9980499999999999,0.9967805374571337,0.9993194625428661,all_measured_arrivals
F,779,0.9980499999999999,0.9967805374571337,0.9993194625428661,all_measured_arrivals
F,780,0.9980499999999999,0.9967805374571337,0.9993194625428661,all_measured_arrivals
F,781,0.9980499999999999,0.9967805374571337,0.9993194625428661,all_measured_arrivals
F,782,0.9981,0.9968519544820335,0.9993480455179665,all_measured_arrivals
F,783,0.9981,0.9968519544820335,0.9993480455179665,all_measured_arrivals
F,784,0.9981,0.9968519544820335,0.9993480455179665,all_measured_arrivals
F,785,0.99815,0.9969253750815976,0.9993746249184023,all_measured_arrivals
F,786,0.99815,0.9969253750815976,0.9993746249184023,all_measured_arrivals
F,787,0.99825,0.996986845384579,0.9995131546154209,all_measured_arrivals
F,788,0.99835,0.9970311597253686,0.9996688402746313,all_measured_arrivals
F,789,0.99835,0.9970311597253686,0.9996688402746313,all_measured_arrivals
F,790,0.99835,0.9970311597253686,0.9996688402746313,all_measured_arrivals
F,791,0.99835,0.9970311597253686,0.9996688402746313,all_measured_arrivals
F,792,0.9984,0.997098689153274,0.9997013108467259,all_measured_arrivals
F,793,0.9984,0.997098689153274,0.9997013108467259,all_measured_arrivals
F,794,0.9984,0.997098689153274,0.9997013108467259,all_measured_arrivals
F,795,0.99845,0.9971556131146889,0.999744386885311,all_measured_arrivals
F,796,0.99845,0.9971556131146889,0.999744386885311,all_measured_arrivals
F,797,0.9984999999999999,0.9971895141100613,0.9998104858899386,all_measured_arrivals
F,798,0.99865,0.9974787179381027,0.9998212820618974,all_measured_arrivals
F,799,0.99865,0.9974787179381027,0.9998212820618974,all_measured_arrivals
F,800,0.99885,0.9978638394976006,0.9998361605023994,all_measured_arrivals
F,801,0.99885,0.9978638394976006,0.9998361605023994,all_measured_arrivals
F,802,0.99885,0.9978638394976006,0.9998361605023994,all_measured_arrivals
F,803,0.99885,0.9978638394976006,0.9998361605023994,all_measured_arrivals
F,804,0.99885,0.9978638394976006,0.9998361605023994,all_measured_arrivals
F,805,0.99885,0.9978638394976006,0.9998361605023994,all_measured_arrivals
F,806,0.99885,0.9978638394976006,0.9998361605023994,all_measured_arrivals
F,807,0.9988999999999999,0.9978928017100114,0.9999071982899884,all_measured_arrivals
F,808,0.9988999999999999,0.9978928017100114,0.9999071982899884,all_measured_arrivals
F,809,0.9988999999999999,0.9978928017100114,0.9999071982899884,all_measured_arrivals
F,810,0.9988999999999999,0.9978928017100114,0.9999071982899884,all_measured_arrivals
F,811,0.99895,0.9979398320771593,0.9999601679228407,all_measured_arrivals
F,812,0.99895,0.9979398320771593,0.9999601679228407,all_measured_arrivals
F,813,0.99895,0.9979398320771593,0.9999601679228407,all_measured_arrivals
F,814,0.99895,0.9979398320771593,0.9999601679228407,all_measured_arrivals
F,815,0.99895,0.9979398320771593,0.9999601679228407,all_measured_arrivals
F,816,0.99895,0.9979398320771593,0.9999601679228407,all_measured_arrivals
F,817,0.99895,0.9979398320771593,0.9999601679228407,all_measured_arrivals
F,818,0.9989999999999999,0.9980047688472349,0.9999952311527649,all_measured_arrivals
F,819,0.9989999999999999,0.9980047688472349,0.9999952311527649,all_measured_arrivals
F,820,0.9989999999999999,0.9980047688472349,0.9999952311527649,all_measured_arrivals
F,821,0.9991000000000001,0.9981250404448231,1,all_measured_arrivals
F,822,0.9991500000000001,0.9982846361328576,1,all_measured_arrivals
F,823,0.9991500000000001,0.9982846361328576,1,all_measured_arrivals
F,824,0.9991500000000001,0.9982846361328576,1,all_measured_arrivals
F,825,0.9991500000000001,0.9982846361328576,1,all_measured_arrivals
F,826,0.9992000000000001,0.9984416331032259,0.9999583668967743,all_measured_arrivals
F,827,0.9992000000000001,0.9984416331032259,0.9999583668967743,all_measured_arrivals
F,828,0.9992000000000001,0.9984416331032259,0.9999583668967743,all_measured_arrivals
F,829,0.9992500000000001,0.9985947570550308,0.9999052429449694,all_measured_arrivals
F,830,0.9992500000000001,0.9985947570550308,0.9999052429449694,all_measured_arrivals
F,831,0.9993000000000001,0.9986617391484116,0.9999382608515885,all_measured_arrivals
F,832,0.9993000000000001,0.9986617391484116,0.9999382608515885,all_measured_arrivals
F,833,0.9993000000000001,0.9986617391484116,0.9999382608515885,all_measured_arrivals
F,834,0.9993000000000001,0.9986617391484116,0.9999382608515885,all_measured_arrivals
F,835,0.9993000000000001,0.9986617391484116,0.9999382608515885,all_measured_arrivals
F,836,0.9993000000000001,0.9986617391484116,0.9999382608515885,all_measured_arrivals
F,837,0.9993000000000001,0.9986617391484116,0.9999382608515885,all_measured_arrivals
F,838,0.9993500000000001,0.9988156188350987,0.9998843811649014,all_measured_arrivals
F,839,0.9993500000000001,0.9988156188350987,0.9998843811649014,all_measured_arrivals
F,840,0.9993500000000001,0.9988156188350987,0.9998843811649014,all_measured_arrivals
F,841,0.9993500000000001,0.9988156188350987,0.9998843811649014,all_measured_arrivals
F,842,0.9993500000000001,0.9988156188350987,0.9998843811649014,all_measured_arrivals
F,843,0.9993500000000001,0.9988156188350987,0.9998843811649014,all_measured_arrivals
F,844,0.9993500000000001,0.9988156188350987,0.9998843811649014,all_measured_arrivals
F,845,0.9993500000000001,0.9988156188350987,0.9998843811649014,all_measured_arrivals
F,846,0.9993500000000001,0.9988156188350987,0.9998843811649014,all_measured_arrivals
F,847,0.9993500000000001,0.9988156188350987,0.9998843811649014,all_measured_arrivals
F,848,0.9994000000000001,0.9988637536246636,0.9999362463753365,all_measured_arrivals
F,849,0.9994000000000001,0.9988637536246636,0.9999362463753365,all_measured_arrivals
F,850,0.9994000000000001,0.9988637536246636,0.9999362463753365,all_measured_arrivals
F,851,0.9994000000000001,0.9988637536246636,0.9999362463753365,all_measured_arrivals
F,852,0.9994500000000001,0.9989156188350987,0.9999843811649014,all_measured_arrivals
F,853,0.9995,0.9990713754548166,0.9999286245451835,all_measured_arrivals
F,854,0.9995,0.9990713754548166,0.9999286245451835,all_measured_arrivals
F,855,0.9995,0.9990713754548166,0.9999286245451835,all_measured_arrivals
F,856,0.9995,0.9990713754548166,0.9999286245451835,all_measured_arrivals
F,857,0.99955,0.9990964744737114,1,all_measured_arrivals
F,858,0.9996,0.9992425024164424,0.9999574975835577,all_measured_arrivals
F,859,0.9996,0.9992425024164424,0.9999574975835577,all_measured_arrivals
F,860,0.9996,0.9992425024164424,0.9999574975835577,all_measured_arrivals
F,861,0.9996,0.9992425024164424,0.9999574975835577,all_measured_arrivals
F,862,0.9996,0.9992425024164424,0.9999574975835577,all_measured_arrivals
F,863,0.9996,0.9992425024164424,0.9999574975835577,all_measured_arrivals
F,864,0.9996,0.9992425024164424,0.9999574975835577,all_measured_arrivals
F,865,0.9996,0.9992425024164424,0.9999574975835577,all_measured_arrivals
F,866,0.9996,0.9992425024164424,0.9999574975835577,all_measured_arrivals
F,867,0.99965,0.9992734589771743,1,all_measured_arrivals
F,868,0.99965,0.9992734589771743,1,all_measured_arrivals
F,869,0.9997,0.9994035786629701,0.9999964213370299,all_measured_arrivals
F,870,0.9997,0.9994035786629701,0.9999964213370299,all_measured_arrivals
F,871,0.9997,0.9994035786629701,0.9999964213370299,all_measured_arrivals
F,872,0.99975,0.9995011922118088,0.9999988077881913,all_measured_arrivals
F,873,0.99975,0.9995011922118088,0.9999988077881913,all_measured_arrivals
F,874,0.99975,0.9995011922118088,0.9999988077881913,all_measured_arrivals
F,875,0.99975,0.9995011922118088,0.9999988077881913,all_measured_arrivals
F,876,0.99975,0.9995011922118088,0.9999988077881913,all_measured_arrivals
F,877,0.99975,0.9995011922118088,0.9999988077881913,all_measured_arrivals
F,878,0.99975,0.9995011922118088,0.9999988077881913,all_measured_arrivals
F,879,0.99975,0.9995011922118088,0.9999988077881913,all_measured_arrivals
F,880,0.99975,0.9995011922118088,0.9999988077881913,all_measured_arrivals
F,881,0.9998,0.9995472110344086,1,all_measured_arrivals
F,882,0.9998,0.9995472110344086,1,all_measured_arrivals
F,883,0.9998,0.9995472110344086,1,all_measured_arrivals
F,884,0.9998,0.9995472110344086,1,all_measured_arrivals
F,885,0.9998,0.9995472110344086,1,all_measured_arrivals
F,886,0.9998,0.9995472110344086,1,all_measured_arrivals
F,887,0.9998,0.9995472110344086,1,all_measured_arrivals
F,888,0.9998,0.9995472110344086,1,all_measured_arrivals
F,889,0.9998,0.9995472110344086,1,all_measured_arrivals
F,890,0.99985,0.9996769272265715,1,all_measured_arrivals
F,891,0.99985,0.9996769272265715,1,all_measured_arrivals
F,892,0.9999,0.9997451990054238,1,all_measured_arrivals
F,893,0.9999,0.9997451990054238,1,all_measured_arrivals
F,894,0.9999,0.9997451990054238,1,all_measured_arrivals
F,895,0.9999,0.9997451990054238,1,all_measured_arrivals
F,896,0.9999,0.9997451990054238,1,all_measured_arrivals
F,897,0.9999,0.9997451990054238,1,all_measured_arrivals
F,898,0.9999,0.9997451990054238,1,all_measured_arrivals
F,899,0.9999,0.9997451990054238,1,all_measured_arrivals
F,900,0.9999,0.9997451990054238,1,all_measured_arrivals
F,901,0.9999,0.9997451990054238,1,all_measured_arrivals
F,902,0.9999,0.9997451990054238,1,all_measured_arrivals
F,903,0.9999,0.9997451990054238,1,all_measured_arrivals
F,904,0.9999,0.9997451990054238,1,all_measured_arrivals
F,905,0.9999,0.9997451990054238,1,all_measured_arrivals
F,906,0.9999,0.9997451990054238,1,all_measured_arrivals
F,907,0.9999,0.9997451990054238,1,all_measured_arrivals
F,908,0.9999,0.9997451990054238,1,all_measured_arrivals
F,909,0.9999,0.9997451990054238,1,all_measured_arrivals
F,910,0.9999,0.9997451990054238,1,all_measured_arrivals
F,911,0.9999,0.9997451990054238,1,all_measured_arrivals
F,912,0.9999,0.9997451990054238,1,all_measured_arrivals
F,913,0.9999,0.9997451990054238,1,all_measured_arrivals
F,914,0.9999,0.9997451990054238,1,all_measured_arrivals
F,915,0.9999,0.9997451990054238,1,all_measured_arrivals
F,916,0.9999,0.9997451990054238,1,all_measured_arrivals
F,917,0.9999,0.9997451990054238,1,all_measured_arrivals
F,918,0.9999,0.9997451990054238,1,all_measured_arrivals
F,919,0.9999,0.9997451990054238,1,all_measured_arrivals
F,920,0.9999,0.9997451990054238,1,all_measured_arrivals
F,921,0.9999,0.9997451990054238,1,all_measured_arrivals
F,922,0.9999,0.9997451990054238,1,all_measured_arrivals
F,923,0.9999,0.9997451990054238,1,all_measured_arrivals
F,924,0.9999,0.9997451990054238,1,all_measured_arrivals
F,925,0.9999,0.9997451990054238,1,all_measured_arrivals
F,926,0.9999,0.9997451990054238,1,all_measured_arrivals
F,927,0.9999,0.9997451990054238,1,all_measured_arrivals
F,928,0.9999,0.9997451990054238,1,all_measured_arrivals
F,929,0.9999,0.9997451990054238,1,all_measured_arrivals
F,930,0.9999,0.9997451990054238,1,all_measured_arrivals
F,931,0.9999,0.9997451990054238,1,all_measured_arrivals
F,932,0.9999,0.9997451990054238,1,all_measured_arrivals
F,933,0.9999,0.9997451990054238,1,all_measured_arrivals
F,934,0.9999,0.9997451990054238,1,all_measured_arrivals
F,935,0.9999,0.9997451990054238,1,all_measured_arrivals
F,936,0.9999,0.9997451990054238,1,all_measured_arrivals
F,937,0.9999,0.9997451990054238,1,all_measured_arrivals
F,938,0.9999,0.9997451990054238,1,all_measured_arrivals
F,939,0.99995,0.9998317687874501,1,all_measured_arrivals
