scheme,latency_slots,mean,ci95_low,ci95_high,population
B,0,0.0,0,0.0,conditional_correct_delivery
B,1,0.06525786314525811,0.051620695396358635,0.07889503089415759,conditional_correct_delivery
B,2,0.0654578831532613,0.05189299237734556,0.07902277392917703,conditional_correct_delivery
B,3,0.2316263305322129,0.2004618270140007,0.26279083405042514,conditional_correct_delivery
B,4,0.2321764705882353,0.2007244863850715,0.26362845479139907,conditional_correct_delivery
B,5,0.4613002400960384,0.4279696399324099,0.49463084025966697,conditional_correct_delivery
B,6,0.461800300120048,0.42846070699415706,0.495139893245939,conditional_correct_delivery
B,7,0.672969787915166,0.64804592010769,0.6978936557226421,conditional_correct_delivery
B,8,0.6737198279311725,0.6488354014277465,0.6986042544345984,conditional_correct_delivery
B,9,0.6770207282913165,0.6484191399229048,0.7056223166597283,conditional_correct_delivery
B,10,0.6787211484593838,0.6484254382573201,0.7090168586614475,conditional_correct_delivery
B,11,0.681571968787515,0.647436127692813,0.715707809882217,conditional_correct_delivery
B,12,0.683022368947579,0.647304103194507,0.7187406347006509,conditional_correct_delivery
B,13,0.684072669067627,0.6472850622727199,0.7208602758625341,conditional_correct_delivery
B,14,0.684822769107643,0.6479512560560472,0.7216942821592387,conditional_correct_delivery
B,15,0.6857229891956783,0.6483324496165658,0.7231135287747908,conditional_correct_delivery
B,16,0.6866231492597039,0.649068829966423,0.7241774685529848,conditional_correct_delivery
B,17,0.6876733093237294,0.6498580898356265,0.7254885288118322,conditional_correct_delivery
B,18,0.6889734893957583,0.6507318223727587,0.7272151564187579,conditional_correct_delivery
B,19,0.6900735894357742,0.6516863048117019,0.7284608740598466,conditional_correct_delivery
B,20,0.6910238095238095,0.6523167086689805,0.7297309103786385,conditional_correct_delivery
B,21,0.6928741096438575,0.6539396792522558,0.7318085400354593,conditional_correct_delivery
B,22,0.6949743697478992,0.6557371230473713,0.734211616448427,conditional_correct_delivery
B,23,0.6969244897959184,0.6576355911102383,0.7362133884815985,conditional_correct_delivery
B,24,0.6988245698279311,0.6595865921597455,0.7380625474961167,conditional_correct_delivery
B,25,0.7006746498599439,0.6614673860721937,0.7398819136476941,conditional_correct_delivery
B,26,0.7027747899159664,0.6635625005480488,0.7419870792838841,conditional_correct_delivery
B,27,0.7041248899559824,0.6649626427644283,0.7432871371475366,conditional_correct_delivery
B,28,0.7063750700280111,0.6670983978054477,0.7456517422505746,conditional_correct_delivery
B,29,0.7073251900760305,0.6677826368245486,0.7468677433275123,conditional_correct_delivery
B,30,0.7083753301320528,0.6681388105925945,0.7486118496715111,conditional_correct_delivery
B,31,0.7092753901560624,0.6688537297793786,0.7496970505327463,conditional_correct_delivery
B,32,0.7105755102040816,0.6700781800166616,0.7510728403915016,conditional_correct_delivery
B,33,0.7122757302921168,0.6715171964096177,0.7530342641746158,conditional_correct_delivery
B,34,0.7133258503401361,0.6721157307766,0.7545359699036721,conditional_correct_delivery
B,35,0.7143759303721489,0.672716332669633,0.7560355280746647,conditional_correct_delivery
B,36,0.7163760704281714,0.6744853260190607,0.7582668148372821,conditional_correct_delivery
B,37,0.7180761704681873,0.6757579308267959,0.7603944101095786,conditional_correct_delivery
B,38,0.7195762304921969,0.6768688423554449,0.7622836186289489,conditional_correct_delivery
B,39,0.7220264105642257,0.678958814935437,0.7650940061930144,conditional_correct_delivery
B,40,0.7242265906362545,0.680570535814715,0.7678826454577939,conditional_correct_delivery
B,41,0.7258267106842737,0.6819327290103339,0.7697206923582136,conditional_correct_delivery
B,42,0.7274268507402961,0.6835324425965233,0.7713212588840689,conditional_correct_delivery
B,43,0.7290769707883152,0.6848274773833898,0.7733264641932407,conditional_correct_delivery
B,44,0.7306270908363346,0.6865167617777843,0.7747374198948849,conditional_correct_delivery
B,45,0.732277230892357,0.6880188431758845,0.7765356186088295,conditional_correct_delivery
B,46,0.7339274109643857,0.6897194728173144,0.7781353491114571,conditional_correct_delivery
B,47,0.7352774709883954,0.691294094434838,0.7792608475419527,conditional_correct_delivery
B,48,0.7367775910364145,0.6925768848153832,0.7809782972574458,conditional_correct_delivery
B,49,0.7381276910764305,0.6940140266350379,0.7822413555178231,conditional_correct_delivery
B,50,0.7401279311724691,0.6957091761607413,0.7845466861841969,conditional_correct_delivery
B,51,0.7418281712685074,0.6972180316207164,0.7864383109162985,conditional_correct_delivery
B,52,0.7433284113645457,0.6985690057570901,0.7880878169720014,conditional_correct_delivery
B,53,0.7453285514205683,0.7005623519355255,0.7900947509056111,conditional_correct_delivery
B,54,0.7476787715086034,0.7027880127686531,0.7925695302485537,conditional_correct_delivery
B,55,0.749428931572629,0.7043208668758675,0.7945369962693906,conditional_correct_delivery
B,56,0.7517791716686675,0.706454628283173,0.797103715054162,conditional_correct_delivery
B,57,0.7534294117647059,0.7076711795564654,0.7991876439729464,conditional_correct_delivery
B,58,0.7546296318527411,0.7085896318810418,0.8006696318244404,conditional_correct_delivery
B,59,0.7561297719087635,0.7097831028293814,0.8024764409881456,conditional_correct_delivery
B,60,0.7575799919967987,0.7104949860393228,0.8046649979542746,conditional_correct_delivery
B,61,0.7598802721088435,0.7120489519858142,0.8077115922318727,conditional_correct_delivery
B,62,0.7620804921968788,0.7137599931304716,0.810400991263286,conditional_correct_delivery
B,63,0.7644307322929171,0.7152153924279099,0.8136460721579244,conditional_correct_delivery
B,64,0.7665809523809525,0.7166788782499323,0.8164830265119727,conditional_correct_delivery
B,65,0.7689812324929973,0.7179348269603115,0.8200276380256831,conditional_correct_delivery
B,66,0.7708813325330133,0.7195065342057059,0.8222561308603207,conditional_correct_delivery
B,67,0.7726814925970388,0.7210292808274428,0.8243337043666348,conditional_correct_delivery
B,68,0.7743816126450581,0.7228043149939128,0.8259589102962034,conditional_correct_delivery
B,69,0.7765816926770708,0.7253691811423888,0.8277942042117528,conditional_correct_delivery
B,70,0.7787318727490997,0.727132606256434,0.8303311392417654,conditional_correct_delivery
B,71,0.7809820728291317,0.729245233769572,0.8327189118886914,conditional_correct_delivery
B,72,0.7834823929571828,0.7309432133380652,0.8360215725763004,conditional_correct_delivery
B,73,0.7865826930772308,0.7333990775991548,0.8397663085553069,conditional_correct_delivery
B,74,0.7902830132052822,0.7367108914637573,0.843855134946807,conditional_correct_delivery
B,75,0.7940335934373749,0.7402353924968034,0.8478317943779464,conditional_correct_delivery
B,76,0.7972340336134454,0.7438891217039175,0.8505789455229732,conditional_correct_delivery
B,77,0.800684393757503,0.7480139520744777,0.8533548354405283,conditional_correct_delivery
B,78,0.8033845738295318,0.7510149697931597,0.8557541778659038,conditional_correct_delivery
B,79,0.806684693877551,0.7553476944763013,0.8580216932788007,conditional_correct_delivery
B,80,0.8094849339735894,0.7586741909157292,0.8602956770314497,conditional_correct_delivery
B,81,0.8120850340136055,0.761620361519786,0.8625497065074251,conditional_correct_delivery
B,82,0.8154352140856342,0.7650244538654917,0.8658459743057768,conditional_correct_delivery
B,83,0.8189353341336534,0.7685892941641184,0.8692813741031884,conditional_correct_delivery
B,84,0.8222854941976792,0.7721625906776688,0.8724083977176895,conditional_correct_delivery
B,85,0.8251856342537015,0.7752078201756736,0.8751634483317294,conditional_correct_delivery
B,86,0.8284858143257303,0.7790334001207312,0.8779382285307294,conditional_correct_delivery
B,87,0.8312860144057623,0.7815119664188637,0.881060062392661,conditional_correct_delivery
B,88,0.833686074429772,0.7844318068704881,0.882940341989056,conditional_correct_delivery
B,89,0.8361361344537814,0.7869940048124929,0.8852782640950699,conditional_correct_delivery
B,90,0.8389862144857942,0.7901632674499044,0.8878091615216841,conditional_correct_delivery
B,91,0.8413363145258103,0.7929584878863623,0.8897141411652583,conditional_correct_delivery
B,92,0.8430364145658263,0.7950021654474138,0.8910706636842389,conditional_correct_delivery
B,93,0.8444364745898358,0.7966249107765272,0.8922480384031445,conditional_correct_delivery
B,94,0.8460866546618647,0.7984657097625237,0.8937075995612057,conditional_correct_delivery
B,95,0.8476868147258904,0.8004552842800415,0.8949183451717392,conditional_correct_delivery
B,96,0.8495370148059224,0.8018612918849178,0.8972127377269269,conditional_correct_delivery
B,97,0.8505871548619448,0.8027186139981869,0.8984556957257027,conditional_correct_delivery
B,98,0.851587274909964,0.8034890063465252,0.8996855434734028,conditional_correct_delivery
B,99,0.8529373349339736,0.8055716567080757,0.9003030131598715,conditional_correct_delivery
B,100,0.854437575030012,0.8075355838123004,0.9013395662477237,conditional_correct_delivery
B,101,0.8557877350940377,0.8093515054728029,0.9022239647152726,conditional_correct_delivery
B,102,0.8570378551420569,0.8111217892653996,0.9029539210187142,conditional_correct_delivery
B,103,0.8590880152060824,0.8132329896450589,0.9049430407671059,conditional_correct_delivery
B,104,0.8607381352541016,0.8147579619184013,0.9067183085898018,conditional_correct_delivery
B,105,0.8619382152861144,0.8158823153477094,0.9079941152245193,conditional_correct_delivery
B,106,0.8630382953181273,0.8167398956262941,0.9093366950099604,conditional_correct_delivery
B,107,0.8641885354141656,0.8177830900736515,0.9105939807546798,conditional_correct_delivery
B,108,0.8651886554621848,0.8185482614893758,0.9118290494349939,conditional_correct_delivery
B,109,0.866488775510204,0.8201854254529681,0.9127921255674398,conditional_correct_delivery
B,110,0.8679389955982393,0.8221140045170158,0.9137639866794628,conditional_correct_delivery
B,111,0.8690891156462585,0.8235274306409378,0.9146508006515791,conditional_correct_delivery
B,112,0.8704392757102841,0.8252558993153595,0.9156226521052088,conditional_correct_delivery
B,113,0.8723394757903161,0.8274548541629955,0.9172240974176368,conditional_correct_delivery
B,114,0.874189675870348,0.8292636520705456,0.9191156996701504,conditional_correct_delivery
B,115,0.875739855942377,0.8309648835649587,0.9205148283197954,conditional_correct_delivery
B,116,0.8771399359743897,0.8326541686394041,0.9216257033093752,conditional_correct_delivery
B,117,0.8785400160064026,0.8346858487233715,0.9223941832894338,conditional_correct_delivery
B,118,0.8803400360144058,0.8371290972906731,0.9235509747381385,conditional_correct_delivery
B,119,0.8818402160864346,0.8394868464220617,0.9241935857508075,conditional_correct_delivery
B,120,0.8834404361744699,0.8415394719467002,0.9253414004022396,conditional_correct_delivery
B,121,0.8848406362545018,0.8433111098759152,0.9263701626330885,conditional_correct_delivery
B,122,0.8860907763105242,0.8451021706559895,0.927079381965059,conditional_correct_delivery
B,123,0.8870409963985594,0.8459337097000843,0.9281482830970345,conditional_correct_delivery
B,124,0.8888412164865946,0.8489309247450116,0.9287515082281776,conditional_correct_delivery
B,125,0.8906914765906362,0.8511536430618496,0.9302293101194228,conditional_correct_delivery
B,126,0.8920915566226492,0.8538550522078947,0.9303280610374036,conditional_correct_delivery
B,127,0.8934416366546619,0.8562404083060677,0.9306428650032561,conditional_correct_delivery
B,128,0.8952418567426971,0.858327303655662,0.9321564098297321,conditional_correct_delivery
B,129,0.8970920968387355,0.8606699049499509,0.9335142887275201,conditional_correct_delivery
B,130,0.8982922368947578,0.8627199982161121,0.9338644755734035,conditional_correct_delivery
B,131,0.899592336934774,0.8646898406589915,0.9344948332105566,conditional_correct_delivery
B,132,0.9008924969987996,0.8668626550723028,0.9349223389252964,conditional_correct_delivery
B,133,0.902492657062825,0.8687871768855395,0.9361981372401105,conditional_correct_delivery
B,134,0.9042428971588636,0.871173293003943,0.9373125013137843,conditional_correct_delivery
B,135,0.9054430972388956,0.8723257975144725,0.9385603969633187,conditional_correct_delivery
B,136,0.9064931572629051,0.8732732864562087,0.9397130280696016,conditional_correct_delivery
B,137,0.9074432372949179,0.8742472574500498,0.940639217139786,conditional_correct_delivery
B,138,0.9086433173269308,0.8753875227575836,0.9418991118962781,conditional_correct_delivery
B,139,0.9098934173669467,0.8766822792750574,0.9431045554588361,conditional_correct_delivery
B,140,0.9111934773909564,0.8784672477298221,0.9439197070520906,conditional_correct_delivery
B,141,0.9123936374549819,0.8799849187102567,0.9448023561997071,conditional_correct_delivery
B,142,0.9135437575030012,0.8810151155263488,0.9460723994796536,conditional_correct_delivery
B,143,0.9147438575430172,0.882406859536251,0.9470808555497835,conditional_correct_delivery
B,144,0.9157439575830333,0.88322687327471,0.9482610418913566,conditional_correct_delivery
B,145,0.9171440376150459,0.8843121121496387,0.9499759630804532,conditional_correct_delivery
B,146,0.9183441376550622,0.885469861446735,0.9512184138633893,conditional_correct_delivery
B,147,0.9197943177270909,0.8868658586411762,0.9527227768130055,conditional_correct_delivery
B,148,0.9211444977991197,0.8877773321683795,0.9545116634298598,conditional_correct_delivery
B,149,0.9225447378951581,0.8890059620249626,0.9560835137653536,conditional_correct_delivery
B,150,0.9239447979191677,0.890557026324655,0.9573325695136804,conditional_correct_delivery
B,151,0.9254448579431772,0.891825794499465,0.9590639213868895,conditional_correct_delivery
B,152,0.9273949379751901,0.8938537651572339,0.9609361107931463,conditional_correct_delivery
B,153,0.928995018007203,0.8956688908321289,0.9623211451822771,conditional_correct_delivery
B,154,0.9302950380152062,0.8969794771464313,0.963610598883981,conditional_correct_delivery
B,155,0.9317950780312125,0.8985089916417591,0.9650811644206659,conditional_correct_delivery
B,156,0.9330951180472189,0.9000988164406885,0.9660914196537493,conditional_correct_delivery
B,157,0.9345951180472188,0.9014960357946202,0.9676942002998175,conditional_correct_delivery
B,158,0.9360451580632252,0.9030487700170131,0.9690415461094373,conditional_correct_delivery
B,159,0.9377952380952381,0.9050054151692654,0.9705850610212109,conditional_correct_delivery
B,160,0.9394952581032414,0.9066849590284621,0.9723055571780207,conditional_correct_delivery
B,161,0.9410952981192477,0.9082537789094351,0.9739368173290603,conditional_correct_delivery
B,162,0.9424952981192477,0.9096906092133282,0.9752999870251672,conditional_correct_delivery
B,163,0.9436953381352542,0.9109696120694125,0.9764210642010959,conditional_correct_delivery
B,164,0.9448453381352542,0.9117801666280225,0.9779105096424858,conditional_correct_delivery
B,165,0.9462454381752701,0.9132938828634002,0.97919699348714,conditional_correct_delivery
B,166,0.9474455582232892,0.9145635996750154,0.980327516771563,conditional_correct_delivery
B,167,0.9490456582633051,0.9161409662269167,0.9819503502996936,conditional_correct_delivery
B,168,0.950795818327331,0.9179574196568062,0.9836342169978557,conditional_correct_delivery
B,169,0.9523458583433373,0.9191649611817233,0.9855267555049513,conditional_correct_delivery
B,170,0.9551459783913565,0.921454754385513,0.9888372023972,conditional_correct_delivery
B,171,0.9569960584233693,0.9230904663441403,0.9909016505025984,conditional_correct_delivery
B,172,0.9581961584633855,0.9242182069833634,0.9921741099434075,conditional_correct_delivery
B,173,0.9589461584633854,0.9249221227910536,0.9929701941357172,conditional_correct_delivery
B,174,0.9601961784713886,0.9258161225895691,0.9945762343532081,conditional_correct_delivery
B,175,0.9610961784713885,0.9263298600812897,0.9958624968614873,conditional_correct_delivery
B,176,0.961546218487395,0.9267492648635427,0.9963431721112472,conditional_correct_delivery
B,177,0.9623462585034014,0.9277754267499272,0.9969170902568756,conditional_correct_delivery
B,178,0.9631462785114046,0.929303049939421,0.9969895070833881,conditional_correct_delivery
B,179,0.9637962785114046,0.930052475101367,0.9975400819214422,conditional_correct_delivery
B,180,0.9642963185274109,0.9307811233095631,0.9978115137452588,conditional_correct_delivery
B,181,0.9649963785514206,0.9316268453186746,0.9983659117841667,conditional_correct_delivery
B,182,0.9657465586234494,0.9327031080838161,0.9987900091630827,conditional_correct_delivery
B,183,0.9665966786714685,0.9340885238840605,0.9991048334588765,conditional_correct_delivery
B,184,0.9669967987194876,0.9347721868211281,0.9992214106178472,conditional_correct_delivery
B,185,0.9677469787915166,0.9357940358683712,0.999699921714662,conditional_correct_delivery
B,186,0.9686970988395358,0.9368369897301502,1,conditional_correct_delivery
B,187,0.9694972388955583,0.9376182796387496,1,conditional_correct_delivery
B,188,0.9704473589435774,0.9386897012997696,1,conditional_correct_delivery
B,189,0.971247418967587,0.9393377062951855,1,conditional_correct_delivery
B,190,0.971697418967587,0.9397299983165002,1,conditional_correct_delivery
B,191,0.972197519007603,0.9405111958929093,1,conditional_correct_delivery
B,192,0.972847619047619,0.9414493364634565,1,conditional_correct_delivery
B,193,0.9734977390956382,0.9426449559102437,1,conditional_correct_delivery
B,194,0.9738477591036414,0.9430275266697399,1,conditional_correct_delivery
B,195,0.9744978591436574,0.9439914732774118,1,conditional_correct_delivery
B,196,0.9748979591836734,0.9446387818698296,1,conditional_correct_delivery
B,197,0.9755480192076831,0.9463306977247393,1,conditional_correct_delivery
B,198,0.9760481592637055,0.9470471537931787,1,conditional_correct_delivery
B,199,0.9765482593037215,0.9476580095807788,1,conditional_correct_delivery
B,200,0.9768982993197278,0.948331827941178,1,conditional_correct_delivery
B,201,0.9773982993197279,0.9495808005344828,1,conditional_correct_delivery
B,202,0.9777483193277312,0.9502340225523807,1,conditional_correct_delivery
B,203,0.9783483393357344,0.9517771381009453,1,conditional_correct_delivery
B,204,0.9788984393757503,0.9527782566954691,1,conditional_correct_delivery
B,205,0.9793485394157664,0.9533460305352919,1,conditional_correct_delivery
B,206,0.9796985794317727,0.954028259895138,1,conditional_correct_delivery
B,207,0.979898599439776,0.954451436110384,1,conditional_correct_delivery
B,208,0.9803986794717887,0.9554196643017094,1,conditional_correct_delivery
B,209,0.980848699479792,0.9562645766071828,1,conditional_correct_delivery
B,210,0.981148719487795,0.9567302190594147,1,conditional_correct_delivery
B,211,0.9812987194877951,0.9570915884989394,1,conditional_correct_delivery
B,212,0.9817988395358144,0.9579674232386065,1,conditional_correct_delivery
B,213,0.9823489595838335,0.958991967828148,1,conditional_correct_delivery
B,214,0.9826489595838336,0.9596021468281857,1,conditional_correct_delivery
B,215,0.9829990196078432,0.9601310107893132,1,conditional_correct_delivery
B,216,0.9832490396158464,0.9607150041003012,1,conditional_correct_delivery
B,217,0.9835990796318528,0.9613809415033869,1,conditional_correct_delivery
B,218,0.9839991796718688,0.9621326023930724,1,conditional_correct_delivery
B,219,0.9843492396958783,0.9627913714576335,1,conditional_correct_delivery
B,220,0.9846993197278912,0.9633482529128947,1,conditional_correct_delivery
B,221,0.9849993397358944,0.9638337051610419,1,conditional_correct_delivery
B,222,0.9852993797519007,0.9640653664112694,1,conditional_correct_delivery
B,223,0.9854993797519007,0.9646059007906583,1,conditional_correct_delivery
B,224,0.9857993797519007,0.9650784544884284,1,conditional_correct_delivery
B,225,0.9858493797519008,0.9652452496887826,1,conditional_correct_delivery
B,226,0.9863993797519007,0.9661589389988733,1,conditional_correct_delivery
B,227,0.9868493997599039,0.9671428988776305,1,conditional_correct_delivery
B,228,0.9876994197679071,0.9693363350310563,1,conditional_correct_delivery
B,229,0.9880494197679072,0.9701054937033439,1,conditional_correct_delivery
B,230,0.9882494397759104,0.9704956960703468,1,conditional_correct_delivery
B,231,0.9882494397759104,0.9704956960703468,1,conditional_correct_delivery
B,232,0.9886994797919166,0.9713546502698293,1,conditional_correct_delivery
B,233,0.9887994797919167,0.971553250897781,1,conditional_correct_delivery
B,234,0.98904949979992,0.9722681258964766,1,conditional_correct_delivery
B,235,0.9894495198079233,0.9732227967089435,1,conditional_correct_delivery
B,236,0.9897495198079233,0.9742231298282873,1,conditional_correct_delivery
B,237,0.9903995198079232,0.9757301344892754,1,conditional_correct_delivery
B,238,0.9907495198079233,0.976488271810802,1,conditional_correct_delivery
B,239,0.9908995198079231,0.9768569141058216,1,conditional_correct_delivery
B,240,0.9912495198079232,0.978020348478509,1,conditional_correct_delivery
B,241,0.9914995398159265,0.9783402216090956,1,conditional_correct_delivery
B,242,0.9919995598239297,0.9796193281235109,1,conditional_correct_delivery
B,243,0.9927495798319328,0.9817228485245512,1,conditional_correct_delivery
B,244,0.9931495798319327,0.9829194785311625,1,conditional_correct_delivery
B,245,0.9935995798319329,0.9842771113497505,1,conditional_correct_delivery
B,246,0.9939995798319329,0.9852025774907607,1,conditional_correct_delivery
B,247,0.9940495798319329,0.9853669338557979,1,conditional_correct_delivery
B,248,0.9942495798319329,0.9857632595975198,1,conditional_correct_delivery
B,249,0.9943995798319328,0.9862551076260192,1,conditional_correct_delivery
B,250,0.9944495798319328,0.9864188093756183,1,conditional_correct_delivery
B,251,0.9949495798319329,0.9877884474315658,1,conditional_correct_delivery
B,252,0.995049599839936,0.988019069793874,1,conditional_correct_delivery
B,253,0.995149599839936,0.9880839322012673,1,conditional_correct_delivery
B,254,0.995399599839936,0.9886305455730459,1,conditional_correct_delivery
B,255,0.9956496398559425,0.9892558057102174,1,conditional_correct_delivery
B,256,0.9957496598639456,0.9894858449187544,1,conditional_correct_delivery
B,257,0.9957996598639456,0.9895178560070486,1,conditional_correct_delivery
B,258,0.9958996598639456,0.9897107273588768,1,conditional_correct_delivery
B,259,0.9959496598639456,0.9898735567230219,1,conditional_correct_delivery
B,260,0.9960496598639456,0.9900636139838441,1,conditional_correct_delivery
B,261,0.9960496598639456,0.9900636139838441,1,conditional_correct_delivery
B,262,0.9960996598639456,0.9900967885543401,1,conditional_correct_delivery
B,263,0.9960996598639456,0.9900967885543401,1,conditional_correct_delivery
B,264,0.9960996598639456,0.9900967885543401,1,conditional_correct_delivery
B,265,0.9960996598639456,0.9900967885543401,1,conditional_correct_delivery
B,266,0.9960996598639456,0.9900967885543401,1,conditional_correct_delivery
B,267,0.9961496598639455,0.9901250361403847,1,conditional_correct_delivery
B,268,0.9961996598639457,0.9902872857518094,1,conditional_correct_delivery
B,269,0.9962496598639455,0.9904492976759032,1,conditional_correct_delivery
B,270,0.9963496798719488,0.990681675653518,1,conditional_correct_delivery
B,271,0.996399699879952,0.9907498918622902,1,conditional_correct_delivery
B,272,0.9964497198879553,0.9908156832292901,1,conditional_correct_delivery
B,273,0.9965997398959584,0.9912074975844806,1,conditional_correct_delivery
B,274,0.9965997398959584,0.9912074975844806,1,conditional_correct_delivery
B,275,0.9966497398959584,0.9913714676393193,1,conditional_correct_delivery
B,276,0.9966997398959584,0.9915352461043111,1,conditional_correct_delivery
B,277,0.9966997398959584,0.9915352461043111,1,conditional_correct_delivery
B,278,0.9967497398959584,0.9915676805605607,1,conditional_correct_delivery
B,279,0.9968497599039616,0.9917956956832744,1,conditional_correct_delivery
B,280,0.9968497599039616,0.9917956956832744,1,conditional_correct_delivery
B,281,0.9969997799119649,0.992186770232681,1,conditional_correct_delivery
B,282,0.997099799919968,0.9924120774589861,1,conditional_correct_delivery
B,283,0.997149799919968,0.9925770123875877,1,conditional_correct_delivery
B,284,0.997199799919968,0.9927417749087513,1,conditional_correct_delivery
B,285,0.997199799919968,0.9927417749087513,1,conditional_correct_delivery
B,286,0.997349799919968,0.9932348838832659,1,conditional_correct_delivery
B,287,0.997349799919968,0.9932348838832659,1,conditional_correct_delivery
B,288,0.997349799919968,0.9932348838832659,1,conditional_correct_delivery
B,289,0.997349799919968,0.9932348838832659,1,conditional_correct_delivery
B,290,0.9974998199279712,0.9933585537021126,1,conditional_correct_delivery
B,291,0.9975998599439776,0.9934731127747902,1,conditional_correct_delivery
B,292,0.9976498799519808,0.9935253206120555,1,conditional_correct_delivery
B,293,0.9976998799519808,0.9936919565309098,1,conditional_correct_delivery
B,294,0.9977998799519808,0.9940249305923067,1,conditional_correct_delivery
B,295,0.997849899959984,0.9940752233687797,1,conditional_correct_delivery
B,296,0.997849899959984,0.9940752233687797,1,conditional_correct_delivery
B,297,0.997849899959984,0.9940752233687797,1,conditional_correct_delivery
B,298,0.997849899959984,0.9940752233687797,1,conditional_correct_delivery
B,299,0.9978999199679873,0.9941218114879768,1,conditional_correct_delivery
B,300,0.9979999199679872,0.9943236069887325,1,conditional_correct_delivery
B,301,0.9979999199679872,0.9943236069887325,1,conditional_correct_delivery
B,302,0.9981999199679873,0.9948606207853813,1,conditional_correct_delivery
B,303,0.9981999199679873,0.9948606207853813,1,conditional_correct_delivery
B,304,0.9981999199679873,0.9948606207853813,1,conditional_correct_delivery
B,305,0.9981999199679873,0.9948606207853813,1,conditional_correct_delivery
B,306,0.9981999199679873,0.9948606207853813,1,conditional_correct_delivery
B,307,0.9981999199679873,0.9948606207853813,1,conditional_correct_delivery
B,308,0.9981999199679873,0.9948606207853813,1,conditional_correct_delivery
B,309,0.9981999199679873,0.9948606207853813,1,conditional_correct_delivery
B,310,0.9982499199679872,0.995027793132405,1,conditional_correct_delivery
B,311,0.9982499199679872,0.995027793132405,1,conditional_correct_delivery
B,312,0.9982499199679872,0.995027793132405,1,conditional_correct_delivery
B,313,0.9982999199679873,0.9951948852020873,1,conditional_correct_delivery
B,314,0.9983499199679873,0.9953618875569252,1,conditional_correct_delivery
B,315,0.9983499199679873,0.9953618875569252,1,conditional_correct_delivery
B,316,0.9983999199679873,0.995528789228904,1,conditional_correct_delivery
B,317,0.9984499199679873,0.9955597244512444,1,conditional_correct_delivery
B,318,0.9984499199679873,0.9955597244512444,1,conditional_correct_delivery
B,319,0.9984999199679873,0.9955914711309314,1,conditional_correct_delivery
B,320,0.9985499199679873,0.9956240140810485,1,conditional_correct_delivery
B,321,0.9985999199679872,0.9957906576349439,1,conditional_correct_delivery
B,322,0.9986999399759904,0.9960083030602844,1,conditional_correct_delivery
B,323,0.9987499399759904,0.9961754773385468,1,conditional_correct_delivery
B,324,0.9988999399759904,0.996676328709638,1,conditional_correct_delivery
B,325,0.9989999599839936,0.9968925458406515,1,conditional_correct_delivery
B,326,0.9990499599839936,0.9970600017774339,1,conditional_correct_delivery
B,327,0.9990499599839936,0.9970600017774339,1,conditional_correct_delivery
B,328,0.9991499599839936,0.9973946013408178,1,conditional_correct_delivery
B,329,0.9991499599839936,0.9973946013408178,1,conditional_correct_delivery
B,330,0.9991499599839936,0.9973946013408178,1,conditional_correct_delivery
B,331,0.9991499599839936,0.9973946013408178,1,conditional_correct_delivery
B,332,0.9991499599839936,0.9973946013408178,1,conditional_correct_delivery
B,333,0.9991499599839936,0.9973946013408178,1,conditional_correct_delivery
B,334,0.9991499599839936,0.9973946013408178,1,conditional_correct_delivery
B,335,0.9992499599839937,0.997728623983809,1,conditional_correct_delivery
B,336,0.9992999599839936,0.9978953288174719,1,conditional_correct_delivery
B,337,0.9993499599839937,0.9980617552480483,1,conditional_correct_delivery
B,338,0.9993499599839937,0.9980617552480483,1,conditional_correct_delivery
B,339,0.9993499599839937,0.9980617552480483,1,conditional_correct_delivery
B,340,0.9993499599839937,0.9980617552480483,1,conditional_correct_delivery
B,341,0.9993999799919968,0.9981110066025511,1,conditional_correct_delivery
B,342,0.9993999799919968,0.9981110066025511,1,conditional_correct_delivery
B,343,0.9993999799919968,0.9981110066025511,1,conditional_correct_delivery
B,344,0.9993999799919968,0.9981110066025511,1,conditional_correct_delivery
B,345,0.9994499799919968,0.998278699975872,1,conditional_correct_delivery
B,346,0.9994499799919968,0.998278699975872,1,conditional_correct_delivery
B,347,0.9994999799919968,0.9984462729203257,1,conditional_correct_delivery
B,348,0.9995999799919968,0.9987808501219222,1,conditional_correct_delivery
B,349,0.9995999799919968,0.9987808501219222,1,conditional_correct_delivery
B,350,0.9995999799919968,0.9987808501219222,1,conditional_correct_delivery
B,351,0.9995999799919968,0.9987808501219222,1,conditional_correct_delivery
B,352,0.9996499999999999,0.99882238151215,1,conditional_correct_delivery
B,353,0.9996499999999999,0.99882238151215,1,conditional_correct_delivery
B,354,0.9997,0.9989906127247,1,conditional_correct_delivery
B,355,0.9997,0.9989906127247,1,conditional_correct_delivery
B,356,0.9997,0.9989906127247,1,conditional_correct_delivery
B,357,0.9997,0.9989906127247,1,conditional_correct_delivery
B,358,0.99975,0.9991588439372501,1,conditional_correct_delivery
B,359,0.99975,0.9991588439372501,1,conditional_correct_delivery
B,360,0.99975,0.9991588439372501,1,conditional_correct_delivery
B,361,0.99975,0.9991588439372501,1,conditional_correct_delivery
B,362,0.99975,0.9991588439372501,1,conditional_correct_delivery
B,363,0.99975,0.9991588439372501,1,conditional_correct_delivery
B,364,0.9998,0.9993270751498,1,conditional_correct_delivery
B,365,0.9998,0.9993270751498,1,conditional_correct_delivery
B,366,0.99985,0.9994953063623501,1,conditional_correct_delivery
B,367,0.99985,0.9994953063623501,1,conditional_correct_delivery
B,368,0.99985,0.9994953063623501,1,conditional_correct_delivery
B,369,0.99985,0.9994953063623501,1,conditional_correct_delivery
B,370,0.99985,0.9994953063623501,1,conditional_correct_delivery
B,371,0.99985,0.9994953063623501,1,conditional_correct_delivery
B,372,0.99985,0.9994953063623501,1,conditional_correct_delivery
B,373,0.99985,0.9994953063623501,1,conditional_correct_delivery
B,374,0.99985,0.9994953063623501,1,conditional_correct_delivery
B,375,0.99985,0.9994953063623501,1,conditional_correct_delivery
B,376,0.9999,0.9996635375749,1,conditional_correct_delivery
B,377,0.9999,0.9996635375749,1,conditional_correct_delivery
B,378,0.9999,0.9996635375749,1,conditional_correct_delivery
B,379,0.9999,0.9996635375749,1,conditional_correct_delivery
B,380,0.9999,0.9996635375749,1,conditional_correct_delivery
B,381,0.9999,0.9996635375749,1,conditional_correct_delivery
B,382,0.9999,0.9996635375749,1,conditional_correct_delivery
B,383,0.9999,0.9996635375749,1,conditional_correct_delivery
B,384,0.9999,0.9996635375749,1,conditional_correct_delivery
B,385,0.9999,0.9996635375749,1,conditional_correct_delivery
B,386,0.9999,0.9996635375749,1,conditional_correct_delivery
B,387,0.9999,0.9996635375749,1,conditional_correct_delivery
B,388,0.9999,0.9996635375749,1,conditional_correct_delivery
B,389,0.9999,0.9996635375749,1,conditional_correct_delivery
B,390,0.9999,0.9996635375749,1,conditional_correct_delivery
B,391,0.9999,0.9996635375749,1,conditional_correct_delivery
B,392,0.9999,0.9996635375749,1,conditional_correct_delivery
B,393,0.9999,0.9996635375749,1,conditional_correct_delivery
B,394,0.9999,0.9996635375749,1,conditional_correct_delivery
B,395,0.9999,0.9996635375749,1,conditional_correct_delivery
B,396,0.9999,0.9996635375749,1,conditional_correct_delivery
B,397,0.9999,0.9996635375749,1,conditional_correct_delivery
B,398,0.9999,0.9996635375749,1,conditional_correct_delivery
B,399,0.99995,0.9998317687874501,1,conditional_correct_delivery
B,400,0.99995,0.9998317687874501,1,conditional_correct_delivery
B,401,0.99995,0.9998317687874501,1,conditional_correct_delivery
B,402,0.99995,0.9998317687874501,1,conditional_correct_delivery
B,403,0.99995,0.9998317687874501,1,conditional_correct_delivery
B,404,0.99995,0.9998317687874501,1,conditional_correct_delivery
B,405,0.99995,0.9998317687874501,1,conditional_correct_delivery
B,406,0.99995,0.9998317687874501,1,conditional_correct_delivery
B,407,0.99995,0.9998317687874501,1,conditional_correct_delivery
B,408,0.99995,0.9998317687874501,1,conditional_correct_delivery
B,409,0.99995,0.9998317687874501,1,conditional_correct_delivery
B,410,0.99995,0.9998317687874501,1,conditional_correct_delivery
B,411,0.99995,0.9998317687874501,1,conditional_correct_delivery
B,412,0.99995,0.9998317687874501,1,conditional_correct_delivery
B,413,0.99995,0.9998317687874501,1,conditional_correct_delivery
B,414,0.99995,0.9998317687874501,1,conditional_correct_delivery
B,415,0.99995,0.9998317687874501,1,conditional_correct_delivery
B,416,0.99995,0.9998317687874501,1,conditional_correct_delivery
B,417,0.99995,0.9998317687874501,1,conditional_correct_delivery
B,418,0.99995,0.9998317687874501,1,conditional_correct_delivery
B,419,0.99995,0.9998317687874501,1,conditional_correct_delivery
B,420,0.99995,0.9998317687874501,1,conditional_correct_delivery
B,421,0.99995,0.9998317687874501,1,conditional_correct_delivery
B,422,0.99995,0.9998317687874501,1,conditional_correct_delivery
B,423,0.99995,0.9998317687874501,1,conditional_correct_delivery
B,424,0.99995,0.9998317687874501,1,conditional_correct_delivery
B,425,0.99995,0.9998317687874501,1,conditional_correct_delivery
B,426,0.99995,0.9998317687874501,1,conditional_correct_delivery
B,427,1.0,1.0,1,conditional_correct_delivery
B,428,1.0,1.0,1,conditional_correct_delivery
B,429,1.0,1.0,1,conditional_correct_delivery
B,430,1.0,1.0,1,conditional_correct_delivery
B,431,1.0,1.0,1,conditional_correct_delivery
B,432,1.0,1.0,1,conditional_correct_delivery
B,433,1.0,1.0,1,conditional_correct_delivery
B,434,1.0,1.0,1,conditional_correct_delivery
B,435,1.0,1.0,1,conditional_correct_delivery
B,436,1.0,1.0,1,conditional_correct_delivery
B,437,1.0,1.0,1,conditional_correct_delivery
B,438,1.0,1.0,1,conditional_correct_delivery
B,439,1.0,1.0,1,conditional_correct_delivery
B,440,1.0,1.0,1,conditional_correct_delivery
B,441,1.0,1.0,1,conditional_correct_delivery
B,442,1.0,1.0,1,conditional_correct_delivery
B,443,1.0,1.0,1,conditional_correct_delivery
B,444,1.0,1.0,1,conditional_correct_delivery
B,445,1.0,1.0,1,conditional_correct_delivery
B,446,1.0,1.0,1,conditional_correct_delivery
B,447,1.0,1.0,1,conditional_correct_delivery
B,448,1.0,1.0,1,conditional_correct_delivery
B,449,1.0,1.0,1,conditional_correct_delivery
B,450,1.0,1.0,1,conditional_correct_delivery
B,451,1.0,1.0,1,conditional_correct_delivery
B,452,1.0,1.0,1,conditional_correct_delivery
B,453,1.0,1.0,1,conditional_correct_delivery
B,454,1.0,1.0,1,conditional_correct_delivery
B,455,1.0,1.0,1,conditional_correct_delivery
B,456,1.0,1.0,1,conditional_correct_delivery
B,457,1.0,1.0,1,conditional_correct_delivery
B,458,1.0,1.0,1,conditional_correct_delivery
B,459,1.0,1.0,1,conditional_correct_delivery
B,460,1.0,1.0,1,conditional_correct_delivery
B,461,1.0,1.0,1,conditional_correct_delivery
B,462,1.0,1.0,1,conditional_correct_delivery
B,463,1.0,1.0,1,conditional_correct_delivery
B,464,1.0,1.0,1,conditional_correct_delivery
B,465,1.0,1.0,1,conditional_correct_delivery
B,466,1.0,1.0,1,conditional_correct_delivery
B,467,1.0,1.0,1,conditional_correct_delivery
B,468,1.0,1.0,1,conditional_correct_delivery
B,469,1.0,1.0,1,conditional_correct_delivery
B,470,1.0,1.0,1,conditional_correct_delivery
B,471,1.0,1.0,1,conditional_correct_delivery
B,472,1.0,1.0,1,conditional_correct_delivery
B,473,1.0,1.0,1,conditional_correct_delivery
B,474,1.0,1.0,1,conditional_correct_delivery
B,475,1.0,1.0,1,conditional_correct_delivery
B,476,1.0,1.0,1,conditional_correct_delivery
B,477,1.0,1.0,1,conditional_correct_delivery
B,478,1.0,1.0,1,conditional_correct_delivery
B,479,1.0,1.0,1,conditional_correct_delivery
B,480,1.0,1.0,1,conditional_correct_delivery
B,481,1.0,1.0,1,conditional_correct_delivery
B,482,1.0,1.0,1,conditional_correct_delivery
B,483,1.0,1.0,1,conditional_correct_delivery
B,484,1.0,1.0,1,conditional_correct_delivery
B,485,1.0,1.0,1,conditional_correct_delivery
B,486,1.0,1.0,1,conditional_correct_delivery
B,487,1.0,1.0,1,conditional_correct_delivery
B,488,1.0,1.0,1,conditional_correct_delivery
B,489,1.0,1.0,1,conditional_correct_delivery
B,490,1.0,1.0,1,conditional_correct_delivery
B,491,1.0,1.0,1,conditional_correct_delivery
B,492,1.0,1.0,1,conditional_correct_delivery
B,493,1.0,1.0,1,conditional_correct_delivery
B,494,1.0,1.0,1,conditional_correct_delivery
B,495,1.0,1.0,1,conditional_correct_delivery
B,496,1.0,1.0,1,conditional_correct_delivery
B,497,1.0,1.0,1,conditional_correct_delivery
B,498,1.0,1.0,1,conditional_correct_delivery
B,499,1.0,1.0,1,conditional_correct_delivery
B,500,1.0,1.0,1,conditional_correct_delivery
B,501,1.0,1.0,1,conditional_correct_delivery
B,502,1.0,1.0,1,conditional_correct_delivery
B,503,1.0,1.0,1,conditional_correct_delivery
B,504,1.0,1.0,1,conditional_correct_delivery
B,505,1.0,1.0,1,conditional_correct_delivery
B,506,1.0,1.0,1,conditional_correct_delivery
B,507,1.0,1.0,1,conditional_correct_delivery
B,508,1.0,1.0,1,conditional_correct_delivery
B,509,1.0,1.0,1,conditional_correct_delivery
B,510,1.0,1.0,1,conditional_correct_delivery
B,511,1.0,1.0,1,conditional_correct_delivery
B,512,1.0,1.0,1,conditional_correct_delivery
B,513,1.0,1.0,1,conditional_correct_delivery
B,514,1.0,1.0,1,conditional_correct_delivery
B,515,1.0,1.0,1,conditional_correct_delivery
B,516,1.0,1.0,1,conditional_correct_delivery
B,517,1.0,1.0,1,conditional_correct_delivery
B,518,1.0,1.0,1,conditional_correct_delivery
B,519,1.0,1.0,1,conditional_correct_delivery
B,520,1.0,1.0,1,conditional_correct_delivery
B,521,1.0,1.0,1,conditional_correct_delivery
B,522,1.0,1.0,1,conditional_correct_delivery
B,523,1.0,1.0,1,conditional_correct_delivery
B,524,1.0,1.0,1,conditional_correct_delivery
B,525,1.0,1.0,1,conditional_correct_delivery
B,526,1.0,1.0,1,conditional_correct_delivery
B,527,1.0,1.0,1,conditional_correct_delivery
B,528,1.0,1.0,1,conditional_correct_delivery
B,529,1.0,1.0,1,conditional_correct_delivery
B,530,1.0,1.0,1,conditional_correct_delivery
B,531,1.0,1.0,1,conditional_correct_delivery
B,532,1.0,1.0,1,conditional_correct_delivery
B,533,1.0,1.0,1,conditional_correct_delivery
B,534,1.0,1.0,1,conditional_correct_delivery
B,535,1.0,1.0,1,conditional_correct_delivery
B,536,1.0,1.0,1,conditional_correct_delivery
B,537,1.0,1.0,1,conditional_correct_delivery
B,538,1.0,1.0,1,conditional_correct_delivery
B,539,1.0,1.0,1,conditional_correct_delivery
B,540,1.0,1.0,1,conditional_correct_delivery
B,541,1.0,1.0,1,conditional_correct_delivery
B,542,1.0,1.0,1,conditional_correct_delivery
B,543,1.0,1.0,1,conditional_correct_delivery
B,544,1.0,1.0,1,conditional_correct_delivery
B,545,1.0,1.0,1,conditional_correct_delivery
B,546,1.0,1.0,1,conditional_correct_delivery
B,547,1.0,1.0,1,conditional_correct_delivery
B,548,1.0,1.0,1,conditional_correct_delivery
B,549,1.0,1.0,1,conditional_correct_delivery
B,550,1.0,1.0,1,conditional_correct_delivery
B,551,1.0,1.0,1,conditional_correct_delivery
B,552,1.0,1.0,1,conditional_correct_delivery
B,553,1.0,1.0,1,conditional_correct_delivery
B,554,1.0,1.0,1,conditional_correct_delivery
B,555,1.0,1.0,1,conditional_correct_delivery
B,556,1.0,1.0,1,conditional_correct_delivery
B,557,1.0,1.0,1,conditional_correct_delivery
B,558,1.0,1.0,1,conditional_correct_delivery
B,559,1.0,1.0,1,conditional_correct_delivery
B,560,1.0,1.0,1,conditional_correct_delivery
B,561,1.0,1.0,1,conditional_correct_delivery
B,562,1.0,1.0,1,conditional_correct_delivery
B,563,1.0,1.0,1,conditional_correct_delivery
B,564,1.0,1.0,1,conditional_correct_delivery
B,565,1.0,1.0,1,conditional_correct_delivery
B,566,1.0,1.0,1,conditional_correct_delivery
B,567,1.0,1.0,1,conditional_correct_delivery
B,568,1.0,1.0,1,conditional_correct_delivery
B,569,1.0,1.0,1,conditional_correct_delivery
B,570,1.0,1.0,1,conditional_correct_delivery
B,571,1.0,1.0,1,conditional_correct_delivery
B,572,1.0,1.0,1,conditional_correct_delivery
B,573,1.0,1.0,1,conditional_correct_delivery
B,574,1.0,1.0,1,conditional_correct_delivery
B,575,1.0,1.0,1,conditional_correct_delivery
B,576,1.0,1.0,1,conditional_correct_delivery
B,577,1.0,1.0,1,conditional_correct_delivery
B,578,1.0,1.0,1,conditional_correct_delivery
B,579,1.0,1.0,1,conditional_correct_delivery
B,580,1.0,1.0,1,conditional_correct_delivery
B,581,1.0,1.0,1,conditional_correct_delivery
B,582,1.0,1.0,1,conditional_correct_delivery
B,583,1.0,1.0,1,conditional_correct_delivery
B,584,1.0,1.0,1,conditional_correct_delivery
B,585,1.0,1.0,1,conditional_correct_delivery
B,586,1.0,1.0,1,conditional_correct_delivery
B,587,1.0,1.0,1,conditional_correct_delivery
B,588,1.0,1.0,1,conditional_correct_delivery
B,589,1.0,1.0,1,conditional_correct_delivery
B,590,1.0,1.0,1,conditional_correct_delivery
B,591,1.0,1.0,1,conditional_correct_delivery
B,592,1.0,1.0,1,conditional_correct_delivery
B,593,1.0,1.0,1,conditional_correct_delivery
B,594,1.0,1.0,1,conditional_correct_delivery
B,595,1.0,1.0,1,conditional_correct_delivery
B,596,1.0,1.0,1,conditional_correct_delivery
B,597,1.0,1.0,1,conditional_correct_delivery
B,598,1.0,1.0,1,conditional_correct_delivery
B,599,1.0,1.0,1,conditional_correct_delivery
B,600,1.0,1.0,1,conditional_correct_delivery
B,601,1.0,1.0,1,conditional_correct_delivery
B,602,1.0,1.0,1,conditional_correct_delivery
B,603,1.0,1.0,1,conditional_correct_delivery
B,604,1.0,1.0,1,conditional_correct_delivery
B,605,1.0,1.0,1,conditional_correct_delivery
B,606,1.0,1.0,1,conditional_correct_delivery
B,607,1.0,1.0,1,conditional_correct_delivery
B,608,1.0,1.0,1,conditional_correct_delivery
B,609,1.0,1.0,1,conditional_correct_delivery
B,610,1.0,1.0,1,conditional_correct_delivery
B,611,1.0,1.0,1,conditional_correct_delivery
B,612,1.0,1.0,1,conditional_correct_delivery
B,613,1.0,1.0,1,conditional_correct_delivery
B,614,1.0,1.0,1,conditional_correct_delivery
B,615,1.0,1.0,1,conditional_correct_delivery
B,616,1.0,1.0,1,conditional_correct_delivery
B,617,1.0,1.0,1,conditional_correct_delivery
B,618,1.0,1.0,1,conditional_correct_delivery
B,619,1.0,1.0,1,conditional_correct_delivery
B,620,1.0,1.0,1,conditional_correct_delivery
B,621,1.0,1.0,1,conditional_correct_delivery
B,622,1.0,1.0,1,conditional_correct_delivery
B,623,1.0,1.0,1,conditional_correct_delivery
B,624,1.0,1.0,1,conditional_correct_delivery
B,625,1.0,1.0,1,conditional_correct_delivery
B,626,1.0,1.0,1,conditional_correct_delivery
B,627,1.0,1.0,1,conditional_correct_delivery
B,628,1.0,1.0,1,conditional_correct_delivery
B,629,1.0,1.0,1,conditional_correct_delivery
B,630,1.0,1.0,1,conditional_correct_delivery
B,631,1.0,1.0,1,conditional_correct_delivery
B,632,1.0,1.0,1,conditional_correct_delivery
B,633,1.0,1.0,1,conditional_correct_delivery
B,634,1.0,1.0,1,conditional_correct_delivery
B,635,1.0,1.0,1,conditional_correct_delivery
B,636,1.0,1.0,1,conditional_correct_delivery
B,637,1.0,1.0,1,conditional_correct_delivery
B,638,1.0,1.0,1,conditional_correct_delivery
B,639,1.0,1.0,1,conditional_correct_delivery
B,640,1.0,1.0,1,conditional_correct_delivery
B,641,1.0,1.0,1,conditional_correct_delivery
B,642,1.0,1.0,1,conditional_correct_delivery
B,643,1.0,1.0,1,conditional_correct_delivery
B,644,1.0,1.0,1,conditional_correct_delivery
B,645,1.0,1.0,1,conditional_correct_delivery
B,646,1.0,1.0,1,conditional_correct_delivery
B,647,1.0,1.0,1,conditional_correct_delivery
B,648,1.0,1.0,1,conditional_correct_delivery
B,649,1.0,1.0,1,conditional_correct_delivery
B,650,1.0,1.0,1,conditional_correct_delivery
B,651,1.0,1.0,1,conditional_correct_delivery
B,652,1.0,1.0,1,conditional_correct_delivery
B,653,1.0,1.0,1,conditional_correct_delivery
B,654,1.0,1.0,1,conditional_correct_delivery
B,655,1.0,1.0,1,conditional_correct_delivery
B,656,1.0,1.0,1,conditional_correct_delivery
B,657,1.0,1.0,1,conditional_correct_delivery
B,658,1.0,1.0,1,conditional_correct_delivery
B,659,1.0,1.0,1,conditional_correct_delivery
B,660,1.0,1.0,1,conditional_correct_delivery
B,661,1.0,1.0,1,conditional_correct_delivery
B,662,1.0,1.0,1,conditional_correct_delivery
B,663,1.0,1.0,1,conditional_correct_delivery
B,664,1.0,1.0,1,conditional_correct_delivery
B,665,1.0,1.0,1,conditional_correct_delivery
B,666,1.0,1.0,1,conditional_correct_delivery
B,667,1.0,1.0,1,conditional_correct_delivery
B,668,1.0,1.0,1,conditional_correct_delivery
B,669,1.0,1.0,1,conditional_correct_delivery
B,670,1.0,1.0,1,conditional_correct_delivery
B,671,1.0,1.0,1,conditional_correct_delivery
B,672,1.0,1.0,1,conditional_correct_delivery
B,673,1.0,1.0,1,conditional_correct_delivery
B,674,1.0,1.0,1,conditional_correct_delivery
B,675,1.0,1.0,1,conditional_correct_delivery
B,676,1.0,1.0,1,conditional_correct_delivery
B,677,1.0,1.0,1,conditional_correct_delivery
B,678,1.0,1.0,1,conditional_correct_delivery
B,679,1.0,1.0,1,conditional_correct_delivery
B,680,1.0,1.0,1,conditional_correct_delivery
B,681,1.0,1.0,1,conditional_correct_delivery
B,682,1.0,1.0,1,conditional_correct_delivery
B,683,1.0,1.0,1,conditional_correct_delivery
B,684,1.0,1.0,1,conditional_correct_delivery
B,685,1.0,1.0,1,conditional_correct_delivery
B,686,1.0,1.0,1,conditional_correct_delivery
B,687,1.0,1.0,1,conditional_correct_delivery
B,688,1.0,1.0,1,conditional_correct_delivery
B,689,1.0,1.0,1,conditional_correct_delivery
B,690,1.0,1.0,1,conditional_correct_delivery
B,691,1.0,1.0,1,conditional_correct_delivery
B,692,1.0,1.0,1,conditional_correct_delivery
B,693,1.0,1.0,1,conditional_correct_delivery
B,694,1.0,1.0,1,conditional_correct_delivery
B,695,1.0,1.0,1,conditional_correct_delivery
B,696,1.0,1.0,1,conditional_correct_delivery
B,697,1.0,1.0,1,conditional_correct_delivery
B,698,1.0,1.0,1,conditional_correct_delivery
B,699,1.0,1.0,1,conditional_correct_delivery
B,700,1.0,1.0,1,conditional_correct_delivery
B,701,1.0,1.0,1,conditional_correct_delivery
B,702,1.0,1.0,1,conditional_correct_delivery
B,703,1.0,1.0,1,conditional_correct_delivery
B,704,1.0,1.0,1,conditional_correct_delivery
B,705,1.0,1.0,1,conditional_correct_delivery
B,706,1.0,1.0,1,conditional_correct_delivery
B,707,1.0,1.0,1,conditional_correct_delivery
B,708,1.0,1.0,1,conditional_correct_delivery
B,709,1.0,1.0,1,conditional_correct_delivery
B,710,1.0,1.0,1,conditional_correct_delivery
B,711,1.0,1.0,1,conditional_correct_delivery
B,712,1.0,1.0,1,conditional_correct_delivery
B,713,1.0,1.0,1,conditional_correct_delivery
B,714,1.0,1.0,1,conditional_correct_delivery
B,715,1.0,1.0,1,conditional_correct_delivery
B,716,1.0,1.0,1,conditional_correct_delivery
B,717,1.0,1.0,1,conditional_correct_delivery
B,718,1.0,1.0,1,conditional_correct_delivery
B,719,1.0,1.0,1,conditional_correct_delivery
B,720,1.0,1.0,1,conditional_correct_delivery
B,721,1.0,1.0,1,conditional_correct_delivery
B,722,1.0,1.0,1,conditional_correct_delivery
B,723,1.0,1.0,1,conditional_correct_delivery
B,724,1.0,1.0,1,conditional_correct_delivery
B,725,1.0,1.0,1,conditional_correct_delivery
B,726,1.0,1.0,1,conditional_correct_delivery
B,727,1.0,1.0,1,conditional_correct_delivery
B,728,1.0,1.0,1,conditional_correct_delivery
B,729,1.0,1.0,1,conditional_correct_delivery
B,730,1.0,1.0,1,conditional_correct_delivery
B,731,1.0,1.0,1,conditional_correct_delivery
B,732,1.0,1.0,1,conditional_correct_delivery
B,733,1.0,1.0,1,conditional_correct_delivery
B,734,1.0,1.0,1,conditional_correct_delivery
B,735,1.0,1.0,1,conditional_correct_delivery
B,736,1.0,1.0,1,conditional_correct_delivery
B,737,1.0,1.0,1,conditional_correct_delivery
B,738,1.0,1.0,1,conditional_correct_delivery
B,739,1.0,1.0,1,conditional_correct_delivery
B,740,1.0,1.0,1,conditional_correct_delivery
B,741,1.0,1.0,1,conditional_correct_delivery
B,742,1.0,1.0,1,conditional_correct_delivery
B,743,1.0,1.0,1,conditional_correct_delivery
B,744,1.0,1.0,1,conditional_correct_delivery
B,745,1.0,1.0,1,conditional_correct_delivery
B,746,1.0,1.0,1,conditional_correct_delivery
B,747,1.0,1.0,1,conditional_correct_delivery
B,748,1.0,1.0,1,conditional_correct_delivery
B,749,1.0,1.0,1,conditional_correct_delivery
B,750,1.0,1.0,1,conditional_correct_delivery
B,751,1.0,1.0,1,conditional_correct_delivery
B,752,1.0,1.0,1,conditional_correct_delivery
B,753,1.0,1.0,1,conditional_correct_delivery
B,754,1.0,1.0,1,conditional_correct_delivery
B,755,1.0,1.0,1,conditional_correct_delivery
B,756,1.0,1.0,1,conditional_correct_delivery
B,757,1.0,1.0,1,conditional_correct_delivery
B,758,1.0,1.0,1,conditional_correct_delivery
B,759,1.0,1.0,1,conditional_correct_delivery
B,760,1.0,1.0,1,conditional_correct_delivery
B,761,1.0,1.0,1,conditional_correct_delivery
B,762,1.0,1.0,1,conditional_correct_delivery
B,763,1.0,1.0,1,conditional_correct_delivery
B,764,1.0,1.0,1,conditional_correct_delivery
B,765,1.0,1.0,1,conditional_correct_delivery
B,766,1.0,1.0,1,conditional_correct_delivery
B,767,1.0,1.0,1,conditional_correct_delivery
B,768,1.0,1.0,1,conditional_correct_delivery
B,769,1.0,1.0,1,conditional_correct_delivery
B,770,1.0,1.0,1,conditional_correct_delivery
B,771,1.0,1.0,1,conditional_correct_delivery
B,772,1.0,1.0,1,conditional_correct_delivery
B,773,1.0,1.0,1,conditional_correct_delivery
B,774,1.0,1.0,1,conditional_correct_delivery
B,775,1.0,1.0,1,conditional_correct_delivery
B,776,1.0,1.0,1,conditional_correct_delivery
B,777,1.0,1.0,1,conditional_correct_delivery
B,778,1.0,1.0,1,conditional_correct_delivery
B,779,1.0,1.0,1,conditional_correct_delivery
B,780,1.0,1.0,1,conditional_correct_delivery
B,781,1.0,1.0,1,conditional_correct_delivery
B,782,1.0,1.0,1,conditional_correct_delivery
B,783,1.0,1.0,1,conditional_correct_delivery
B,784,1.0,1.0,1,conditional_correct_delivery
B,785,1.0,1.0,1,conditional_correct_delivery
B,786,1.0,1.0,1,conditional_correct_delivery
B,787,1.0,1.0,1,conditional_correct_delivery
B,788,1.0,1.0,1,conditional_correct_delivery
B,789,1.0,1.0,1,conditional_correct_delivery
B,790,1.0,1.0,1,conditional_correct_delivery
B,791,1.0,1.0,1,conditional_correct_delivery
B,792,1.0,1.0,1,conditional_correct_delivery
B,793,1.0,1.0,1,conditional_correct_delivery
B,794,1.0,1.0,1,conditional_correct_delivery
B,795,1.0,1.0,1,conditional_correct_delivery
B,796,1.0,1.0,1,conditional_correct_delivery
B,797,1.0,1.0,1,conditional_correct_delivery
B,798,1.0,1.0,1,conditional_correct_delivery
B,799,1.0,1.0,1,conditional_correct_delivery
B,800,1.0,1.0,1,conditional_correct_delivery
B,801,1.0,1.0,1,conditional_correct_delivery
B,802,1.0,1.0,1,conditional_correct_delivery
B,803,1.0,1.0,1,conditional_correct_delivery
B,804,1.0,1.0,1,conditional_correct_delivery
B,805,1.0,1.0,1,conditional_correct_delivery
B,806,1.0,1.0,1,conditional_correct_delivery
B,807,1.0,1.0,1,conditional_correct_delivery
B,808,1.0,1.0,1,conditional_correct_delivery
B,809,1.0,1.0,1,conditional_correct_delivery
B,810,1.0,1.0,1,conditional_correct_delivery
B,811,1.0,1.0,1,conditional_correct_delivery
B,812,1.0,1.0,1,conditional_correct_delivery
B,813,1.0,1.0,1,conditional_correct_delivery
B,814,1.0,1.0,1,conditional_correct_delivery
B,815,1.0,1.0,1,conditional_correct_delivery
B,816,1.0,1.0,1,conditional_correct_delivery
B,817,1.0,1.0,1,conditional_correct_delivery
B,818,1.0,1.0,1,conditional_correct_delivery
B,819,1.0,1.0,1,conditional_correct_delivery
B,820,1.0,1.0,1,conditional_correct_delivery
B,821,1.0,1.0,1,conditional_correct_delivery
B,822,1.0,1.0,1,conditional_correct_delivery
B,823,1.0,1.0,1,conditional_correct_delivery
B,824,1.0,1.0,1,conditional_correct_delivery
B,825,1.0,1.0,1,conditional_correct_delivery
B,826,1.0,1.0,1,conditional_correct_delivery
B,827,1.0,1.0,1,conditional_correct_delivery
B,828,1.0,1.0,1,conditional_correct_delivery
B,829,1.0,1.0,1,conditional_correct_delivery
B,830,1.0,1.0,1,conditional_correct_delivery
B,831,1.0,1.0,1,conditional_correct_delivery
B,832,1.0,1.0,1,conditional_correct_delivery
B,833,1.0,1.0,1,conditional_correct_delivery
B,834,1.0,1.0,1,conditional_correct_delivery
B,835,1.0,1.0,1,conditional_correct_delivery
B,836,1.0,1.0,1,conditional_correct_delivery
B,837,1.0,1.0,1,conditional_correct_delivery
B,838,1.0,1.0,1,conditional_correct_delivery
B,839,1.0,1.0,1,conditional_correct_delivery
B,840,1.0,1.0,1,conditional_correct_delivery
B,841,1.0,1.0,1,conditional_correct_delivery
B,842,1.0,1.0,1,conditional_correct_delivery
B,843,1.0,1.0,1,conditional_correct_delivery
B,844,1.0,1.0,1,conditional_correct_delivery
B,845,1.0,1.0,1,conditional_correct_delivery
B,846,1.0,1.0,1,conditional_correct_delivery
B,847,1.0,1.0,1,conditional_correct_delivery
B,848,1.0,1.0,1,conditional_correct_delivery
B,849,1.0,1.0,1,conditional_correct_delivery
B,850,1.0,1.0,1,conditional_correct_delivery
B,851,1.0,1.0,1,conditional_correct_delivery
B,852,1.0,1.0,1,conditional_correct_delivery
B,853,1.0,1.0,1,conditional_correct_delivery
B,854,1.0,1.0,1,conditional_correct_delivery
B,855,1.0,1.0,1,conditional_correct_delivery
B,856,1.0,1.0,1,conditional_correct_delivery
B,857,1.0,1.0,1,conditional_correct_delivery
B,858,1.0,1.0,1,conditional_correct_delivery
B,859,1.0,1.0,1,conditional_correct_delivery
B,860,1.0,1.0,1,conditional_correct_delivery
B,861,1.0,1.0,1,conditional_correct_delivery
B,862,1.0,1.0,1,conditional_correct_delivery
B,863,1.0,1.0,1,conditional_correct_delivery
B,864,1.0,1.0,1,conditional_correct_delivery
B,865,1.0,1.0,1,conditional_correct_delivery
B,866,1.0,1.0,1,conditional_correct_delivery
B,867,1.0,1.0,1,conditional_correct_delivery
B,868,1.0,1.0,1,conditional_correct_delivery
B,869,1.0,1.0,1,conditional_correct_delivery
B,870,1.0,1.0,1,conditional_correct_delivery
B,871,1.0,1.0,1,conditional_correct_delivery
B,872,1.0,1.0,1,conditional_correct_delivery
B,873,1.0,1.0,1,conditional_correct_delivery
B,874,1.0,1.0,1,conditional_correct_delivery
B,875,1.0,1.0,1,conditional_correct_delivery
B,876,1.0,1.0,1,conditional_correct_delivery
B,877,1.0,1.0,1,conditional_correct_delivery
B,878,1.0,1.0,1,conditional_correct_delivery
B,879,1.0,1.0,1,conditional_correct_delivery
B,880,1.0,1.0,1,conditional_correct_delivery
B,881,1.0,1.0,1,conditional_correct_delivery
B,882,1.0,1.0,1,conditional_correct_delivery
B,883,1.0,1.0,1,conditional_correct_delivery
B,884,1.0,1.0,1,conditional_correct_delivery
B,885,1.0,1.0,1,conditional_correct_delivery
B,886,1.0,1.0,1,conditional_correct_delivery
B,887,1.0,1.0,1,conditional_correct_delivery
B,888,1.0,1.0,1,conditional_correct_delivery
B,889,1.0,1.0,1,conditional_correct_delivery
B,890,1.0,1.0,1,conditional_correct_delivery
B,891,1.0,1.0,1,conditional_correct_delivery
B,892,1.0,1.0,1,conditional_correct_delivery
B,893,1.0,1.0,1,conditional_correct_delivery
B,894,1.0,1.0,1,conditional_correct_delivery
B,895,1.0,1.0,1,conditional_correct_delivery
B,896,1.0,1.0,1,conditional_correct_delivery
B,897,1.0,1.0,1,conditional_correct_delivery
B,898,1.0,1.0,1,conditional_correct_delivery
B,899,1.0,1.0,1,conditional_correct_delivery
B,900,1.0,1.0,1,conditional_correct_delivery
B,901,1.0,1.0,1,conditional_correct_delivery
B,902,1.0,1.0,1,conditional_correct_delivery
B,903,1.0,1.0,1,conditional_correct_delivery
B,904,1.0,1.0,1,conditional_correct_delivery
B,905,1.0,1.0,1,conditional_correct_delivery
B,906,1.0,1.0,1,conditional_correct_delivery
B,907,1.0,1.0,1,conditional_correct_delivery
B,908,1.0,1.0,1,conditional_correct_delivery
B,909,1.0,1.0,1,conditional_correct_delivery
B,910,1.0,1.0,1,conditional_correct_delivery
B,911,1.0,1.0,1,conditional_correct_delivery
B,912,1.0,1.0,1,conditional_correct_delivery
B,913,1.0,1.0,1,conditional_correct_delivery
B,914,1.0,1.0,1,conditional_correct_delivery
B,915,1.0,1.0,1,conditional_correct_delivery
B,916,1.0,1.0,1,conditional_correct_delivery
B,917,1.0,1.0,1,conditional_correct_delivery
B,918,1.0,1.0,1,conditional_correct_delivery
B,919,1.0,1.0,1,conditional_correct_delivery
B,920,1.0,1.0,1,conditional_correct_delivery
B,921,1.0,1.0,1,conditional_correct_delivery
B,922,1.0,1.0,1,conditional_correct_delivery
B,923,1.0,1.0,1,conditional_correct_delivery
B,924,1.0,1.0,1,conditional_correct_delivery
B,925,1.0,1.0,1,conditional_correct_delivery
B,926,1.0,1.0,1,conditional_correct_delivery
B,927,1.0,1.0,1,conditional_correct_delivery
B,928,1.0,1.0,1,conditional_correct_delivery
B,929,1.0,1.0,1,conditional_correct_delivery
B,930,1.0,1.0,1,conditional_correct_delivery
B,931,1.0,1.0,1,conditional_correct_delivery
B,932,1.0,1.0,1,conditional_correct_delivery
B,933,1.0,1.0,1,conditional_correct_delivery
B,934,1.0,1.0,1,conditional_correct_delivery
B,935,1.0,1.0,1,conditional_correct_delivery
B,936,1.0,1.0,1,conditional_correct_delivery
B,937,1.0,1.0,1,conditional_correct_delivery
B,938,1.0,1.0,1,conditional_correct_delivery
B,939,1.0,1.0,1,conditional_correct_delivery
H,0,0.0,0,0.0,conditional_correct_delivery
H,1,0.14784999999999998,0.1404541674858646,0.15524583251413537,conditional_correct_delivery
H,2,0.14800000000000002,0.1406278311816253,0.15537216881837473,conditional_correct_delivery
H,3,0.4557,0.44683119536454036,0.46456880463545963,conditional_correct_delivery
H,4,0.45629999999999993,0.44729001470720514,0.4653099852927947,conditional_correct_delivery
H,5,0.45680000000000004,0.44779134462705694,0.46580865537294314,conditional_correct_delivery
H,6,0.45745,0.4484538776815308,0.46644612231846927,conditional_correct_delivery
H,7,0.45785,0.448907311206802,0.46679268879319796,conditional_correct_delivery
H,8,0.4581,0.4490264077854124,0.4671735922145876,conditional_correct_delivery
H,9,0.45825,0.4490797557996236,0.46742024420037637,conditional_correct_delivery
H,10,0.45864999999999995,0.449460612581313,0.4678393874186869,conditional_correct_delivery
H,11,0.45875000000000005,0.44959108650844,0.4679089134915601,conditional_correct_delivery
H,12,0.45895,0.44985848869443434,0.4680415113055657,conditional_correct_delivery
H,13,0.45930000000000004,0.45024226764021136,0.4683577323597887,conditional_correct_delivery
H,14,0.45955,0.450604631950119,0.468495368049881,conditional_correct_delivery
H,15,0.4596,0.45061087272354705,0.46858912727645297,conditional_correct_delivery
H,16,0.46004999999999996,0.4511691571994778,0.4689308428005221,conditional_correct_delivery
H,17,0.4604,0.45164130920283824,0.4691586907971617,conditional_correct_delivery
H,18,0.46054999999999996,0.45180602730504454,0.4692939726949554,conditional_correct_delivery
H,19,0.46090000000000003,0.45214176520652455,0.4696582347934755,conditional_correct_delivery
H,20,0.4611,0.45228721323221105,0.46991278676778897,conditional_correct_delivery
H,21,0.46125,0.45247593297584265,0.47002406702415733,conditional_correct_delivery
H,22,0.46155000000000007,0.45269618150800744,0.4704038184919927,conditional_correct_delivery
H,23,0.46185000000000004,0.45288768192440293,0.47081231807559715,conditional_correct_delivery
H,24,0.4622,0.4530558155813785,0.4713441844186215,conditional_correct_delivery
H,25,0.46245,0.45337871895387644,0.4715212810461236,conditional_correct_delivery
H,26,0.46275,0.4536330449593966,0.4718669550406034,conditional_correct_delivery
H,27,0.46309999999999996,0.4539039870152336,0.4722960129847663,conditional_correct_delivery
H,28,0.4634499999999999,0.4541930601588507,0.47270693984114914,conditional_correct_delivery
H,29,0.46385,0.4545208584153591,0.47317914158464086,conditional_correct_delivery
H,30,0.46449999999999997,0.45489776197855925,0.4741022380214407,conditional_correct_delivery
H,31,0.4648,0.45506516290593246,0.4745348370940675,conditional_correct_delivery
H,32,0.46554999999999996,0.45549637356032935,0.4756036264396706,conditional_correct_delivery
H,33,0.4664500000000001,0.45573038041150926,0.4771696195884909,conditional_correct_delivery
H,34,0.46710000000000007,0.45591605220107434,0.4782839477989258,conditional_correct_delivery
H,35,0.46785000000000004,0.45577428209417503,0.47992571790582506,conditional_correct_delivery
H,36,0.4685,0.45586086771058704,0.481139132289413,conditional_correct_delivery
H,37,0.46915000000000007,0.4558461926199803,0.48245380738001986,conditional_correct_delivery
H,38,0.4696,0.4560103887233452,0.48318961127665483,conditional_correct_delivery
H,39,0.4701,0.4566251980644096,0.48357480193559044,conditional_correct_delivery
H,40,0.47095,0.45766121142945526,0.4842387885705447,conditional_correct_delivery
H,41,0.47180000000000005,0.4588286988493245,0.4847713011506756,conditional_correct_delivery
H,42,0.4728,0.45957017410467005,0.48602982589532995,conditional_correct_delivery
H,43,0.4734500000000001,0.46007493427780155,0.48682506572219864,conditional_correct_delivery
H,44,0.47415,0.4607236720698728,0.48757632793012723,conditional_correct_delivery
H,45,0.47485000000000005,0.4612598744203667,0.4884401255796334,conditional_correct_delivery
H,46,0.47625,0.46212891615724266,0.49037108384275735,conditional_correct_delivery
H,47,0.47765,0.46255081806248316,0.4927491819375169,conditional_correct_delivery
H,48,0.47855000000000003,0.4632151271934362,0.49388487280656385,conditional_correct_delivery
H,49,0.4795,0.46343173630126794,0.495568263698732,conditional_correct_delivery
H,50,0.4811,0.4638929334534042,0.49830706654659584,conditional_correct_delivery
H,51,0.4824,0.4645824122489083,0.5002175877510917,conditional_correct_delivery
H,52,0.4835499999999999,0.4656479381589622,0.5014520618410376,conditional_correct_delivery
H,53,0.48519999999999996,0.466511559503869,0.5038884404961309,conditional_correct_delivery
H,54,0.4869,0.4676782704721772,0.5061217295278229,conditional_correct_delivery
H,55,0.4888,0.46932786435996765,0.5082721356400324,conditional_correct_delivery
H,56,0.49080000000000007,0.4700435782345995,0.5115564217654006,conditional_correct_delivery
H,57,0.49305000000000004,0.47120170730568717,0.514898292694313,conditional_correct_delivery
H,58,0.4945,0.4722246084242904,0.5167753915757095,conditional_correct_delivery
H,59,0.4961,0.473828911946925,0.518371088053075,conditional_correct_delivery
H,60,0.49755000000000005,0.47507420517955107,0.5200257948204491,conditional_correct_delivery
H,61,0.49995,0.4775603759296215,0.5223396240703785,conditional_correct_delivery
H,62,0.50265,0.4798674602153255,0.5254325397846745,conditional_correct_delivery
H,63,0.50505,0.4814775560311458,0.5286224439688542,conditional_correct_delivery
H,64,0.5075000000000001,0.4837339717601112,0.5312660282398889,conditional_correct_delivery
H,65,0.50995,0.48608222495882,0.5338177750411801,conditional_correct_delivery
H,66,0.51235,0.48813601180227884,0.5365639881977211,conditional_correct_delivery
H,67,0.51485,0.4893970021038281,0.540302997896172,conditional_correct_delivery
H,68,0.5166,0.49090054825769514,0.5422994517423048,conditional_correct_delivery
H,69,0.5186499999999999,0.4927925569477026,0.5445074430522973,conditional_correct_delivery
H,70,0.5207,0.4942362730702143,0.5471637269297858,conditional_correct_delivery
H,71,0.52275,0.49571431910669295,0.5497856808933071,conditional_correct_delivery
H,72,0.52485,0.49690827754215056,0.5527917224578495,conditional_correct_delivery
H,73,0.52745,0.49926604960326204,0.5556339503967379,conditional_correct_delivery
H,74,0.53015,0.5013825837838942,0.5589174162161058,conditional_correct_delivery
H,75,0.5334,0.5043556589142036,0.5624443410857963,conditional_correct_delivery
H,76,0.53685,0.507281557968027,0.5664184420319731,conditional_correct_delivery
H,77,0.5404,0.5100695375710792,0.5707304624289208,conditional_correct_delivery
H,78,0.5432,0.512391879569078,0.5740081204309221,conditional_correct_delivery
H,79,0.5456999999999999,0.5146245598207382,0.5767754401792615,conditional_correct_delivery
H,80,0.5478000000000001,0.5164098595827706,0.5791901404172295,conditional_correct_delivery
H,81,0.5498000000000001,0.5185240689640196,0.5810759310359805,conditional_correct_delivery
H,82,0.55155,0.5194644985181834,0.5836355014818165,conditional_correct_delivery
H,83,0.55305,0.5208305922613992,0.5852694077386009,conditional_correct_delivery
H,84,0.5547500000000001,0.5229586153090343,0.5865413846909658,conditional_correct_delivery
H,85,0.5562499999999999,0.5242849689925249,0.588215031007475,conditional_correct_delivery
H,86,0.5578,0.525891463109366,0.589708536890634,conditional_correct_delivery
H,87,0.5600499999999999,0.5282189415839906,0.5918810584160092,conditional_correct_delivery
H,88,0.5619,0.5299310646796557,0.5938689353203442,conditional_correct_delivery
H,89,0.5642,0.5314489480457526,0.5969510519542475,conditional_correct_delivery
H,90,0.5665,0.5336448488320701,0.5993551511679299,conditional_correct_delivery
H,91,0.56905,0.535965565081741,0.6021344349182589,conditional_correct_delivery
H,92,0.5704500000000001,0.5375085629521218,0.6033914370478785,conditional_correct_delivery
H,93,0.5720000000000001,0.5388123611453524,0.6051876388546478,conditional_correct_delivery
H,94,0.5741,0.5404094089478075,0.6077905910521926,conditional_correct_delivery
H,95,0.5760000000000001,0.5422671145045557,0.6097328854954445,conditional_correct_delivery
H,96,0.57785,0.5440797511673732,0.6116202488326268,conditional_correct_delivery
H,97,0.58055,0.5469409785648804,0.6141590214351196,conditional_correct_delivery
H,98,0.58365,0.5498932362481753,0.6174067637518247,conditional_correct_delivery
H,99,0.5857500000000001,0.5517214983320494,0.6197785016679508,conditional_correct_delivery
H,100,0.588,0.5533393233022541,0.6226606766977458,conditional_correct_delivery
H,101,0.59045,0.5559693453245743,0.6249306546754257,conditional_correct_delivery
H,102,0.5927,0.5576899831069513,0.6277100168930487,conditional_correct_delivery
H,103,0.5947,0.5598266879288272,0.6295733120711728,conditional_correct_delivery
H,104,0.5962999999999999,0.5612566880078007,0.6313433119921992,conditional_correct_delivery
H,105,0.59765,0.5625794881918149,0.6327205118081851,conditional_correct_delivery
H,106,0.5991500000000001,0.5641862439955824,0.6341137560044178,conditional_correct_delivery
H,107,0.60205,0.5669517120438565,0.6371482879561434,conditional_correct_delivery
H,108,0.60405,0.5690570134699473,0.6390429865300526,conditional_correct_delivery
H,109,0.60635,0.5717080241410478,0.6409919758589521,conditional_correct_delivery
H,110,0.60855,0.5737559438975118,0.6433440561024882,conditional_correct_delivery
H,111,0.6107499999999999,0.5760444421247858,0.645455557875214,conditional_correct_delivery
H,112,0.61255,0.5778847432793925,0.6472152567206075,conditional_correct_delivery
H,113,0.6143000000000001,0.5793507255799673,0.6492492744200329,conditional_correct_delivery
H,114,0.61615,0.5812335670217696,0.6510664329782303,conditional_correct_delivery
H,115,0.6187,0.5833119147931112,0.6540880852068889,conditional_correct_delivery
H,116,0.6204,0.5851022049374158,0.6556977950625841,conditional_correct_delivery
H,117,0.62215,0.5871325973010914,0.6571674026989086,conditional_correct_delivery
H,118,0.6244500000000001,0.5894643188117846,0.6594356811882155,conditional_correct_delivery
H,119,0.6266499999999999,0.591571061954451,0.6617289380455489,conditional_correct_delivery
H,120,0.6286,0.5936871989117973,0.6635128010882028,conditional_correct_delivery
H,121,0.6308499999999999,0.5956880464744762,0.6660119535255237,conditional_correct_delivery
H,122,0.63405,0.5990063745913059,0.6690936254086941,conditional_correct_delivery
H,123,0.637,0.6017937476020724,0.6722062523979276,conditional_correct_delivery
H,124,0.63935,0.6045284060115446,0.6741715939884554,conditional_correct_delivery
H,125,0.6414,0.6063101051799437,0.6764898948200563,conditional_correct_delivery
H,126,0.6441,0.6087281703341518,0.6794718296658482,conditional_correct_delivery
H,127,0.64625,0.6105369319038029,0.6819630680961971,conditional_correct_delivery
H,128,0.6501000000000001,0.6135535210571974,0.6866464789428028,conditional_correct_delivery
H,129,0.65455,0.6183230667747835,0.6907769332252164,conditional_correct_delivery
H,130,0.65705,0.6205270516948134,0.6935729483051867,conditional_correct_delivery
H,131,0.65935,0.6223658695866724,0.6963341304133276,conditional_correct_delivery
H,132,0.6614999999999999,0.6246514015500314,0.6983485984499683,conditional_correct_delivery
H,133,0.664,0.6276286835724302,0.7003713164275699,conditional_correct_delivery
H,134,0.6676,0.631403921362797,0.703796078637203,conditional_correct_delivery
H,135,0.67025,0.6339666644915841,0.7065333355084159,conditional_correct_delivery
H,136,0.6730499999999999,0.6368914841888231,0.7092085158111767,conditional_correct_delivery
H,137,0.6759000000000001,0.639876131091467,0.7119238689085331,conditional_correct_delivery
H,138,0.6783999999999999,0.6421686296263089,0.7146313703736908,conditional_correct_delivery
H,139,0.6808,0.6436438914783843,0.7179561085216156,conditional_correct_delivery
H,140,0.68385,0.6462243611879814,0.7214756388120185,conditional_correct_delivery
H,141,0.687,0.6509777941486149,0.7230222058513852,conditional_correct_delivery
H,142,0.68955,0.6539675678419157,0.7251324321580843,conditional_correct_delivery
H,143,0.6927,0.6571035121386897,0.7282964878613103,conditional_correct_delivery
H,144,0.6958,0.6605769620881816,0.7310230379118183,conditional_correct_delivery
H,145,0.6990500000000001,0.6639628653955103,0.7341371346044898,conditional_correct_delivery
H,146,0.7018,0.6673232548058574,0.7362767451941425,conditional_correct_delivery
H,147,0.7041,0.6690475715820735,0.7391524284179264,conditional_correct_delivery
H,148,0.70605,0.6705736837950732,0.7415263162049267,conditional_correct_delivery
H,149,0.7078,0.6728643271661682,0.7427356728338318,conditional_correct_delivery
H,150,0.7102,0.6755679117139785,0.7448320882860217,conditional_correct_delivery
H,151,0.7125,0.6772929535123284,0.7477070464876716,conditional_correct_delivery
H,152,0.7142999999999999,0.6783782743856892,0.7502217256143107,conditional_correct_delivery
H,153,0.71615,0.6799724909055183,0.7523275090944817,conditional_correct_delivery
H,154,0.7186999999999999,0.682748934011257,0.7546510659887428,conditional_correct_delivery
H,155,0.7209999999999999,0.6854231523867232,0.7565768476132765,conditional_correct_delivery
H,156,0.72355,0.6875307046833888,0.7595692953166112,conditional_correct_delivery
H,157,0.7270000000000001,0.6908211385665795,0.7631788614334207,conditional_correct_delivery
H,158,0.7302500000000001,0.6933588573047796,0.7671411426952205,conditional_correct_delivery
H,159,0.73315,0.6952883907988446,0.7710116092011553,conditional_correct_delivery
H,160,0.7371,0.6995654137729593,0.7746345862270406,conditional_correct_delivery
H,161,0.74025,0.7034420960622432,0.7770579039377568,conditional_correct_delivery
H,162,0.7429,0.7059712826261044,0.7798287173738956,conditional_correct_delivery
H,163,0.7456500000000001,0.7090770023466394,0.7822229976533609,conditional_correct_delivery
H,164,0.74875,0.7125722701120347,0.7849277298879653,conditional_correct_delivery
H,165,0.7516999999999999,0.7153072771520276,0.7880927228479723,conditional_correct_delivery
H,166,0.7541500000000001,0.7173347183698034,0.7909652816301967,conditional_correct_delivery
H,167,0.7559499999999999,0.7189712694471808,0.792928730552819,conditional_correct_delivery
H,168,0.75825,0.7213670860983242,0.7951329139016757,conditional_correct_delivery
H,169,0.7602500000000001,0.7233982855693534,0.7971017144306468,conditional_correct_delivery
H,170,0.76185,0.7250994320716414,0.7986005679283587,conditional_correct_delivery
H,171,0.7644000000000001,0.7277168456268359,0.8010831543731642,conditional_correct_delivery
H,172,0.7666499999999999,0.729992140648326,0.8033078593516739,conditional_correct_delivery
H,173,0.76925,0.7328087202879283,0.8056912797120717,conditional_correct_delivery
H,174,0.7714,0.7349874188645288,0.8078125811354712,conditional_correct_delivery
H,175,0.77435,0.7384097393739952,0.8102902606260047,conditional_correct_delivery
H,176,0.7768000000000002,0.7407498649707802,0.8128501350292201,conditional_correct_delivery
H,177,0.77875,0.7424263993516236,0.8150736006483765,conditional_correct_delivery
H,178,0.78085,0.7443916270090754,0.8173083729909247,conditional_correct_delivery
H,179,0.78245,0.7459749797243819,0.8189250202756181,conditional_correct_delivery
H,180,0.78425,0.74753465986156,0.82096534013844,conditional_correct_delivery
H,181,0.7863000000000001,0.7489039969274474,0.8236960030725529,conditional_correct_delivery
H,182,0.789,0.751193045919582,0.826806954080418,conditional_correct_delivery
H,183,0.7914500000000001,0.7530660380426015,0.8298339619573987,conditional_correct_delivery
H,184,0.79325,0.7547639955555259,0.8317360044444742,conditional_correct_delivery
H,185,0.7951,0.756726938937382,0.8334730610626181,conditional_correct_delivery
H,186,0.7973,0.7594053615373735,0.8351946384626265,conditional_correct_delivery
H,187,0.80055,0.7627574419831885,0.8383425580168115,conditional_correct_delivery
H,188,0.8041999999999999,0.7662959825761412,0.8421040174238587,conditional_correct_delivery
H,189,0.80655,0.7688734445353618,0.8442265554646382,conditional_correct_delivery
H,190,0.8088000000000002,0.77198035212333,0.8456196478766703,conditional_correct_delivery
H,191,0.8114,0.7758204582255241,0.8469795417744759,conditional_correct_delivery
H,192,0.8142,0.7794688751676295,0.8489311248323705,conditional_correct_delivery
H,193,0.8164,0.7816725551893433,0.8511274448106567,conditional_correct_delivery
H,194,0.8201,0.7863274746127364,0.8538725253872637,conditional_correct_delivery
H,195,0.8231999999999999,0.7890781712434211,0.8573218287565788,conditional_correct_delivery
H,196,0.8263499999999999,0.7912594507276844,0.8614405492723154,conditional_correct_delivery
H,197,0.8290000000000001,0.7936041283252945,0.8643958716747057,conditional_correct_delivery
H,198,0.83165,0.7967058969878711,0.8665941030121289,conditional_correct_delivery
H,199,0.8338000000000001,0.7990716351473565,0.8685283648526437,conditional_correct_delivery
H,200,0.8368000000000001,0.8027475341514002,0.8708524658486,conditional_correct_delivery
H,201,0.84095,0.8068183698823299,0.87508163011767,conditional_correct_delivery
H,202,0.8447500000000001,0.8107353506939419,0.8787646493060584,conditional_correct_delivery
H,203,0.8472999999999999,0.8134967413624082,0.8811032586375916,conditional_correct_delivery
H,204,0.8499500000000001,0.8167039560524235,0.8831960439475767,conditional_correct_delivery
H,205,0.85175,0.8186621851465763,0.8848378148534237,conditional_correct_delivery
H,206,0.8534,0.8207314882027851,0.886068511797215,conditional_correct_delivery
H,207,0.8548999999999999,0.8223707892167298,0.88742921078327,conditional_correct_delivery
H,208,0.8567000000000001,0.8244945716915071,0.8889054283084932,conditional_correct_delivery
H,209,0.8586,0.8255962730589066,0.8916037269410935,conditional_correct_delivery
H,210,0.86005,0.8267031984205038,0.8933968015794962,conditional_correct_delivery
H,211,0.86195,0.8285275905385152,0.8953724094614848,conditional_correct_delivery
H,212,0.8641,0.8307722170691164,0.8974277829308835,conditional_correct_delivery
H,213,0.86565,0.832458299826453,0.898841700173547,conditional_correct_delivery
H,214,0.8674999999999999,0.8344127585041166,0.9005872414958833,conditional_correct_delivery
H,215,0.8695,0.8364630111507054,0.9025369888492947,conditional_correct_delivery
H,216,0.8710500000000001,0.8379337108286931,0.9041662891713071,conditional_correct_delivery
H,217,0.8727,0.8394528448562345,0.9059471551437656,conditional_correct_delivery
H,218,0.8745999999999999,0.8414885051059655,0.9077114948940344,conditional_correct_delivery
H,219,0.8764500000000001,0.8431746569194472,0.909725343080553,conditional_correct_delivery
H,220,0.8781999999999999,0.8451266428253308,0.911273357174669,conditional_correct_delivery
H,221,0.8803500000000001,0.84767638445213,0.9130236155478701,conditional_correct_delivery
H,222,0.88235,0.8505802306908786,0.9141197693091213,conditional_correct_delivery
H,223,0.88385,0.8525598019041507,0.9151401980958493,conditional_correct_delivery
H,224,0.8858999999999999,0.8546313486290679,0.917168651370932,conditional_correct_delivery
H,225,0.8886999999999999,0.8584588157919618,0.918941184208038,conditional_correct_delivery
H,226,0.8911,0.8619893172851703,0.9202106827148298,conditional_correct_delivery
H,227,0.89495,0.8679146145616629,0.9219853854383372,conditional_correct_delivery
H,228,0.8986999999999999,0.8733846333418283,0.9240153666581716,conditional_correct_delivery
H,229,0.9012499999999999,0.8769195134748825,0.9255804865251173,conditional_correct_delivery
H,230,0.9036499999999998,0.880945780833013,0.9263542191669867,conditional_correct_delivery
H,231,0.9058000000000002,0.8842668904539702,0.9273331095460301,conditional_correct_delivery
H,232,0.9081500000000001,0.8869594551278621,0.9293405448721381,conditional_correct_delivery
H,233,0.9100000000000001,0.8890048149034439,0.9309951850965564,conditional_correct_delivery
H,234,0.91225,0.8917741425504583,0.9327258574495417,conditional_correct_delivery
H,235,0.9152500000000001,0.8949429748693278,0.9355570251306724,conditional_correct_delivery
H,236,0.91705,0.8970134344616972,0.9370865655383028,conditional_correct_delivery
H,237,0.9192000000000001,0.9008157932156728,0.9375842067843274,conditional_correct_delivery
H,238,0.9212,0.9046254465949944,0.9377745534050056,conditional_correct_delivery
H,239,0.9233499999999999,0.9093962122453609,0.9373037877546389,conditional_correct_delivery
H,240,0.9251999999999999,0.9129991673525881,0.9374008326474117,conditional_correct_delivery
H,241,0.9263999999999999,0.915672093760397,0.9371279062396027,conditional_correct_delivery
H,242,0.92745,0.9176890433669967,0.9372109566330032,conditional_correct_delivery
H,243,0.92875,0.9196857661495572,0.9378142338504427,conditional_correct_delivery
H,244,0.9295,0.9209317031885141,0.9380682968114858,conditional_correct_delivery
H,245,0.93055,0.9224254053149572,0.9386745946850428,conditional_correct_delivery
H,246,0.93145,0.9238056150768724,0.9390943849231276,conditional_correct_delivery
H,247,0.93195,0.9244950020343659,0.939404997965634,conditional_correct_delivery
H,248,0.93245,0.9249950020343659,0.9399049979656341,conditional_correct_delivery
H,249,0.9328000000000001,0.925168033607567,0.9404319663924331,conditional_correct_delivery
H,250,0.9332,0.9256142247500434,0.9407857752499567,conditional_correct_delivery
H,251,0.9336,0.9261395127880497,0.9410604872119502,conditional_correct_delivery
H,252,0.9337,0.9262186636913813,0.9411813363086187,conditional_correct_delivery
H,253,0.9339,0.926465790688292,0.9413342093117079,conditional_correct_delivery
H,254,0.93415,0.9266639939847231,0.941636006015277,conditional_correct_delivery
H,255,0.9345499999999999,0.926998127973264,0.9421018720267358,conditional_correct_delivery
H,256,0.9348,0.9273781572982478,0.9422218427017521,conditional_correct_delivery
H,257,0.9350999999999999,0.9275930827545918,0.942606917245408,conditional_correct_delivery
H,258,0.9352999999999999,0.9277042278856572,0.9428957721143426,conditional_correct_delivery
H,259,0.9356500000000001,0.9281267406767012,0.943173259323299,conditional_correct_delivery
H,260,0.9361,0.9286571999481019,0.9435428000518982,conditional_correct_delivery
H,261,0.93645,0.9288675160731228,0.9440324839268772,conditional_correct_delivery
H,262,0.9367000000000001,0.929110540162743,0.9442894598372572,conditional_correct_delivery
H,263,0.9372,0.9295096461283648,0.9448903538716352,conditional_correct_delivery
H,264,0.9374,0.9298226533918129,0.9449773466081871,conditional_correct_delivery
H,265,0.93775,0.9304257968850813,0.9450742031149186,conditional_correct_delivery
H,266,0.9380000000000001,0.9305997136687878,0.9454002863312123,conditional_correct_delivery
H,267,0.9387000000000001,0.9311337302331234,0.9462662697668768,conditional_correct_delivery
H,268,0.9392,0.9318560563462602,0.9465439436537398,conditional_correct_delivery
H,269,0.9398,0.9320806179976084,0.9475193820023915,conditional_correct_delivery
H,270,0.94035,0.9326691298905799,0.9480308701094201,conditional_correct_delivery
H,271,0.9408500000000001,0.9329375892806724,0.9487624107193278,conditional_correct_delivery
H,272,0.94155,0.9336436487556113,0.9494563512443887,conditional_correct_delivery
H,273,0.9421499999999999,0.933842627065727,0.9504573729342729,conditional_correct_delivery
H,274,0.9424499999999999,0.934236424941792,0.9506635750582078,conditional_correct_delivery
H,275,0.94285,0.9346715102319136,0.9510284897680863,conditional_correct_delivery
H,276,0.9433499999999999,0.935086975791748,0.9516130242082518,conditional_correct_delivery
H,277,0.9440999999999998,0.9355074989120145,0.9526925010879852,conditional_correct_delivery
H,278,0.9447,0.9359984948629441,0.9534015051370559,conditional_correct_delivery
H,279,0.9452499999999999,0.936474112393896,0.9540258876061039,conditional_correct_delivery
H,280,0.9462,0.9372179843759866,0.9551820156240135,conditional_correct_delivery
H,281,0.94655,0.9375485517742672,0.9555514482257328,conditional_correct_delivery
H,282,0.9470000000000001,0.9380108727235471,0.955989127276453,conditional_correct_delivery
H,283,0.9475000000000001,0.9388500543357509,0.9561499456642494,conditional_correct_delivery
H,284,0.9479500000000002,0.9391941596155036,0.9567058403844968,conditional_correct_delivery
H,285,0.9486,0.9398376620276657,0.9573623379723343,conditional_correct_delivery
H,286,0.9490500000000001,0.9402006935829555,0.9578993064170446,conditional_correct_delivery
H,287,0.9495,0.9407399413342029,0.9582600586657971,conditional_correct_delivery
H,288,0.9500500000000001,0.9410423421958029,0.9590576578041973,conditional_correct_delivery
H,289,0.95045,0.9416124357589838,0.9592875642410162,conditional_correct_delivery
H,290,0.95075,0.9420417274133064,0.9594582725866936,conditional_correct_delivery
H,291,0.9511999999999999,0.9425810453906784,0.9598189546093214,conditional_correct_delivery
H,292,0.9519999999999998,0.9432540862932252,0.9607459137067745,conditional_correct_delivery
H,293,0.9522499999999999,0.9437131075989479,0.960786892401052,conditional_correct_delivery
H,294,0.9531,0.9445803180308712,0.9616196819691287,conditional_correct_delivery
H,295,0.9533499999999999,0.9451024573343536,0.9615975426656462,conditional_correct_delivery
H,296,0.9538,0.945475217589041,0.962124782410959,conditional_correct_delivery
H,297,0.95455,0.9457750226376539,0.9633249773623461,conditional_correct_delivery
H,298,0.9551,0.9465915762874829,0.963608423712517,conditional_correct_delivery
H,299,0.9556,0.9471608608244942,0.9640391391755058,conditional_correct_delivery
H,300,0.95605,0.9476062478183984,0.9644937521816015,conditional_correct_delivery
H,301,0.9563,0.9479202269008355,0.9646797730991645,conditional_correct_delivery
H,302,0.95655,0.947972036562242,0.965127963437758,conditional_correct_delivery
H,303,0.95695,0.9483144952789692,0.9655855047210308,conditional_correct_delivery
H,304,0.95705,0.9484590096814483,0.9656409903185517,conditional_correct_delivery
H,305,0.9574499999999999,0.9487573348831109,0.966142665116889,conditional_correct_delivery
H,306,0.9576499999999999,0.9488941596155033,0.9664058403844965,conditional_correct_delivery
H,307,0.95795,0.9492472327359355,0.9666527672640645,conditional_correct_delivery
H,308,0.9582999999999999,0.9497728207842601,0.9668271792157398,conditional_correct_delivery
H,309,0.9588999999999999,0.9504518737051504,0.9673481262948493,conditional_correct_delivery
H,310,0.95915,0.9507803610106308,0.9675196389893691,conditional_correct_delivery
H,311,0.95975,0.9515783498649463,0.9679216501350537,conditional_correct_delivery
H,312,0.96025,0.9519310967157645,0.9685689032842356,conditional_correct_delivery
H,313,0.9607500000000001,0.9523327774725611,0.9691672225274391,conditional_correct_delivery
H,314,0.9611000000000001,0.9524500543357508,0.9697499456642493,conditional_correct_delivery
H,315,0.96135,0.9526831025732097,0.9700168974267904,conditional_correct_delivery
H,316,0.96165,0.9530897476089096,0.9702102523910904,conditional_correct_delivery
H,317,0.96195,0.9534121719721922,0.9704878280278078,conditional_correct_delivery
H,318,0.9622999999999999,0.9539374024957301,0.9706625975042698,conditional_correct_delivery
H,319,0.9628499999999999,0.9543873489845127,0.971312651015487,conditional_correct_delivery
H,320,0.9635999999999999,0.9552617951510082,0.9719382048489916,conditional_correct_delivery
H,321,0.96395,0.955523293007987,0.972376706992013,conditional_correct_delivery
H,322,0.9644499999999999,0.9558860159236314,0.9730139840763684,conditional_correct_delivery
H,323,0.96485,0.9563459193864182,0.9733540806135818,conditional_correct_delivery
H,324,0.9652499999999998,0.9565087682907792,0.9739912317092204,conditional_correct_delivery
H,325,0.9657500000000001,0.9570481506283326,0.9744518493716676,conditional_correct_delivery
H,326,0.9659500000000001,0.9573990839469473,0.9745009160530529,conditional_correct_delivery
H,327,0.9665000000000001,0.9578796553488005,0.9751203446511998,conditional_correct_delivery
H,328,0.9668000000000001,0.958212613358071,0.9753873866419293,conditional_correct_delivery
H,329,0.9670500000000001,0.9585355934851342,0.975564406514866,conditional_correct_delivery
H,330,0.9673,0.9588518737051506,0.9757481262948495,conditional_correct_delivery
H,331,0.9678,0.9593438406945815,0.9762561593054185,conditional_correct_delivery
H,332,0.9682499999999999,0.9596441459634765,0.9768558540365234,conditional_correct_delivery
H,333,0.9686,0.9600107532071464,0.9771892467928537,conditional_correct_delivery
H,334,0.9687,0.960094494038061,0.977305505961939,conditional_correct_delivery
H,335,0.9691500000000001,0.9605860159236316,0.9777139840763686,conditional_correct_delivery
H,336,0.96945,0.9608034024859301,0.97809659751407,conditional_correct_delivery
H,337,0.9698,0.960995828105702,0.9786041718942979,conditional_correct_delivery
H,338,0.9701,0.9612636786323817,0.9789363213676182,conditional_correct_delivery
H,339,0.9705499999999999,0.961918196044521,0.9791818039554788,conditional_correct_delivery
H,340,0.9709999999999999,0.9623090580113846,0.9796909419886152,conditional_correct_delivery
H,341,0.9714999999999999,0.9627764912324821,0.9802235087675177,conditional_correct_delivery
H,342,0.9718499999999999,0.9632293078733521,0.9804706921266476,conditional_correct_delivery
H,343,0.9722999999999998,0.9635344719942324,0.9810655280057673,conditional_correct_delivery
H,344,0.9724999999999999,0.9636672952584894,0.9813327047415105,conditional_correct_delivery
H,345,0.9729000000000001,0.9638953355651257,0.9819046644348745,conditional_correct_delivery
H,346,0.9732500000000002,0.9642140098934034,0.9822859901065969,conditional_correct_delivery
H,347,0.9738,0.9649037676287641,0.9826962323712359,conditional_correct_delivery
H,348,0.9740500000000001,0.9651332521927088,0.9829667478072913,conditional_correct_delivery
H,349,0.9744,0.9655813236940659,0.9832186763059342,conditional_correct_delivery
H,350,0.9750500000000001,0.9662568356653984,0.9838431643346017,conditional_correct_delivery
H,351,0.9755,0.9665487180991872,0.9844512819008129,conditional_correct_delivery
H,352,0.9758,0.9667506493254272,0.9848493506745728,conditional_correct_delivery
H,353,0.9764499999999999,0.9675404216184723,0.9853595783815275,conditional_correct_delivery
H,354,0.97715,0.9681405688166189,0.986159431183381,conditional_correct_delivery
H,355,0.9774999999999999,0.9687035433020189,0.9862964566979809,conditional_correct_delivery
H,356,0.9776999999999999,0.9690629922959089,0.9863370077040909,conditional_correct_delivery
H,357,0.9783000000000002,0.9694636786323819,0.9871363213676184,conditional_correct_delivery
H,358,0.9786000000000001,0.9698962002226952,0.9873037997773051,conditional_correct_delivery
H,359,0.9788000000000001,0.9701311443037315,0.9874688556962687,conditional_correct_delivery
H,360,0.9791000000000001,0.9705205234988904,0.9876794765011098,conditional_correct_delivery
H,361,0.9793499999999999,0.9708524969476128,0.9878475030523871,conditional_correct_delivery
H,362,0.9796,0.9712273791167956,0.9879726208832045,conditional_correct_delivery
H,363,0.9798500000000001,0.9715657359106351,0.9881342640893651,conditional_correct_delivery
H,364,0.9800500000000001,0.9717860091583161,0.988313990841684,conditional_correct_delivery
H,365,0.9806999999999999,0.9725954619716097,0.9888045380283901,conditional_correct_delivery
H,366,0.98125,0.973142136274798,0.989357863725202,conditional_correct_delivery
H,367,0.98175,0.9740162738950022,0.9894837261049978,conditional_correct_delivery
H,368,0.9821500000000001,0.9743832930043601,0.98991670699564,conditional_correct_delivery
H,369,0.98255,0.9749496284886112,0.9901503715113888,conditional_correct_delivery
H,370,0.9828,0.9751910941273373,0.9904089058726627,conditional_correct_delivery
H,371,0.98295,0.9753896709310741,0.9905103290689259,conditional_correct_delivery
H,372,0.9833999999999999,0.975986772324601,0.9908132276753989,conditional_correct_delivery
H,373,0.98385,0.9765127213456243,0.9911872786543757,conditional_correct_delivery
H,374,0.9842,0.9769524032504173,0.9914475967495826,conditional_correct_delivery
H,375,0.9844499999999999,0.9774048538423248,0.9914951461576751,conditional_correct_delivery
H,376,0.9846999999999999,0.9775774718287376,0.9918225281712623,conditional_correct_delivery
H,377,0.98505,0.978157298483134,0.9919427015168659,conditional_correct_delivery
H,378,0.98525,0.9783168564860196,0.9921831435139803,conditional_correct_delivery
H,379,0.9855499999999999,0.9786747035902887,0.9924252964097111,conditional_correct_delivery
H,380,0.98575,0.9790883092682494,0.9924116907317506,conditional_correct_delivery
H,381,0.9859999999999999,0.9792879888190674,0.9927120111809323,conditional_correct_delivery
H,382,0.9863,0.9796219920273745,0.9929780079726254,conditional_correct_delivery
H,383,0.9865999999999999,0.9799381593871398,0.99326184061286,conditional_correct_delivery
H,384,0.9868499999999999,0.9802910213937998,0.9934089786062,conditional_correct_delivery
H,385,0.9870499999999999,0.9807052046870726,0.9933947953129272,conditional_correct_delivery
H,386,0.9872,0.9810571761221587,0.9933428238778412,conditional_correct_delivery
H,387,0.98735,0.981267450185524,0.9934325498144759,conditional_correct_delivery
H,388,0.9874999999999998,0.9814284584423432,0.9935715415576565,conditional_correct_delivery
H,389,0.9876499999999999,0.981677442731355,0.9936225572686448,conditional_correct_delivery
H,390,0.9878499999999999,0.9818734318356529,0.9938265681643469,conditional_correct_delivery
H,391,0.9883,0.9824454654061319,0.994154534593868,conditional_correct_delivery
H,392,0.9884499999999998,0.98269263072117,0.9942073692788297,conditional_correct_delivery
H,393,0.9888000000000001,0.9830744554881649,0.9945255445118354,conditional_correct_delivery
H,394,0.98925,0.9836558838553177,0.9948441161446823,conditional_correct_delivery
H,395,0.9895,0.9839049914952258,0.9950950085047743,conditional_correct_delivery
H,396,0.9901,0.9850197907807093,0.9951802092192906,conditional_correct_delivery
H,397,0.9905999999999999,0.9855759186765852,0.9956240813234146,conditional_correct_delivery
H,398,0.9908,0.9858560527025236,0.9957439472974764,conditional_correct_delivery
H,399,0.9909500000000001,0.9859708353742069,0.9959291646257933,conditional_correct_delivery
H,400,0.9912,0.986217427527173,0.9961825724728269,conditional_correct_delivery
H,401,0.9915,0.9864671818279089,0.9965328181720912,conditional_correct_delivery
H,402,0.99185,0.9868548187196498,0.9968451812803503,conditional_correct_delivery
H,403,0.9922499999999999,0.987283685889062,0.9972163141109377,conditional_correct_delivery
H,404,0.9924499999999998,0.9874500237281155,0.9974499762718841,conditional_correct_delivery
H,405,0.9928499999999998,0.9877613465066725,0.9979386534933271,conditional_correct_delivery
H,406,0.9928499999999998,0.9877613465066725,0.9979386534933271,conditional_correct_delivery
H,407,0.9930499999999998,0.9879066995848972,0.9981933004151023,conditional_correct_delivery
H,408,0.9933499999999998,0.9883997959440352,0.9983002040559645,conditional_correct_delivery
H,409,0.9937499999999999,0.98880625466528,0.9986937453347198,conditional_correct_delivery
H,410,0.9940499999999999,0.989278922178371,0.9988210778216288,conditional_correct_delivery
H,411,0.9942000000000001,0.9893837233480322,0.999016276651968,conditional_correct_delivery
H,412,0.9943500000000001,0.9896192738386914,0.9990807261613087,conditional_correct_delivery
H,413,0.9944500000000001,0.989818241454158,0.9990817585458421,conditional_correct_delivery
H,414,0.99465,0.9900824961618432,0.9992175038381569,conditional_correct_delivery
H,415,0.99475,0.99013898271055,0.99936101728945,conditional_correct_delivery
H,416,0.9950000000000001,0.9904148234592277,0.9995851765407725,conditional_correct_delivery
H,417,0.9950500000000002,0.9904337886595772,0.9996662113404232,conditional_correct_delivery
H,418,0.9950500000000002,0.9904337886595772,0.9996662113404232,conditional_correct_delivery
H,419,0.9951000000000001,0.9904602721829394,0.9997397278170608,conditional_correct_delivery
H,420,0.9951000000000001,0.9904602721829394,0.9997397278170608,conditional_correct_delivery
H,421,0.9951500000000002,0.9904941601035994,0.999805839896401,conditional_correct_delivery
H,422,0.9953000000000001,0.9908572743833417,0.9997427256166584,conditional_correct_delivery
H,423,0.9953000000000001,0.9908572743833417,0.9997427256166584,conditional_correct_delivery
H,424,0.9954000000000001,0.9911889576750972,0.9996110423249029,conditional_correct_delivery
H,425,0.9956500000000001,0.9918732046851274,0.9994267953148729,conditional_correct_delivery
H,426,0.9959499999999999,0.9924727157188111,0.9994272842811887,conditional_correct_delivery
H,427,0.9959499999999999,0.9924727157188111,0.9994272842811887,conditional_correct_delivery
H,428,0.9961,0.9928344694420055,0.9993655305579945,conditional_correct_delivery
H,429,0.9961500000000001,0.9929980474846152,0.999301952515385,conditional_correct_delivery
H,430,0.9962,0.9931612705397602,0.9992387294602397,conditional_correct_delivery
H,431,0.9963,0.9933533544953068,0.9992466455046931,conditional_correct_delivery
H,432,0.9964,0.9936773795177305,0.9991226204822694,conditional_correct_delivery
H,433,0.99655,0.9940543090107138,0.9990456909892863,conditional_correct_delivery
H,434,0.99655,0.9940543090107138,0.9990456909892863,conditional_correct_delivery
H,435,0.99675,0.9946929322194308,0.9988070677805693,conditional_correct_delivery
H,436,0.9967999999999999,0.9948500808896459,0.9987499191103539,conditional_correct_delivery
H,437,0.99685,0.9950058746085925,0.9986941253914076,conditional_correct_delivery
H,438,0.99685,0.9950058746085925,0.9986941253914076,conditional_correct_delivery
H,439,0.9968999999999999,0.9951600662021829,0.9986399337978169,conditional_correct_delivery
H,440,0.99695,0.9951630707594932,0.9987369292405068,conditional_correct_delivery
H,441,0.9969999999999999,0.9953136872709807,0.9986863127290191,conditional_correct_delivery
H,442,0.9970999999999999,0.995503722247743,0.9986962777522568,conditional_correct_delivery
H,443,0.9970999999999999,0.995503722247743,0.9986962777522568,conditional_correct_delivery
H,444,0.9970999999999999,0.995503722247743,0.9986962777522568,conditional_correct_delivery
H,445,0.9971999999999999,0.9957925306060634,0.9986074693939363,conditional_correct_delivery
H,446,0.99725,0.9959311597253686,0.9985688402746313,conditional_correct_delivery
H,447,0.99725,0.9959311597253686,0.9985688402746313,conditional_correct_delivery
H,448,0.99725,0.9959311597253686,0.9985688402746313,conditional_correct_delivery
H,449,0.9972999999999999,0.9960648212743274,0.9985351787256723,conditional_correct_delivery
H,450,0.9974000000000001,0.9961360551720431,0.9986639448279571,conditional_correct_delivery
H,451,0.9974000000000001,0.9961360551720431,0.9986639448279571,conditional_correct_delivery
H,452,0.99745,0.9961617989894492,0.9987382010105507,conditional_correct_delivery
H,453,0.99745,0.9961617989894492,0.9987382010105507,conditional_correct_delivery
H,454,0.99745,0.9961617989894492,0.9987382010105507,conditional_correct_delivery
H,455,0.9975,0.996290965582281,0.9987090344177191,conditional_correct_delivery
H,456,0.9975,0.996290965582281,0.9987090344177191,conditional_correct_delivery
H,457,0.9975,0.996290965582281,0.9987090344177191,conditional_correct_delivery
H,458,0.9975999999999999,0.9964554492789492,0.9987445507210506,conditional_correct_delivery
H,459,0.9975999999999999,0.9964554492789492,0.9987445507210506,conditional_correct_delivery
H,460,0.9975999999999999,0.9964554492789492,0.9987445507210506,conditional_correct_delivery
H,461,0.9977500000000001,0.9966346089715833,0.998865391028417,conditional_correct_delivery
H,462,0.9977500000000001,0.9966346089715833,0.998865391028417,conditional_correct_delivery
H,463,0.9978000000000001,0.9966554492789494,0.9989445507210508,conditional_correct_delivery
H,464,0.9978000000000001,0.9966554492789494,0.9989445507210508,conditional_correct_delivery
H,465,0.9978500000000001,0.9967346089715833,0.998965391028417,conditional_correct_delivery
H,466,0.9979000000000001,0.9968163930379665,0.9989836069620337,conditional_correct_delivery
H,467,0.9980500000000001,0.9969417935296203,0.9991582064703799,conditional_correct_delivery
H,468,0.9980500000000001,0.9969417935296203,0.9991582064703799,conditional_correct_delivery
H,469,0.9981500000000001,0.9971557726106299,0.9991442273893703,conditional_correct_delivery
H,470,0.9981500000000001,0.9971557726106299,0.9991442273893703,conditional_correct_delivery
H,471,0.9982500000000001,0.9973573739201663,0.9991426260798338,conditional_correct_delivery
H,472,0.9982500000000001,0.9973573739201663,0.9991426260798338,conditional_correct_delivery
H,473,0.9982500000000001,0.9973573739201663,0.9991426260798338,conditional_correct_delivery
H,474,0.9983000000000001,0.9973929489474229,0.9992070510525772,conditional_correct_delivery
H,475,0.9983000000000001,0.9973929489474229,0.9992070510525772,conditional_correct_delivery
H,476,0.9983000000000001,0.9973929489474229,0.9992070510525772,conditional_correct_delivery
H,477,0.9983500000000001,0.9974663678632383,0.9992336321367619,conditional_correct_delivery
H,478,0.9983500000000001,0.9974663678632383,0.9992336321367619,conditional_correct_delivery
H,479,0.9984000000000001,0.9975243133360059,0.9992756866639942,conditional_correct_delivery
H,480,0.9984000000000001,0.9975243133360059,0.9992756866639942,conditional_correct_delivery
H,481,0.9985,0.9977056229934049,0.9992943770065952,conditional_correct_delivery
H,482,0.99855,0.9978364026742357,0.9992635973257644,conditional_correct_delivery
H,483,0.9986,0.9978416331032258,0.9993583668967743,conditional_correct_delivery
H,484,0.9987,0.9979684390408723,0.9994315609591278,conditional_correct_delivery
H,485,0.9987,0.9979684390408723,0.9994315609591278,conditional_correct_delivery
H,486,0.9987500000000001,0.9980947570550308,0.9994052429449695,conditional_correct_delivery
H,487,0.9987500000000001,0.9980947570550308,0.9994052429449695,conditional_correct_delivery
H,488,0.9988000000000001,0.9981807960216952,0.9994192039783051,conditional_correct_delivery
H,489,0.9988000000000001,0.9981807960216952,0.9994192039783051,conditional_correct_delivery
H,490,0.9988500000000001,0.9981947570550308,0.9995052429449695,conditional_correct_delivery
H,491,0.9989000000000001,0.99823718174042,0.9995628182595803,conditional_correct_delivery
H,492,0.9989000000000001,0.99823718174042,0.9995628182595803,conditional_correct_delivery
H,493,0.9989000000000001,0.99823718174042,0.9995628182595803,conditional_correct_delivery
H,494,0.9989000000000001,0.99823718174042,0.9995628182595803,conditional_correct_delivery
H,495,0.9989000000000001,0.99823718174042,0.9995628182595803,conditional_correct_delivery
H,496,0.9989000000000001,0.99823718174042,0.9995628182595803,conditional_correct_delivery
H,497,0.9989000000000001,0.99823718174042,0.9995628182595803,conditional_correct_delivery
H,498,0.9989000000000001,0.99823718174042,0.9995628182595803,conditional_correct_delivery
H,499,0.9989500000000001,0.9983324106371638,0.9995675893628364,conditional_correct_delivery
H,500,0.9989500000000001,0.9983324106371638,0.9995675893628364,conditional_correct_delivery
H,501,0.9990000000000001,0.9984071573259404,0.9995928426740598,conditional_correct_delivery
H,502,0.9990000000000001,0.9984071573259404,0.9995928426740598,conditional_correct_delivery
H,503,0.9990000000000001,0.9984071573259404,0.9995928426740598,conditional_correct_delivery
H,504,0.9990500000000001,0.9984865158742577,0.9996134841257425,conditional_correct_delivery
H,505,0.9990500000000001,0.9984865158742577,0.9996134841257425,conditional_correct_delivery
H,506,0.9990500000000001,0.9984865158742577,0.9996134841257425,conditional_correct_delivery
H,507,0.9990500000000001,0.9984865158742577,0.9996134841257425,conditional_correct_delivery
H,508,0.9990500000000001,0.9984865158742577,0.9996134841257425,conditional_correct_delivery
H,509,0.9990500000000001,0.9984865158742577,0.9996134841257425,conditional_correct_delivery
H,510,0.9990500000000001,0.9984865158742577,0.9996134841257425,conditional_correct_delivery
H,511,0.9990500000000001,0.9984865158742577,0.9996134841257425,conditional_correct_delivery
H,512,0.9990500000000001,0.9984865158742577,0.9996134841257425,conditional_correct_delivery
H,513,0.9991000000000001,0.9985418570765627,0.9996581429234375,conditional_correct_delivery
H,514,0.9991000000000001,0.9985418570765627,0.9996581429234375,conditional_correct_delivery
H,515,0.9991000000000001,0.9985418570765627,0.9996581429234375,conditional_correct_delivery
H,516,0.9992000000000001,0.9986347466889759,0.9997652533110243,conditional_correct_delivery
H,517,0.9992500000000001,0.9986454827911406,0.9998545172088595,conditional_correct_delivery
H,518,0.9992500000000001,0.9986454827911406,0.9998545172088595,conditional_correct_delivery
H,519,0.9992500000000001,0.9986454827911406,0.9998545172088595,conditional_correct_delivery
H,520,0.9992500000000001,0.9986454827911406,0.9998545172088595,conditional_correct_delivery
H,521,0.9992500000000001,0.9986454827911406,0.9998545172088595,conditional_correct_delivery
H,522,0.9992500000000001,0.9986454827911406,0.9998545172088595,conditional_correct_delivery
H,523,0.9992500000000001,0.9986454827911406,0.9998545172088595,conditional_correct_delivery
H,524,0.9992500000000001,0.9986454827911406,0.9998545172088595,conditional_correct_delivery
H,525,0.9993000000000001,0.9986872800116628,0.9999127199883373,conditional_correct_delivery
H,526,0.9993500000000001,0.9987324106371639,0.9999675893628363,conditional_correct_delivery
H,527,0.9994000000000001,0.9988944220688173,0.9999055779311828,conditional_correct_delivery
H,528,0.9994000000000001,0.9988944220688173,0.9999055779311828,conditional_correct_delivery
H,529,0.9994000000000001,0.9988944220688173,0.9999055779311828,conditional_correct_delivery
H,530,0.9994500000000001,0.9989156188350987,0.9999843811649014,conditional_correct_delivery
H,531,0.9994500000000001,0.9989156188350987,0.9999843811649014,conditional_correct_delivery
H,532,0.9995,0.9989418570765627,1,conditional_correct_delivery
H,533,0.9995,0.9989418570765627,1,conditional_correct_delivery
H,534,0.9995,0.9989418570765627,1,conditional_correct_delivery
H,535,0.9995,0.9989418570765627,1,conditional_correct_delivery
H,536,0.9995,0.9989418570765627,1,conditional_correct_delivery
H,537,0.9995,0.9989418570765627,1,conditional_correct_delivery
H,538,0.9995,0.9989418570765627,1,conditional_correct_delivery
H,539,0.9995,0.9989418570765627,1,conditional_correct_delivery
H,540,0.9995,0.9989418570765627,1,conditional_correct_delivery
H,541,0.9995,0.9989418570765627,1,conditional_correct_delivery
H,542,0.9995,0.9989418570765627,1,conditional_correct_delivery
H,543,0.99955,0.9989725141341601,1,conditional_correct_delivery
H,544,0.99955,0.9989725141341601,1,conditional_correct_delivery
H,545,0.99955,0.9989725141341601,1,conditional_correct_delivery
H,546,0.9996,0.9990347466889758,1,conditional_correct_delivery
H,547,0.9996,0.9990347466889758,1,conditional_correct_delivery
H,548,0.99965,0.9990725141341601,1,conditional_correct_delivery
H,549,0.99965,0.9990725141341601,1,conditional_correct_delivery
H,550,0.99965,0.9990725141341601,1,conditional_correct_delivery
H,551,0.99965,0.9990725141341601,1,conditional_correct_delivery
H,552,0.99965,0.9990725141341601,1,conditional_correct_delivery
H,553,0.99965,0.9990725141341601,1,conditional_correct_delivery
H,554,0.99965,0.9990725141341601,1,conditional_correct_delivery
H,555,0.99965,0.9990725141341601,1,conditional_correct_delivery
H,556,0.99965,0.9990725141341601,1,conditional_correct_delivery
H,557,0.99965,0.9990725141341601,1,conditional_correct_delivery
H,558,0.99965,0.9990725141341601,1,conditional_correct_delivery
H,559,0.99965,0.9990725141341601,1,conditional_correct_delivery
H,560,0.9997,0.9991139328933086,1,conditional_correct_delivery
H,561,0.99975,0.9992791911552694,1,conditional_correct_delivery
H,562,0.99975,0.9992791911552694,1,conditional_correct_delivery
H,563,0.99975,0.9992791911552694,1,conditional_correct_delivery
H,564,0.9998,0.9994425024164424,1,conditional_correct_delivery
H,565,0.9998,0.9994425024164424,1,conditional_correct_delivery
H,566,0.9998,0.9994425024164424,1,conditional_correct_delivery
H,567,0.9998,0.9994425024164424,1,conditional_correct_delivery
H,568,0.9998,0.9994425024164424,1,conditional_correct_delivery
H,569,0.9998,0.9994425024164424,1,conditional_correct_delivery
H,570,0.9998,0.9994425024164424,1,conditional_correct_delivery
H,571,0.9998,0.9994425024164424,1,conditional_correct_delivery
H,572,0.9998,0.9994425024164424,1,conditional_correct_delivery
H,573,0.9998,0.9994425024164424,1,conditional_correct_delivery
H,574,0.9998,0.9994425024164424,1,conditional_correct_delivery
H,575,0.9998,0.9994425024164424,1,conditional_correct_delivery
H,576,0.9998,0.9994425024164424,1,conditional_correct_delivery
H,577,0.9998,0.9994425024164424,1,conditional_correct_delivery
H,578,0.9998,0.9994425024164424,1,conditional_correct_delivery
H,579,0.9998,0.9994425024164424,1,conditional_correct_delivery
H,580,0.9998,0.9994425024164424,1,conditional_correct_delivery
H,581,0.9998,0.9994425024164424,1,conditional_correct_delivery
H,582,0.99985,0.9996011922118088,1,conditional_correct_delivery
H,583,0.99985,0.9996011922118088,1,conditional_correct_delivery
H,584,0.99985,0.9996011922118088,1,conditional_correct_delivery
H,585,0.99985,0.9996011922118088,1,conditional_correct_delivery
H,586,0.9999,0.9996635375749,1,conditional_correct_delivery
H,587,0.9999,0.9996635375749,1,conditional_correct_delivery
H,588,0.9999,0.9996635375749,1,conditional_correct_delivery
H,589,0.9999,0.9996635375749,1,conditional_correct_delivery
H,590,0.9999,0.9996635375749,1,conditional_correct_delivery
H,591,0.9999,0.9996635375749,1,conditional_correct_delivery
H,592,0.9999,0.9996635375749,1,conditional_correct_delivery
H,593,0.9999,0.9996635375749,1,conditional_correct_delivery
H,594,0.9999,0.9996635375749,1,conditional_correct_delivery
H,595,0.9999,0.9996635375749,1,conditional_correct_delivery
H,596,0.9999,0.9996635375749,1,conditional_correct_delivery
H,597,0.9999,0.9996635375749,1,conditional_correct_delivery
H,598,0.9999,0.9996635375749,1,conditional_correct_delivery
H,599,0.9999,0.9996635375749,1,conditional_correct_delivery
H,600,0.9999,0.9996635375749,1,conditional_correct_delivery
H,601,0.9999,0.9996635375749,1,conditional_correct_delivery
H,602,0.9999,0.9996635375749,1,conditional_correct_delivery
H,603,0.9999,0.9996635375749,1,conditional_correct_delivery
H,604,0.9999,0.9996635375749,1,conditional_correct_delivery
H,605,0.9999,0.9996635375749,1,conditional_correct_delivery
H,606,0.9999,0.9996635375749,1,conditional_correct_delivery
H,607,0.9999,0.9996635375749,1,conditional_correct_delivery
H,608,0.9999,0.9996635375749,1,conditional_correct_delivery
H,609,0.9999,0.9996635375749,1,conditional_correct_delivery
H,610,0.9999,0.9996635375749,1,conditional_correct_delivery
H,611,0.9999,0.9996635375749,1,conditional_correct_delivery
H,612,0.9999,0.9996635375749,1,conditional_correct_delivery
H,613,0.9999,0.9996635375749,1,conditional_correct_delivery
H,614,0.9999,0.9996635375749,1,conditional_correct_delivery
H,615,0.9999,0.9996635375749,1,conditional_correct_delivery
H,616,0.9999,0.9996635375749,1,conditional_correct_delivery
H,617,0.9999,0.9996635375749,1,conditional_correct_delivery
H,618,0.9999,0.9996635375749,1,conditional_correct_delivery
H,619,0.9999,0.9996635375749,1,conditional_correct_delivery
H,620,0.9999,0.9996635375749,1,conditional_correct_delivery
H,621,0.9999,0.9996635375749,1,conditional_correct_delivery
H,622,0.9999,0.9996635375749,1,conditional_correct_delivery
H,623,0.9999,0.9996635375749,1,conditional_correct_delivery
H,624,0.9999,0.9996635375749,1,conditional_correct_delivery
H,625,0.9999,0.9996635375749,1,conditional_correct_delivery
H,626,0.9999,0.9996635375749,1,conditional_correct_delivery
H,627,0.9999,0.9996635375749,1,conditional_correct_delivery
H,628,0.9999,0.9996635375749,1,conditional_correct_delivery
H,629,0.9999,0.9996635375749,1,conditional_correct_delivery
H,630,0.9999,0.9996635375749,1,conditional_correct_delivery
H,631,0.9999,0.9996635375749,1,conditional_correct_delivery
H,632,0.9999,0.9996635375749,1,conditional_correct_delivery
H,633,0.9999,0.9996635375749,1,conditional_correct_delivery
H,634,0.9999,0.9996635375749,1,conditional_correct_delivery
H,635,0.9999,0.9996635375749,1,conditional_correct_delivery
H,636,0.9999,0.9996635375749,1,conditional_correct_delivery
H,637,0.9999,0.9996635375749,1,conditional_correct_delivery
H,638,0.9999,0.9996635375749,1,conditional_correct_delivery
H,639,0.9999,0.9996635375749,1,conditional_correct_delivery
H,640,0.9999,0.9996635375749,1,conditional_correct_delivery
H,641,0.9999,0.9996635375749,1,conditional_correct_delivery
H,642,0.9999,0.9996635375749,1,conditional_correct_delivery
H,643,0.9999,0.9996635375749,1,conditional_correct_delivery
H,644,0.9999,0.9996635375749,1,conditional_correct_delivery
H,645,0.9999,0.9996635375749,1,conditional_correct_delivery
H,646,0.9999,0.9996635375749,1,conditional_correct_delivery
H,647,0.9999,0.9996635375749,1,conditional_correct_delivery
H,648,0.9999,0.9996635375749,1,conditional_correct_delivery
H,649,0.9999,0.9996635375749,1,conditional_correct_delivery
H,650,0.9999,0.9996635375749,1,conditional_correct_delivery
H,651,0.9999,0.9996635375749,1,conditional_correct_delivery
H,652,0.9999,0.9996635375749,1,conditional_correct_delivery
H,653,0.9999,0.9996635375749,1,conditional_correct_delivery
H,654,0.9999,0.9996635375749,1,conditional_correct_delivery
H,655,0.9999,0.9996635375749,1,conditional_correct_delivery
H,656,0.9999,0.9996635375749,1,conditional_correct_delivery
H,657,0.9999,0.9996635375749,1,conditional_correct_delivery
H,658,0.9999,0.9996635375749,1,conditional_correct_delivery
H,659,0.99995,0.9998317687874501,1,conditional_correct_delivery
H,660,0.99995,0.9998317687874501,1,conditional_correct_delivery
H,661,0.99995,0.9998317687874501,1,conditional_correct_delivery
H,662,0.99995,0.9998317687874501,1,conditional_correct_delivery
H,663,0.99995,0.9998317687874501,1,conditional_correct_delivery
H,664,0.99995,0.9998317687874501,1,conditional_correct_delivery
H,665,0.99995,0.9998317687874501,1,conditional_correct_delivery
H,666,0.99995,0.9998317687874501,1,conditional_correct_delivery
H,667,0.99995,0.9998317687874501,1,conditional_correct_delivery
H,668,0.99995,0.9998317687874501,1,conditional_correct_delivery
H,669,0.99995,0.9998317687874501,1,conditional_correct_delivery
H,670,0.99995,0.9998317687874501,1,conditional_correct_delivery
H,671,0.99995,0.9998317687874501,1,conditional_correct_delivery
H,672,0.99995,0.9998317687874501,1,conditional_correct_delivery
H,673,0.99995,0.9998317687874501,1,conditional_correct_delivery
H,674,0.99995,0.9998317687874501,1,conditional_correct_delivery
H,675,0.99995,0.9998317687874501,1,conditional_correct_delivery
H,676,0.99995,0.9998317687874501,1,conditional_correct_delivery
H,677,0.99995,0.9998317687874501,1,conditional_correct_delivery
H,678,0.99995,0.9998317687874501,1,conditional_correct_delivery
H,679,0.99995,0.9998317687874501,1,conditional_correct_delivery
H,680,0.99995,0.9998317687874501,1,conditional_correct_delivery
H,681,0.99995,0.9998317687874501,1,conditional_correct_delivery
H,682,0.99995,0.9998317687874501,1,conditional_correct_delivery
H,683,0.99995,0.9998317687874501,1,conditional_correct_delivery
H,684,0.99995,0.9998317687874501,1,conditional_correct_delivery
H,685,0.99995,0.9998317687874501,1,conditional_correct_delivery
H,686,0.99995,0.9998317687874501,1,conditional_correct_delivery
H,687,0.99995,0.9998317687874501,1,conditional_correct_delivery
H,688,0.99995,0.9998317687874501,1,conditional_correct_delivery
H,689,0.99995,0.9998317687874501,1,conditional_correct_delivery
H,690,0.99995,0.9998317687874501,1,conditional_correct_delivery
H,691,0.99995,0.9998317687874501,1,conditional_correct_delivery
H,692,0.99995,0.9998317687874501,1,conditional_correct_delivery
H,693,0.99995,0.9998317687874501,1,conditional_correct_delivery
H,694,0.99995,0.9998317687874501,1,conditional_correct_delivery
H,695,0.99995,0.9998317687874501,1,conditional_correct_delivery
H,696,0.99995,0.9998317687874501,1,conditional_correct_delivery
H,697,0.99995,0.9998317687874501,1,conditional_correct_delivery
H,698,0.99995,0.9998317687874501,1,conditional_correct_delivery
H,699,1.0,1.0,1,conditional_correct_delivery
H,700,1.0,1.0,1,conditional_correct_delivery
H,701,1.0,1.0,1,conditional_correct_delivery
H,702,1.0,1.0,1,conditional_correct_delivery
H,703,1.0,1.0,1,conditional_correct_delivery
H,704,1.0,1.0,1,conditional_correct_delivery
H,705,1.0,1.0,1,conditional_correct_delivery
H,706,1.0,1.0,1,conditional_correct_delivery
H,707,1.0,1.0,1,conditional_correct_delivery
H,708,1.0,1.0,1,conditional_correct_delivery
H,709,1.0,1.0,1,conditional_correct_delivery
H,710,1.0,1.0,1,conditional_correct_delivery
H,711,1.0,1.0,1,conditional_correct_delivery
H,712,1.0,1.0,1,conditional_correct_delivery
H,713,1.0,1.0,1,conditional_correct_delivery
H,714,1.0,1.0,1,conditional_correct_delivery
H,715,1.0,1.0,1,conditional_correct_delivery
H,716,1.0,1.0,1,conditional_correct_delivery
H,717,1.0,1.0,1,conditional_correct_delivery
H,718,1.0,1.0,1,conditional_correct_delivery
H,719,1.0,1.0,1,conditional_correct_delivery
H,720,1.0,1.0,1,conditional_correct_delivery
H,721,1.0,1.0,1,conditional_correct_delivery
H,722,1.0,1.0,1,conditional_correct_delivery
H,723,1.0,1.0,1,conditional_correct_delivery
H,724,1.0,1.0,1,conditional_correct_delivery
H,725,1.0,1.0,1,conditional_correct_delivery
H,726,1.0,1.0,1,conditional_correct_delivery
H,727,1.0,1.0,1,conditional_correct_delivery
H,728,1.0,1.0,1,conditional_correct_delivery
H,729,1.0,1.0,1,conditional_correct_delivery
H,730,1.0,1.0,1,conditional_correct_delivery
H,731,1.0,1.0,1,conditional_correct_delivery
H,732,1.0,1.0,1,conditional_correct_delivery
H,733,1.0,1.0,1,conditional_correct_delivery
H,734,1.0,1.0,1,conditional_correct_delivery
H,735,1.0,1.0,1,conditional_correct_delivery
H,736,1.0,1.0,1,conditional_correct_delivery
H,737,1.0,1.0,1,conditional_correct_delivery
H,738,1.0,1.0,1,conditional_correct_delivery
H,739,1.0,1.0,1,conditional_correct_delivery
H,740,1.0,1.0,1,conditional_correct_delivery
H,741,1.0,1.0,1,conditional_correct_delivery
H,742,1.0,1.0,1,conditional_correct_delivery
H,743,1.0,1.0,1,conditional_correct_delivery
H,744,1.0,1.0,1,conditional_correct_delivery
H,745,1.0,1.0,1,conditional_correct_delivery
H,746,1.0,1.0,1,conditional_correct_delivery
H,747,1.0,1.0,1,conditional_correct_delivery
H,748,1.0,1.0,1,conditional_correct_delivery
H,749,1.0,1.0,1,conditional_correct_delivery
H,750,1.0,1.0,1,conditional_correct_delivery
H,751,1.0,1.0,1,conditional_correct_delivery
H,752,1.0,1.0,1,conditional_correct_delivery
H,753,1.0,1.0,1,conditional_correct_delivery
H,754,1.0,1.0,1,conditional_correct_delivery
H,755,1.0,1.0,1,conditional_correct_delivery
H,756,1.0,1.0,1,conditional_correct_delivery
H,757,1.0,1.0,1,conditional_correct_delivery
H,758,1.0,1.0,1,conditional_correct_delivery
H,759,1.0,1.0,1,conditional_correct_delivery
H,760,1.0,1.0,1,conditional_correct_delivery
H,761,1.0,1.0,1,conditional_correct_delivery
H,762,1.0,1.0,1,conditional_correct_delivery
H,763,1.0,1.0,1,conditional_correct_delivery
H,764,1.0,1.0,1,conditional_correct_delivery
H,765,1.0,1.0,1,conditional_correct_delivery
H,766,1.0,1.0,1,conditional_correct_delivery
H,767,1.0,1.0,1,conditional_correct_delivery
H,768,1.0,1.0,1,conditional_correct_delivery
H,769,1.0,1.0,1,conditional_correct_delivery
H,770,1.0,1.0,1,conditional_correct_delivery
H,771,1.0,1.0,1,conditional_correct_delivery
H,772,1.0,1.0,1,conditional_correct_delivery
H,773,1.0,1.0,1,conditional_correct_delivery
H,774,1.0,1.0,1,conditional_correct_delivery
H,775,1.0,1.0,1,conditional_correct_delivery
H,776,1.0,1.0,1,conditional_correct_delivery
H,777,1.0,1.0,1,conditional_correct_delivery
H,778,1.0,1.0,1,conditional_correct_delivery
H,779,1.0,1.0,1,conditional_correct_delivery
H,780,1.0,1.0,1,conditional_correct_delivery
H,781,1.0,1.0,1,conditional_correct_delivery
H,782,1.0,1.0,1,conditional_correct_delivery
H,783,1.0,1.0,1,conditional_correct_delivery
H,784,1.0,1.0,1,conditional_correct_delivery
H,785,1.0,1.0,1,conditional_correct_delivery
H,786,1.0,1.0,1,conditional_correct_delivery
H,787,1.0,1.0,1,conditional_correct_delivery
H,788,1.0,1.0,1,conditional_correct_delivery
H,789,1.0,1.0,1,conditional_correct_delivery
H,790,1.0,1.0,1,conditional_correct_delivery
H,791,1.0,1.0,1,conditional_correct_delivery
H,792,1.0,1.0,1,conditional_correct_delivery
H,793,1.0,1.0,1,conditional_correct_delivery
H,794,1.0,1.0,1,conditional_correct_delivery
H,795,1.0,1.0,1,conditional_correct_delivery
H,796,1.0,1.0,1,conditional_correct_delivery
H,797,1.0,1.0,1,conditional_correct_delivery
H,798,1.0,1.0,1,conditional_correct_delivery
H,799,1.0,1.0,1,conditional_correct_delivery
H,800,1.0,1.0,1,conditional_correct_delivery
H,801,1.0,1.0,1,conditional_correct_delivery
H,802,1.0,1.0,1,conditional_correct_delivery
H,803,1.0,1.0,1,conditional_correct_delivery
H,804,1.0,1.0,1,conditional_correct_delivery
H,805,1.0,1.0,1,conditional_correct_delivery
H,806,1.0,1.0,1,conditional_correct_delivery
H,807,1.0,1.0,1,conditional_correct_delivery
H,808,1.0,1.0,1,conditional_correct_delivery
H,809,1.0,1.0,1,conditional_correct_delivery
H,810,1.0,1.0,1,conditional_correct_delivery
H,811,1.0,1.0,1,conditional_correct_delivery
H,812,1.0,1.0,1,conditional_correct_delivery
H,813,1.0,1.0,1,conditional_correct_delivery
H,814,1.0,1.0,1,conditional_correct_delivery
H,815,1.0,1.0,1,conditional_correct_delivery
H,816,1.0,1.0,1,conditional_correct_delivery
H,817,1.0,1.0,1,conditional_correct_delivery
H,818,1.0,1.0,1,conditional_correct_delivery
H,819,1.0,1.0,1,conditional_correct_delivery
H,820,1.0,1.0,1,conditional_correct_delivery
H,821,1.0,1.0,1,conditional_correct_delivery
H,822,1.0,1.0,1,conditional_correct_delivery
H,823,1.0,1.0,1,conditional_correct_delivery
H,824,1.0,1.0,1,conditional_correct_delivery
H,825,1.0,1.0,1,conditional_correct_delivery
H,826,1.0,1.0,1,conditional_correct_delivery
H,827,1.0,1.0,1,conditional_correct_delivery
H,828,1.0,1.0,1,conditional_correct_delivery
H,829,1.0,1.0,1,conditional_correct_delivery
H,830,1.0,1.0,1,conditional_correct_delivery
H,831,1.0,1.0,1,conditional_correct_delivery
H,832,1.0,1.0,1,conditional_correct_delivery
H,833,1.0,1.0,1,conditional_correct_delivery
H,834,1.0,1.0,1,conditional_correct_delivery
H,835,1.0,1.0,1,conditional_correct_delivery
H,836,1.0,1.0,1,conditional_correct_delivery
H,837,1.0,1.0,1,conditional_correct_delivery
H,838,1.0,1.0,1,conditional_correct_delivery
H,839,1.0,1.0,1,conditional_correct_delivery
H,840,1.0,1.0,1,conditional_correct_delivery
H,841,1.0,1.0,1,conditional_correct_delivery
H,842,1.0,1.0,1,conditional_correct_delivery
H,843,1.0,1.0,1,conditional_correct_delivery
H,844,1.0,1.0,1,conditional_correct_delivery
H,845,1.0,1.0,1,conditional_correct_delivery
H,846,1.0,1.0,1,conditional_correct_delivery
H,847,1.0,1.0,1,conditional_correct_delivery
H,848,1.0,1.0,1,conditional_correct_delivery
H,849,1.0,1.0,1,conditional_correct_delivery
H,850,1.0,1.0,1,conditional_correct_delivery
H,851,1.0,1.0,1,conditional_correct_delivery
H,852,1.0,1.0,1,conditional_correct_delivery
H,853,1.0,1.0,1,conditional_correct_delivery
H,854,1.0,1.0,1,conditional_correct_delivery
H,855,1.0,1.0,1,conditional_correct_delivery
H,856,1.0,1.0,1,conditional_correct_delivery
H,857,1.0,1.0,1,conditional_correct_delivery
H,858,1.0,1.0,1,conditional_correct_delivery
H,859,1.0,1.0,1,conditional_correct_delivery
H,860,1.0,1.0,1,conditional_correct_delivery
H,861,1.0,1.0,1,conditional_correct_delivery
H,862,1.0,1.0,1,conditional_correct_delivery
H,863,1.0,1.0,1,conditional_correct_delivery
H,864,1.0,1.0,1,conditional_correct_delivery
H,865,1.0,1.0,1,conditional_correct_delivery
H,866,1.0,1.0,1,conditional_correct_delivery
H,867,1.0,1.0,1,conditional_correct_delivery
H,868,1.0,1.0,1,conditional_correct_delivery
H,869,1.0,1.0,1,conditional_correct_delivery
H,870,1.0,1.0,1,conditional_correct_delivery
H,871,1.0,1.0,1,conditional_correct_delivery
H,872,1.0,1.0,1,conditional_correct_delivery
H,873,1.0,1.0,1,conditional_correct_delivery
H,874,1.0,1.0,1,conditional_correct_delivery
H,875,1.0,1.0,1,conditional_correct_delivery
H,876,1.0,1.0,1,conditional_correct_delivery
H,877,1.0,1.0,1,conditional_correct_delivery
H,878,1.0,1.0,1,conditional_correct_delivery
H,879,1.0,1.0,1,conditional_correct_delivery
H,880,1.0,1.0,1,conditional_correct_delivery
H,881,1.0,1.0,1,conditional_correct_delivery
H,882,1.0,1.0,1,conditional_correct_delivery
H,883,1.0,1.0,1,conditional_correct_delivery
H,884,1.0,1.0,1,conditional_correct_delivery
H,885,1.0,1.0,1,conditional_correct_delivery
H,886,1.0,1.0,1,conditional_correct_delivery
H,887,1.0,1.0,1,conditional_correct_delivery
H,888,1.0,1.0,1,conditional_correct_delivery
H,889,1.0,1.0,1,conditional_correct_delivery
H,890,1.0,1.0,1,conditional_correct_delivery
H,891,1.0,1.0,1,conditional_correct_delivery
H,892,1.0,1.0,1,conditional_correct_delivery
H,893,1.0,1.0,1,conditional_correct_delivery
H,894,1.0,1.0,1,conditional_correct_delivery
H,895,1.0,1.0,1,conditional_correct_delivery
H,896,1.0,1.0,1,conditional_correct_delivery
H,897,1.0,1.0,1,conditional_correct_delivery
H,898,1.0,1.0,1,conditional_correct_delivery
H,899,1.0,1.0,1,conditional_correct_delivery
H,900,1.0,1.0,1,conditional_correct_delivery
H,901,1.0,1.0,1,conditional_correct_delivery
H,902,1.0,1.0,1,conditional_correct_delivery
H,903,1.0,1.0,1,conditional_correct_delivery
H,904,1.0,1.0,1,conditional_correct_delivery
H,905,1.0,1.0,1,conditional_correct_delivery
H,906,1.0,1.0,1,conditional_correct_delivery
H,907,1.0,1.0,1,conditional_correct_delivery
H,908,1.0,1.0,1,conditional_correct_delivery
H,909,1.0,1.0,1,conditional_correct_delivery
H,910,1.0,1.0,1,conditional_correct_delivery
H,911,1.0,1.0,1,conditional_correct_delivery
H,912,1.0,1.0,1,conditional_correct_delivery
H,913,1.0,1.0,1,conditional_correct_delivery
H,914,1.0,1.0,1,conditional_correct_delivery
H,915,1.0,1.0,1,conditional_correct_delivery
H,916,1.0,1.0,1,conditional_correct_delivery
H,917,1.0,1.0,1,conditional_correct_delivery
H,918,1.0,1.0,1,conditional_correct_delivery
H,919,1.0,1.0,1,conditional_correct_delivery
H,920,1.0,1.0,1,conditional_correct_delivery
H,921,1.0,1.0,1,conditional_correct_delivery
H,922,1.0,1.0,1,conditional_correct_delivery
H,923,1.0,1.0,1,conditional_correct_delivery
H,924,1.0,1.0,1,conditional_correct_delivery
H,925,1.0,1.0,1,conditional_correct_delivery
H,926,1.0,1.0,1,conditional_correct_delivery
H,927,1.0,1.0,1,conditional_correct_delivery
H,928,1.0,1.0,1,conditional_correct_delivery
H,929,1.0,1.0,1,conditional_correct_delivery
H,930,1.0,1.0,1,conditional_correct_delivery
H,931,1.0,1.0,1,conditional_correct_delivery
H,932,1.0,1.0,1,conditional_correct_delivery
H,933,1.0,1.0,1,conditional_correct_delivery
H,934,1.0,1.0,1,conditional_correct_delivery
H,935,1.0,1.0,1,conditional_correct_delivery
H,936,1.0,1.0,1,conditional_correct_delivery
H,937,1.0,1.0,1,conditional_correct_delivery
H,938,1.0,1.0,1,conditional_correct_delivery
H,939,1.0,1.0,1,conditional_correct_delivery
F,0,0.0,0,0.0,conditional_correct_delivery
F,1,0.14840728291316527,0.14259041800603434,0.1542241478202962,conditional_correct_delivery
F,2,0.14855730292116845,0.14283171457290716,0.15428289126942973,conditional_correct_delivery
F,3,0.45452192877150865,0.44329175018058675,0.46575210736243056,conditional_correct_delivery
F,4,0.45512194877951184,0.4438523427417551,0.46639155481726857,conditional_correct_delivery
F,5,0.455471968787515,0.44431172628341575,0.46663221129161425,conditional_correct_delivery
F,6,0.45572196878751503,0.4444981526497812,0.46694578492524885,conditional_correct_delivery
F,7,0.45597198879551826,0.4446604999092188,0.4672834776818177,conditional_correct_delivery
F,8,0.45612198879551824,0.4447877171210523,0.4674562604699842,conditional_correct_delivery
F,9,0.45662200880352144,0.44527629275275915,0.46796772485428373,conditional_correct_delivery
F,10,0.4568220088035214,0.44544707080875473,0.4681969467982881,conditional_correct_delivery
F,11,0.4570720088035214,0.4455510150932878,0.46859300251375496,conditional_correct_delivery
F,12,0.4571220288115246,0.4456591698754824,0.4685848877475668,conditional_correct_delivery
F,13,0.45737202881152456,0.4458481328773618,0.4688959247456873,conditional_correct_delivery
F,14,0.45757204881952773,0.44618944605306016,0.4689546515859953,conditional_correct_delivery
F,15,0.4576220488195277,0.4462191030217862,0.46902499461726926,conditional_correct_delivery
F,16,0.45792208883553415,0.44678812951072316,0.46905604816034513,conditional_correct_delivery
F,17,0.45817208883553423,0.4469553431124962,0.4693888345585723,conditional_correct_delivery
F,18,0.4583220888355342,0.44712437764723817,0.46951980002383026,conditional_correct_delivery
F,19,0.4585721088435375,0.44749295941666134,0.46965125827041365,conditional_correct_delivery
F,20,0.4586721088435375,0.4477017995854473,0.46964241810162766,conditional_correct_delivery
F,21,0.45882210884353747,0.4478461264880966,0.46979809119897836,conditional_correct_delivery
F,22,0.4589721088435375,0.44789359703137965,0.47005062065569536,conditional_correct_delivery
F,23,0.45942210884353746,0.44830104501055107,0.47054317267652385,conditional_correct_delivery
F,24,0.45957210884353744,0.4484592768644915,0.4706849408225834,conditional_correct_delivery
F,25,0.4597221088435374,0.4485074643296156,0.47093675335745927,conditional_correct_delivery
F,26,0.45992210884353746,0.44866228541125536,0.47118193227581956,conditional_correct_delivery
F,27,0.46007212885154064,0.4489107095060089,0.47123354819707236,conditional_correct_delivery
F,28,0.4602721288515406,0.44898223121230324,0.471562026490778,conditional_correct_delivery
F,29,0.4604221288515406,0.44928194868570026,0.47156230901738094,conditional_correct_delivery
F,30,0.46062212885154064,0.44958021475882587,0.4716640429442554,conditional_correct_delivery
F,31,0.4608721288515406,0.4496591367457453,0.4720851209573359,conditional_correct_delivery
F,32,0.46112218887555023,0.4501172702985745,0.47212710745252595,conditional_correct_delivery
F,33,0.4614222088835534,0.45057175292898666,0.47227266483812014,conditional_correct_delivery
F,34,0.4615222088835534,0.45060769064455597,0.4724367271225508,conditional_correct_delivery
F,35,0.4616222288915566,0.4507317915206968,0.47251266626241634,conditional_correct_delivery
F,36,0.46182222889155666,0.4507979816266322,0.4728464761564811,conditional_correct_delivery
F,37,0.46202222889155664,0.450880105302126,0.47316435248098726,conditional_correct_delivery
F,38,0.4624722488995598,0.45128524541487114,0.47365925238424844,conditional_correct_delivery
F,39,0.4626722488995598,0.451400912223728,0.4739435855753916,conditional_correct_delivery
F,40,0.46297224889955985,0.45158434693588767,0.474360150863232,conditional_correct_delivery
F,41,0.4631722488995599,0.4516597848477335,0.47468471295138626,conditional_correct_delivery
F,42,0.463372268907563,0.45188243999236344,0.47486209782276256,conditional_correct_delivery
F,43,0.4636222889155662,0.4523440660617008,0.47490051176943165,conditional_correct_delivery
F,44,0.4636722889155662,0.452359582073062,0.47498499575807046,conditional_correct_delivery
F,45,0.46372228891556627,0.4523866478427547,0.47505792998837787,conditional_correct_delivery
F,46,0.46382228891556626,0.4525047882711357,0.4751397895599968,conditional_correct_delivery
F,47,0.46387228891556626,0.4525323920205369,0.4752121858105956,conditional_correct_delivery
F,48,0.46407228891556623,0.45286520591766716,0.4752793719134653,conditional_correct_delivery
F,49,0.4643222889155662,0.45305544643050955,0.47558913140062287,conditional_correct_delivery
F,50,0.4644222889155662,0.4531495797865364,0.475694998044596,conditional_correct_delivery
F,51,0.46462228891556634,0.4532820727000706,0.4759625051310621,conditional_correct_delivery
F,52,0.46472228891556633,0.4533151591486929,0.47612941868243974,conditional_correct_delivery
F,53,0.46507234893957583,0.45383584174134733,0.4763088561378043,conditional_correct_delivery
F,54,0.46527236894757906,0.45400646192748956,0.47653827596766857,conditional_correct_delivery
F,55,0.46537236894757905,0.4542113349756236,0.4765334029195345,conditional_correct_delivery
F,56,0.4655223889555823,0.45446334175503533,0.47658143615612925,conditional_correct_delivery
F,57,0.4658724489795919,0.454949906189996,0.4767949917691878,conditional_correct_delivery
F,58,0.46622248899559826,0.455458274984837,0.47698670300635954,conditional_correct_delivery
F,59,0.4665224889955983,0.45567045669339545,0.4773745212978011,conditional_correct_delivery
F,60,0.4669725490196079,0.4561973646568929,0.47774773338232285,conditional_correct_delivery
F,61,0.4677725690276111,0.4566766727823526,0.47886846527286964,conditional_correct_delivery
F,62,0.4681725690276111,0.457122048391951,0.47922308966327126,conditional_correct_delivery
F,63,0.46857258903561433,0.4577765725079817,0.47936860556324695,conditional_correct_delivery
F,64,0.4688725890356143,0.45830666985434104,0.47943850821688755,conditional_correct_delivery
F,65,0.46922258903561426,0.4587003550841963,0.4797448229870322,conditional_correct_delivery
F,66,0.4698225890356142,0.45940668163573867,0.4802384964354897,conditional_correct_delivery
F,67,0.4701726090436174,0.4595727766822244,0.4807724414050104,conditional_correct_delivery
F,68,0.4704726090436175,0.45996791177706486,0.4809773063101701,conditional_correct_delivery
F,69,0.47082266906762704,0.46059151988265506,0.481053818252599,conditional_correct_delivery
F,70,0.47137268907563024,0.4611014110859426,0.48164396706531787,conditional_correct_delivery
F,71,0.47167268907563026,0.46146200061252834,0.48188337753873217,conditional_correct_delivery
F,72,0.4720226890756302,0.46168269929034367,0.48236267886091677,conditional_correct_delivery
F,73,0.4723726890756302,0.4618488676894309,0.48289651046182946,conditional_correct_delivery
F,74,0.47292270908363343,0.4622121206130883,0.48363329755417855,conditional_correct_delivery
F,75,0.4736727290916366,0.46293641067611513,0.4844090475071581,conditional_correct_delivery
F,76,0.47397274909963977,0.4631577147899871,0.48478778340929246,conditional_correct_delivery
F,77,0.4745727891156462,0.4635722049272374,0.48557337330405503,conditional_correct_delivery
F,78,0.4751727891156463,0.46398526790295674,0.4863603103283359,conditional_correct_delivery
F,79,0.4759727891156463,0.46467430936488197,0.4872712688664106,conditional_correct_delivery
F,80,0.4769227891156463,0.46542357150520564,0.48842200672608693,conditional_correct_delivery
F,81,0.47767282913165265,0.4660098673488788,0.4893357909144265,conditional_correct_delivery
F,82,0.4782728291316527,0.46654727913940874,0.48999837912389665,conditional_correct_delivery
F,83,0.47927284913965584,0.46734361932695995,0.49120207895235174,conditional_correct_delivery
F,84,0.4802728491396559,0.4680651595447392,0.4924805387345726,conditional_correct_delivery
F,85,0.48107286914765907,0.4687940402505225,0.4933516980447956,conditional_correct_delivery
F,86,0.4820228891556622,0.46960767321093727,0.49443810510038716,conditional_correct_delivery
F,87,0.4829729091636654,0.4703379484781834,0.49560786984914745,conditional_correct_delivery
F,88,0.4840729091636655,0.4711946942642216,0.49695112406310943,conditional_correct_delivery
F,89,0.4854229291716686,0.4723606386204614,0.49848521972287585,conditional_correct_delivery
F,90,0.4863229891956783,0.47329251869140443,0.49935345969995215,conditional_correct_delivery
F,91,0.48727298919567835,0.47406401293159817,0.5004819654597585,conditional_correct_delivery
F,92,0.48807298919567826,0.47487480509070273,0.5012711733006537,conditional_correct_delivery
F,93,0.48877300920368144,0.4753211033324085,0.5022249150749544,conditional_correct_delivery
F,94,0.48997300920368153,0.47616870180362814,0.5037773166037349,conditional_correct_delivery
F,95,0.49127312925170075,0.4774999958569527,0.5050462626464488,conditional_correct_delivery
F,96,0.49237316926770713,0.47835675371431047,0.5063895848211037,conditional_correct_delivery
F,97,0.4930731892757103,0.4788260186530914,0.5073203598983292,conditional_correct_delivery
F,98,0.4939232693077231,0.47993801444450873,0.5079085241709376,conditional_correct_delivery
F,99,0.4950733493397359,0.48140747876685075,0.508739219912621,conditional_correct_delivery
F,100,0.49617340936374554,0.4825602075298989,0.5097866111975922,conditional_correct_delivery
F,101,0.49712348939575834,0.4837931568176848,0.5104538219738318,conditional_correct_delivery
F,102,0.49807354941976795,0.4847397420320825,0.5114073568074534,conditional_correct_delivery
F,103,0.4990735894357743,0.48563332243472207,0.5125138564368265,conditional_correct_delivery
F,104,0.49987362945178065,0.4864572212068578,0.5132900376967036,conditional_correct_delivery
F,105,0.5006236694677871,0.4872824089447212,0.5139649299908531,conditional_correct_delivery
F,106,0.5017236694677871,0.48811394839475103,0.5153333905408233,conditional_correct_delivery
F,107,0.5029237094837935,0.4890691350047285,0.5167782839628585,conditional_correct_delivery
F,108,0.5037237294917967,0.4897881031286196,0.5176593558549737,conditional_correct_delivery
F,109,0.5045737494997999,0.4905802089945223,0.5185672900050776,conditional_correct_delivery
F,110,0.5057737895158063,0.4917728702412732,0.5197747087903395,conditional_correct_delivery
F,111,0.5068238295318127,0.492684722721949,0.5209629363416763,conditional_correct_delivery
F,112,0.5075238695478191,0.49330161171647086,0.5217461273791675,conditional_correct_delivery
F,113,0.5082739295718287,0.4940745652051186,0.5224732939385388,conditional_correct_delivery
F,114,0.509323949579832,0.49496904457948704,0.5236788545801769,conditional_correct_delivery
F,115,0.5110240096038414,0.4962203221601584,0.5258276970475244,conditional_correct_delivery
F,116,0.5122740896358543,0.49720701723622196,0.5273411620354866,conditional_correct_delivery
F,117,0.5131741096438576,0.4979321838674626,0.5284160354202526,conditional_correct_delivery
F,118,0.5138241096438576,0.49829170626562164,0.5293565130220935,conditional_correct_delivery
F,119,0.5147741496598639,0.499240519199465,0.5303077801202628,conditional_correct_delivery
F,120,0.51572424969988,0.500495537521571,0.5309529618781889,conditional_correct_delivery
F,121,0.5166242897158864,0.5013243389204822,0.5319242405112905,conditional_correct_delivery
F,122,0.5178243097238896,0.5022737288762952,0.533374890571484,conditional_correct_delivery
F,123,0.5185743297318928,0.5029637861923061,0.5341848732714795,conditional_correct_delivery
F,124,0.5193743897559024,0.5040547497529578,0.5346940297588471,conditional_correct_delivery
F,125,0.520474449779912,0.5051845302111925,0.5357643693486315,conditional_correct_delivery
F,126,0.5214245098039215,0.506052503704519,0.536796515903324,conditional_correct_delivery
F,127,0.5223245498199279,0.5069602728276965,0.5376888268121593,conditional_correct_delivery
F,128,0.5235745698279312,0.507818493524889,0.5393306461309734,conditional_correct_delivery
F,129,0.5245246298519408,0.5087305528502297,0.5403187068536519,conditional_correct_delivery
F,130,0.5255746698679471,0.5094866425785887,0.5416626971573055,conditional_correct_delivery
F,131,0.5262747098839535,0.510356831732984,0.5421925880349231,conditional_correct_delivery
F,132,0.5271247098839535,0.5110056100525318,0.5432438097153753,conditional_correct_delivery
F,133,0.5278247098839537,0.5114456749932307,0.5442037447746767,conditional_correct_delivery
F,134,0.5287747699079632,0.5123853543548029,0.5451641854611236,conditional_correct_delivery
F,135,0.5301747899159664,0.5132348918148621,0.5471146880170707,conditional_correct_delivery
F,136,0.5309248099239696,0.513716058914765,0.5481335609331742,conditional_correct_delivery
F,137,0.5319248899559824,0.5147629838385703,0.5490867960733945,conditional_correct_delivery
F,138,0.5327249299719888,0.5154194029576946,0.5500304569862831,conditional_correct_delivery
F,139,0.533374949979992,0.5161407988986877,0.5506091010612963,conditional_correct_delivery
F,140,0.5343249699879952,0.5169605237142005,0.5516894162617898,conditional_correct_delivery
F,141,0.5349750100040016,0.5176840396628742,0.552265980345129,conditional_correct_delivery
F,142,0.5359250300120049,0.5184858602112754,0.5533641998127343,conditional_correct_delivery
F,143,0.5368750900360144,0.5192982327322392,0.5544519473397896,conditional_correct_delivery
F,144,0.5373751100440176,0.5197018654211781,0.5550483546668571,conditional_correct_delivery
F,145,0.537975150060024,0.5203891875181367,0.5555611126019114,conditional_correct_delivery
F,146,0.5386751700680272,0.5209660134883837,0.5563843266476708,conditional_correct_delivery
F,147,0.5395252100840336,0.5218560811444207,0.5571943390236466,conditional_correct_delivery
F,148,0.5401752300920368,0.5225279618760353,0.5578224983080383,conditional_correct_delivery
F,149,0.5408752300920369,0.5229935891835298,0.5587568710005439,conditional_correct_delivery
F,150,0.54177525010004,0.523587264514708,0.559963235685372,conditional_correct_delivery
F,151,0.5427252901160464,0.5243402588911965,0.5611103213408963,conditional_correct_delivery
F,152,0.5438752901160464,0.5250135383164268,0.562737041915666,conditional_correct_delivery
F,153,0.5455253901560624,0.5263986442680667,0.5646521360440581,conditional_correct_delivery
F,154,0.5464254701880752,0.5272112313610801,0.5656397090150703,conditional_correct_delivery
F,155,0.5475755102040816,0.5281488336414588,0.5670021867667043,conditional_correct_delivery
F,156,0.5484255702280912,0.5291782560729863,0.5676728843831962,conditional_correct_delivery
F,157,0.5493756702681073,0.5304151043511913,0.5683362361850233,conditional_correct_delivery
F,158,0.5502257102841137,0.5312180811060603,0.5692333394621671,conditional_correct_delivery
F,159,0.5512257302921169,0.5322827667871357,0.570168693797098,conditional_correct_delivery
F,160,0.5523257703081232,0.533254805212823,0.5713967354034235,conditional_correct_delivery
F,161,0.5531758303321328,0.5341585288618461,0.5721931318024195,conditional_correct_delivery
F,162,0.554275850340136,0.5351483517333311,0.573403348946941,conditional_correct_delivery
F,163,0.5549758703481392,0.535837037345167,0.5741147033511115,conditional_correct_delivery
F,164,0.5561259703881553,0.5373046879631006,0.5749472528132099,conditional_correct_delivery
F,165,0.5571759903961585,0.5386396814415523,0.5757122993507647,conditional_correct_delivery
F,166,0.5578760304121648,0.5395158979440676,0.576236162880262,conditional_correct_delivery
F,167,0.5585760704281713,0.540112635448694,0.5770395054076485,conditional_correct_delivery
F,168,0.5595761104441777,0.541248008746849,0.5779042121415063,conditional_correct_delivery
F,169,0.5606261304521809,0.5418530728890069,0.579399188015355,conditional_correct_delivery
F,170,0.5614261504601841,0.5426688946904283,0.5801834062299398,conditional_correct_delivery
F,171,0.5625262104841937,0.5440031302594895,0.5810492907088979,conditional_correct_delivery
F,172,0.5638762505002002,0.5453744086981281,0.5823780923022722,conditional_correct_delivery
F,173,0.5651762905162064,0.5466427308865465,0.5837098501458664,conditional_correct_delivery
F,174,0.5662263905562225,0.5478802950701708,0.5845724860422742,conditional_correct_delivery
F,175,0.5671264305722289,0.5489539725733703,0.5852988885710875,conditional_correct_delivery
F,176,0.5681265106042417,0.5500584024527676,0.5861946187557158,conditional_correct_delivery
F,177,0.5686765306122449,0.5504132312257434,0.5869398299987464,conditional_correct_delivery
F,178,0.5698765706282514,0.5514353484980423,0.5883177927584604,conditional_correct_delivery
F,179,0.5712265906362545,0.5526062557469837,0.5898469255255252,conditional_correct_delivery
F,180,0.5721265906362545,0.5532535387242435,0.5909996425482654,conditional_correct_delivery
F,181,0.5733766706682674,0.5543724536890697,0.592380887647465,conditional_correct_delivery
F,182,0.5749267106842737,0.5553170219506879,0.5945363994178595,conditional_correct_delivery
F,183,0.5760767707082833,0.5563099636522136,0.595843577764353,conditional_correct_delivery
F,184,0.5770767907162866,0.5571926130296132,0.59696096840296,conditional_correct_delivery
F,185,0.5780768107242897,0.5582952110325874,0.5978584104159921,conditional_correct_delivery
F,186,0.5792768507402961,0.5590311744127155,0.5995225270678767,conditional_correct_delivery
F,187,0.5806268707482993,0.5596958399598112,0.6015579015367875,conditional_correct_delivery
F,188,0.5819269107643058,0.5606379314603438,0.6032158900682678,conditional_correct_delivery
F,189,0.5831769907963186,0.5617802358812104,0.6045737457114267,conditional_correct_delivery
F,190,0.5852270708283314,0.5633790450816069,0.6070750965750559,conditional_correct_delivery
F,191,0.5871271508603441,0.5649307970797829,0.6093235046409052,conditional_correct_delivery
F,192,0.5885772108843537,0.5658209698638998,0.6113334519048075,conditional_correct_delivery
F,193,0.5893772909163665,0.566957767648745,0.611796814183988,conditional_correct_delivery
F,194,0.5906273709483794,0.5681969000984364,0.6130578417983223,conditional_correct_delivery
F,195,0.5917274509803921,0.5695007021088101,0.6139541998519742,conditional_correct_delivery
F,196,0.5929274709883954,0.5703365243509664,0.6155184176258244,conditional_correct_delivery
F,197,0.5940775110044018,0.5716468686397369,0.6165081533690666,conditional_correct_delivery
F,198,0.5953275110044017,0.5724005342779339,0.6182544877308696,conditional_correct_delivery
F,199,0.596277531012405,0.573273071723463,0.619281990301347,conditional_correct_delivery
F,200,0.5968775310124049,0.5735567183708855,0.6201983436539243,conditional_correct_delivery
F,201,0.5976775510204082,0.574192631594536,0.6211624704462804,conditional_correct_delivery
F,202,0.5986276510604243,0.575586513794311,0.6216687883265375,conditional_correct_delivery
F,203,0.5995277110844338,0.5764270027899382,0.6226284193789294,conditional_correct_delivery
F,204,0.6006277511004402,0.5771751298188825,0.6240803723819979,conditional_correct_delivery
F,205,0.6017777711084434,0.5780052333443655,0.6255503088725214,conditional_correct_delivery
F,206,0.6025777911164466,0.5788979050102737,0.6262576772226195,conditional_correct_delivery
F,207,0.6036278111244497,0.579762373935303,0.6274932483135964,conditional_correct_delivery
F,208,0.604877831132453,0.5808175849926113,0.6289380772722947,conditional_correct_delivery
F,209,0.6059778511404561,0.5815172502737556,0.6304384520071566,conditional_correct_delivery
F,210,0.6073778711484594,0.5828813378608896,0.6318744044360293,conditional_correct_delivery
F,211,0.6083278911564627,0.5835925315277246,0.6330632507852008,conditional_correct_delivery
F,212,0.6095779511804722,0.5848629664437188,0.6342929359172256,conditional_correct_delivery
F,213,0.6109280112044817,0.58625446215365,0.6356015602553134,conditional_correct_delivery
F,214,0.6119280312124851,0.5872130083177193,0.6366430541072509,conditional_correct_delivery
F,215,0.6130280712284915,0.5884162167398688,0.6376399257171141,conditional_correct_delivery
F,216,0.6144781712685075,0.5897956959519565,0.6391606465850584,conditional_correct_delivery
F,217,0.6165782913165266,0.591829486361057,0.6413270962719962,conditional_correct_delivery
F,218,0.6180282913165266,0.5930219698423684,0.6430346127906847,conditional_correct_delivery
F,219,0.6191783713485394,0.5944438502328108,0.643912892464268,conditional_correct_delivery
F,220,0.6205784513805521,0.5955699295155331,0.6455869732455711,conditional_correct_delivery
F,221,0.621828531412565,0.5967343293636144,0.6469227334615156,conditional_correct_delivery
F,222,0.6230285914365745,0.5978963186654329,0.6481608642077161,conditional_correct_delivery
F,223,0.6240286514605842,0.5987834008037812,0.6492739021173871,conditional_correct_delivery
F,224,0.6260287114845938,0.600840669775804,0.6512167531933837,conditional_correct_delivery
F,225,0.627378731492597,0.6019065486587563,0.6528509143264378,conditional_correct_delivery
F,226,0.6284287915166067,0.6029051567985352,0.6539524262346782,conditional_correct_delivery
F,227,0.6296288715486195,0.604279606479935,0.654978136617304,conditional_correct_delivery
F,228,0.6309788715486195,0.605374399523796,0.6565833435734431,conditional_correct_delivery
F,229,0.6323789115646259,0.6066533542764451,0.6581044688528067,conditional_correct_delivery
F,230,0.6332789915966387,0.6076107555722973,0.6589472276209801,conditional_correct_delivery
F,231,0.634329011604642,0.6082910543466225,0.6603669688626614,conditional_correct_delivery
F,232,0.6351790116046419,0.6087353130522232,0.6616227101570605,conditional_correct_delivery
F,233,0.6364290516206482,0.6095897052433227,0.6632683979979738,conditional_correct_delivery
F,234,0.6375290716286515,0.6103404101264374,0.6647177331308656,conditional_correct_delivery
F,235,0.6385790916366546,0.6111283473738336,0.6660298358994756,conditional_correct_delivery
F,236,0.6399291316526611,0.6120568439492782,0.667801419356044,conditional_correct_delivery
F,237,0.641379231692677,0.6135621922992024,0.6691962710861515,conditional_correct_delivery
F,238,0.6426792517006803,0.6143575919217337,0.6710009114796269,conditional_correct_delivery
F,239,0.6445792917166868,0.6157670322325359,0.6733915512008377,conditional_correct_delivery
F,240,0.6456793317326931,0.6170406218062198,0.6743180416591664,conditional_correct_delivery
F,241,0.6467793517406962,0.617875828847818,0.6756828746335745,conditional_correct_delivery
F,242,0.648129411764706,0.6190886356933624,0.6771701878360495,conditional_correct_delivery
F,243,0.6493794517807122,0.6200483468884425,0.678710556672982,conditional_correct_delivery
F,244,0.6504294717887155,0.6208796590106356,0.6799792845667954,conditional_correct_delivery
F,245,0.6515794917967188,0.621872626289585,0.6812863573038527,conditional_correct_delivery
F,246,0.6528795718287316,0.6233944531725271,0.6823646904849361,conditional_correct_delivery
F,247,0.653579611844738,0.623955020428037,0.683204203261439,conditional_correct_delivery
F,248,0.6544796518607444,0.6249903321769074,0.6839689715445815,conditional_correct_delivery
F,249,0.6556796918767507,0.6262770245827337,0.6850823591707677,conditional_correct_delivery
F,250,0.657029731892757,0.6274182835091344,0.6866411802763797,conditional_correct_delivery
F,251,0.6581297719087634,0.6283455496699042,0.6879139941476227,conditional_correct_delivery
F,252,0.659129831932773,0.6295987231987183,0.6886609406668276,conditional_correct_delivery
F,253,0.6599798519407765,0.6303520922583146,0.6896076116232384,conditional_correct_delivery
F,254,0.6615799319727891,0.6320468209172115,0.6911130430283666,conditional_correct_delivery
F,255,0.6633299719887956,0.6331500781877637,0.6935098657898275,conditional_correct_delivery
F,256,0.6645800520208084,0.6344173892054494,0.6947427148361673,conditional_correct_delivery
F,257,0.6657800720288115,0.6353286856169307,0.6962314584406923,conditional_correct_delivery
F,258,0.6675801520608243,0.6369405134057109,0.6982197907159378,conditional_correct_delivery
F,259,0.6688302320928371,0.6383731937237771,0.6992872704618971,conditional_correct_delivery
F,260,0.6702303921568629,0.6403044948260125,0.7001562894877132,conditional_correct_delivery
F,261,0.6711804521808724,0.6412803872286696,0.7010805171330752,conditional_correct_delivery
F,262,0.6728804921968787,0.6428070140164572,0.7029539703773002,conditional_correct_delivery
F,263,0.6741305522208884,0.6438986323757238,0.704362472066053,conditional_correct_delivery
F,264,0.6757806322529012,0.6457273974080412,0.7058338670977612,conditional_correct_delivery
F,265,0.6764807122849139,0.6465929182308979,0.7063685063389299,conditional_correct_delivery
F,266,0.6780808723489394,0.648490158359338,0.7076715863385409,conditional_correct_delivery
F,267,0.6792810324129652,0.6500807372652018,0.7084813275607287,conditional_correct_delivery
F,268,0.6804811324529811,0.6515579180075561,0.7094043468984061,conditional_correct_delivery
F,269,0.6815811924769909,0.6527287744375934,0.7104336105163884,conditional_correct_delivery
F,270,0.6825811924769909,0.6536552590947204,0.7115071258592613,conditional_correct_delivery
F,271,0.6835812525010004,0.6547041629550047,0.7124583420469962,conditional_correct_delivery
F,272,0.6846812925170068,0.6559690294365667,0.713393555597447,conditional_correct_delivery
F,273,0.6856813725490196,0.6570737894126029,0.7142889556854364,conditional_correct_delivery
F,274,0.6869314525810324,0.6581204112637258,0.715742493898339,conditional_correct_delivery
F,275,0.6879814925970388,0.6589466514894429,0.7170163337046347,conditional_correct_delivery
F,276,0.6892315526210483,0.6603338702803266,0.71812923496177,conditional_correct_delivery
F,277,0.6901315926370548,0.6612325417198511,0.7190306435542585,conditional_correct_delivery
F,278,0.6912816526610643,0.6623132570972325,0.7202500482248961,conditional_correct_delivery
F,279,0.6925816926770709,0.6634650018532541,0.7216983835008878,conditional_correct_delivery
F,280,0.6935817326930773,0.6646002940009069,0.7225631713852477,conditional_correct_delivery
F,281,0.6949817727090837,0.6655455894897901,0.7244179559283772,conditional_correct_delivery
F,282,0.6962818327330932,0.6672078840966719,0.7253557813695145,conditional_correct_delivery
F,283,0.697481912765106,0.668763787294006,0.7262000382362059,conditional_correct_delivery
F,284,0.6986820128051221,0.6704214730862685,0.7269425525239757,conditional_correct_delivery
F,285,0.6994820728291317,0.6711856787276423,0.727778466930621,conditional_correct_delivery
F,286,0.7003320928371348,0.6719550604898917,0.7287091251843779,conditional_correct_delivery
F,287,0.7016821328531412,0.6733717862301865,0.7299924794760959,conditional_correct_delivery
F,288,0.7030322128851539,0.6747417767530431,0.7313226490172647,conditional_correct_delivery
F,289,0.7044322328931573,0.6756339867365577,0.7332304790497568,conditional_correct_delivery
F,290,0.7060823129251701,0.6770183966272234,0.7351462292231168,conditional_correct_delivery
F,291,0.7071823329331732,0.6779803330560514,0.736384332810295,conditional_correct_delivery
F,292,0.7084323929571827,0.6793069192292539,0.7375578666851116,conditional_correct_delivery
F,293,0.7094824129651861,0.680217500216386,0.7387473257139862,conditional_correct_delivery
F,294,0.7111825130052021,0.6819959419703476,0.7403690840400565,conditional_correct_delivery
F,295,0.7127325930372148,0.6835755121361329,0.7418896739382967,conditional_correct_delivery
F,296,0.7139326330532213,0.6851787412000054,0.7426865249064372,conditional_correct_delivery
F,297,0.7149827330932373,0.6865352542644887,0.743430211921986,conditional_correct_delivery
F,298,0.7163327731092437,0.6880498696264676,0.7446156765920198,conditional_correct_delivery
F,299,0.7175829131652661,0.6896616720779305,0.7455041542526017,conditional_correct_delivery
F,300,0.7185829731892758,0.690593926047675,0.7465720203308766,conditional_correct_delivery
F,301,0.7197330332132853,0.6914777183346525,0.747988348091918,conditional_correct_delivery
F,302,0.7210331132452982,0.692831839941013,0.7492343865495833,conditional_correct_delivery
F,303,0.7219831732693077,0.6940885187830677,0.7498778277555478,conditional_correct_delivery
F,304,0.7229832332933173,0.6952438393714999,0.7507226272151346,conditional_correct_delivery
F,305,0.7244332733093237,0.696733147554037,0.7521333990646104,conditional_correct_delivery
F,306,0.7259834133653462,0.6984701373136468,0.7534966894170456,conditional_correct_delivery
F,307,0.727183493397359,0.6998096717513966,0.7545573150433214,conditional_correct_delivery
F,308,0.7284835734293716,0.701058282664306,0.7559088641944373,conditional_correct_delivery
F,309,0.7295836934773909,0.7023807472651523,0.7567866396896296,conditional_correct_delivery
F,310,0.7306837735094038,0.7037398017354487,0.757627745283359,conditional_correct_delivery
F,311,0.7317338135254102,0.704511259008167,0.7589563680426534,conditional_correct_delivery
F,312,0.7326338135254102,0.7052937152541148,0.7599739117967057,conditional_correct_delivery
F,313,0.7336338135254102,0.7061734277010485,0.761094199349772,conditional_correct_delivery
F,314,0.7346838535414166,0.7069500025719997,0.7624177045108336,conditional_correct_delivery
F,315,0.7359838935574231,0.7080860489812533,0.763881738133593,conditional_correct_delivery
F,316,0.7370339535814325,0.7094432238939266,0.7646246832689385,conditional_correct_delivery
F,317,0.7384840536214485,0.7110174646777679,0.7659506425651291,conditional_correct_delivery
F,318,0.7397841336534614,0.7124430097129284,0.7671252575939944,conditional_correct_delivery
F,319,0.7410342136854742,0.7137653863627961,0.7683030410081523,conditional_correct_delivery
F,320,0.7424342537014806,0.715121605210807,0.7697469021921542,conditional_correct_delivery
F,321,0.7434843137254903,0.7162589436721553,0.7707096837788253,conditional_correct_delivery
F,322,0.744784393757503,0.7177564389797694,0.7718123485352367,conditional_correct_delivery
F,323,0.7466344737895159,0.7196693027804473,0.7735996447985845,conditional_correct_delivery
F,324,0.7477345338135254,0.7208062675192245,0.7746628001078263,conditional_correct_delivery
F,325,0.7494847739095639,0.7234279911204872,0.7755415566986407,conditional_correct_delivery
F,326,0.7505349139655862,0.7247038184141382,0.7763660095170343,conditional_correct_delivery
F,327,0.7518350340136054,0.7262426153551255,0.7774274526720854,conditional_correct_delivery
F,328,0.7528851340536215,0.7276074838569377,0.7781627842503052,conditional_correct_delivery
F,329,0.7539352541016406,0.7290882598767793,0.778782248326502,conditional_correct_delivery
F,330,0.7547352941176471,0.7299817673990728,0.7794888208362213,conditional_correct_delivery
F,331,0.7554852941176471,0.7306358784873457,0.7803347097479485,conditional_correct_delivery
F,332,0.7565353141256502,0.7319758545455962,0.7810947737057042,conditional_correct_delivery
F,333,0.7578354341736695,0.7338466421758237,0.7818242261715153,conditional_correct_delivery
F,334,0.7585354541816728,0.7348865996943202,0.7821843086690253,conditional_correct_delivery
F,335,0.759535574229692,0.7365289591711303,0.7825421892882537,conditional_correct_delivery
F,336,0.7605356542617047,0.7380367709518472,0.7830345375715622,conditional_correct_delivery
F,337,0.7611357142857142,0.7388065156154363,0.7834649129559922,conditional_correct_delivery
F,338,0.7618857342937175,0.739730702081003,0.7840407665064321,conditional_correct_delivery
F,339,0.7628858343337336,0.7410605871107769,0.7847110815566902,conditional_correct_delivery
F,340,0.7641359543817527,0.742918586077582,0.7853533226859235,conditional_correct_delivery
F,341,0.7651861344537816,0.7447317511115086,0.7856405177960546,conditional_correct_delivery
F,342,0.7657861944777911,0.745537903351207,0.7860344856043752,conditional_correct_delivery
F,343,0.7663362545018008,0.7462282055897742,0.7864443034138273,conditional_correct_delivery
F,344,0.7671363345338136,0.7474731222520723,0.7867995468155549,conditional_correct_delivery
F,345,0.76808637454982,0.7485762292674516,0.7875965198321884,conditional_correct_delivery
F,346,0.768986474589836,0.7498430906247624,0.7881298585549097,conditional_correct_delivery
F,347,0.7699366146458583,0.7516739459769181,0.7881992833147985,conditional_correct_delivery
F,348,0.7707367146858743,0.753180512430139,0.7882929169416097,conditional_correct_delivery
F,349,0.7713367947178871,0.7541654556599674,0.7885081337758068,conditional_correct_delivery
F,350,0.7721368947579031,0.7556528591577262,0.7886209303580801,conditional_correct_delivery
F,351,0.772736974789916,0.7564197882850853,0.7890541612947467,conditional_correct_delivery
F,352,0.7736370748299319,0.7573668306337538,0.7899073190261101,conditional_correct_delivery
F,353,0.774337174869948,0.7584002540471513,0.7902740956927448,conditional_correct_delivery
F,354,0.7748372749099639,0.7592102173439829,0.7904643324759449,conditional_correct_delivery
F,355,0.7752873149259705,0.7598225916532316,0.7907520381987093,conditional_correct_delivery
F,356,0.7758373549419767,0.760470073237464,0.7912046366464894,conditional_correct_delivery
F,357,0.7761373749499799,0.7607131173130491,0.7915616325869107,conditional_correct_delivery
F,358,0.7769874349739896,0.7617028513267908,0.7922720186211883,conditional_correct_delivery
F,359,0.7774874549819928,0.7624051145680003,0.7925697953959853,conditional_correct_delivery
F,360,0.777987474989996,0.7629239112232867,0.7930510387567052,conditional_correct_delivery
F,361,0.7786375550220088,0.7636620271866006,0.793613082857417,conditional_correct_delivery
F,362,0.7790875750300121,0.7640313855611375,0.7941437644988868,conditional_correct_delivery
F,363,0.7796376350540217,0.7647176626088488,0.7945576074991947,conditional_correct_delivery
F,364,0.7800876350540216,0.7649343598551988,0.7952409102528444,conditional_correct_delivery
F,365,0.7804376350540216,0.7651448858347736,0.7957303842732697,conditional_correct_delivery
F,366,0.7809876350540217,0.7654216412512878,0.7965536288567556,conditional_correct_delivery
F,367,0.7811876350540217,0.76546222599179,0.7969130441162533,conditional_correct_delivery
F,368,0.7817876350540216,0.7660101241586585,0.7975651459493847,conditional_correct_delivery
F,369,0.7822376350540217,0.7662987228212907,0.7981765472867526,conditional_correct_delivery
F,370,0.782687675070028,0.7668356608296206,0.7985396893104354,conditional_correct_delivery
F,371,0.7830876950780312,0.7671904241346273,0.7989849660214351,conditional_correct_delivery
F,372,0.7833876950780312,0.7674668915626274,0.799308498593435,conditional_correct_delivery
F,373,0.7838376950780311,0.7680628442162107,0.7996125459398515,conditional_correct_delivery
F,374,0.7843877150860344,0.7687838016753967,0.7999916284966722,conditional_correct_delivery
F,375,0.7848377150860344,0.7693419703754142,0.8003334597966546,conditional_correct_delivery
F,376,0.7852877350940377,0.7699982021538395,0.8005772680342359,conditional_correct_delivery
F,377,0.7858877751100442,0.7705973890001055,0.8011781612199828,conditional_correct_delivery
F,378,0.7861377951180474,0.7709227525321898,0.801352837703905,conditional_correct_delivery
F,379,0.7868377951180473,0.7712555650422382,0.8024200251938564,conditional_correct_delivery
F,380,0.7872878151260505,0.7715939138717125,0.8029817163803885,conditional_correct_delivery
F,381,0.7877378551420569,0.7720532067336571,0.8034225035504566,conditional_correct_delivery
F,382,0.78823787515006,0.7725481043057021,0.803927645994418,conditional_correct_delivery
F,383,0.78903787515006,0.7731784853743175,0.8048972649258024,conditional_correct_delivery
F,384,0.7893878951580633,0.7735063589920412,0.8052694313240853,conditional_correct_delivery
F,385,0.7895878951580633,0.7735730096139417,0.8056027807021848,conditional_correct_delivery
F,386,0.7897378951580633,0.7736453611452078,0.8058304291709187,conditional_correct_delivery
F,387,0.7900379151660664,0.7738805793143337,0.806195251017799,conditional_correct_delivery
F,388,0.7906379351740697,0.774310843812277,0.8069650265358623,conditional_correct_delivery
F,389,0.791387975190076,0.7750188944007025,0.8077570559794495,conditional_correct_delivery
F,390,0.791687975190076,0.7753717495189809,0.8080042008611712,conditional_correct_delivery
F,391,0.792237975190076,0.775810977460329,0.808664972919823,conditional_correct_delivery
F,392,0.7930879951980792,0.7766901504126669,0.8094858399834914,conditional_correct_delivery
F,393,0.7933379951980791,0.7768039921344044,0.8098719982617538,conditional_correct_delivery
F,394,0.7940879951980793,0.7773568376768505,0.810819152719308,conditional_correct_delivery
F,395,0.7948380352140857,0.7780538828804092,0.8116221875477622,conditional_correct_delivery
F,396,0.7952880752300922,0.7786453549835607,0.8119307954766236,conditional_correct_delivery
F,397,0.7955880752300921,0.7788941466914,0.8122820037687842,conditional_correct_delivery
F,398,0.7960880952380953,0.7794202401223014,0.8127559503538893,conditional_correct_delivery
F,399,0.7967880952380952,0.7800021283617435,0.8135740621144469,conditional_correct_delivery
F,400,0.7974381552621048,0.7808816878137287,0.813994622710481,conditional_correct_delivery
F,401,0.7981881752701081,0.7815256799587631,0.8148506705814531,conditional_correct_delivery
F,402,0.7988882152861144,0.7820828788734715,0.8156935516987573,conditional_correct_delivery
F,403,0.7992882352941176,0.7826309305506945,0.8159455400375407,conditional_correct_delivery
F,404,0.7997382953181272,0.7832200178945906,0.8162565727416639,conditional_correct_delivery
F,405,0.8001883353341337,0.7837993969734123,0.8165772736948551,conditional_correct_delivery
F,406,0.8006383553421368,0.7843354885971794,0.8169412220870942,conditional_correct_delivery
F,407,0.8013884353741496,0.7853061355415983,0.8174707352067009,conditional_correct_delivery
F,408,0.8018384353741497,0.7855182972853179,0.8181585734629815,conditional_correct_delivery
F,409,0.8020884553821528,0.7857725341268383,0.8184043766374672,conditional_correct_delivery
F,410,0.802438475390156,0.7860633007073881,0.818813650072924,conditional_correct_delivery
F,411,0.8028885354141655,0.7866733757761833,0.8191036950521476,conditional_correct_delivery
F,412,0.803138575430172,0.787082512992753,0.819194637867591,conditional_correct_delivery
F,413,0.8037385954381753,0.7875264988147037,0.8199506920616468,conditional_correct_delivery
F,414,0.8042886154461785,0.7880727096333523,0.8205045212590046,conditional_correct_delivery
F,415,0.8045386154461784,0.788350979539469,0.8207262513528879,conditional_correct_delivery
F,416,0.8051386354541817,0.7889672111659549,0.8213100597424086,conditional_correct_delivery
F,417,0.8056386754701881,0.7893758676548938,0.8219014832854824,conditional_correct_delivery
F,418,0.8061887154861945,0.7902209700979865,0.8221564608744025,conditional_correct_delivery
F,419,0.8065387154861945,0.7903571612164424,0.8227202697559466,conditional_correct_delivery
F,420,0.8068387354941976,0.7907280135048298,0.8229494574835654,conditional_correct_delivery
F,421,0.8071887555022008,0.791192972331731,0.8231845386726706,conditional_correct_delivery
F,422,0.8076887555022009,0.7914766791460682,0.8239008318583335,conditional_correct_delivery
F,423,0.8080887555022007,0.7917997778347936,0.8243777331696078,conditional_correct_delivery
F,424,0.8084888555422168,0.792579999368861,0.8243977117155726,conditional_correct_delivery
F,425,0.8090889155662264,0.7932307783950934,0.8249470527373595,conditional_correct_delivery
F,426,0.809638955582233,0.7937491290434687,0.8255287821209972,conditional_correct_delivery
F,427,0.8100389755902362,0.7940180140159261,0.8260599371645463,conditional_correct_delivery
F,428,0.8106889755902361,0.7942334874191609,0.8271444637613113,conditional_correct_delivery
F,429,0.8111389955982393,0.7948173632105612,0.8274606279859175,conditional_correct_delivery
F,430,0.8114890156062425,0.7952181110772341,0.827759920135251,conditional_correct_delivery
F,431,0.8124390756302521,0.796174596234358,0.8287035550261461,conditional_correct_delivery
F,432,0.812889075630252,0.7965339347781011,0.829244216482403,conditional_correct_delivery
F,433,0.813189075630252,0.7968393921781963,0.8295387590823077,conditional_correct_delivery
F,434,0.8138390956382553,0.7972989651608753,0.8303792261156353,conditional_correct_delivery
F,435,0.8144391356542617,0.79802570269778,0.8308525686107435,conditional_correct_delivery
F,436,0.8148891556622648,0.7985710856941081,0.8312072256304216,conditional_correct_delivery
F,437,0.8155391756702681,0.7992281649019931,0.8318501864385431,conditional_correct_delivery
F,438,0.8158891956782713,0.799598517467198,0.8321798738893447,conditional_correct_delivery
F,439,0.8168391956782713,0.8004077145478803,0.8332706768086624,conditional_correct_delivery
F,440,0.8171892356942778,0.8008393792312141,0.8335390921573416,conditional_correct_delivery
F,441,0.817689255702281,0.8011366642649002,0.8342418471396619,conditional_correct_delivery
F,442,0.8181393357342938,0.8018470195976002,0.8344316518709873,conditional_correct_delivery
F,443,0.8185893757503002,0.80236405801009,0.8348146934905104,conditional_correct_delivery
F,444,0.8189893957583033,0.8027071014455509,0.8352716900710557,conditional_correct_delivery
F,445,0.8197394357743096,0.8034024365361891,0.8360764350124301,conditional_correct_delivery
F,446,0.8199894557823129,0.8036769684062045,0.8363019431584212,conditional_correct_delivery
F,447,0.8206394957983193,0.8043272072830656,0.836951784313573,conditional_correct_delivery
F,448,0.8211895358143257,0.8049411578429014,0.83743791378575,conditional_correct_delivery
F,449,0.8216896158463385,0.8056260936829529,0.8377531380097241,conditional_correct_delivery
F,450,0.8223896358543419,0.8061162711105626,0.8386630005981212,conditional_correct_delivery
F,451,0.8232396758703483,0.8071893066854088,0.8392900450552878,conditional_correct_delivery
F,452,0.8236897358943578,0.8078166820805922,0.8395627897081234,conditional_correct_delivery
F,453,0.8244397959183675,0.8084990802611329,0.840380511575602,conditional_correct_delivery
F,454,0.8251398359343737,0.8093037994663925,0.8409758724023548,conditional_correct_delivery
F,455,0.8255398359343739,0.8095589877439939,0.8415206841247538,conditional_correct_delivery
F,456,0.8259398759503802,0.8101584668538705,0.8417212850468899,conditional_correct_delivery
F,457,0.8264899159663865,0.810773296065316,0.8422065358674571,conditional_correct_delivery
F,458,0.8272899959983993,0.8117733828577959,0.8428066091390026,conditional_correct_delivery
F,459,0.8283900160064025,0.8123633201536845,0.8444167118591205,conditional_correct_delivery
F,460,0.8291900360144057,0.8130459757025549,0.8453340963262564,conditional_correct_delivery
F,461,0.8298900760304122,0.8135437852262165,0.8462363668346079,conditional_correct_delivery
F,462,0.8303900960384154,0.8140035197453691,0.8467766723314617,conditional_correct_delivery
F,463,0.831140156062425,0.8144472664728055,0.8478330456520444,conditional_correct_delivery
F,464,0.8325902160864346,0.8152314975923245,0.8499489345805447,conditional_correct_delivery
F,465,0.833540236094438,0.8158364430184972,0.8512440291703787,conditional_correct_delivery
F,466,0.834290256102441,0.8161924869115561,0.8523880252933259,conditional_correct_delivery
F,467,0.834840256102441,0.8164535299235159,0.853226982281366,conditional_correct_delivery
F,468,0.8356402961184473,0.8172753561102934,0.8540052361266011,conditional_correct_delivery
F,469,0.8364903361344537,0.8178608722581543,0.855119800010753,conditional_correct_delivery
F,470,0.8372403361344537,0.8182793377578388,0.8562013345110686,conditional_correct_delivery
F,471,0.8383903561424569,0.8189313020154022,0.8578494102695117,conditional_correct_delivery
F,472,0.8395404161664667,0.819625859014142,0.8594549733187914,conditional_correct_delivery
F,473,0.840540456182473,0.8202196874080953,0.8608612249568507,conditional_correct_delivery
F,474,0.841190456182473,0.8207995464048384,0.8615813659601076,conditional_correct_delivery
F,475,0.8425404761904762,0.8215409970397562,0.8635399553411962,conditional_correct_delivery
F,476,0.8439904961984794,0.822674995247629,0.8653059971493299,conditional_correct_delivery
F,477,0.8459404961984794,0.8240311609120388,0.8678498314849201,conditional_correct_delivery
F,478,0.8470905162064827,0.8247789945649665,0.8694020378479989,conditional_correct_delivery
F,479,0.8486905362144859,0.8258283634161555,0.8715527090128162,conditional_correct_delivery
F,480,0.8496905762304923,0.8265388343864053,0.8728423180745792,conditional_correct_delivery
F,481,0.8506905962384954,0.827332593680982,0.8740485987960088,conditional_correct_delivery
F,482,0.8519905962384954,0.8282366216167596,0.8757445708602312,conditional_correct_delivery
F,483,0.8531906762705082,0.8295535723010754,0.8768277802399409,conditional_correct_delivery
F,484,0.8543406962785114,0.8304556683679332,0.8782257241890896,conditional_correct_delivery
F,485,0.8558407162865146,0.8317379856325606,0.8799434469404686,conditional_correct_delivery
F,486,0.8579907362945176,0.8330618318635362,0.882919640725499,conditional_correct_delivery
F,487,0.8601407362945177,0.8343705421579988,0.8859109304310366,conditional_correct_delivery
F,488,0.8623407763105242,0.8356484802648894,0.889033072356159,conditional_correct_delivery
F,489,0.8649407963185275,0.836830891620571,0.893050701016484,conditional_correct_delivery
F,490,0.8664407963185274,0.8372676635330869,0.895613929103968,conditional_correct_delivery
F,491,0.8674407963185274,0.8376596013652674,0.8972219912717875,conditional_correct_delivery
F,492,0.8688408763505403,0.8384889149452392,0.8991928377558414,conditional_correct_delivery
F,493,0.87094093637455,0.8392824183450799,0.90259945440402,conditional_correct_delivery
F,494,0.8719409363745498,0.8397723419079886,0.9041095308411111,conditional_correct_delivery
F,495,0.8728910164065626,0.8407965993849831,0.9049854334281422,conditional_correct_delivery
F,496,0.8748411764705882,0.8426470048441956,0.9070353480969808,conditional_correct_delivery
F,497,0.8767412765106042,0.8442779362839636,0.9092046167372447,conditional_correct_delivery
F,498,0.8778413365346138,0.8454793803730324,0.9102032926961953,conditional_correct_delivery
F,499,0.8793414165666266,0.8470181105411179,0.9116647225921353,conditional_correct_delivery
F,500,0.880541456582633,0.8480785472729367,0.9130043658923294,conditional_correct_delivery
F,501,0.881741556622649,0.8496307450513996,0.9138523681938984,conditional_correct_delivery
F,502,0.882941656662665,0.8510117465614994,0.9148715667638306,conditional_correct_delivery
F,503,0.8838916966786716,0.8517564226072915,0.9160269707500518,conditional_correct_delivery
F,504,0.8851417366946779,0.853090203006441,0.9171932703829148,conditional_correct_delivery
F,505,0.885991756702681,0.8538224613113912,0.9181610520939709,conditional_correct_delivery
F,506,0.8870917967186874,0.855199424886614,0.9189841685507608,conditional_correct_delivery
F,507,0.8878418367346937,0.8561388420299013,0.9195448314394862,conditional_correct_delivery
F,508,0.8890418967587035,0.8578300684036531,0.9202537251137539,conditional_correct_delivery
F,509,0.8901919167667066,0.859208018113714,0.9211758154196993,conditional_correct_delivery
F,510,0.8917920168067227,0.861341947402868,0.9222420862105775,conditional_correct_delivery
F,511,0.8930920768307322,0.8630526187452964,0.9231315349161681,conditional_correct_delivery
F,512,0.8940920768307323,0.8639494123979629,0.9242347412635018,conditional_correct_delivery
F,513,0.8956920768307324,0.8652274963956293,0.9261566572658354,conditional_correct_delivery
F,514,0.8966421368547419,0.8661980532860855,0.9270862204233984,conditional_correct_delivery
F,515,0.8981422368947579,0.8675465960913126,0.9287378776982033,conditional_correct_delivery
F,516,0.8997422769107642,0.869421898465391,0.9300626553561375,conditional_correct_delivery
F,517,0.9009423169267707,0.8706714829885374,0.9312131508650041,conditional_correct_delivery
F,518,0.902742356942777,0.8722277464118314,0.9332569674737227,conditional_correct_delivery
F,519,0.904092356942777,0.873885130770946,0.934299583114608,conditional_correct_delivery
F,520,0.9055923969587836,0.8755754199890143,0.9356093739285528,conditional_correct_delivery
F,521,0.9067924769907965,0.8767751706675081,0.9368097833140848,conditional_correct_delivery
F,522,0.9079925170068028,0.8778726503258735,0.9381123836877322,conditional_correct_delivery
F,523,0.9093925770308123,0.879314693579385,0.9394704604822397,conditional_correct_delivery
F,524,0.9110925970388156,0.8804427114023733,0.941742482675258,conditional_correct_delivery
F,525,0.9130925970388155,0.881841512916828,0.944343681160803,conditional_correct_delivery
F,526,0.9148426170468187,0.8835608122702338,0.9461244218234036,conditional_correct_delivery
F,527,0.9165926170468187,0.8850214567030874,0.94816377739055,conditional_correct_delivery
F,528,0.9175926570628251,0.8863378526172759,0.9488474615083743,conditional_correct_delivery
F,529,0.9188428371348539,0.8883031107939363,0.9493825634757715,conditional_correct_delivery
F,530,0.920643137254902,0.891082606827664,0.9502036676821399,conditional_correct_delivery
F,531,0.9220932973189275,0.8932722737743632,0.9509143208634918,conditional_correct_delivery
F,532,0.9237933573429372,0.8950421231869549,0.9525445914989196,conditional_correct_delivery
F,533,0.9252434773909562,0.8965290575555006,0.9539578972264119,conditional_correct_delivery
F,534,0.9266435374149661,0.897893311702058,0.9553937631278742,conditional_correct_delivery
F,535,0.9276935974389756,0.8990014438776315,0.9563857510003198,conditional_correct_delivery
F,536,0.9287936574629853,0.9000730931801404,0.9575142217458301,conditional_correct_delivery
F,537,0.9298936774709885,0.9011787230840426,0.9586086318579344,conditional_correct_delivery
F,538,0.9307436974789917,0.9020427815988974,0.9594446133590859,conditional_correct_delivery
F,539,0.9315437174869948,0.9028761800303141,0.9602112549436755,conditional_correct_delivery
F,540,0.9324437174869948,0.903657014327841,0.9612304206461487,conditional_correct_delivery
F,541,0.9338438175270108,0.9053521890080617,0.96233544604596,conditional_correct_delivery
F,542,0.9348938975590236,0.9064890789895289,0.9632987161285184,conditional_correct_delivery
F,543,0.9362439575830332,0.9080162576863865,0.96447165747968,conditional_correct_delivery
F,544,0.9372439975990395,0.9088912466755072,0.9655967485225718,conditional_correct_delivery
F,545,0.9377940176070427,0.9093863545666937,0.9662016806473918,conditional_correct_delivery
F,546,0.9387940776310524,0.9102446195801434,0.9673435356819614,conditional_correct_delivery
F,547,0.9394441176470587,0.9108690543726083,0.9680191809215091,conditional_correct_delivery
F,548,0.9397441176470587,0.9110217890711109,0.9684664462230065,conditional_correct_delivery
F,549,0.9404441576630652,0.9121080102172489,0.9687803051088816,conditional_correct_delivery
F,550,0.9410941976790717,0.913063490864544,0.9691249044935993,conditional_correct_delivery
F,551,0.9418442176870749,0.9140434341084165,0.9696450012657334,conditional_correct_delivery
F,552,0.9423942376950781,0.9149258338884798,0.9698626415016764,conditional_correct_delivery
F,553,0.9428942376950782,0.9155944950960884,0.970193980294068,conditional_correct_delivery
F,554,0.9435942977190876,0.9165096214250736,0.9706789740131017,conditional_correct_delivery
F,555,0.9443943977591037,0.9178167882722467,0.9709720072459608,conditional_correct_delivery
F,556,0.9450944177671069,0.9187657576450043,0.9714230778892095,conditional_correct_delivery
F,557,0.9459944977991197,0.9201670531059731,0.9718219424922663,conditional_correct_delivery
F,558,0.9468945578231294,0.9214431453279621,0.9723459703182966,conditional_correct_delivery
F,559,0.9478945978391357,0.9229869596140446,0.9728022360642267,conditional_correct_delivery
F,560,0.9489948179271709,0.924966143974328,0.9730234918800138,conditional_correct_delivery
F,561,0.9497449379751901,0.9260677475897856,0.9734221283605946,conditional_correct_delivery
F,562,0.9504950580232092,0.9273846045119687,0.9736055115344497,conditional_correct_delivery
F,563,0.9509450580232093,0.9279730668380946,0.973917049208324,conditional_correct_delivery
F,564,0.9515450980392156,0.9287487842839514,0.9743414117944799,conditional_correct_delivery
F,565,0.9523952180872348,0.9302048096059911,0.9745856265684786,conditional_correct_delivery
F,566,0.9531453181272509,0.9313809477344406,0.9749096885200612,conditional_correct_delivery
F,567,0.9537953181272508,0.9326280345278745,0.9749626017266272,conditional_correct_delivery
F,568,0.9544453781512605,0.9339030525368078,0.9749877037657132,conditional_correct_delivery
F,569,0.9549954181672669,0.9350814234092821,0.9749094129252516,conditional_correct_delivery
F,570,0.9554954781912764,0.9360815727150423,0.9749093836675106,conditional_correct_delivery
F,571,0.956645638255302,0.9385685722826252,0.9747227042279788,conditional_correct_delivery
F,572,0.957095638255302,0.9393189701759297,0.9748723063346743,conditional_correct_delivery
F,573,0.9576957182873148,0.9404846849065394,0.9749067516680903,conditional_correct_delivery
F,574,0.9584457583033212,0.941664670441114,0.9752268461655285,conditional_correct_delivery
F,575,0.9589458183273308,0.942624930800605,0.9752667058540566,conditional_correct_delivery
F,576,0.9594958783513404,0.9435517387928596,0.9754400179098213,conditional_correct_delivery
F,577,0.9603460184073629,0.9453733197536832,0.9753187170610426,conditional_correct_delivery
F,578,0.9611461184473788,0.9469832112518718,0.9753090256428859,conditional_correct_delivery
F,579,0.9617462585034012,0.9483725783489214,0.975119938657881,conditional_correct_delivery
F,580,0.9621963385354141,0.949156882927863,0.9752357941429651,conditional_correct_delivery
F,581,0.9626963985594239,0.9498587992504379,0.9755339978684099,conditional_correct_delivery
F,582,0.9630964585834333,0.9504661710354875,0.9757267461313791,conditional_correct_delivery
F,583,0.9635465386154461,0.9513822826159771,0.9757107946149152,conditional_correct_delivery
F,584,0.9637465386154462,0.9515147884055998,0.9759782888252927,conditional_correct_delivery
F,585,0.9639965586234496,0.9518315956629327,0.9761615215839664,conditional_correct_delivery
F,586,0.9642966186474591,0.9524395694514174,0.9761536678435008,conditional_correct_delivery
F,587,0.9645466386554622,0.9526934565009223,0.9763998208100021,conditional_correct_delivery
F,588,0.9649466786714687,0.9531220095497148,0.9767713477932225,conditional_correct_delivery
F,589,0.9654467386954781,0.9537077769392105,0.9771857004517458,conditional_correct_delivery
F,590,0.9664469987995199,0.9559930087564176,0.9769009888426222,conditional_correct_delivery
F,591,0.9671471388555423,0.9573763918040445,0.97691788590704,conditional_correct_delivery
F,592,0.9675471988795519,0.9580419687281397,0.977052429030964,conditional_correct_delivery
F,593,0.9678971988795518,0.9585046366389369,0.9772897611201667,conditional_correct_delivery
F,594,0.9681471988795518,0.95869153777899,0.9776028599801136,conditional_correct_delivery
F,595,0.9685472388955582,0.9592107707089547,0.9778837070821617,conditional_correct_delivery
F,596,0.9687972789115646,0.9597018670141639,0.9778926908089653,conditional_correct_delivery
F,597,0.9689973589435774,0.9603066375912274,0.9776880802959275,conditional_correct_delivery
F,598,0.9692473989595838,0.9607512782380362,0.9777435196811314,conditional_correct_delivery
F,599,0.9695474789915967,0.9613757979322525,0.9777191600509408,conditional_correct_delivery
F,600,0.9696975390156062,0.9618162035862753,0.9775788744449371,conditional_correct_delivery
F,601,0.970147619047619,0.962629427892995,0.9776658102022431,conditional_correct_delivery
F,602,0.9704476390556221,0.9629326988378022,0.9779625792734421,conditional_correct_delivery
F,603,0.9705976790716286,0.9632603215296658,0.9779350366135915,conditional_correct_delivery
F,604,0.9708476990796319,0.9634985865692779,0.9781968115899858,conditional_correct_delivery
F,605,0.970947719087635,0.9636784958723382,0.9782169423029318,conditional_correct_delivery
F,606,0.9710477390956382,0.9639229114079271,0.9781725667833494,conditional_correct_delivery
F,607,0.971347819127651,0.9645211864528009,0.9781744518025011,conditional_correct_delivery
F,608,0.9714478391356542,0.9646729978218077,0.9782226804495008,conditional_correct_delivery
F,609,0.9719479391756702,0.9655533445246066,0.9783425338267339,conditional_correct_delivery
F,610,0.9721479991996798,0.9659529836007492,0.9783430147986103,conditional_correct_delivery
F,611,0.9724480792316926,0.9665345457221773,0.9783616127412079,conditional_correct_delivery
F,612,0.9725480792316926,0.9666711033801885,0.9784250550831968,conditional_correct_delivery
F,613,0.972748119247699,0.9670437879219606,0.9784524505734374,conditional_correct_delivery
F,614,0.9730981792717086,0.9675264460283752,0.978669912515042,conditional_correct_delivery
F,615,0.9734982993197279,0.968463455536443,0.9785331431030128,conditional_correct_delivery
F,616,0.9738482993197279,0.9687874493189804,0.9789091493204755,conditional_correct_delivery
F,617,0.9741483193277312,0.9690686156236241,0.9792280230318382,conditional_correct_delivery
F,618,0.974298319327731,0.9691349403802717,0.9794616982751904,conditional_correct_delivery
F,619,0.9744983193277311,0.96943170960313,0.9795649290523323,conditional_correct_delivery
F,620,0.9745483193277311,0.9694309100929864,0.9796657285624758,conditional_correct_delivery
F,621,0.9746983193277311,0.9695379312597573,0.9798587073957049,conditional_correct_delivery
F,622,0.9747983193277312,0.9697182472911356,0.9798783913643268,conditional_correct_delivery
F,623,0.9748983193277312,0.9698379136297777,0.9799587250256847,conditional_correct_delivery
F,624,0.9750483193277312,0.9698718059025566,0.9802248327529057,conditional_correct_delivery
F,625,0.9751483193277312,0.9698875954394841,0.9804090432159782,conditional_correct_delivery
F,626,0.9753983193277312,0.9699186941477935,0.980877944507669,conditional_correct_delivery
F,627,0.9756483193277312,0.9701557109768002,0.9811409276786622,conditional_correct_delivery
F,628,0.9759983193277312,0.9704432646485581,0.9815533740069042,conditional_correct_delivery
F,629,0.9761483393357344,0.9706108346376863,0.9816858440337826,conditional_correct_delivery
F,630,0.9763483393357343,0.970763387900297,0.9819332907711715,conditional_correct_delivery
F,631,0.9763983393357344,0.9708174894509712,0.9819791892204975,conditional_correct_delivery
F,632,0.9766483393357343,0.9709039753749046,0.9823927032965639,conditional_correct_delivery
F,633,0.9767983393357343,0.9709709345850956,0.982625744086373,conditional_correct_delivery
F,634,0.9769483593437375,0.9711652411688827,0.9827314775185922,conditional_correct_delivery
F,635,0.9770983593437375,0.9713545328913061,0.9828421857961688,conditional_correct_delivery
F,636,0.9773483793517407,0.9716994423239181,0.9829973163795632,conditional_correct_delivery
F,637,0.9777983993597439,0.9720179144775302,0.9835788842419576,conditional_correct_delivery
F,638,0.9779983993597439,0.9721655965706171,0.9838312021488707,conditional_correct_delivery
F,639,0.9781983993597438,0.9723737752166925,0.9840230235027951,conditional_correct_delivery
F,640,0.9783483993597438,0.9725006461468483,0.9841961525726394,conditional_correct_delivery
F,641,0.9785483993597438,0.9727156471925851,0.9843811515269025,conditional_correct_delivery
F,642,0.9786483993597438,0.9727502572210428,0.9845465414984448,conditional_correct_delivery
F,643,0.9786983993597439,0.9727980460790016,0.9845987526404862,conditional_correct_delivery
F,644,0.978898419367747,0.9731740461197925,0.9846227926157015,conditional_correct_delivery
F,645,0.978898419367747,0.9731740461197925,0.9846227926157015,conditional_correct_delivery
F,646,0.9790984193677471,0.9733544997978273,0.9848423389376669,conditional_correct_delivery
F,647,0.9791484193677471,0.9734109241569647,0.9848859145785295,conditional_correct_delivery
F,648,0.9792484393757502,0.9735529593770007,0.9849439193744998,conditional_correct_delivery
F,649,0.9793984393757502,0.9735792737440071,0.9852176050074933,conditional_correct_delivery
F,650,0.9796484593837534,0.9737980387700045,0.9854988799975024,conditional_correct_delivery
F,651,0.9797484793917567,0.9739351311351575,0.9855618276483559,conditional_correct_delivery
F,652,0.9797984793917567,0.974056841387979,0.9855401173955344,conditional_correct_delivery
F,653,0.9799484793917567,0.9741529792877645,0.9857439794957489,conditional_correct_delivery
F,654,0.9799984793917567,0.9742014184614923,0.985795540322021,conditional_correct_delivery
F,655,0.9801484793917566,0.9743213235410549,0.9859756352424583,conditional_correct_delivery
F,656,0.9803984793917566,0.9744008739701018,0.9863960848134115,conditional_correct_delivery
F,657,0.9805984993997598,0.9747193331287578,0.9864776656707619,conditional_correct_delivery
F,658,0.98069849939976,0.9747685820757575,0.9866284167237624,conditional_correct_delivery
F,659,0.9808984993997598,0.9749928378150443,0.9868041609844753,conditional_correct_delivery
F,660,0.9811984993997598,0.9751610205284514,0.9872359782710681,conditional_correct_delivery
F,661,0.9813984993997599,0.9753161643383055,0.9874808344612143,conditional_correct_delivery
F,662,0.9816985194077631,0.9756011496842355,0.9877958891312907,conditional_correct_delivery
F,663,0.9820485394157662,0.9758635743336801,0.9882335044978523,conditional_correct_delivery
F,664,0.9820485394157662,0.9758635743336801,0.9882335044978523,conditional_correct_delivery
F,665,0.9822985394157664,0.9760818059726193,0.9885152728589135,conditional_correct_delivery
F,666,0.9823985394157664,0.9761940055759393,0.9886030732555935,conditional_correct_delivery
F,667,0.9826985794317729,0.9765647637404428,0.988832395123103,conditional_correct_delivery
F,668,0.983048599439776,0.9769640166847534,0.9891331821947985,conditional_correct_delivery
F,669,0.9832485994397759,0.9770922002577858,0.9894049986217661,conditional_correct_delivery
F,670,0.983548599439776,0.9771478783347569,0.9899493205447951,conditional_correct_delivery
F,671,0.9836986194477791,0.9773021835449115,0.9900950553506468,conditional_correct_delivery
F,672,0.9841986194477791,0.9776582334981688,0.9907390053973893,conditional_correct_delivery
F,673,0.9844486194477791,0.9778415127517873,0.9910557261437708,conditional_correct_delivery
F,674,0.9848986194477791,0.9782305151921323,0.9915667237034259,conditional_correct_delivery
F,675,0.9851486394557823,0.9784933296887235,0.9918039492228412,conditional_correct_delivery
F,676,0.9853486394557823,0.9786347444980438,0.9920625344135209,conditional_correct_delivery
F,677,0.9856486394557823,0.9789573389971948,0.9923399399143698,conditional_correct_delivery
F,678,0.9861486394557823,0.9792492000832672,0.9930480788282975,conditional_correct_delivery
F,679,0.9864986394557823,0.9794552060043563,0.9935420729072083,conditional_correct_delivery
F,680,0.9867986594637856,0.9797162545459065,0.9938810643816648,conditional_correct_delivery
F,681,0.9869986994797919,0.9800118264070217,0.9939855725525621,conditional_correct_delivery
F,682,0.987098699479792,0.9801513657395536,0.9940460332200304,conditional_correct_delivery
F,683,0.9873987795118048,0.9806945789236275,0.994102980099982,conditional_correct_delivery
F,684,0.9876987995198078,0.9809076331732858,0.9944899658663298,conditional_correct_delivery
F,685,0.9877487995198079,0.9809548332109848,0.994542765828631,conditional_correct_delivery
F,686,0.9879987995198077,0.9811624572990036,0.9948351417406118,conditional_correct_delivery
F,687,0.9880988395358142,0.9814001563661567,0.9947975227054717,conditional_correct_delivery
F,688,0.9883988795518207,0.9816830487007997,0.9951147104028417,conditional_correct_delivery
F,689,0.9884488795518208,0.9816964193263513,0.9952013397772903,conditional_correct_delivery
F,690,0.9885988995598239,0.9818309891119775,0.9953668100076704,conditional_correct_delivery
F,691,0.9888489195678272,0.982103663369961,0.9955941757656933,conditional_correct_delivery
F,692,0.9888989395758303,0.9822148682629659,0.9955830108886947,conditional_correct_delivery
F,693,0.98914899959984,0.9827391781920441,0.9955588210076359,conditional_correct_delivery
F,694,0.9894990396158464,0.9831410882423807,0.9958569909893121,conditional_correct_delivery
F,695,0.9896490596238496,0.9834497099023501,0.9958484093453491,conditional_correct_delivery
F,696,0.9898490596238495,0.9837340105081849,0.9959641087395141,conditional_correct_delivery
F,697,0.9900490796318527,0.9839223321251858,0.9961758271385197,conditional_correct_delivery
F,698,0.9903490996398558,0.9842773908908928,0.9964208083888189,conditional_correct_delivery
F,699,0.990449099639856,0.984414327470007,0.9964838718097049,conditional_correct_delivery
F,700,0.9906491196478591,0.984752303528863,0.9965459357668551,conditional_correct_delivery
F,701,0.9907491196478593,0.9847970125286105,0.996701226767108,conditional_correct_delivery
F,702,0.9909991396558624,0.985244780796858,0.9967534985148668,conditional_correct_delivery
F,703,0.9912491596638657,0.9857028296007373,0.9967954897269942,conditional_correct_delivery
F,704,0.9914491596638656,0.9861127245400355,0.9967855947876957,conditional_correct_delivery
F,705,0.9915491596638657,0.9862052330264856,0.9968930863012458,conditional_correct_delivery
F,706,0.9917491796718688,0.9865955327052097,0.9969028266385279,conditional_correct_delivery
F,707,0.991999199679872,0.9871029174212251,0.996895481938519,conditional_correct_delivery
F,708,0.992149199679872,0.9873653271528228,0.9969330722069213,conditional_correct_delivery
F,709,0.992299199679872,0.9876480123895515,0.9969503869701926,conditional_correct_delivery
F,710,0.992399199679872,0.9877368491739971,0.9970615501857469,conditional_correct_delivery
F,711,0.9924492196878753,0.9878579440333037,0.9970404953424468,conditional_correct_delivery
F,712,0.9925992196878752,0.9879955445225537,0.9972028948531968,conditional_correct_delivery
F,713,0.9928992196878752,0.9883557582317366,0.9974426811440138,conditional_correct_delivery
F,714,0.9929492196878752,0.9883770534382149,0.9975213859375355,conditional_correct_delivery
F,715,0.9931492196878752,0.9886456759180077,0.9976527634577427,conditional_correct_delivery
F,716,0.9931492196878752,0.9886456759180077,0.9976527634577427,conditional_correct_delivery
F,717,0.9931992396958784,0.9887724746073543,0.9976260047844026,conditional_correct_delivery
F,718,0.9932492396958784,0.988820889156452,0.9976775902353048,conditional_correct_delivery
F,719,0.9932492396958784,0.988820889156452,0.9976775902353048,conditional_correct_delivery
F,720,0.9933492396958784,0.9889190720322115,0.9977794073595453,conditional_correct_delivery
F,721,0.9933492396958784,0.9889190720322115,0.9977794073595453,conditional_correct_delivery
F,722,0.9934992396958784,0.989164513927053,0.9978339654647038,conditional_correct_delivery
F,723,0.9935492396958784,0.9892156587869696,0.9978828206047872,conditional_correct_delivery
F,724,0.9935992396958784,0.9892268870062998,0.997971592385457,conditional_correct_delivery
F,725,0.9937492396958784,0.9893990734338428,0.9980994059579139,conditional_correct_delivery
F,726,0.9937492396958784,0.9893990734338428,0.9980994059579139,conditional_correct_delivery
F,727,0.9938492396958784,0.9894917208799283,0.9982067585118284,conditional_correct_delivery
F,728,0.9939992797118847,0.9897757267474986,0.9982228326762709,conditional_correct_delivery
F,729,0.9940992797118848,0.9900073133763304,0.9981912460474393,conditional_correct_delivery
F,730,0.9941492797118847,0.9901195131213311,0.9981790463024384,conditional_correct_delivery
F,731,0.994249299719888,0.9903649504819113,0.9981336489578646,conditional_correct_delivery
F,732,0.994249299719888,0.9903649504819113,0.9981336489578646,conditional_correct_delivery
F,733,0.9942993197278911,0.9904989893044958,0.9980996501512864,conditional_correct_delivery
F,734,0.9943493197278912,0.9905168022808546,0.9981818371749278,conditional_correct_delivery
F,735,0.9943493197278912,0.9905168022808546,0.9981818371749278,conditional_correct_delivery
F,736,0.9944493397358944,0.9907613482992388,0.9981373311725501,conditional_correct_delivery
F,737,0.9946493397358944,0.9911320434344663,0.9981666360373226,conditional_correct_delivery
F,738,0.9947493397358944,0.9912434017834262,0.9982552776883626,conditional_correct_delivery
F,739,0.9947493397358944,0.9912434017834262,0.9982552776883626,conditional_correct_delivery
F,740,0.9948993397358944,0.9914889482430548,0.998309731228734,conditional_correct_delivery
F,741,0.9949493597438976,0.9916331689606208,0.9982655505271745,conditional_correct_delivery
F,742,0.9950493597438976,0.9916428519901552,0.99845586749764,conditional_correct_delivery
F,743,0.995249399759904,0.9921141278628329,0.9983846716569751,conditional_correct_delivery
F,744,0.9953494197679073,0.9923469764157861,0.9983518631200284,conditional_correct_delivery
F,745,0.9954494197679072,0.9924522865297126,0.9984465530061019,conditional_correct_delivery
F,746,0.9955994397759104,0.9926776185040546,0.9985212610477662,conditional_correct_delivery
F,747,0.9956994397759104,0.9928175162260817,0.998581363325739,conditional_correct_delivery
F,748,0.9957994797919167,0.993105400963434,0.9984935586203995,conditional_correct_delivery
F,749,0.9959495198079232,0.9934117225848201,0.9984873170310263,conditional_correct_delivery
F,750,0.9960495198079232,0.9935180103119059,0.9985810293039405,conditional_correct_delivery
F,751,0.9960995198079232,0.993534696409278,0.9986643432065684,conditional_correct_delivery
F,752,0.9961495398159264,0.9936723328269376,0.9986267468049151,conditional_correct_delivery
F,753,0.9961995398159263,0.9937413423505523,0.9986577372813004,conditional_correct_delivery
F,754,0.9962995798319327,0.9940115340598309,0.9985876256040346,conditional_correct_delivery
F,755,0.9963495798319327,0.9940290286168426,0.9986701310470228,conditional_correct_delivery
F,756,0.9963995798319327,0.9940208042940963,0.9987783553697691,conditional_correct_delivery
F,757,0.9965495798319327,0.9942050284575175,0.998894131206348,conditional_correct_delivery
F,758,0.9966496198479391,0.994467578738699,0.9988316609571792,conditional_correct_delivery
F,759,0.9966996398559423,0.9945935857356323,0.9988056939762524,conditional_correct_delivery
F,760,0.9970497799119648,0.9953357153970225,0.998763844426907,conditional_correct_delivery
F,761,0.9970497799119648,0.9953357153970225,0.998763844426907,conditional_correct_delivery
F,762,0.9972498199279711,0.9956267931164233,0.9988728467395189,conditional_correct_delivery
F,763,0.9972998399359744,0.9956935455072246,0.9989061343647242,conditional_correct_delivery
F,764,0.9974498399359744,0.9959232090241252,0.9989764708478235,conditional_correct_delivery
F,765,0.9974998399359744,0.9959751682042237,0.999024511667725,conditional_correct_delivery
F,766,0.9975498599439776,0.9960390365556145,0.9990606833323407,conditional_correct_delivery
F,767,0.9975498599439776,0.9960390365556145,0.9990606833323407,conditional_correct_delivery
F,768,0.9975998599439776,0.9960830966107127,0.9991166232772425,conditional_correct_delivery
F,769,0.9975998599439776,0.9960830966107127,0.9991166232772425,conditional_correct_delivery
F,770,0.9976998599439776,0.996123689780381,0.9992760301075742,conditional_correct_delivery
F,771,0.9977998799519807,0.996283133487415,0.9993166264165464,conditional_correct_delivery
F,772,0.9977998799519807,0.996283133487415,0.9993166264165464,conditional_correct_delivery
F,773,0.9977998799519807,0.996283133487415,0.9993166264165464,conditional_correct_delivery
F,774,0.9978498799519807,0.9963765409010363,0.9993232190029251,conditional_correct_delivery
F,775,0.9979998799519807,0.9967486077227928,0.9992511521811686,conditional_correct_delivery
F,776,0.9979998799519807,0.9967486077227928,0.9992511521811686,conditional_correct_delivery
F,777,0.9980998799519807,0.9968517959855562,0.9993479639184052,conditional_correct_delivery
F,778,0.9980998799519807,0.9968517959855562,0.9993479639184052,conditional_correct_delivery
F,779,0.9980998799519807,0.9968517959855562,0.9993479639184052,conditional_correct_delivery
F,780,0.9980998799519807,0.9968517959855562,0.9993479639184052,conditional_correct_delivery
F,781,0.9980998799519807,0.9968517959855562,0.9993479639184052,conditional_correct_delivery
F,782,0.9981498999599839,0.9969122888133669,0.999387511106601,conditional_correct_delivery
F,783,0.9981498999599839,0.9969122888133669,0.999387511106601,conditional_correct_delivery
F,784,0.9981498999599839,0.9969122888133669,0.999387511106601,conditional_correct_delivery
F,785,0.9981998999599839,0.996987553464239,0.9994122464557289,conditional_correct_delivery
F,786,0.9981998999599839,0.996987553464239,0.9994122464557289,conditional_correct_delivery
F,787,0.9982998999599839,0.9970518352113632,0.9995479647086046,conditional_correct_delivery
F,788,0.9983998999599839,0.9970985645291291,0.9997012353908387,conditional_correct_delivery
F,789,0.9983998999599839,0.9970985645291291,0.9997012353908387,conditional_correct_delivery
F,790,0.9983998999599839,0.9970985645291291,0.9997012353908387,conditional_correct_delivery
F,791,0.9983998999599839,0.9970985645291291,0.9997012353908387,conditional_correct_delivery
F,792,0.9984498999599839,0.9971678866008206,0.9997319133191472,conditional_correct_delivery
F,793,0.9984498999599839,0.9971678866008206,0.9997319133191472,conditional_correct_delivery
F,794,0.9984498999599839,0.9971678866008206,0.9997319133191472,conditional_correct_delivery
F,795,0.9984998999599839,0.9972264794317253,0.9997733204882425,conditional_correct_delivery
F,796,0.9984998999599839,0.9972264794317253,0.9997733204882425,conditional_correct_delivery
F,797,0.9985498999599839,0.9972616648105207,0.9998381351094471,conditional_correct_delivery
F,798,0.9986999399759904,0.9975312221903327,0.999868657761648,conditional_correct_delivery
F,799,0.9986999399759904,0.9975312221903327,0.999868657761648,conditional_correct_delivery
F,800,0.9988999399759904,0.9979249754927648,0.9998749044592159,conditional_correct_delivery
F,801,0.9988999399759904,0.9979249754927648,0.9998749044592159,conditional_correct_delivery
F,802,0.9988999399759904,0.9979249754927648,0.9998749044592159,conditional_correct_delivery
F,803,0.9988999399759904,0.9979249754927648,0.9998749044592159,conditional_correct_delivery
F,804,0.9988999399759904,0.9979249754927648,0.9998749044592159,conditional_correct_delivery
F,805,0.9988999399759904,0.9979249754927648,0.9998749044592159,conditional_correct_delivery
F,806,0.9988999399759904,0.9979249754927648,0.9998749044592159,conditional_correct_delivery
F,807,0.9989499399759905,0.9979557053428775,0.9999441746091035,conditional_correct_delivery
F,808,0.9989499399759905,0.9979557053428775,0.9999441746091035,conditional_correct_delivery
F,809,0.9989499399759905,0.9979557053428775,0.9999441746091035,conditional_correct_delivery
F,810,0.9989499399759905,0.9979557053428775,0.9999441746091035,conditional_correct_delivery
F,811,0.9989999399759903,0.9980046991780279,0.9999951807739528,conditional_correct_delivery
F,812,0.9989999399759903,0.9980046991780279,0.9999951807739528,conditional_correct_delivery
F,813,0.9989999399759903,0.9980046991780279,0.9999951807739528,conditional_correct_delivery
F,814,0.9989999399759903,0.9980046991780279,0.9999951807739528,conditional_correct_delivery
F,815,0.9989999399759903,0.9980046991780279,0.9999951807739528,conditional_correct_delivery
F,816,0.9989999399759903,0.9980046991780279,0.9999951807739528,conditional_correct_delivery
F,817,0.9989999399759903,0.9980046991780279,0.9999951807739528,conditional_correct_delivery
F,818,0.9990499599839935,0.9980557374125577,1,conditional_correct_delivery
F,819,0.9990499599839935,0.9980557374125577,1,conditional_correct_delivery
F,820,0.9990499599839935,0.9980557374125577,1,conditional_correct_delivery
F,821,0.9991499799919967,0.9981638267812993,1,conditional_correct_delivery
F,822,0.9991999799919968,0.998324300627064,1,conditional_correct_delivery
F,823,0.9991999799919968,0.998324300627064,1,conditional_correct_delivery
F,824,0.9991999799919968,0.998324300627064,1,conditional_correct_delivery
F,825,0.9991999799919968,0.998324300627064,1,conditional_correct_delivery
F,826,0.9992499799919968,0.9984824594485507,1,conditional_correct_delivery
F,827,0.9992499799919968,0.9984824594485507,1,conditional_correct_delivery
F,828,0.9992499799919968,0.9984824594485507,1,conditional_correct_delivery
F,829,0.9992999799919968,0.9986371689644058,0.9999627910195878,conditional_correct_delivery
F,830,0.9992999799919968,0.9986371689644058,0.9999627910195878,conditional_correct_delivery
F,831,0.9993499799919969,0.9987070493869468,0.9999929105970471,conditional_correct_delivery
F,832,0.9993499799919969,0.9987070493869468,0.9999929105970471,conditional_correct_delivery
F,833,0.9993499799919969,0.9987070493869468,0.9999929105970471,conditional_correct_delivery
F,834,0.9993499799919969,0.9987070493869468,0.9999929105970471,conditional_correct_delivery
F,835,0.9993499799919969,0.9987070493869468,0.9999929105970471,conditional_correct_delivery
F,836,0.9993499799919969,0.9987070493869468,0.9999929105970471,conditional_correct_delivery
F,837,0.9993499799919969,0.9987070493869468,0.9999929105970471,conditional_correct_delivery
F,838,0.9993999799919969,0.9988637395752838,0.99993622040871,conditional_correct_delivery
F,839,0.9993999799919969,0.9988637395752838,0.99993622040871,conditional_correct_delivery
F,840,0.9993999799919969,0.9988637395752838,0.99993622040871,conditional_correct_delivery
F,841,0.9993999799919969,0.9988637395752838,0.99993622040871,conditional_correct_delivery
F,842,0.9993999799919969,0.9988637395752838,0.99993622040871,conditional_correct_delivery
F,843,0.9993999799919969,0.9988637395752838,0.99993622040871,conditional_correct_delivery
F,844,0.9993999799919969,0.9988637395752838,0.99993622040871,conditional_correct_delivery
F,845,0.9993999799919969,0.9988637395752838,0.99993622040871,conditional_correct_delivery
F,846,0.9993999799919969,0.9988637395752838,0.99993622040871,conditional_correct_delivery
F,847,0.9993999799919969,0.9988637395752838,0.99993622040871,conditional_correct_delivery
F,848,0.9994499799919968,0.9989156033111318,0.9999843566728618,conditional_correct_delivery
F,849,0.9994499799919968,0.9989156033111318,0.9999843566728618,conditional_correct_delivery
F,850,0.9994499799919968,0.9989156033111318,0.9999843566728618,conditional_correct_delivery
F,851,0.9994499799919968,0.9989156033111318,0.9999843566728618,conditional_correct_delivery
F,852,0.9995,0.9989418570765627,1,conditional_correct_delivery
F,853,0.99955,0.9990964744737114,1,conditional_correct_delivery
F,854,0.99955,0.9990964744737114,1,conditional_correct_delivery
F,855,0.99955,0.9990964744737114,1,conditional_correct_delivery
F,856,0.99955,0.9990964744737114,1,conditional_correct_delivery
F,857,0.9996,0.9991270751498,1,conditional_correct_delivery
F,858,0.99965,0.9992734589771743,1,conditional_correct_delivery
F,859,0.99965,0.9992734589771743,1,conditional_correct_delivery
F,860,0.99965,0.9992734589771743,1,conditional_correct_delivery
F,861,0.99965,0.9992734589771743,1,conditional_correct_delivery
F,862,0.99965,0.9992734589771743,1,conditional_correct_delivery
F,863,0.99965,0.9992734589771743,1,conditional_correct_delivery
F,864,0.99965,0.9992734589771743,1,conditional_correct_delivery
F,865,0.99965,0.9992734589771743,1,conditional_correct_delivery
F,866,0.99965,0.9992734589771743,1,conditional_correct_delivery
F,867,0.9997,0.9993104260401782,1,conditional_correct_delivery
F,868,0.9997,0.9993104260401782,1,conditional_correct_delivery
F,869,0.99975,0.9994436400058314,1,conditional_correct_delivery
F,870,0.99975,0.9994436400058314,1,conditional_correct_delivery
F,871,0.99975,0.9994436400058314,1,conditional_correct_delivery
F,872,0.9998,0.9995472110344086,1,conditional_correct_delivery
F,873,0.9998,0.9995472110344086,1,conditional_correct_delivery
F,874,0.9998,0.9995472110344086,1,conditional_correct_delivery
F,875,0.9998,0.9995472110344086,1,conditional_correct_delivery
F,876,0.9998,0.9995472110344086,1,conditional_correct_delivery
F,877,0.9998,0.9995472110344086,1,conditional_correct_delivery
F,878,0.9998,0.9995472110344086,1,conditional_correct_delivery
F,879,0.9998,0.9995472110344086,1,conditional_correct_delivery
F,880,0.9998,0.9995472110344086,1,conditional_correct_delivery
F,881,0.99985,0.9996011922118088,1,conditional_correct_delivery
F,882,0.99985,0.9996011922118088,1,conditional_correct_delivery
F,883,0.99985,0.9996011922118088,1,conditional_correct_delivery
F,884,0.99985,0.9996011922118088,1,conditional_correct_delivery
F,885,0.99985,0.9996011922118088,1,conditional_correct_delivery
F,886,0.99985,0.9996011922118088,1,conditional_correct_delivery
F,887,0.99985,0.9996011922118088,1,conditional_correct_delivery
F,888,0.99985,0.9996011922118088,1,conditional_correct_delivery
F,889,0.99985,0.9996011922118088,1,conditional_correct_delivery
F,890,0.9999,0.9997451990054238,1,conditional_correct_delivery
F,891,0.9999,0.9997451990054238,1,conditional_correct_delivery
F,892,0.99995,0.9998317687874501,1,conditional_correct_delivery
F,893,0.99995,0.9998317687874501,1,conditional_correct_delivery
F,894,0.99995,0.9998317687874501,1,conditional_correct_delivery
F,895,0.99995,0.9998317687874501,1,conditional_correct_delivery
F,896,0.99995,0.9998317687874501,1,conditional_correct_delivery
F,897,0.99995,0.9998317687874501,1,conditional_correct_delivery
F,898,0.99995,0.9998317687874501,1,conditional_correct_delivery
F,899,0.99995,0.9998317687874501,1,conditional_correct_delivery
F,900,0.99995,0.9998317687874501,1,conditional_correct_delivery
F,901,0.99995,0.9998317687874501,1,conditional_correct_delivery
F,902,0.99995,0.9998317687874501,1,conditional_correct_delivery
F,903,0.99995,0.9998317687874501,1,conditional_correct_delivery
F,904,0.99995,0.9998317687874501,1,conditional_correct_delivery
F,905,0.99995,0.9998317687874501,1,conditional_correct_delivery
F,906,0.99995,0.9998317687874501,1,conditional_correct_delivery
F,907,0.99995,0.9998317687874501,1,conditional_correct_delivery
F,908,0.99995,0.9998317687874501,1,conditional_correct_delivery
F,909,0.99995,0.9998317687874501,1,conditional_correct_delivery
F,910,0.99995,0.9998317687874501,1,conditional_correct_delivery
F,911,0.99995,0.9998317687874501,1,conditional_correct_delivery
F,912,0.99995,0.9998317687874501,1,conditional_correct_delivery
F,913,0.99995,0.9998317687874501,1,conditional_correct_delivery
F,914,0.99995,0.9998317687874501,1,conditional_correct_delivery
F,915,0.99995,0.9998317687874501,1,conditional_correct_delivery
F,916,0.99995,0.9998317687874501,1,conditional_correct_delivery
F,917,0.99995,0.9998317687874501,1,conditional_correct_delivery
F,918,0.99995,0.9998317687874501,1,conditional_correct_delivery
F,919,0.99995,0.9998317687874501,1,conditional_correct_delivery
F,920,0.99995,0.9998317687874501,1,conditional_correct_delivery
F,921,0.99995,0.9998317687874501,1,conditional_correct_delivery
F,922,0.99995,0.9998317687874501,1,conditional_correct_delivery
F,923,0.99995,0.9998317687874501,1,conditional_correct_delivery
F,924,0.99995,0.9998317687874501,1,conditional_correct_delivery
F,925,0.99995,0.9998317687874501,1,conditional_correct_delivery
F,926,0.99995,0.9998317687874501,1,conditional_correct_delivery
F,927,0.99995,0.9998317687874501,1,conditional_correct_delivery
F,928,0.99995,0.9998317687874501,1,conditional_correct_delivery
F,929,0.99995,0.9998317687874501,1,conditional_correct_delivery
F,930,0.99995,0.9998317687874501,1,conditional_correct_delivery
F,931,0.99995,0.9998317687874501,1,conditional_correct_delivery
F,932,0.99995,0.9998317687874501,1,conditional_correct_delivery
F,933,0.99995,0.9998317687874501,1,conditional_correct_delivery
F,934,0.99995,0.9998317687874501,1,conditional_correct_delivery
F,935,0.99995,0.9998317687874501,1,conditional_correct_delivery
F,936,0.99995,0.9998317687874501,1,conditional_correct_delivery
F,937,0.99995,0.9998317687874501,1,conditional_correct_delivery
F,938,0.99995,0.9998317687874501,1,conditional_correct_delivery
F,939,1.0,1.0,1,conditional_correct_delivery
