rho,scheme,latency_slots,mean,ci95_low,ci95_high
0.70,Legacy-20,0,0.0,0,0.0
0.70,Legacy-20,1,0.24691242496998797,0.23720600530513797,0.256618844634838
0.70,Legacy-20,2,0.247162424969988,0.23745512942928926,0.25686972051068674
0.70,Legacy-20,3,0.6589330532212885,0.649720844002952,0.6681452624396249
0.70,Legacy-20,4,0.659883093237295,0.6506156539085068,0.6691505325660831
0.70,Legacy-20,5,0.8975947779111645,0.894429727909946,0.900759827912383
0.70,Legacy-20,6,0.8981948179271708,0.8952388560916098,0.9011507797627318
0.70,Legacy-20,7,0.9790489395758302,0.9763501823373902,0.9817476968142701
0.70,Legacy-20,8,0.9793989595838335,0.9767117130405522,0.9820862061271148
0.70,Legacy-20,9,0.9796489795918367,0.9769473275569088,0.9823506316267646
0.70,Legacy-20,10,0.9797489795918368,0.97706807344338,0.9824298857402937
0.70,Legacy-20,11,0.9797989795918368,0.9771057958826174,0.9824921633010563
0.70,Legacy-20,12,0.97984899959984,0.9771562917511207,0.9825417074485592
0.70,Legacy-20,13,0.97989899959984,0.9772252548028041,0.9825727443968758
0.70,Legacy-20,14,0.9799489995998399,0.9772890928044726,0.9826089063952073
0.70,Legacy-20,15,0.9800489995998399,0.9773770777744964,0.9827209214251834
0.70,Legacy-20,16,0.9800489995998399,0.9773770777744964,0.9827209214251834
0.70,Legacy-20,17,0.9800990196078432,0.9774253328333515,0.9827727063823348
0.70,Legacy-20,18,0.9800990196078432,0.9774253328333515,0.9827727063823348
0.70,Legacy-20,19,0.9801990396158463,0.977517978450383,0.9828801007813096
0.70,Legacy-20,20,0.9801990396158463,0.977517978450383,0.9828801007813096
0.70,Legacy-20,21,0.9801990396158463,0.977517978450383,0.9828801007813096
0.70,Legacy-20,22,0.9802490396158463,0.9775564440276047,0.982941635204088
0.70,Legacy-20,23,0.9809490796318526,0.9781233346486254,0.9837748246150798
0.70,Legacy-20,24,0.9814491396558624,0.9784057896019177,0.9844924897098072
0.70,Legacy-20,25,0.983199199679872,0.9801344626403503,0.9862639367193937
0.70,Legacy-20,26,0.9847492396958784,0.9819488918410271,0.9875495875507296
0.70,Legacy-20,27,0.9866992797118846,0.9843428464734457,0.9890557129503236
0.70,Legacy-20,28,0.9889993597438975,0.9869687097848433,0.9910300097029517
0.70,Legacy-20,29,0.9910994797919168,0.9898131209335611,0.9923858386502725
0.70,Legacy-20,30,0.9930996198479392,0.9925410954965281,0.9936581441993502
0.70,Legacy-20,31,0.9951997398959583,0.9944412631720101,0.9959582166199066
0.70,Legacy-20,32,0.9972998399359745,0.9966614788206247,0.9979382010513242
0.70,Legacy-20,33,0.998249899959984,0.9976863803322708,0.9988134195876973
0.70,Legacy-20,34,0.9996,0.9992903980108476,0.9999096019891525
0.70,Legacy-20,35,0.99975,0.9995769272265715,0.9999230727734285
0.70,Legacy-20,36,1.0,1.0,1
0.70,Legacy-20,37,1.0,1.0,1
0.70,Legacy-20,38,1.0,1.0,1
0.70,Legacy-20,39,1.0,1.0,1
0.70,Legacy-20,40,1.0,1.0,1
0.70,Legacy-20,41,1.0,1.0,1
0.70,Legacy-20,42,1.0,1.0,1
0.70,Legacy-20,43,1.0,1.0,1
0.70,Legacy-20,44,1.0,1.0,1
0.70,Legacy-20,45,1.0,1.0,1
0.70,Legacy-20,46,1.0,1.0,1
0.70,Legacy-20,47,1.0,1.0,1
0.70,Legacy-20,48,1.0,1.0,1
0.70,Legacy-20,49,1.0,1.0,1
0.70,Legacy-20,50,1.0,1.0,1
0.70,Legacy-20,51,1.0,1.0,1
0.70,Legacy-20,52,1.0,1.0,1
0.70,Legacy-20,53,1.0,1.0,1
0.70,Legacy-20,54,1.0,1.0,1
0.70,Legacy-20,55,1.0,1.0,1
0.70,Legacy-20,56,1.0,1.0,1
0.70,Legacy-20,57,1.0,1.0,1
0.70,Legacy-20,58,1.0,1.0,1
0.70,Legacy-20,59,1.0,1.0,1
0.70,Legacy-20,60,1.0,1.0,1
0.70,Legacy-20,61,1.0,1.0,1
0.70,Legacy-20,62,1.0,1.0,1
0.70,Legacy-20,63,1.0,1.0,1
0.70,Legacy-20,64,1.0,1.0,1
0.70,Legacy-20,65,1.0,1.0,1
0.70,Legacy-20,66,1.0,1.0,1
0.70,Legacy-20,67,1.0,1.0,1
0.70,Legacy-20,68,1.0,1.0,1
0.70,Legacy-20,69,1.0,1.0,1
0.70,Legacy-20,70,1.0,1.0,1
0.70,Legacy-20,71,1.0,1.0,1
0.70,Legacy-20,72,1.0,1.0,1
0.70,Legacy-20,73,1.0,1.0,1
0.70,Legacy-20,74,1.0,1.0,1
0.70,Legacy-20,75,1.0,1.0,1
0.70,Legacy-20,76,1.0,1.0,1
0.70,Legacy-20,77,1.0,1.0,1
0.70,Legacy-20,78,1.0,1.0,1
0.70,Legacy-20,79,1.0,1.0,1
0.70,Legacy-20,80,1.0,1.0,1
0.70,Legacy-20,81,1.0,1.0,1
0.70,Legacy-20,82,1.0,1.0,1
0.70,Legacy-20,83,1.0,1.0,1
0.70,Legacy-20,84,1.0,1.0,1
0.70,Legacy-20,85,1.0,1.0,1
0.70,Legacy-20,86,1.0,1.0,1
0.70,Legacy-20,87,1.0,1.0,1
0.70,Legacy-20,88,1.0,1.0,1
0.70,Legacy-20,89,1.0,1.0,1
0.70,Legacy-20,90,1.0,1.0,1
0.70,Legacy-20,91,1.0,1.0,1
0.70,Legacy-20,92,1.0,1.0,1
0.70,Legacy-20,93,1.0,1.0,1
0.70,Legacy-20,94,1.0,1.0,1
0.70,Legacy-20,95,1.0,1.0,1
0.70,Legacy-20,96,1.0,1.0,1
0.70,Legacy-20,97,1.0,1.0,1
0.70,Legacy-20,98,1.0,1.0,1
0.70,Legacy-20,99,1.0,1.0,1
0.70,Legacy-20,100,1.0,1.0,1
0.70,Legacy-20,101,1.0,1.0,1
0.70,Legacy-20,102,1.0,1.0,1
0.70,Legacy-20,103,1.0,1.0,1
0.70,Legacy-20,104,1.0,1.0,1
0.70,Legacy-20,105,1.0,1.0,1
0.70,Legacy-20,106,1.0,1.0,1
0.70,Legacy-20,107,1.0,1.0,1
0.70,Legacy-20,108,1.0,1.0,1
0.70,Legacy-20,109,1.0,1.0,1
0.70,Legacy-20,110,1.0,1.0,1
0.70,Legacy-20,111,1.0,1.0,1
0.70,Legacy-20,112,1.0,1.0,1
0.70,Legacy-20,113,1.0,1.0,1
0.70,Legacy-20,114,1.0,1.0,1
0.70,Legacy-20,115,1.0,1.0,1
0.70,Legacy-20,116,1.0,1.0,1
0.70,Legacy-20,117,1.0,1.0,1
0.70,Legacy-20,118,1.0,1.0,1
0.70,Legacy-20,119,1.0,1.0,1
0.70,Legacy-20,120,1.0,1.0,1
0.70,Legacy-20,121,1.0,1.0,1
0.70,Legacy-20,122,1.0,1.0,1
0.70,Legacy-20,123,1.0,1.0,1
0.70,Legacy-20,124,1.0,1.0,1
0.70,Legacy-20,125,1.0,1.0,1
0.70,Legacy-20,126,1.0,1.0,1
0.70,Legacy-20,127,1.0,1.0,1
0.70,Legacy-20,128,1.0,1.0,1
0.70,Legacy-20,129,1.0,1.0,1
0.70,Legacy-20,130,1.0,1.0,1
0.70,Legacy-20,131,1.0,1.0,1
0.70,Legacy-20,132,1.0,1.0,1
0.70,Legacy-20,133,1.0,1.0,1
0.70,Legacy-20,134,1.0,1.0,1
0.70,Legacy-20,135,1.0,1.0,1
0.70,Legacy-20,136,1.0,1.0,1
0.70,Legacy-20,137,1.0,1.0,1
0.70,Legacy-20,138,1.0,1.0,1
0.70,Legacy-20,139,1.0,1.0,1
0.70,Legacy-20,140,1.0,1.0,1
0.70,Legacy-20,141,1.0,1.0,1
0.70,Legacy-20,142,1.0,1.0,1
0.70,Legacy-20,143,1.0,1.0,1
0.70,Legacy-20,144,1.0,1.0,1
0.70,Legacy-20,145,1.0,1.0,1
0.70,Legacy-20,146,1.0,1.0,1
0.70,Legacy-20,147,1.0,1.0,1
0.70,Legacy-20,148,1.0,1.0,1
0.70,Legacy-20,149,1.0,1.0,1
0.70,Legacy-20,150,1.0,1.0,1
0.70,Legacy-20,151,1.0,1.0,1
0.70,Legacy-20,152,1.0,1.0,1
0.70,Legacy-20,153,1.0,1.0,1
0.70,Legacy-20,154,1.0,1.0,1
0.70,Legacy-20,155,1.0,1.0,1
0.70,Legacy-20,156,1.0,1.0,1
0.70,Legacy-20,157,1.0,1.0,1
0.70,Legacy-20,158,1.0,1.0,1
0.70,Legacy-20,159,1.0,1.0,1
0.70,Legacy-20,160,1.0,1.0,1
0.70,Legacy-20,161,1.0,1.0,1
0.70,Legacy-20,162,1.0,1.0,1
0.70,Legacy-20,163,1.0,1.0,1
0.70,Legacy-20,164,1.0,1.0,1
0.70,Legacy-20,165,1.0,1.0,1
0.70,Legacy-20,166,1.0,1.0,1
0.70,Legacy-20,167,1.0,1.0,1
0.70,Legacy-20,168,1.0,1.0,1
0.70,Legacy-20,169,1.0,1.0,1
0.70,Legacy-20,170,1.0,1.0,1
0.70,Legacy-20,171,1.0,1.0,1
0.70,Legacy-20,172,1.0,1.0,1
0.70,Legacy-20,173,1.0,1.0,1
0.70,Legacy-20,174,1.0,1.0,1
0.70,Legacy-20,175,1.0,1.0,1
0.70,Legacy-20,176,1.0,1.0,1
0.70,Legacy-20,177,1.0,1.0,1
0.70,Legacy-20,178,1.0,1.0,1
0.70,Legacy-20,179,1.0,1.0,1
0.70,Legacy-20,180,1.0,1.0,1
0.70,Legacy-20,181,1.0,1.0,1
0.70,Legacy-20,182,1.0,1.0,1
0.70,Legacy-20,183,1.0,1.0,1
0.70,Legacy-20,184,1.0,1.0,1
0.70,Legacy-20,185,1.0,1.0,1
0.70,Legacy-20,186,1.0,1.0,1
0.70,Legacy-20,187,1.0,1.0,1
0.70,Legacy-20,188,1.0,1.0,1
0.70,Legacy-20,189,1.0,1.0,1
0.70,Legacy-20,190,1.0,1.0,1
0.70,Legacy-20,191,1.0,1.0,1
0.70,Legacy-20,192,1.0,1.0,1
0.70,Legacy-20,193,1.0,1.0,1
0.70,Legacy-20,194,1.0,1.0,1
0.70,Legacy-20,195,1.0,1.0,1
0.70,Legacy-20,196,1.0,1.0,1
0.70,Legacy-20,197,1.0,1.0,1
0.70,Legacy-20,198,1.0,1.0,1
0.70,Legacy-20,199,1.0,1.0,1
0.70,Legacy-20,200,1.0,1.0,1
0.70,Legacy-20,201,1.0,1.0,1
0.70,Legacy-20,202,1.0,1.0,1
0.70,Legacy-20,203,1.0,1.0,1
0.70,Legacy-20,204,1.0,1.0,1
0.70,Legacy-20,205,1.0,1.0,1
0.70,Legacy-20,206,1.0,1.0,1
0.70,Legacy-20,207,1.0,1.0,1
0.70,Legacy-20,208,1.0,1.0,1
0.70,Legacy-20,209,1.0,1.0,1
0.70,Legacy-20,210,1.0,1.0,1
0.70,Legacy-20,211,1.0,1.0,1
0.70,Legacy-20,212,1.0,1.0,1
0.70,Legacy-20,213,1.0,1.0,1
0.70,Legacy-20,214,1.0,1.0,1
0.70,Legacy-20,215,1.0,1.0,1
0.70,Legacy-20,216,1.0,1.0,1
0.70,Legacy-20,217,1.0,1.0,1
0.70,Legacy-20,218,1.0,1.0,1
0.70,Legacy-20,219,1.0,1.0,1
0.70,Legacy-20,220,1.0,1.0,1
0.70,Legacy-20,221,1.0,1.0,1
0.70,Legacy-20,222,1.0,1.0,1
0.70,Legacy-20,223,1.0,1.0,1
0.70,Legacy-20,224,1.0,1.0,1
0.70,Legacy-20,225,1.0,1.0,1
0.70,Legacy-20,226,1.0,1.0,1
0.70,Legacy-20,227,1.0,1.0,1
0.70,Legacy-20,228,1.0,1.0,1
0.70,Legacy-20,229,1.0,1.0,1
0.70,Legacy-20,230,1.0,1.0,1
0.70,Legacy-20,231,1.0,1.0,1
0.70,Legacy-20,232,1.0,1.0,1
0.70,Legacy-20,233,1.0,1.0,1
0.70,Legacy-20,234,1.0,1.0,1
0.70,Legacy-20,235,1.0,1.0,1
0.70,Legacy-20,236,1.0,1.0,1
0.70,Legacy-20,237,1.0,1.0,1
0.70,Legacy-20,238,1.0,1.0,1
0.70,Legacy-20,239,1.0,1.0,1
0.70,Legacy-20,240,1.0,1.0,1
0.70,Legacy-20,241,1.0,1.0,1
0.70,Legacy-20,242,1.0,1.0,1
0.70,Legacy-20,243,1.0,1.0,1
0.70,Legacy-20,244,1.0,1.0,1
0.70,Legacy-20,245,1.0,1.0,1
0.70,Legacy-20,246,1.0,1.0,1
0.70,Legacy-20,247,1.0,1.0,1
0.70,Legacy-20,248,1.0,1.0,1
0.70,Legacy-20,249,1.0,1.0,1
0.70,Legacy-20,250,1.0,1.0,1
0.70,Legacy-20,251,1.0,1.0,1
0.70,Legacy-20,252,1.0,1.0,1
0.70,Legacy-20,253,1.0,1.0,1
0.70,Legacy-20,254,1.0,1.0,1
0.70,Legacy-20,255,1.0,1.0,1
0.70,Legacy-20,256,1.0,1.0,1
0.70,Legacy-20,257,1.0,1.0,1
0.70,Legacy-20,258,1.0,1.0,1
0.70,Legacy-20,259,1.0,1.0,1
0.70,Legacy-20,260,1.0,1.0,1
0.70,Legacy-20,261,1.0,1.0,1
0.70,Legacy-20,262,1.0,1.0,1
0.70,Legacy-20,263,1.0,1.0,1
0.70,Legacy-20,264,1.0,1.0,1
0.70,Legacy-20,265,1.0,1.0,1
0.70,Legacy-20,266,1.0,1.0,1
0.70,Legacy-20,267,1.0,1.0,1
0.70,Legacy-20,268,1.0,1.0,1
0.70,Legacy-20,269,1.0,1.0,1
0.70,Legacy-20,270,1.0,1.0,1
0.70,Legacy-20,271,1.0,1.0,1
0.70,Legacy-20,272,1.0,1.0,1
0.70,Legacy-20,273,1.0,1.0,1
0.70,Legacy-20,274,1.0,1.0,1
0.70,Legacy-20,275,1.0,1.0,1
0.70,Legacy-20,276,1.0,1.0,1
0.70,Legacy-20,277,1.0,1.0,1
0.70,Legacy-20,278,1.0,1.0,1
0.70,Legacy-20,279,1.0,1.0,1
0.70,Legacy-20,280,1.0,1.0,1
0.70,Legacy-20,281,1.0,1.0,1
0.70,Legacy-20,282,1.0,1.0,1
0.70,Legacy-20,283,1.0,1.0,1
0.70,Legacy-20,284,1.0,1.0,1
0.70,Legacy-20,285,1.0,1.0,1
0.70,Legacy-20,286,1.0,1.0,1
0.70,Legacy-20,287,1.0,1.0,1
0.70,Legacy-20,288,1.0,1.0,1
0.70,Legacy-20,289,1.0,1.0,1
0.70,Legacy-20,290,1.0,1.0,1
0.70,Legacy-20,291,1.0,1.0,1
0.70,Legacy-20,292,1.0,1.0,1
0.70,Legacy-20,293,1.0,1.0,1
0.70,Legacy-20,294,1.0,1.0,1
0.70,Legacy-20,295,1.0,1.0,1
0.70,Legacy-20,296,1.0,1.0,1
0.70,Legacy-20,297,1.0,1.0,1
0.70,Legacy-20,298,1.0,1.0,1
0.70,Legacy-20,299,1.0,1.0,1
0.70,Legacy-20,300,1.0,1.0,1
0.70,Legacy-20,301,1.0,1.0,1
0.70,Legacy-20,302,1.0,1.0,1
0.70,Legacy-20,303,1.0,1.0,1
0.70,Legacy-20,304,1.0,1.0,1
0.70,Legacy-20,305,1.0,1.0,1
0.70,Legacy-20,306,1.0,1.0,1
0.70,Legacy-20,307,1.0,1.0,1
0.70,Legacy-20,308,1.0,1.0,1
0.70,Legacy-20,309,1.0,1.0,1
0.70,Legacy-20,310,1.0,1.0,1
0.70,Legacy-20,311,1.0,1.0,1
0.70,Legacy-20,312,1.0,1.0,1
0.70,Legacy-20,313,1.0,1.0,1
0.70,Legacy-20,314,1.0,1.0,1
0.70,Legacy-20,315,1.0,1.0,1
0.70,Legacy-20,316,1.0,1.0,1
0.70,Legacy-20,317,1.0,1.0,1
0.70,Legacy-20,318,1.0,1.0,1
0.70,Legacy-20,319,1.0,1.0,1
0.70,Legacy-20,320,1.0,1.0,1
0.70,Legacy-20,321,1.0,1.0,1
0.70,Legacy-20,322,1.0,1.0,1
0.70,Legacy-20,323,1.0,1.0,1
0.70,Legacy-20,324,1.0,1.0,1
0.70,Legacy-20,325,1.0,1.0,1
0.70,Legacy-20,326,1.0,1.0,1
0.70,Legacy-20,327,1.0,1.0,1
0.70,Legacy-20,328,1.0,1.0,1
0.70,Legacy-20,329,1.0,1.0,1
0.70,Legacy-20,330,1.0,1.0,1
0.70,Legacy-20,331,1.0,1.0,1
0.70,Legacy-20,332,1.0,1.0,1
0.70,Legacy-20,333,1.0,1.0,1
0.70,Legacy-20,334,1.0,1.0,1
0.70,Legacy-20,335,1.0,1.0,1
0.70,Legacy-20,336,1.0,1.0,1
0.70,Legacy-20,337,1.0,1.0,1
0.70,Legacy-20,338,1.0,1.0,1
0.70,Legacy-20,339,1.0,1.0,1
0.70,Legacy-20,340,1.0,1.0,1
0.70,Legacy-20,341,1.0,1.0,1
0.70,Legacy-20,342,1.0,1.0,1
0.70,Legacy-20,343,1.0,1.0,1
0.70,Legacy-20,344,1.0,1.0,1
0.70,Legacy-20,345,1.0,1.0,1
0.70,Legacy-20,346,1.0,1.0,1
0.70,Legacy-20,347,1.0,1.0,1
0.70,Legacy-20,348,1.0,1.0,1
0.70,Legacy-20,349,1.0,1.0,1
0.70,Legacy-20,350,1.0,1.0,1
0.70,Legacy-20,351,1.0,1.0,1
0.70,Legacy-20,352,1.0,1.0,1
0.70,Legacy-20,353,1.0,1.0,1
0.70,Legacy-20,354,1.0,1.0,1
0.70,Legacy-20,355,1.0,1.0,1
0.70,Legacy-20,356,1.0,1.0,1
0.70,Legacy-20,357,1.0,1.0,1
0.70,Legacy-20,358,1.0,1.0,1
0.70,Legacy-20,359,1.0,1.0,1
0.70,Legacy-20,360,1.0,1.0,1
0.70,Legacy-20,361,1.0,1.0,1
0.70,Legacy-20,362,1.0,1.0,1
0.70,Legacy-20,363,1.0,1.0,1
0.70,Legacy-20,364,1.0,1.0,1
0.70,Legacy-20,365,1.0,1.0,1
0.70,Legacy-20,366,1.0,1.0,1
0.70,Legacy-20,367,1.0,1.0,1
0.70,Legacy-20,368,1.0,1.0,1
0.70,Legacy-20,369,1.0,1.0,1
0.70,Legacy-20,370,1.0,1.0,1
0.70,Legacy-20,371,1.0,1.0,1
0.70,Legacy-20,372,1.0,1.0,1
0.70,Legacy-20,373,1.0,1.0,1
0.70,Legacy-20,374,1.0,1.0,1
0.70,Legacy-20,375,1.0,1.0,1
0.70,Legacy-20,376,1.0,1.0,1
0.70,Legacy-20,377,1.0,1.0,1
0.70,Legacy-20,378,1.0,1.0,1
0.70,Legacy-20,379,1.0,1.0,1
0.70,Legacy-20,380,1.0,1.0,1
0.70,Legacy-20,381,1.0,1.0,1
0.70,Legacy-20,382,1.0,1.0,1
0.70,Legacy-20,383,1.0,1.0,1
0.70,Legacy-20,384,1.0,1.0,1
0.70,Legacy-20,385,1.0,1.0,1
0.70,Legacy-20,386,1.0,1.0,1
0.70,Legacy-20,387,1.0,1.0,1
0.70,Legacy-20,388,1.0,1.0,1
0.70,Legacy-20,389,1.0,1.0,1
0.70,Legacy-20,390,1.0,1.0,1
0.70,Legacy-20,391,1.0,1.0,1
0.70,Legacy-20,392,1.0,1.0,1
0.70,Legacy-20,393,1.0,1.0,1
0.70,Legacy-20,394,1.0,1.0,1
0.70,Legacy-20,395,1.0,1.0,1
0.70,Legacy-20,396,1.0,1.0,1
0.70,Legacy-20,397,1.0,1.0,1
0.70,Legacy-20,398,1.0,1.0,1
0.70,Legacy-20,399,1.0,1.0,1
0.70,Legacy-20,400,1.0,1.0,1
0.70,Legacy-20,401,1.0,1.0,1
0.70,Legacy-20,402,1.0,1.0,1
0.70,Legacy-20,403,1.0,1.0,1
0.70,Legacy-20,404,1.0,1.0,1
0.70,Legacy-20,405,1.0,1.0,1
0.70,Legacy-20,406,1.0,1.0,1
0.70,Legacy-20,407,1.0,1.0,1
0.70,Legacy-20,408,1.0,1.0,1
0.70,Legacy-20,409,1.0,1.0,1
0.70,Legacy-20,410,1.0,1.0,1
0.70,Legacy-20,411,1.0,1.0,1
0.70,Legacy-20,412,1.0,1.0,1
0.70,Legacy-20,413,1.0,1.0,1
0.70,Legacy-20,414,1.0,1.0,1
0.70,Legacy-20,415,1.0,1.0,1
0.70,Legacy-20,416,1.0,1.0,1
0.70,Legacy-20,417,1.0,1.0,1
0.70,Legacy-20,418,1.0,1.0,1
0.70,Legacy-20,419,1.0,1.0,1
0.70,Legacy-20,420,1.0,1.0,1
0.70,Legacy-20,421,1.0,1.0,1
0.70,Legacy-20,422,1.0,1.0,1
0.70,Legacy-20,423,1.0,1.0,1
0.70,Legacy-20,424,1.0,1.0,1
0.70,Legacy-20,425,1.0,1.0,1
0.70,Legacy-20,426,1.0,1.0,1
0.70,Legacy-20,427,1.0,1.0,1
0.70,Legacy-20,428,1.0,1.0,1
0.70,Legacy-20,429,1.0,1.0,1
0.70,Legacy-20,430,1.0,1.0,1
0.70,Legacy-20,431,1.0,1.0,1
0.70,Legacy-20,432,1.0,1.0,1
0.70,Legacy-20,433,1.0,1.0,1
0.70,Legacy-20,434,1.0,1.0,1
0.70,Legacy-20,435,1.0,1.0,1
0.70,Legacy-20,436,1.0,1.0,1
0.70,Legacy-20,437,1.0,1.0,1
0.70,Legacy-20,438,1.0,1.0,1
0.70,Legacy-20,439,1.0,1.0,1
0.70,Legacy-20,440,1.0,1.0,1
0.70,Legacy-20,441,1.0,1.0,1
0.70,Legacy-20,442,1.0,1.0,1
0.70,Legacy-20,443,1.0,1.0,1
0.70,Legacy-20,444,1.0,1.0,1
0.70,Legacy-20,445,1.0,1.0,1
0.70,Legacy-20,446,1.0,1.0,1
0.70,Legacy-20,447,1.0,1.0,1
0.70,Legacy-20,448,1.0,1.0,1
0.70,Legacy-20,449,1.0,1.0,1
0.70,Legacy-20,450,1.0,1.0,1
0.70,Legacy-20,451,1.0,1.0,1
0.70,Legacy-20,452,1.0,1.0,1
0.70,Legacy-20,453,1.0,1.0,1
0.70,Legacy-20,454,1.0,1.0,1
0.70,Legacy-20,455,1.0,1.0,1
0.70,Legacy-20,456,1.0,1.0,1
0.70,Legacy-20,457,1.0,1.0,1
0.70,Legacy-20,458,1.0,1.0,1
0.70,Legacy-20,459,1.0,1.0,1
0.70,Legacy-20,460,1.0,1.0,1
0.70,Legacy-20,461,1.0,1.0,1
0.70,Legacy-20,462,1.0,1.0,1
0.70,Legacy-20,463,1.0,1.0,1
0.70,Legacy-20,464,1.0,1.0,1
0.70,Legacy-20,465,1.0,1.0,1
0.70,Legacy-20,466,1.0,1.0,1
0.70,Legacy-20,467,1.0,1.0,1
0.70,Legacy-20,468,1.0,1.0,1
0.70,Legacy-20,469,1.0,1.0,1
0.70,Legacy-20,470,1.0,1.0,1
0.70,Legacy-20,471,1.0,1.0,1
0.70,Legacy-20,472,1.0,1.0,1
0.70,Legacy-20,473,1.0,1.0,1
0.70,Legacy-20,474,1.0,1.0,1
0.70,Legacy-20,475,1.0,1.0,1
0.70,Legacy-20,476,1.0,1.0,1
0.70,Legacy-20,477,1.0,1.0,1
0.70,Legacy-20,478,1.0,1.0,1
0.70,Legacy-20,479,1.0,1.0,1
0.70,Legacy-20,480,1.0,1.0,1
0.70,Legacy-20,481,1.0,1.0,1
0.70,Legacy-20,482,1.0,1.0,1
0.70,Legacy-20,483,1.0,1.0,1
0.70,Legacy-20,484,1.0,1.0,1
0.70,Legacy-20,485,1.0,1.0,1
0.70,Legacy-20,486,1.0,1.0,1
0.70,Legacy-20,487,1.0,1.0,1
0.70,Legacy-20,488,1.0,1.0,1
0.70,Legacy-20,489,1.0,1.0,1
0.70,Legacy-20,490,1.0,1.0,1
0.70,Legacy-20,491,1.0,1.0,1
0.70,Legacy-20,492,1.0,1.0,1
0.70,Legacy-20,493,1.0,1.0,1
0.70,Legacy-20,494,1.0,1.0,1
0.70,Legacy-20,495,1.0,1.0,1
0.70,Legacy-20,496,1.0,1.0,1
0.70,Legacy-20,497,1.0,1.0,1
0.70,Legacy-20,498,1.0,1.0,1
0.70,Legacy-20,499,1.0,1.0,1
0.70,Legacy-20,500,1.0,1.0,1
0.70,Legacy-20,501,1.0,1.0,1
0.70,Legacy-20,502,1.0,1.0,1
0.70,Legacy-20,503,1.0,1.0,1
0.70,Legacy-20,504,1.0,1.0,1
0.70,Legacy-20,505,1.0,1.0,1
0.70,Legacy-20,506,1.0,1.0,1
0.70,Legacy-20,507,1.0,1.0,1
0.70,Legacy-20,508,1.0,1.0,1
0.70,Legacy-20,509,1.0,1.0,1
0.70,Legacy-20,510,1.0,1.0,1
0.70,Legacy-20,511,1.0,1.0,1
0.70,Legacy-20,512,1.0,1.0,1
0.70,Legacy-20,513,1.0,1.0,1
0.70,Legacy-20,514,1.0,1.0,1
0.70,Legacy-20,515,1.0,1.0,1
0.70,Legacy-20,516,1.0,1.0,1
0.70,Legacy-20,517,1.0,1.0,1
0.70,Legacy-20,518,1.0,1.0,1
0.70,Legacy-20,519,1.0,1.0,1
0.70,Legacy-20,520,1.0,1.0,1
0.70,Legacy-20,521,1.0,1.0,1
0.70,Legacy-20,522,1.0,1.0,1
0.70,Legacy-20,523,1.0,1.0,1
0.70,Legacy-20,524,1.0,1.0,1
0.70,Legacy-20,525,1.0,1.0,1
0.70,Legacy-20,526,1.0,1.0,1
0.70,Legacy-20,527,1.0,1.0,1
0.70,Legacy-20,528,1.0,1.0,1
0.70,Legacy-20,529,1.0,1.0,1
0.70,Legacy-20,530,1.0,1.0,1
0.70,Legacy-20,531,1.0,1.0,1
0.70,Legacy-20,532,1.0,1.0,1
0.70,Legacy-20,533,1.0,1.0,1
0.70,Legacy-20,534,1.0,1.0,1
0.70,Legacy-20,535,1.0,1.0,1
0.70,Legacy-20,536,1.0,1.0,1
0.70,Legacy-20,537,1.0,1.0,1
0.70,Legacy-20,538,1.0,1.0,1
0.70,Legacy-20,539,1.0,1.0,1
0.70,Legacy-20,540,1.0,1.0,1
0.70,Legacy-20,541,1.0,1.0,1
0.70,Legacy-20,542,1.0,1.0,1
0.70,Legacy-20,543,1.0,1.0,1
0.70,Legacy-20,544,1.0,1.0,1
0.70,Legacy-20,545,1.0,1.0,1
0.70,Legacy-20,546,1.0,1.0,1
0.70,Legacy-20,547,1.0,1.0,1
0.70,Legacy-20,548,1.0,1.0,1
0.70,Legacy-20,549,1.0,1.0,1
0.70,Legacy-20,550,1.0,1.0,1
0.70,Legacy-20,551,1.0,1.0,1
0.70,Legacy-20,552,1.0,1.0,1
0.70,Legacy-20,553,1.0,1.0,1
0.70,Legacy-20,554,1.0,1.0,1
0.70,Legacy-20,555,1.0,1.0,1
0.70,Legacy-20,556,1.0,1.0,1
0.70,Legacy-20,557,1.0,1.0,1
0.70,Legacy-20,558,1.0,1.0,1
0.70,Legacy-20,559,1.0,1.0,1
0.70,Legacy-20,560,1.0,1.0,1
0.70,Legacy-20,561,1.0,1.0,1
0.70,Legacy-20,562,1.0,1.0,1
0.70,Legacy-20,563,1.0,1.0,1
0.70,Legacy-20,564,1.0,1.0,1
0.70,Legacy-20,565,1.0,1.0,1
0.70,Legacy-20,566,1.0,1.0,1
0.70,Legacy-20,567,1.0,1.0,1
0.70,Legacy-20,568,1.0,1.0,1
0.70,Legacy-20,569,1.0,1.0,1
0.70,Legacy-20,570,1.0,1.0,1
0.70,Legacy-20,571,1.0,1.0,1
0.70,Legacy-20,572,1.0,1.0,1
0.70,Legacy-20,573,1.0,1.0,1
0.70,Legacy-20,574,1.0,1.0,1
0.70,Legacy-20,575,1.0,1.0,1
0.70,Legacy-20,576,1.0,1.0,1
0.70,Legacy-20,577,1.0,1.0,1
0.70,Legacy-20,578,1.0,1.0,1
0.70,Legacy-20,579,1.0,1.0,1
0.70,Legacy-20,580,1.0,1.0,1
0.70,Legacy-20,581,1.0,1.0,1
0.70,Legacy-20,582,1.0,1.0,1
0.70,Legacy-20,583,1.0,1.0,1
0.70,Legacy-20,584,1.0,1.0,1
0.70,Legacy-20,585,1.0,1.0,1
0.70,Legacy-20,586,1.0,1.0,1
0.70,Legacy-20,587,1.0,1.0,1
0.70,Legacy-20,588,1.0,1.0,1
0.70,Legacy-20,589,1.0,1.0,1
0.70,Legacy-20,590,1.0,1.0,1
0.70,Legacy-20,591,1.0,1.0,1
0.70,Legacy-20,592,1.0,1.0,1
0.70,Legacy-20,593,1.0,1.0,1
0.70,Legacy-20,594,1.0,1.0,1
0.70,Legacy-20,595,1.0,1.0,1
0.70,Legacy-20,596,1.0,1.0,1
0.70,Legacy-20,597,1.0,1.0,1
0.70,Legacy-20,598,1.0,1.0,1
0.70,Legacy-20,599,1.0,1.0,1
0.70,Legacy-20,600,1.0,1.0,1
0.70,Legacy-20,601,1.0,1.0,1
0.70,Legacy-20,602,1.0,1.0,1
0.70,Legacy-20,603,1.0,1.0,1
0.70,Legacy-20,604,1.0,1.0,1
0.70,Legacy-20,605,1.0,1.0,1
0.70,Legacy-20,606,1.0,1.0,1
0.70,Legacy-20,607,1.0,1.0,1
0.70,Legacy-20,608,1.0,1.0,1
0.70,Legacy-20,609,1.0,1.0,1
0.70,Legacy-20,610,1.0,1.0,1
0.70,Legacy-20,611,1.0,1.0,1
0.70,Legacy-20,612,1.0,1.0,1
0.70,Legacy-20,613,1.0,1.0,1
0.70,Legacy-20,614,1.0,1.0,1
0.70,Legacy-20,615,1.0,1.0,1
0.70,Legacy-20,616,1.0,1.0,1
0.70,Legacy-20,617,1.0,1.0,1
0.70,Legacy-20,618,1.0,1.0,1
0.70,Legacy-20,619,1.0,1.0,1
0.70,Legacy-20,620,1.0,1.0,1
0.70,Legacy-20,621,1.0,1.0,1
0.70,Legacy-20,622,1.0,1.0,1
0.70,Legacy-20,623,1.0,1.0,1
0.70,Legacy-20,624,1.0,1.0,1
0.70,Legacy-20,625,1.0,1.0,1
0.70,Legacy-20,626,1.0,1.0,1
0.70,Legacy-20,627,1.0,1.0,1
0.70,Legacy-20,628,1.0,1.0,1
0.70,Legacy-20,629,1.0,1.0,1
0.70,Legacy-20,630,1.0,1.0,1
0.70,Legacy-20,631,1.0,1.0,1
0.70,Legacy-20,632,1.0,1.0,1
0.70,Legacy-20,633,1.0,1.0,1
0.70,Legacy-20,634,1.0,1.0,1
0.70,Legacy-20,635,1.0,1.0,1
0.70,Legacy-20,636,1.0,1.0,1
0.70,Legacy-20,637,1.0,1.0,1
0.70,Legacy-20,638,1.0,1.0,1
0.70,Legacy-20,639,1.0,1.0,1
0.70,Legacy-20,640,1.0,1.0,1
0.70,Legacy-20,641,1.0,1.0,1
0.70,Legacy-20,642,1.0,1.0,1
0.70,Legacy-20,643,1.0,1.0,1
0.70,Legacy-20,644,1.0,1.0,1
0.70,Legacy-20,645,1.0,1.0,1
0.70,Legacy-20,646,1.0,1.0,1
0.70,Legacy-20,647,1.0,1.0,1
0.70,Legacy-20,648,1.0,1.0,1
0.70,Legacy-20,649,1.0,1.0,1
0.70,Legacy-20,650,1.0,1.0,1
0.70,Legacy-20,651,1.0,1.0,1
0.70,Legacy-20,652,1.0,1.0,1
0.70,Legacy-20,653,1.0,1.0,1
0.70,Legacy-20,654,1.0,1.0,1
0.70,Legacy-20,655,1.0,1.0,1
0.70,Legacy-20,656,1.0,1.0,1
0.70,Legacy-20,657,1.0,1.0,1
0.70,Legacy-20,658,1.0,1.0,1
0.70,Legacy-20,659,1.0,1.0,1
0.70,Legacy-20,660,1.0,1.0,1
0.70,Legacy-20,661,1.0,1.0,1
0.70,Legacy-20,662,1.0,1.0,1
0.70,Legacy-20,663,1.0,1.0,1
0.70,Legacy-20,664,1.0,1.0,1
0.70,Legacy-20,665,1.0,1.0,1
0.70,Legacy-20,666,1.0,1.0,1
0.70,Legacy-20,667,1.0,1.0,1
0.70,Legacy-20,668,1.0,1.0,1
0.70,Legacy-20,669,1.0,1.0,1
0.70,Legacy-20,670,1.0,1.0,1
0.70,Legacy-20,671,1.0,1.0,1
0.70,Legacy-20,672,1.0,1.0,1
0.70,Legacy-20,673,1.0,1.0,1
0.70,Legacy-20,674,1.0,1.0,1
0.70,Legacy-20,675,1.0,1.0,1
0.70,Legacy-20,676,1.0,1.0,1
0.70,Legacy-20,677,1.0,1.0,1
0.70,Legacy-20,678,1.0,1.0,1
0.70,Legacy-20,679,1.0,1.0,1
0.70,Legacy-20,680,1.0,1.0,1
0.70,Legacy-20,681,1.0,1.0,1
0.70,Legacy-20,682,1.0,1.0,1
0.70,Legacy-20,683,1.0,1.0,1
0.70,Legacy-20,684,1.0,1.0,1
0.70,Legacy-20,685,1.0,1.0,1
0.70,Legacy-20,686,1.0,1.0,1
0.70,Legacy-20,687,1.0,1.0,1
0.70,Legacy-20,688,1.0,1.0,1
0.70,Legacy-20,689,1.0,1.0,1
0.70,Legacy-20,690,1.0,1.0,1
0.70,Legacy-20,691,1.0,1.0,1
0.70,Legacy-20,692,1.0,1.0,1
0.70,Legacy-20,693,1.0,1.0,1
0.70,Legacy-20,694,1.0,1.0,1
0.70,Legacy-20,695,1.0,1.0,1
0.70,Legacy-20,696,1.0,1.0,1
0.70,Legacy-20,697,1.0,1.0,1
0.70,Legacy-20,698,1.0,1.0,1
0.70,Legacy-20,699,1.0,1.0,1
0.70,Legacy-20,700,1.0,1.0,1
0.70,Legacy-20,701,1.0,1.0,1
0.70,Legacy-20,702,1.0,1.0,1
0.70,Legacy-20,703,1.0,1.0,1
0.70,Legacy-20,704,1.0,1.0,1
0.70,Legacy-20,705,1.0,1.0,1
0.70,Legacy-20,706,1.0,1.0,1
0.70,Legacy-20,707,1.0,1.0,1
0.70,Legacy-20,708,1.0,1.0,1
0.70,Legacy-20,709,1.0,1.0,1
0.70,Legacy-20,710,1.0,1.0,1
0.70,Legacy-20,711,1.0,1.0,1
0.70,Legacy-20,712,1.0,1.0,1
0.70,Legacy-20,713,1.0,1.0,1
0.70,Legacy-20,714,1.0,1.0,1
0.70,Legacy-20,715,1.0,1.0,1
0.70,Legacy-20,716,1.0,1.0,1
0.70,Legacy-20,717,1.0,1.0,1
0.70,Legacy-20,718,1.0,1.0,1
0.70,Legacy-20,719,1.0,1.0,1
0.70,Legacy-20,720,1.0,1.0,1
0.70,Legacy-20,721,1.0,1.0,1
0.70,Legacy-20,722,1.0,1.0,1
0.70,Legacy-20,723,1.0,1.0,1
0.70,Legacy-20,724,1.0,1.0,1
0.70,Legacy-20,725,1.0,1.0,1
0.70,Legacy-20,726,1.0,1.0,1
0.70,Legacy-20,727,1.0,1.0,1
0.70,Legacy-20,728,1.0,1.0,1
0.70,Legacy-20,729,1.0,1.0,1
0.70,Legacy-20,730,1.0,1.0,1
0.70,Legacy-20,731,1.0,1.0,1
0.70,Legacy-20,732,1.0,1.0,1
0.70,Legacy-20,733,1.0,1.0,1
0.70,Legacy-20,734,1.0,1.0,1
0.70,Legacy-20,735,1.0,1.0,1
0.70,Legacy-20,736,1.0,1.0,1
0.70,Legacy-20,737,1.0,1.0,1
0.70,Legacy-20,738,1.0,1.0,1
0.70,Legacy-20,739,1.0,1.0,1
0.70,Legacy-20,740,1.0,1.0,1
0.70,Legacy-20,741,1.0,1.0,1
0.70,Legacy-20,742,1.0,1.0,1
0.70,Legacy-20,743,1.0,1.0,1
0.70,Legacy-20,744,1.0,1.0,1
0.70,Legacy-20,745,1.0,1.0,1
0.70,Legacy-20,746,1.0,1.0,1
0.70,Legacy-20,747,1.0,1.0,1
0.70,Legacy-20,748,1.0,1.0,1
0.70,Legacy-20,749,1.0,1.0,1
0.70,Legacy-20,750,1.0,1.0,1
0.70,Legacy-20,751,1.0,1.0,1
0.70,Legacy-20,752,1.0,1.0,1
0.70,Legacy-20,753,1.0,1.0,1
0.70,Legacy-20,754,1.0,1.0,1
0.70,Legacy-20,755,1.0,1.0,1
0.70,Legacy-20,756,1.0,1.0,1
0.70,Legacy-20,757,1.0,1.0,1
0.70,Legacy-20,758,1.0,1.0,1
0.70,Legacy-20,759,1.0,1.0,1
0.70,Legacy-20,760,1.0,1.0,1
0.70,Legacy-20,761,1.0,1.0,1
0.70,Legacy-20,762,1.0,1.0,1
0.70,Legacy-20,763,1.0,1.0,1
0.70,Legacy-20,764,1.0,1.0,1
0.70,Legacy-20,765,1.0,1.0,1
0.70,Legacy-20,766,1.0,1.0,1
0.70,Legacy-20,767,1.0,1.0,1
0.70,Legacy-20,768,1.0,1.0,1
0.70,Legacy-20,769,1.0,1.0,1
0.70,Legacy-20,770,1.0,1.0,1
0.70,Legacy-20,771,1.0,1.0,1
0.70,Legacy-20,772,1.0,1.0,1
0.70,Legacy-20,773,1.0,1.0,1
0.70,Legacy-20,774,1.0,1.0,1
0.70,Legacy-20,775,1.0,1.0,1
0.70,Legacy-20,776,1.0,1.0,1
0.70,Legacy-20,777,1.0,1.0,1
0.70,Legacy-20,778,1.0,1.0,1
0.70,Legacy-20,779,1.0,1.0,1
0.70,Legacy-20,780,1.0,1.0,1
0.70,Legacy-20,781,1.0,1.0,1
0.70,Legacy-20,782,1.0,1.0,1
0.70,Legacy-20,783,1.0,1.0,1
0.70,Legacy-20,784,1.0,1.0,1
0.70,Legacy-20,785,1.0,1.0,1
0.70,Legacy-20,786,1.0,1.0,1
0.70,Legacy-20,787,1.0,1.0,1
0.70,Legacy-20,788,1.0,1.0,1
0.70,Legacy-20,789,1.0,1.0,1
0.70,Legacy-20,790,1.0,1.0,1
0.70,Legacy-20,791,1.0,1.0,1
0.70,Legacy-20,792,1.0,1.0,1
0.70,Legacy-20,793,1.0,1.0,1
0.70,Legacy-20,794,1.0,1.0,1
0.70,Legacy-20,795,1.0,1.0,1
0.70,Legacy-20,796,1.0,1.0,1
0.70,Legacy-20,797,1.0,1.0,1
0.70,Legacy-20,798,1.0,1.0,1
0.70,Legacy-20,799,1.0,1.0,1
0.70,Legacy-20,800,1.0,1.0,1
0.70,Legacy-20,801,1.0,1.0,1
0.70,Legacy-20,802,1.0,1.0,1
0.70,Legacy-20,803,1.0,1.0,1
0.70,Legacy-20,804,1.0,1.0,1
0.70,Legacy-20,805,1.0,1.0,1
0.70,Legacy-20,806,1.0,1.0,1
0.70,Legacy-20,807,1.0,1.0,1
0.70,Legacy-20,808,1.0,1.0,1
0.70,Legacy-20,809,1.0,1.0,1
0.70,Legacy-20,810,1.0,1.0,1
0.70,Legacy-20,811,1.0,1.0,1
0.70,Legacy-20,812,1.0,1.0,1
0.70,Legacy-20,813,1.0,1.0,1
0.70,Legacy-20,814,1.0,1.0,1
0.70,Legacy-20,815,1.0,1.0,1
0.70,Legacy-20,816,1.0,1.0,1
0.70,Legacy-20,817,1.0,1.0,1
0.70,Legacy-20,818,1.0,1.0,1
0.70,Legacy-20,819,1.0,1.0,1
0.70,Legacy-20,820,1.0,1.0,1
0.70,Legacy-20,821,1.0,1.0,1
0.70,Legacy-20,822,1.0,1.0,1
0.70,Legacy-20,823,1.0,1.0,1
0.70,Legacy-20,824,1.0,1.0,1
0.70,Legacy-20,825,1.0,1.0,1
0.70,Legacy-20,826,1.0,1.0,1
0.70,Legacy-20,827,1.0,1.0,1
0.70,Legacy-20,828,1.0,1.0,1
0.70,Legacy-20,829,1.0,1.0,1
0.70,Legacy-20,830,1.0,1.0,1
0.70,Legacy-20,831,1.0,1.0,1
0.70,Legacy-20,832,1.0,1.0,1
0.70,Legacy-20,833,1.0,1.0,1
0.70,Legacy-20,834,1.0,1.0,1
0.70,Legacy-20,835,1.0,1.0,1
0.70,Legacy-20,836,1.0,1.0,1
0.70,Legacy-20,837,1.0,1.0,1
0.70,Legacy-20,838,1.0,1.0,1
0.70,Legacy-20,839,1.0,1.0,1
0.70,Legacy-20,840,1.0,1.0,1
0.70,Legacy-20,841,1.0,1.0,1
0.70,Legacy-20,842,1.0,1.0,1
0.70,Legacy-20,843,1.0,1.0,1
0.70,Legacy-20,844,1.0,1.0,1
0.70,Legacy-20,845,1.0,1.0,1
0.70,Legacy-20,846,1.0,1.0,1
0.70,Legacy-20,847,1.0,1.0,1
0.70,Legacy-20,848,1.0,1.0,1
0.70,Legacy-20,849,1.0,1.0,1
0.70,Legacy-20,850,1.0,1.0,1
0.70,Legacy-20,851,1.0,1.0,1
0.70,Legacy-20,852,1.0,1.0,1
0.70,Legacy-20,853,1.0,1.0,1
0.70,Legacy-20,854,1.0,1.0,1
0.70,Legacy-20,855,1.0,1.0,1
0.70,Legacy-20,856,1.0,1.0,1
0.70,Legacy-20,857,1.0,1.0,1
0.70,Legacy-20,858,1.0,1.0,1
0.70,Legacy-20,859,1.0,1.0,1
0.70,Legacy-20,860,1.0,1.0,1
0.70,Legacy-20,861,1.0,1.0,1
0.70,Legacy-20,862,1.0,1.0,1
0.70,Legacy-20,863,1.0,1.0,1
0.70,Legacy-20,864,1.0,1.0,1
0.70,Legacy-20,865,1.0,1.0,1
0.70,Legacy-20,866,1.0,1.0,1
0.70,Legacy-20,867,1.0,1.0,1
0.70,Legacy-20,868,1.0,1.0,1
0.70,Legacy-20,869,1.0,1.0,1
0.70,Legacy-20,870,1.0,1.0,1
0.70,Legacy-20,871,1.0,1.0,1
0.70,Legacy-20,872,1.0,1.0,1
0.70,Legacy-20,873,1.0,1.0,1
0.70,Legacy-20,874,1.0,1.0,1
0.70,Legacy-20,875,1.0,1.0,1
0.70,Legacy-20,876,1.0,1.0,1
0.70,Legacy-20,877,1.0,1.0,1
0.70,Legacy-20,878,1.0,1.0,1
0.70,Legacy-20,879,1.0,1.0,1
0.70,Legacy-20,880,1.0,1.0,1
0.70,Legacy-20,881,1.0,1.0,1
0.70,Legacy-20,882,1.0,1.0,1
0.70,Legacy-20,883,1.0,1.0,1
0.70,Legacy-20,884,1.0,1.0,1
0.70,Legacy-20,885,1.0,1.0,1
0.70,Legacy-20,886,1.0,1.0,1
0.70,Legacy-20,887,1.0,1.0,1
0.70,Legacy-20,888,1.0,1.0,1
0.70,Legacy-20,889,1.0,1.0,1
0.70,Legacy-20,890,1.0,1.0,1
0.70,Legacy-20,891,1.0,1.0,1
0.70,Legacy-20,892,1.0,1.0,1
0.70,Legacy-20,893,1.0,1.0,1
0.70,Legacy-20,894,1.0,1.0,1
0.70,Legacy-20,895,1.0,1.0,1
0.70,Legacy-20,896,1.0,1.0,1
0.70,Legacy-20,897,1.0,1.0,1
0.70,Legacy-20,898,1.0,1.0,1
0.70,Legacy-20,899,1.0,1.0,1
0.70,Legacy-20,900,1.0,1.0,1
0.70,Legacy-20,901,1.0,1.0,1
0.70,Legacy-20,902,1.0,1.0,1
0.70,Legacy-20,903,1.0,1.0,1
0.70,Legacy-20,904,1.0,1.0,1
0.70,Legacy-20,905,1.0,1.0,1
0.70,Legacy-20,906,1.0,1.0,1
0.70,Legacy-20,907,1.0,1.0,1
0.70,Legacy-20,908,1.0,1.0,1
0.70,Legacy-20,909,1.0,1.0,1
0.70,Legacy-20,910,1.0,1.0,1
0.70,Legacy-20,911,1.0,1.0,1
0.70,Legacy-20,912,1.0,1.0,1
0.70,Legacy-20,913,1.0,1.0,1
0.70,Legacy-20,914,1.0,1.0,1
0.70,Legacy-20,915,1.0,1.0,1
0.70,Legacy-20,916,1.0,1.0,1
0.70,Legacy-20,917,1.0,1.0,1
0.70,Legacy-20,918,1.0,1.0,1
0.70,Legacy-20,919,1.0,1.0,1
0.70,Legacy-20,920,1.0,1.0,1
0.70,Legacy-20,921,1.0,1.0,1
0.70,Legacy-20,922,1.0,1.0,1
0.70,Legacy-20,923,1.0,1.0,1
0.70,Legacy-20,924,1.0,1.0,1
0.70,Legacy-20,925,1.0,1.0,1
0.70,Legacy-20,926,1.0,1.0,1
0.70,Legacy-20,927,1.0,1.0,1
0.70,Legacy-20,928,1.0,1.0,1
0.70,Legacy-20,929,1.0,1.0,1
0.70,Legacy-20,930,1.0,1.0,1
0.70,Legacy-20,931,1.0,1.0,1
0.70,Legacy-20,932,1.0,1.0,1
0.70,Legacy-20,933,1.0,1.0,1
0.70,Legacy-20,934,1.0,1.0,1
0.70,Legacy-20,935,1.0,1.0,1
0.70,Legacy-20,936,1.0,1.0,1
0.70,Legacy-20,937,1.0,1.0,1
0.70,Legacy-20,938,1.0,1.0,1
0.70,Legacy-20,939,1.0,1.0,1
0.70,Legacy-15,0,0.0,0,0.0
0.70,Legacy-15,1,0.2474628051220488,0.23889508560700162,0.25603052463709597
0.70,Legacy-15,2,0.247712825130052,0.23919575428288128,0.25622989597722273
0.70,Legacy-15,3,0.6616831332533013,0.651941943814952,0.6714243226916506
0.70,Legacy-15,4,0.6628331732693077,0.6530838136001387,0.6725825329384767
0.70,Legacy-15,5,0.8984448579431773,0.8941408947154807,0.9027488211708738
0.70,Legacy-15,6,0.8990448979591836,0.8946656987994868,0.9034240971188805
0.70,Legacy-15,7,0.9793489795918368,0.9770052228226437,0.9816927363610298
0.70,Legacy-15,8,0.9795989795918367,0.9773521408235101,0.9818458183601634
0.70,Legacy-15,9,0.9799489795918368,0.977823029355632,0.9820749298280416
0.70,Legacy-15,10,0.9801489795918368,0.9781033736747895,0.982194585508884
0.70,Legacy-15,11,0.9801489795918368,0.9781033736747895,0.982194585508884
0.70,Legacy-15,12,0.9801989795918369,0.9781922842067091,0.9822056749769646
0.70,Legacy-15,13,0.9802989795918369,0.9783590330571289,0.9822389261265448
0.70,Legacy-15,14,0.98034899959984,0.9784200426979592,0.9822779565017208
0.70,Legacy-15,15,0.98034899959984,0.9784200426979592,0.9822779565017208
0.70,Legacy-15,16,0.9803989995998399,0.9784819641570479,0.9823160350426319
0.70,Legacy-15,17,0.9803989995998399,0.9784819641570479,0.9823160350426319
0.70,Legacy-15,18,0.9815490796318529,0.9794083037189127,0.983689855544793
0.70,Legacy-15,19,0.9827991196478593,0.9805168836433944,0.9850813556523241
0.70,Legacy-15,20,0.9845491796718686,0.9821180871261984,0.9869802722175388
0.70,Legacy-15,21,0.9861993197278911,0.9841929230363602,0.988205716419422
0.70,Legacy-15,22,0.9877493797519008,0.9863539684140049,0.9891447910897967
0.70,Legacy-15,23,0.9896995198079233,0.9884775625053545,0.990921477110492
0.70,Legacy-15,24,0.9917495998399359,0.9904739228475947,0.9930252768322771
0.70,Legacy-15,25,0.9938996798719488,0.992494996166609,0.9953043635772887
0.70,Legacy-15,26,0.9959998199279713,0.9945698697654822,0.9974297700904603
0.70,Legacy-15,27,0.9975499399759904,0.9964562989901595,0.9986435809618213
0.70,Legacy-15,28,0.9986999599839936,0.9981139201401409,0.9992859998278464
0.70,Legacy-15,29,0.9999,0.9997451990054238,1
0.70,Legacy-15,30,0.99995,0.9998317687874501,1
0.70,Legacy-15,31,1.0,1.0,1
0.70,Legacy-15,32,1.0,1.0,1
0.70,Legacy-15,33,1.0,1.0,1
0.70,Legacy-15,34,1.0,1.0,1
0.70,Legacy-15,35,1.0,1.0,1
0.70,Legacy-15,36,1.0,1.0,1
0.70,Legacy-15,37,1.0,1.0,1
0.70,Legacy-15,38,1.0,1.0,1
0.70,Legacy-15,39,1.0,1.0,1
0.70,Legacy-15,40,1.0,1.0,1
0.70,Legacy-15,41,1.0,1.0,1
0.70,Legacy-15,42,1.0,1.0,1
0.70,Legacy-15,43,1.0,1.0,1
0.70,Legacy-15,44,1.0,1.0,1
0.70,Legacy-15,45,1.0,1.0,1
0.70,Legacy-15,46,1.0,1.0,1
0.70,Legacy-15,47,1.0,1.0,1
0.70,Legacy-15,48,1.0,1.0,1
0.70,Legacy-15,49,1.0,1.0,1
0.70,Legacy-15,50,1.0,1.0,1
0.70,Legacy-15,51,1.0,1.0,1
0.70,Legacy-15,52,1.0,1.0,1
0.70,Legacy-15,53,1.0,1.0,1
0.70,Legacy-15,54,1.0,1.0,1
0.70,Legacy-15,55,1.0,1.0,1
0.70,Legacy-15,56,1.0,1.0,1
0.70,Legacy-15,57,1.0,1.0,1
0.70,Legacy-15,58,1.0,1.0,1
0.70,Legacy-15,59,1.0,1.0,1
0.70,Legacy-15,60,1.0,1.0,1
0.70,Legacy-15,61,1.0,1.0,1
0.70,Legacy-15,62,1.0,1.0,1
0.70,Legacy-15,63,1.0,1.0,1
0.70,Legacy-15,64,1.0,1.0,1
0.70,Legacy-15,65,1.0,1.0,1
0.70,Legacy-15,66,1.0,1.0,1
0.70,Legacy-15,67,1.0,1.0,1
0.70,Legacy-15,68,1.0,1.0,1
0.70,Legacy-15,69,1.0,1.0,1
0.70,Legacy-15,70,1.0,1.0,1
0.70,Legacy-15,71,1.0,1.0,1
0.70,Legacy-15,72,1.0,1.0,1
0.70,Legacy-15,73,1.0,1.0,1
0.70,Legacy-15,74,1.0,1.0,1
0.70,Legacy-15,75,1.0,1.0,1
0.70,Legacy-15,76,1.0,1.0,1
0.70,Legacy-15,77,1.0,1.0,1
0.70,Legacy-15,78,1.0,1.0,1
0.70,Legacy-15,79,1.0,1.0,1
0.70,Legacy-15,80,1.0,1.0,1
0.70,Legacy-15,81,1.0,1.0,1
0.70,Legacy-15,82,1.0,1.0,1
0.70,Legacy-15,83,1.0,1.0,1
0.70,Legacy-15,84,1.0,1.0,1
0.70,Legacy-15,85,1.0,1.0,1
0.70,Legacy-15,86,1.0,1.0,1
0.70,Legacy-15,87,1.0,1.0,1
0.70,Legacy-15,88,1.0,1.0,1
0.70,Legacy-15,89,1.0,1.0,1
0.70,Legacy-15,90,1.0,1.0,1
0.70,Legacy-15,91,1.0,1.0,1
0.70,Legacy-15,92,1.0,1.0,1
0.70,Legacy-15,93,1.0,1.0,1
0.70,Legacy-15,94,1.0,1.0,1
0.70,Legacy-15,95,1.0,1.0,1
0.70,Legacy-15,96,1.0,1.0,1
0.70,Legacy-15,97,1.0,1.0,1
0.70,Legacy-15,98,1.0,1.0,1
0.70,Legacy-15,99,1.0,1.0,1
0.70,Legacy-15,100,1.0,1.0,1
0.70,Legacy-15,101,1.0,1.0,1
0.70,Legacy-15,102,1.0,1.0,1
0.70,Legacy-15,103,1.0,1.0,1
0.70,Legacy-15,104,1.0,1.0,1
0.70,Legacy-15,105,1.0,1.0,1
0.70,Legacy-15,106,1.0,1.0,1
0.70,Legacy-15,107,1.0,1.0,1
0.70,Legacy-15,108,1.0,1.0,1
0.70,Legacy-15,109,1.0,1.0,1
0.70,Legacy-15,110,1.0,1.0,1
0.70,Legacy-15,111,1.0,1.0,1
0.70,Legacy-15,112,1.0,1.0,1
0.70,Legacy-15,113,1.0,1.0,1
0.70,Legacy-15,114,1.0,1.0,1
0.70,Legacy-15,115,1.0,1.0,1
0.70,Legacy-15,116,1.0,1.0,1
0.70,Legacy-15,117,1.0,1.0,1
0.70,Legacy-15,118,1.0,1.0,1
0.70,Legacy-15,119,1.0,1.0,1
0.70,Legacy-15,120,1.0,1.0,1
0.70,Legacy-15,121,1.0,1.0,1
0.70,Legacy-15,122,1.0,1.0,1
0.70,Legacy-15,123,1.0,1.0,1
0.70,Legacy-15,124,1.0,1.0,1
0.70,Legacy-15,125,1.0,1.0,1
0.70,Legacy-15,126,1.0,1.0,1
0.70,Legacy-15,127,1.0,1.0,1
0.70,Legacy-15,128,1.0,1.0,1
0.70,Legacy-15,129,1.0,1.0,1
0.70,Legacy-15,130,1.0,1.0,1
0.70,Legacy-15,131,1.0,1.0,1
0.70,Legacy-15,132,1.0,1.0,1
0.70,Legacy-15,133,1.0,1.0,1
0.70,Legacy-15,134,1.0,1.0,1
0.70,Legacy-15,135,1.0,1.0,1
0.70,Legacy-15,136,1.0,1.0,1
0.70,Legacy-15,137,1.0,1.0,1
0.70,Legacy-15,138,1.0,1.0,1
0.70,Legacy-15,139,1.0,1.0,1
0.70,Legacy-15,140,1.0,1.0,1
0.70,Legacy-15,141,1.0,1.0,1
0.70,Legacy-15,142,1.0,1.0,1
0.70,Legacy-15,143,1.0,1.0,1
0.70,Legacy-15,144,1.0,1.0,1
0.70,Legacy-15,145,1.0,1.0,1
0.70,Legacy-15,146,1.0,1.0,1
0.70,Legacy-15,147,1.0,1.0,1
0.70,Legacy-15,148,1.0,1.0,1
0.70,Legacy-15,149,1.0,1.0,1
0.70,Legacy-15,150,1.0,1.0,1
0.70,Legacy-15,151,1.0,1.0,1
0.70,Legacy-15,152,1.0,1.0,1
0.70,Legacy-15,153,1.0,1.0,1
0.70,Legacy-15,154,1.0,1.0,1
0.70,Legacy-15,155,1.0,1.0,1
0.70,Legacy-15,156,1.0,1.0,1
0.70,Legacy-15,157,1.0,1.0,1
0.70,Legacy-15,158,1.0,1.0,1
0.70,Legacy-15,159,1.0,1.0,1
0.70,Legacy-15,160,1.0,1.0,1
0.70,Legacy-15,161,1.0,1.0,1
0.70,Legacy-15,162,1.0,1.0,1
0.70,Legacy-15,163,1.0,1.0,1
0.70,Legacy-15,164,1.0,1.0,1
0.70,Legacy-15,165,1.0,1.0,1
0.70,Legacy-15,166,1.0,1.0,1
0.70,Legacy-15,167,1.0,1.0,1
0.70,Legacy-15,168,1.0,1.0,1
0.70,Legacy-15,169,1.0,1.0,1
0.70,Legacy-15,170,1.0,1.0,1
0.70,Legacy-15,171,1.0,1.0,1
0.70,Legacy-15,172,1.0,1.0,1
0.70,Legacy-15,173,1.0,1.0,1
0.70,Legacy-15,174,1.0,1.0,1
0.70,Legacy-15,175,1.0,1.0,1
0.70,Legacy-15,176,1.0,1.0,1
0.70,Legacy-15,177,1.0,1.0,1
0.70,Legacy-15,178,1.0,1.0,1
0.70,Legacy-15,179,1.0,1.0,1
0.70,Legacy-15,180,1.0,1.0,1
0.70,Legacy-15,181,1.0,1.0,1
0.70,Legacy-15,182,1.0,1.0,1
0.70,Legacy-15,183,1.0,1.0,1
0.70,Legacy-15,184,1.0,1.0,1
0.70,Legacy-15,185,1.0,1.0,1
0.70,Legacy-15,186,1.0,1.0,1
0.70,Legacy-15,187,1.0,1.0,1
0.70,Legacy-15,188,1.0,1.0,1
0.70,Legacy-15,189,1.0,1.0,1
0.70,Legacy-15,190,1.0,1.0,1
0.70,Legacy-15,191,1.0,1.0,1
0.70,Legacy-15,192,1.0,1.0,1
0.70,Legacy-15,193,1.0,1.0,1
0.70,Legacy-15,194,1.0,1.0,1
0.70,Legacy-15,195,1.0,1.0,1
0.70,Legacy-15,196,1.0,1.0,1
0.70,Legacy-15,197,1.0,1.0,1
0.70,Legacy-15,198,1.0,1.0,1
0.70,Legacy-15,199,1.0,1.0,1
0.70,Legacy-15,200,1.0,1.0,1
0.70,Legacy-15,201,1.0,1.0,1
0.70,Legacy-15,202,1.0,1.0,1
0.70,Legacy-15,203,1.0,1.0,1
0.70,Legacy-15,204,1.0,1.0,1
0.70,Legacy-15,205,1.0,1.0,1
0.70,Legacy-15,206,1.0,1.0,1
0.70,Legacy-15,207,1.0,1.0,1
0.70,Legacy-15,208,1.0,1.0,1
0.70,Legacy-15,209,1.0,1.0,1
0.70,Legacy-15,210,1.0,1.0,1
0.70,Legacy-15,211,1.0,1.0,1
0.70,Legacy-15,212,1.0,1.0,1
0.70,Legacy-15,213,1.0,1.0,1
0.70,Legacy-15,214,1.0,1.0,1
0.70,Legacy-15,215,1.0,1.0,1
0.70,Legacy-15,216,1.0,1.0,1
0.70,Legacy-15,217,1.0,1.0,1
0.70,Legacy-15,218,1.0,1.0,1
0.70,Legacy-15,219,1.0,1.0,1
0.70,Legacy-15,220,1.0,1.0,1
0.70,Legacy-15,221,1.0,1.0,1
0.70,Legacy-15,222,1.0,1.0,1
0.70,Legacy-15,223,1.0,1.0,1
0.70,Legacy-15,224,1.0,1.0,1
0.70,Legacy-15,225,1.0,1.0,1
0.70,Legacy-15,226,1.0,1.0,1
0.70,Legacy-15,227,1.0,1.0,1
0.70,Legacy-15,228,1.0,1.0,1
0.70,Legacy-15,229,1.0,1.0,1
0.70,Legacy-15,230,1.0,1.0,1
0.70,Legacy-15,231,1.0,1.0,1
0.70,Legacy-15,232,1.0,1.0,1
0.70,Legacy-15,233,1.0,1.0,1
0.70,Legacy-15,234,1.0,1.0,1
0.70,Legacy-15,235,1.0,1.0,1
0.70,Legacy-15,236,1.0,1.0,1
0.70,Legacy-15,237,1.0,1.0,1
0.70,Legacy-15,238,1.0,1.0,1
0.70,Legacy-15,239,1.0,1.0,1
0.70,Legacy-15,240,1.0,1.0,1
0.70,Legacy-15,241,1.0,1.0,1
0.70,Legacy-15,242,1.0,1.0,1
0.70,Legacy-15,243,1.0,1.0,1
0.70,Legacy-15,244,1.0,1.0,1
0.70,Legacy-15,245,1.0,1.0,1
0.70,Legacy-15,246,1.0,1.0,1
0.70,Legacy-15,247,1.0,1.0,1
0.70,Legacy-15,248,1.0,1.0,1
0.70,Legacy-15,249,1.0,1.0,1
0.70,Legacy-15,250,1.0,1.0,1
0.70,Legacy-15,251,1.0,1.0,1
0.70,Legacy-15,252,1.0,1.0,1
0.70,Legacy-15,253,1.0,1.0,1
0.70,Legacy-15,254,1.0,1.0,1
0.70,Legacy-15,255,1.0,1.0,1
0.70,Legacy-15,256,1.0,1.0,1
0.70,Legacy-15,257,1.0,1.0,1
0.70,Legacy-15,258,1.0,1.0,1
0.70,Legacy-15,259,1.0,1.0,1
0.70,Legacy-15,260,1.0,1.0,1
0.70,Legacy-15,261,1.0,1.0,1
0.70,Legacy-15,262,1.0,1.0,1
0.70,Legacy-15,263,1.0,1.0,1
0.70,Legacy-15,264,1.0,1.0,1
0.70,Legacy-15,265,1.0,1.0,1
0.70,Legacy-15,266,1.0,1.0,1
0.70,Legacy-15,267,1.0,1.0,1
0.70,Legacy-15,268,1.0,1.0,1
0.70,Legacy-15,269,1.0,1.0,1
0.70,Legacy-15,270,1.0,1.0,1
0.70,Legacy-15,271,1.0,1.0,1
0.70,Legacy-15,272,1.0,1.0,1
0.70,Legacy-15,273,1.0,1.0,1
0.70,Legacy-15,274,1.0,1.0,1
0.70,Legacy-15,275,1.0,1.0,1
0.70,Legacy-15,276,1.0,1.0,1
0.70,Legacy-15,277,1.0,1.0,1
0.70,Legacy-15,278,1.0,1.0,1
0.70,Legacy-15,279,1.0,1.0,1
0.70,Legacy-15,280,1.0,1.0,1
0.70,Legacy-15,281,1.0,1.0,1
0.70,Legacy-15,282,1.0,1.0,1
0.70,Legacy-15,283,1.0,1.0,1
0.70,Legacy-15,284,1.0,1.0,1
0.70,Legacy-15,285,1.0,1.0,1
0.70,Legacy-15,286,1.0,1.0,1
0.70,Legacy-15,287,1.0,1.0,1
0.70,Legacy-15,288,1.0,1.0,1
0.70,Legacy-15,289,1.0,1.0,1
0.70,Legacy-15,290,1.0,1.0,1
0.70,Legacy-15,291,1.0,1.0,1
0.70,Legacy-15,292,1.0,1.0,1
0.70,Legacy-15,293,1.0,1.0,1
0.70,Legacy-15,294,1.0,1.0,1
0.70,Legacy-15,295,1.0,1.0,1
0.70,Legacy-15,296,1.0,1.0,1
0.70,Legacy-15,297,1.0,1.0,1
0.70,Legacy-15,298,1.0,1.0,1
0.70,Legacy-15,299,1.0,1.0,1
0.70,Legacy-15,300,1.0,1.0,1
0.70,Legacy-15,301,1.0,1.0,1
0.70,Legacy-15,302,1.0,1.0,1
0.70,Legacy-15,303,1.0,1.0,1
0.70,Legacy-15,304,1.0,1.0,1
0.70,Legacy-15,305,1.0,1.0,1
0.70,Legacy-15,306,1.0,1.0,1
0.70,Legacy-15,307,1.0,1.0,1
0.70,Legacy-15,308,1.0,1.0,1
0.70,Legacy-15,309,1.0,1.0,1
0.70,Legacy-15,310,1.0,1.0,1
0.70,Legacy-15,311,1.0,1.0,1
0.70,Legacy-15,312,1.0,1.0,1
0.70,Legacy-15,313,1.0,1.0,1
0.70,Legacy-15,314,1.0,1.0,1
0.70,Legacy-15,315,1.0,1.0,1
0.70,Legacy-15,316,1.0,1.0,1
0.70,Legacy-15,317,1.0,1.0,1
0.70,Legacy-15,318,1.0,1.0,1
0.70,Legacy-15,319,1.0,1.0,1
0.70,Legacy-15,320,1.0,1.0,1
0.70,Legacy-15,321,1.0,1.0,1
0.70,Legacy-15,322,1.0,1.0,1
0.70,Legacy-15,323,1.0,1.0,1
0.70,Legacy-15,324,1.0,1.0,1
0.70,Legacy-15,325,1.0,1.0,1
0.70,Legacy-15,326,1.0,1.0,1
0.70,Legacy-15,327,1.0,1.0,1
0.70,Legacy-15,328,1.0,1.0,1
0.70,Legacy-15,329,1.0,1.0,1
0.70,Legacy-15,330,1.0,1.0,1
0.70,Legacy-15,331,1.0,1.0,1
0.70,Legacy-15,332,1.0,1.0,1
0.70,Legacy-15,333,1.0,1.0,1
0.70,Legacy-15,334,1.0,1.0,1
0.70,Legacy-15,335,1.0,1.0,1
0.70,Legacy-15,336,1.0,1.0,1
0.70,Legacy-15,337,1.0,1.0,1
0.70,Legacy-15,338,1.0,1.0,1
0.70,Legacy-15,339,1.0,1.0,1
0.70,Legacy-15,340,1.0,1.0,1
0.70,Legacy-15,341,1.0,1.0,1
0.70,Legacy-15,342,1.0,1.0,1
0.70,Legacy-15,343,1.0,1.0,1
0.70,Legacy-15,344,1.0,1.0,1
0.70,Legacy-15,345,1.0,1.0,1
0.70,Legacy-15,346,1.0,1.0,1
0.70,Legacy-15,347,1.0,1.0,1
0.70,Legacy-15,348,1.0,1.0,1
0.70,Legacy-15,349,1.0,1.0,1
0.70,Legacy-15,350,1.0,1.0,1
0.70,Legacy-15,351,1.0,1.0,1
0.70,Legacy-15,352,1.0,1.0,1
0.70,Legacy-15,353,1.0,1.0,1
0.70,Legacy-15,354,1.0,1.0,1
0.70,Legacy-15,355,1.0,1.0,1
0.70,Legacy-15,356,1.0,1.0,1
0.70,Legacy-15,357,1.0,1.0,1
0.70,Legacy-15,358,1.0,1.0,1
0.70,Legacy-15,359,1.0,1.0,1
0.70,Legacy-15,360,1.0,1.0,1
0.70,Legacy-15,361,1.0,1.0,1
0.70,Legacy-15,362,1.0,1.0,1
0.70,Legacy-15,363,1.0,1.0,1
0.70,Legacy-15,364,1.0,1.0,1
0.70,Legacy-15,365,1.0,1.0,1
0.70,Legacy-15,366,1.0,1.0,1
0.70,Legacy-15,367,1.0,1.0,1
0.70,Legacy-15,368,1.0,1.0,1
0.70,Legacy-15,369,1.0,1.0,1
0.70,Legacy-15,370,1.0,1.0,1
0.70,Legacy-15,371,1.0,1.0,1
0.70,Legacy-15,372,1.0,1.0,1
0.70,Legacy-15,373,1.0,1.0,1
0.70,Legacy-15,374,1.0,1.0,1
0.70,Legacy-15,375,1.0,1.0,1
0.70,Legacy-15,376,1.0,1.0,1
0.70,Legacy-15,377,1.0,1.0,1
0.70,Legacy-15,378,1.0,1.0,1
0.70,Legacy-15,379,1.0,1.0,1
0.70,Legacy-15,380,1.0,1.0,1
0.70,Legacy-15,381,1.0,1.0,1
0.70,Legacy-15,382,1.0,1.0,1
0.70,Legacy-15,383,1.0,1.0,1
0.70,Legacy-15,384,1.0,1.0,1
0.70,Legacy-15,385,1.0,1.0,1
0.70,Legacy-15,386,1.0,1.0,1
0.70,Legacy-15,387,1.0,1.0,1
0.70,Legacy-15,388,1.0,1.0,1
0.70,Legacy-15,389,1.0,1.0,1
0.70,Legacy-15,390,1.0,1.0,1
0.70,Legacy-15,391,1.0,1.0,1
0.70,Legacy-15,392,1.0,1.0,1
0.70,Legacy-15,393,1.0,1.0,1
0.70,Legacy-15,394,1.0,1.0,1
0.70,Legacy-15,395,1.0,1.0,1
0.70,Legacy-15,396,1.0,1.0,1
0.70,Legacy-15,397,1.0,1.0,1
0.70,Legacy-15,398,1.0,1.0,1
0.70,Legacy-15,399,1.0,1.0,1
0.70,Legacy-15,400,1.0,1.0,1
0.70,Legacy-15,401,1.0,1.0,1
0.70,Legacy-15,402,1.0,1.0,1
0.70,Legacy-15,403,1.0,1.0,1
0.70,Legacy-15,404,1.0,1.0,1
0.70,Legacy-15,405,1.0,1.0,1
0.70,Legacy-15,406,1.0,1.0,1
0.70,Legacy-15,407,1.0,1.0,1
0.70,Legacy-15,408,1.0,1.0,1
0.70,Legacy-15,409,1.0,1.0,1
0.70,Legacy-15,410,1.0,1.0,1
0.70,Legacy-15,411,1.0,1.0,1
0.70,Legacy-15,412,1.0,1.0,1
0.70,Legacy-15,413,1.0,1.0,1
0.70,Legacy-15,414,1.0,1.0,1
0.70,Legacy-15,415,1.0,1.0,1
0.70,Legacy-15,416,1.0,1.0,1
0.70,Legacy-15,417,1.0,1.0,1
0.70,Legacy-15,418,1.0,1.0,1
0.70,Legacy-15,419,1.0,1.0,1
0.70,Legacy-15,420,1.0,1.0,1
0.70,Legacy-15,421,1.0,1.0,1
0.70,Legacy-15,422,1.0,1.0,1
0.70,Legacy-15,423,1.0,1.0,1
0.70,Legacy-15,424,1.0,1.0,1
0.70,Legacy-15,425,1.0,1.0,1
0.70,Legacy-15,426,1.0,1.0,1
0.70,Legacy-15,427,1.0,1.0,1
0.70,Legacy-15,428,1.0,1.0,1
0.70,Legacy-15,429,1.0,1.0,1
0.70,Legacy-15,430,1.0,1.0,1
0.70,Legacy-15,431,1.0,1.0,1
0.70,Legacy-15,432,1.0,1.0,1
0.70,Legacy-15,433,1.0,1.0,1
0.70,Legacy-15,434,1.0,1.0,1
0.70,Legacy-15,435,1.0,1.0,1
0.70,Legacy-15,436,1.0,1.0,1
0.70,Legacy-15,437,1.0,1.0,1
0.70,Legacy-15,438,1.0,1.0,1
0.70,Legacy-15,439,1.0,1.0,1
0.70,Legacy-15,440,1.0,1.0,1
0.70,Legacy-15,441,1.0,1.0,1
0.70,Legacy-15,442,1.0,1.0,1
0.70,Legacy-15,443,1.0,1.0,1
0.70,Legacy-15,444,1.0,1.0,1
0.70,Legacy-15,445,1.0,1.0,1
0.70,Legacy-15,446,1.0,1.0,1
0.70,Legacy-15,447,1.0,1.0,1
0.70,Legacy-15,448,1.0,1.0,1
0.70,Legacy-15,449,1.0,1.0,1
0.70,Legacy-15,450,1.0,1.0,1
0.70,Legacy-15,451,1.0,1.0,1
0.70,Legacy-15,452,1.0,1.0,1
0.70,Legacy-15,453,1.0,1.0,1
0.70,Legacy-15,454,1.0,1.0,1
0.70,Legacy-15,455,1.0,1.0,1
0.70,Legacy-15,456,1.0,1.0,1
0.70,Legacy-15,457,1.0,1.0,1
0.70,Legacy-15,458,1.0,1.0,1
0.70,Legacy-15,459,1.0,1.0,1
0.70,Legacy-15,460,1.0,1.0,1
0.70,Legacy-15,461,1.0,1.0,1
0.70,Legacy-15,462,1.0,1.0,1
0.70,Legacy-15,463,1.0,1.0,1
0.70,Legacy-15,464,1.0,1.0,1
0.70,Legacy-15,465,1.0,1.0,1
0.70,Legacy-15,466,1.0,1.0,1
0.70,Legacy-15,467,1.0,1.0,1
0.70,Legacy-15,468,1.0,1.0,1
0.70,Legacy-15,469,1.0,1.0,1
0.70,Legacy-15,470,1.0,1.0,1
0.70,Legacy-15,471,1.0,1.0,1
0.70,Legacy-15,472,1.0,1.0,1
0.70,Legacy-15,473,1.0,1.0,1
0.70,Legacy-15,474,1.0,1.0,1
0.70,Legacy-15,475,1.0,1.0,1
0.70,Legacy-15,476,1.0,1.0,1
0.70,Legacy-15,477,1.0,1.0,1
0.70,Legacy-15,478,1.0,1.0,1
0.70,Legacy-15,479,1.0,1.0,1
0.70,Legacy-15,480,1.0,1.0,1
0.70,Legacy-15,481,1.0,1.0,1
0.70,Legacy-15,482,1.0,1.0,1
0.70,Legacy-15,483,1.0,1.0,1
0.70,Legacy-15,484,1.0,1.0,1
0.70,Legacy-15,485,1.0,1.0,1
0.70,Legacy-15,486,1.0,1.0,1
0.70,Legacy-15,487,1.0,1.0,1
0.70,Legacy-15,488,1.0,1.0,1
0.70,Legacy-15,489,1.0,1.0,1
0.70,Legacy-15,490,1.0,1.0,1
0.70,Legacy-15,491,1.0,1.0,1
0.70,Legacy-15,492,1.0,1.0,1
0.70,Legacy-15,493,1.0,1.0,1
0.70,Legacy-15,494,1.0,1.0,1
0.70,Legacy-15,495,1.0,1.0,1
0.70,Legacy-15,496,1.0,1.0,1
0.70,Legacy-15,497,1.0,1.0,1
0.70,Legacy-15,498,1.0,1.0,1
0.70,Legacy-15,499,1.0,1.0,1
0.70,Legacy-15,500,1.0,1.0,1
0.70,Legacy-15,501,1.0,1.0,1
0.70,Legacy-15,502,1.0,1.0,1
0.70,Legacy-15,503,1.0,1.0,1
0.70,Legacy-15,504,1.0,1.0,1
0.70,Legacy-15,505,1.0,1.0,1
0.70,Legacy-15,506,1.0,1.0,1
0.70,Legacy-15,507,1.0,1.0,1
0.70,Legacy-15,508,1.0,1.0,1
0.70,Legacy-15,509,1.0,1.0,1
0.70,Legacy-15,510,1.0,1.0,1
0.70,Legacy-15,511,1.0,1.0,1
0.70,Legacy-15,512,1.0,1.0,1
0.70,Legacy-15,513,1.0,1.0,1
0.70,Legacy-15,514,1.0,1.0,1
0.70,Legacy-15,515,1.0,1.0,1
0.70,Legacy-15,516,1.0,1.0,1
0.70,Legacy-15,517,1.0,1.0,1
0.70,Legacy-15,518,1.0,1.0,1
0.70,Legacy-15,519,1.0,1.0,1
0.70,Legacy-15,520,1.0,1.0,1
0.70,Legacy-15,521,1.0,1.0,1
0.70,Legacy-15,522,1.0,1.0,1
0.70,Legacy-15,523,1.0,1.0,1
0.70,Legacy-15,524,1.0,1.0,1
0.70,Legacy-15,525,1.0,1.0,1
0.70,Legacy-15,526,1.0,1.0,1
0.70,Legacy-15,527,1.0,1.0,1
0.70,Legacy-15,528,1.0,1.0,1
0.70,Legacy-15,529,1.0,1.0,1
0.70,Legacy-15,530,1.0,1.0,1
0.70,Legacy-15,531,1.0,1.0,1
0.70,Legacy-15,532,1.0,1.0,1
0.70,Legacy-15,533,1.0,1.0,1
0.70,Legacy-15,534,1.0,1.0,1
0.70,Legacy-15,535,1.0,1.0,1
0.70,Legacy-15,536,1.0,1.0,1
0.70,Legacy-15,537,1.0,1.0,1
0.70,Legacy-15,538,1.0,1.0,1
0.70,Legacy-15,539,1.0,1.0,1
0.70,Legacy-15,540,1.0,1.0,1
0.70,Legacy-15,541,1.0,1.0,1
0.70,Legacy-15,542,1.0,1.0,1
0.70,Legacy-15,543,1.0,1.0,1
0.70,Legacy-15,544,1.0,1.0,1
0.70,Legacy-15,545,1.0,1.0,1
0.70,Legacy-15,546,1.0,1.0,1
0.70,Legacy-15,547,1.0,1.0,1
0.70,Legacy-15,548,1.0,1.0,1
0.70,Legacy-15,549,1.0,1.0,1
0.70,Legacy-15,550,1.0,1.0,1
0.70,Legacy-15,551,1.0,1.0,1
0.70,Legacy-15,552,1.0,1.0,1
0.70,Legacy-15,553,1.0,1.0,1
0.70,Legacy-15,554,1.0,1.0,1
0.70,Legacy-15,555,1.0,1.0,1
0.70,Legacy-15,556,1.0,1.0,1
0.70,Legacy-15,557,1.0,1.0,1
0.70,Legacy-15,558,1.0,1.0,1
0.70,Legacy-15,559,1.0,1.0,1
0.70,Legacy-15,560,1.0,1.0,1
0.70,Legacy-15,561,1.0,1.0,1
0.70,Legacy-15,562,1.0,1.0,1
0.70,Legacy-15,563,1.0,1.0,1
0.70,Legacy-15,564,1.0,1.0,1
0.70,Legacy-15,565,1.0,1.0,1
0.70,Legacy-15,566,1.0,1.0,1
0.70,Legacy-15,567,1.0,1.0,1
0.70,Legacy-15,568,1.0,1.0,1
0.70,Legacy-15,569,1.0,1.0,1
0.70,Legacy-15,570,1.0,1.0,1
0.70,Legacy-15,571,1.0,1.0,1
0.70,Legacy-15,572,1.0,1.0,1
0.70,Legacy-15,573,1.0,1.0,1
0.70,Legacy-15,574,1.0,1.0,1
0.70,Legacy-15,575,1.0,1.0,1
0.70,Legacy-15,576,1.0,1.0,1
0.70,Legacy-15,577,1.0,1.0,1
0.70,Legacy-15,578,1.0,1.0,1
0.70,Legacy-15,579,1.0,1.0,1
0.70,Legacy-15,580,1.0,1.0,1
0.70,Legacy-15,581,1.0,1.0,1
0.70,Legacy-15,582,1.0,1.0,1
0.70,Legacy-15,583,1.0,1.0,1
0.70,Legacy-15,584,1.0,1.0,1
0.70,Legacy-15,585,1.0,1.0,1
0.70,Legacy-15,586,1.0,1.0,1
0.70,Legacy-15,587,1.0,1.0,1
0.70,Legacy-15,588,1.0,1.0,1
0.70,Legacy-15,589,1.0,1.0,1
0.70,Legacy-15,590,1.0,1.0,1
0.70,Legacy-15,591,1.0,1.0,1
0.70,Legacy-15,592,1.0,1.0,1
0.70,Legacy-15,593,1.0,1.0,1
0.70,Legacy-15,594,1.0,1.0,1
0.70,Legacy-15,595,1.0,1.0,1
0.70,Legacy-15,596,1.0,1.0,1
0.70,Legacy-15,597,1.0,1.0,1
0.70,Legacy-15,598,1.0,1.0,1
0.70,Legacy-15,599,1.0,1.0,1
0.70,Legacy-15,600,1.0,1.0,1
0.70,Legacy-15,601,1.0,1.0,1
0.70,Legacy-15,602,1.0,1.0,1
0.70,Legacy-15,603,1.0,1.0,1
0.70,Legacy-15,604,1.0,1.0,1
0.70,Legacy-15,605,1.0,1.0,1
0.70,Legacy-15,606,1.0,1.0,1
0.70,Legacy-15,607,1.0,1.0,1
0.70,Legacy-15,608,1.0,1.0,1
0.70,Legacy-15,609,1.0,1.0,1
0.70,Legacy-15,610,1.0,1.0,1
0.70,Legacy-15,611,1.0,1.0,1
0.70,Legacy-15,612,1.0,1.0,1
0.70,Legacy-15,613,1.0,1.0,1
0.70,Legacy-15,614,1.0,1.0,1
0.70,Legacy-15,615,1.0,1.0,1
0.70,Legacy-15,616,1.0,1.0,1
0.70,Legacy-15,617,1.0,1.0,1
0.70,Legacy-15,618,1.0,1.0,1
0.70,Legacy-15,619,1.0,1.0,1
0.70,Legacy-15,620,1.0,1.0,1
0.70,Legacy-15,621,1.0,1.0,1
0.70,Legacy-15,622,1.0,1.0,1
0.70,Legacy-15,623,1.0,1.0,1
0.70,Legacy-15,624,1.0,1.0,1
0.70,Legacy-15,625,1.0,1.0,1
0.70,Legacy-15,626,1.0,1.0,1
0.70,Legacy-15,627,1.0,1.0,1
0.70,Legacy-15,628,1.0,1.0,1
0.70,Legacy-15,629,1.0,1.0,1
0.70,Legacy-15,630,1.0,1.0,1
0.70,Legacy-15,631,1.0,1.0,1
0.70,Legacy-15,632,1.0,1.0,1
0.70,Legacy-15,633,1.0,1.0,1
0.70,Legacy-15,634,1.0,1.0,1
0.70,Legacy-15,635,1.0,1.0,1
0.70,Legacy-15,636,1.0,1.0,1
0.70,Legacy-15,637,1.0,1.0,1
0.70,Legacy-15,638,1.0,1.0,1
0.70,Legacy-15,639,1.0,1.0,1
0.70,Legacy-15,640,1.0,1.0,1
0.70,Legacy-15,641,1.0,1.0,1
0.70,Legacy-15,642,1.0,1.0,1
0.70,Legacy-15,643,1.0,1.0,1
0.70,Legacy-15,644,1.0,1.0,1
0.70,Legacy-15,645,1.0,1.0,1
0.70,Legacy-15,646,1.0,1.0,1
0.70,Legacy-15,647,1.0,1.0,1
0.70,Legacy-15,648,1.0,1.0,1
0.70,Legacy-15,649,1.0,1.0,1
0.70,Legacy-15,650,1.0,1.0,1
0.70,Legacy-15,651,1.0,1.0,1
0.70,Legacy-15,652,1.0,1.0,1
0.70,Legacy-15,653,1.0,1.0,1
0.70,Legacy-15,654,1.0,1.0,1
0.70,Legacy-15,655,1.0,1.0,1
0.70,Legacy-15,656,1.0,1.0,1
0.70,Legacy-15,657,1.0,1.0,1
0.70,Legacy-15,658,1.0,1.0,1
0.70,Legacy-15,659,1.0,1.0,1
0.70,Legacy-15,660,1.0,1.0,1
0.70,Legacy-15,661,1.0,1.0,1
0.70,Legacy-15,662,1.0,1.0,1
0.70,Legacy-15,663,1.0,1.0,1
0.70,Legacy-15,664,1.0,1.0,1
0.70,Legacy-15,665,1.0,1.0,1
0.70,Legacy-15,666,1.0,1.0,1
0.70,Legacy-15,667,1.0,1.0,1
0.70,Legacy-15,668,1.0,1.0,1
0.70,Legacy-15,669,1.0,1.0,1
0.70,Legacy-15,670,1.0,1.0,1
0.70,Legacy-15,671,1.0,1.0,1
0.70,Legacy-15,672,1.0,1.0,1
0.70,Legacy-15,673,1.0,1.0,1
0.70,Legacy-15,674,1.0,1.0,1
0.70,Legacy-15,675,1.0,1.0,1
0.70,Legacy-15,676,1.0,1.0,1
0.70,Legacy-15,677,1.0,1.0,1
0.70,Legacy-15,678,1.0,1.0,1
0.70,Legacy-15,679,1.0,1.0,1
0.70,Legacy-15,680,1.0,1.0,1
0.70,Legacy-15,681,1.0,1.0,1
0.70,Legacy-15,682,1.0,1.0,1
0.70,Legacy-15,683,1.0,1.0,1
0.70,Legacy-15,684,1.0,1.0,1
0.70,Legacy-15,685,1.0,1.0,1
0.70,Legacy-15,686,1.0,1.0,1
0.70,Legacy-15,687,1.0,1.0,1
0.70,Legacy-15,688,1.0,1.0,1
0.70,Legacy-15,689,1.0,1.0,1
0.70,Legacy-15,690,1.0,1.0,1
0.70,Legacy-15,691,1.0,1.0,1
0.70,Legacy-15,692,1.0,1.0,1
0.70,Legacy-15,693,1.0,1.0,1
0.70,Legacy-15,694,1.0,1.0,1
0.70,Legacy-15,695,1.0,1.0,1
0.70,Legacy-15,696,1.0,1.0,1
0.70,Legacy-15,697,1.0,1.0,1
0.70,Legacy-15,698,1.0,1.0,1
0.70,Legacy-15,699,1.0,1.0,1
0.70,Legacy-15,700,1.0,1.0,1
0.70,Legacy-15,701,1.0,1.0,1
0.70,Legacy-15,702,1.0,1.0,1
0.70,Legacy-15,703,1.0,1.0,1
0.70,Legacy-15,704,1.0,1.0,1
0.70,Legacy-15,705,1.0,1.0,1
0.70,Legacy-15,706,1.0,1.0,1
0.70,Legacy-15,707,1.0,1.0,1
0.70,Legacy-15,708,1.0,1.0,1
0.70,Legacy-15,709,1.0,1.0,1
0.70,Legacy-15,710,1.0,1.0,1
0.70,Legacy-15,711,1.0,1.0,1
0.70,Legacy-15,712,1.0,1.0,1
0.70,Legacy-15,713,1.0,1.0,1
0.70,Legacy-15,714,1.0,1.0,1
0.70,Legacy-15,715,1.0,1.0,1
0.70,Legacy-15,716,1.0,1.0,1
0.70,Legacy-15,717,1.0,1.0,1
0.70,Legacy-15,718,1.0,1.0,1
0.70,Legacy-15,719,1.0,1.0,1
0.70,Legacy-15,720,1.0,1.0,1
0.70,Legacy-15,721,1.0,1.0,1
0.70,Legacy-15,722,1.0,1.0,1
0.70,Legacy-15,723,1.0,1.0,1
0.70,Legacy-15,724,1.0,1.0,1
0.70,Legacy-15,725,1.0,1.0,1
0.70,Legacy-15,726,1.0,1.0,1
0.70,Legacy-15,727,1.0,1.0,1
0.70,Legacy-15,728,1.0,1.0,1
0.70,Legacy-15,729,1.0,1.0,1
0.70,Legacy-15,730,1.0,1.0,1
0.70,Legacy-15,731,1.0,1.0,1
0.70,Legacy-15,732,1.0,1.0,1
0.70,Legacy-15,733,1.0,1.0,1
0.70,Legacy-15,734,1.0,1.0,1
0.70,Legacy-15,735,1.0,1.0,1
0.70,Legacy-15,736,1.0,1.0,1
0.70,Legacy-15,737,1.0,1.0,1
0.70,Legacy-15,738,1.0,1.0,1
0.70,Legacy-15,739,1.0,1.0,1
0.70,Legacy-15,740,1.0,1.0,1
0.70,Legacy-15,741,1.0,1.0,1
0.70,Legacy-15,742,1.0,1.0,1
0.70,Legacy-15,743,1.0,1.0,1
0.70,Legacy-15,744,1.0,1.0,1
0.70,Legacy-15,745,1.0,1.0,1
0.70,Legacy-15,746,1.0,1.0,1
0.70,Legacy-15,747,1.0,1.0,1
0.70,Legacy-15,748,1.0,1.0,1
0.70,Legacy-15,749,1.0,1.0,1
0.70,Legacy-15,750,1.0,1.0,1
0.70,Legacy-15,751,1.0,1.0,1
0.70,Legacy-15,752,1.0,1.0,1
0.70,Legacy-15,753,1.0,1.0,1
0.70,Legacy-15,754,1.0,1.0,1
0.70,Legacy-15,755,1.0,1.0,1
0.70,Legacy-15,756,1.0,1.0,1
0.70,Legacy-15,757,1.0,1.0,1
0.70,Legacy-15,758,1.0,1.0,1
0.70,Legacy-15,759,1.0,1.0,1
0.70,Legacy-15,760,1.0,1.0,1
0.70,Legacy-15,761,1.0,1.0,1
0.70,Legacy-15,762,1.0,1.0,1
0.70,Legacy-15,763,1.0,1.0,1
0.70,Legacy-15,764,1.0,1.0,1
0.70,Legacy-15,765,1.0,1.0,1
0.70,Legacy-15,766,1.0,1.0,1
0.70,Legacy-15,767,1.0,1.0,1
0.70,Legacy-15,768,1.0,1.0,1
0.70,Legacy-15,769,1.0,1.0,1
0.70,Legacy-15,770,1.0,1.0,1
0.70,Legacy-15,771,1.0,1.0,1
0.70,Legacy-15,772,1.0,1.0,1
0.70,Legacy-15,773,1.0,1.0,1
0.70,Legacy-15,774,1.0,1.0,1
0.70,Legacy-15,775,1.0,1.0,1
0.70,Legacy-15,776,1.0,1.0,1
0.70,Legacy-15,777,1.0,1.0,1
0.70,Legacy-15,778,1.0,1.0,1
0.70,Legacy-15,779,1.0,1.0,1
0.70,Legacy-15,780,1.0,1.0,1
0.70,Legacy-15,781,1.0,1.0,1
0.70,Legacy-15,782,1.0,1.0,1
0.70,Legacy-15,783,1.0,1.0,1
0.70,Legacy-15,784,1.0,1.0,1
0.70,Legacy-15,785,1.0,1.0,1
0.70,Legacy-15,786,1.0,1.0,1
0.70,Legacy-15,787,1.0,1.0,1
0.70,Legacy-15,788,1.0,1.0,1
0.70,Legacy-15,789,1.0,1.0,1
0.70,Legacy-15,790,1.0,1.0,1
0.70,Legacy-15,791,1.0,1.0,1
0.70,Legacy-15,792,1.0,1.0,1
0.70,Legacy-15,793,1.0,1.0,1
0.70,Legacy-15,794,1.0,1.0,1
0.70,Legacy-15,795,1.0,1.0,1
0.70,Legacy-15,796,1.0,1.0,1
0.70,Legacy-15,797,1.0,1.0,1
0.70,Legacy-15,798,1.0,1.0,1
0.70,Legacy-15,799,1.0,1.0,1
0.70,Legacy-15,800,1.0,1.0,1
0.70,Legacy-15,801,1.0,1.0,1
0.70,Legacy-15,802,1.0,1.0,1
0.70,Legacy-15,803,1.0,1.0,1
0.70,Legacy-15,804,1.0,1.0,1
0.70,Legacy-15,805,1.0,1.0,1
0.70,Legacy-15,806,1.0,1.0,1
0.70,Legacy-15,807,1.0,1.0,1
0.70,Legacy-15,808,1.0,1.0,1
0.70,Legacy-15,809,1.0,1.0,1
0.70,Legacy-15,810,1.0,1.0,1
0.70,Legacy-15,811,1.0,1.0,1
0.70,Legacy-15,812,1.0,1.0,1
0.70,Legacy-15,813,1.0,1.0,1
0.70,Legacy-15,814,1.0,1.0,1
0.70,Legacy-15,815,1.0,1.0,1
0.70,Legacy-15,816,1.0,1.0,1
0.70,Legacy-15,817,1.0,1.0,1
0.70,Legacy-15,818,1.0,1.0,1
0.70,Legacy-15,819,1.0,1.0,1
0.70,Legacy-15,820,1.0,1.0,1
0.70,Legacy-15,821,1.0,1.0,1
0.70,Legacy-15,822,1.0,1.0,1
0.70,Legacy-15,823,1.0,1.0,1
0.70,Legacy-15,824,1.0,1.0,1
0.70,Legacy-15,825,1.0,1.0,1
0.70,Legacy-15,826,1.0,1.0,1
0.70,Legacy-15,827,1.0,1.0,1
0.70,Legacy-15,828,1.0,1.0,1
0.70,Legacy-15,829,1.0,1.0,1
0.70,Legacy-15,830,1.0,1.0,1
0.70,Legacy-15,831,1.0,1.0,1
0.70,Legacy-15,832,1.0,1.0,1
0.70,Legacy-15,833,1.0,1.0,1
0.70,Legacy-15,834,1.0,1.0,1
0.70,Legacy-15,835,1.0,1.0,1
0.70,Legacy-15,836,1.0,1.0,1
0.70,Legacy-15,837,1.0,1.0,1
0.70,Legacy-15,838,1.0,1.0,1
0.70,Legacy-15,839,1.0,1.0,1
0.70,Legacy-15,840,1.0,1.0,1
0.70,Legacy-15,841,1.0,1.0,1
0.70,Legacy-15,842,1.0,1.0,1
0.70,Legacy-15,843,1.0,1.0,1
0.70,Legacy-15,844,1.0,1.0,1
0.70,Legacy-15,845,1.0,1.0,1
0.70,Legacy-15,846,1.0,1.0,1
0.70,Legacy-15,847,1.0,1.0,1
0.70,Legacy-15,848,1.0,1.0,1
0.70,Legacy-15,849,1.0,1.0,1
0.70,Legacy-15,850,1.0,1.0,1
0.70,Legacy-15,851,1.0,1.0,1
0.70,Legacy-15,852,1.0,1.0,1
0.70,Legacy-15,853,1.0,1.0,1
0.70,Legacy-15,854,1.0,1.0,1
0.70,Legacy-15,855,1.0,1.0,1
0.70,Legacy-15,856,1.0,1.0,1
0.70,Legacy-15,857,1.0,1.0,1
0.70,Legacy-15,858,1.0,1.0,1
0.70,Legacy-15,859,1.0,1.0,1
0.70,Legacy-15,860,1.0,1.0,1
0.70,Legacy-15,861,1.0,1.0,1
0.70,Legacy-15,862,1.0,1.0,1
0.70,Legacy-15,863,1.0,1.0,1
0.70,Legacy-15,864,1.0,1.0,1
0.70,Legacy-15,865,1.0,1.0,1
0.70,Legacy-15,866,1.0,1.0,1
0.70,Legacy-15,867,1.0,1.0,1
0.70,Legacy-15,868,1.0,1.0,1
0.70,Legacy-15,869,1.0,1.0,1
0.70,Legacy-15,870,1.0,1.0,1
0.70,Legacy-15,871,1.0,1.0,1
0.70,Legacy-15,872,1.0,1.0,1
0.70,Legacy-15,873,1.0,1.0,1
0.70,Legacy-15,874,1.0,1.0,1
0.70,Legacy-15,875,1.0,1.0,1
0.70,Legacy-15,876,1.0,1.0,1
0.70,Legacy-15,877,1.0,1.0,1
0.70,Legacy-15,878,1.0,1.0,1
0.70,Legacy-15,879,1.0,1.0,1
0.70,Legacy-15,880,1.0,1.0,1
0.70,Legacy-15,881,1.0,1.0,1
0.70,Legacy-15,882,1.0,1.0,1
0.70,Legacy-15,883,1.0,1.0,1
0.70,Legacy-15,884,1.0,1.0,1
0.70,Legacy-15,885,1.0,1.0,1
0.70,Legacy-15,886,1.0,1.0,1
0.70,Legacy-15,887,1.0,1.0,1
0.70,Legacy-15,888,1.0,1.0,1
0.70,Legacy-15,889,1.0,1.0,1
0.70,Legacy-15,890,1.0,1.0,1
0.70,Legacy-15,891,1.0,1.0,1
0.70,Legacy-15,892,1.0,1.0,1
0.70,Legacy-15,893,1.0,1.0,1
0.70,Legacy-15,894,1.0,1.0,1
0.70,Legacy-15,895,1.0,1.0,1
0.70,Legacy-15,896,1.0,1.0,1
0.70,Legacy-15,897,1.0,1.0,1
0.70,Legacy-15,898,1.0,1.0,1
0.70,Legacy-15,899,1.0,1.0,1
0.70,Legacy-15,900,1.0,1.0,1
0.70,Legacy-15,901,1.0,1.0,1
0.70,Legacy-15,902,1.0,1.0,1
0.70,Legacy-15,903,1.0,1.0,1
0.70,Legacy-15,904,1.0,1.0,1
0.70,Legacy-15,905,1.0,1.0,1
0.70,Legacy-15,906,1.0,1.0,1
0.70,Legacy-15,907,1.0,1.0,1
0.70,Legacy-15,908,1.0,1.0,1
0.70,Legacy-15,909,1.0,1.0,1
0.70,Legacy-15,910,1.0,1.0,1
0.70,Legacy-15,911,1.0,1.0,1
0.70,Legacy-15,912,1.0,1.0,1
0.70,Legacy-15,913,1.0,1.0,1
0.70,Legacy-15,914,1.0,1.0,1
0.70,Legacy-15,915,1.0,1.0,1
0.70,Legacy-15,916,1.0,1.0,1
0.70,Legacy-15,917,1.0,1.0,1
0.70,Legacy-15,918,1.0,1.0,1
0.70,Legacy-15,919,1.0,1.0,1
0.70,Legacy-15,920,1.0,1.0,1
0.70,Legacy-15,921,1.0,1.0,1
0.70,Legacy-15,922,1.0,1.0,1
0.70,Legacy-15,923,1.0,1.0,1
0.70,Legacy-15,924,1.0,1.0,1
0.70,Legacy-15,925,1.0,1.0,1
0.70,Legacy-15,926,1.0,1.0,1
0.70,Legacy-15,927,1.0,1.0,1
0.70,Legacy-15,928,1.0,1.0,1
0.70,Legacy-15,929,1.0,1.0,1
0.70,Legacy-15,930,1.0,1.0,1
0.70,Legacy-15,931,1.0,1.0,1
0.70,Legacy-15,932,1.0,1.0,1
0.70,Legacy-15,933,1.0,1.0,1
0.70,Legacy-15,934,1.0,1.0,1
0.70,Legacy-15,935,1.0,1.0,1
0.70,Legacy-15,936,1.0,1.0,1
0.70,Legacy-15,937,1.0,1.0,1
0.70,Legacy-15,938,1.0,1.0,1
0.70,Legacy-15,939,1.0,1.0,1
0.70,Fast-CB,0,0.0,0,0.0
0.70,Fast-CB,1,0.24926256502601038,0.2403328324414921,0.25819229761052864
0.70,Fast-CB,2,0.2496126050420168,0.24072079061914398,0.2585044194648896
0.70,Fast-CB,3,0.6647829331732693,0.6550215943478447,0.6745442719986939
0.70,Fast-CB,4,0.6659329331732693,0.6559492252927084,0.6759166410538302
0.70,Fast-CB,5,0.9008447178871549,0.8950659990016258,0.9066234367726841
0.70,Fast-CB,6,0.9014947579031612,0.8956794960421273,0.9073100197641952
0.70,Fast-CB,7,0.9803489395758305,0.9773022301039572,0.9833956490477037
0.70,Fast-CB,8,0.9805989395758304,0.9776450075710765,0.9835528715805844
0.70,Fast-CB,9,0.9853490796318527,0.9825850532624648,0.9881131060012406
0.70,Fast-CB,10,0.9853990796318528,0.9826346787504069,0.9881634805132987
0.70,Fast-CB,11,0.9930994797919168,0.9908325315200304,0.9953664280638033
0.70,Fast-CB,12,0.9931494797919167,0.9909418787754963,0.9953570808083371
0.70,Fast-CB,13,0.9974497999199681,0.9966716365466036,0.9982279632933325
0.70,Fast-CB,14,0.9974497999199681,0.9966716365466036,0.9982279632933325
0.70,Fast-CB,15,0.9993999399759904,0.9990423619041741,0.9997575180478068
0.70,Fast-CB,16,0.9994499399759904,0.9990951584567829,0.999804721495198
0.70,Fast-CB,17,0.9996499599839936,0.999273380751496,1
0.70,Fast-CB,18,0.9996499599839936,0.999273380751496,1
0.70,Fast-CB,19,0.9998,0.9994425024164424,1
0.70,Fast-CB,20,0.9998,0.9994425024164424,1
0.70,Fast-CB,21,0.99995,0.9998317687874501,1
0.70,Fast-CB,22,0.99995,0.9998317687874501,1
0.70,Fast-CB,23,0.99995,0.9998317687874501,1
0.70,Fast-CB,24,0.99995,0.9998317687874501,1
0.70,Fast-CB,25,0.99995,0.9998317687874501,1
0.70,Fast-CB,26,0.99995,0.9998317687874501,1
0.70,Fast-CB,27,0.99995,0.9998317687874501,1
0.70,Fast-CB,28,0.99995,0.9998317687874501,1
0.70,Fast-CB,29,0.99995,0.9998317687874501,1
0.70,Fast-CB,30,1.0,1.0,1
0.70,Fast-CB,31,1.0,1.0,1
0.70,Fast-CB,32,1.0,1.0,1
0.70,Fast-CB,33,1.0,1.0,1
0.70,Fast-CB,34,1.0,1.0,1
0.70,Fast-CB,35,1.0,1.0,1
0.70,Fast-CB,36,1.0,1.0,1
0.70,Fast-CB,37,1.0,1.0,1
0.70,Fast-CB,38,1.0,1.0,1
0.70,Fast-CB,39,1.0,1.0,1
0.70,Fast-CB,40,1.0,1.0,1
0.70,Fast-CB,41,1.0,1.0,1
0.70,Fast-CB,42,1.0,1.0,1
0.70,Fast-CB,43,1.0,1.0,1
0.70,Fast-CB,44,1.0,1.0,1
0.70,Fast-CB,45,1.0,1.0,1
0.70,Fast-CB,46,1.0,1.0,1
0.70,Fast-CB,47,1.0,1.0,1
0.70,Fast-CB,48,1.0,1.0,1
0.70,Fast-CB,49,1.0,1.0,1
0.70,Fast-CB,50,1.0,1.0,1
0.70,Fast-CB,51,1.0,1.0,1
0.70,Fast-CB,52,1.0,1.0,1
0.70,Fast-CB,53,1.0,1.0,1
0.70,Fast-CB,54,1.0,1.0,1
0.70,Fast-CB,55,1.0,1.0,1
0.70,Fast-CB,56,1.0,1.0,1
0.70,Fast-CB,57,1.0,1.0,1
0.70,Fast-CB,58,1.0,1.0,1
0.70,Fast-CB,59,1.0,1.0,1
0.70,Fast-CB,60,1.0,1.0,1
0.70,Fast-CB,61,1.0,1.0,1
0.70,Fast-CB,62,1.0,1.0,1
0.70,Fast-CB,63,1.0,1.0,1
0.70,Fast-CB,64,1.0,1.0,1
0.70,Fast-CB,65,1.0,1.0,1
0.70,Fast-CB,66,1.0,1.0,1
0.70,Fast-CB,67,1.0,1.0,1
0.70,Fast-CB,68,1.0,1.0,1
0.70,Fast-CB,69,1.0,1.0,1
0.70,Fast-CB,70,1.0,1.0,1
0.70,Fast-CB,71,1.0,1.0,1
0.70,Fast-CB,72,1.0,1.0,1
0.70,Fast-CB,73,1.0,1.0,1
0.70,Fast-CB,74,1.0,1.0,1
0.70,Fast-CB,75,1.0,1.0,1
0.70,Fast-CB,76,1.0,1.0,1
0.70,Fast-CB,77,1.0,1.0,1
0.70,Fast-CB,78,1.0,1.0,1
0.70,Fast-CB,79,1.0,1.0,1
0.70,Fast-CB,80,1.0,1.0,1
0.70,Fast-CB,81,1.0,1.0,1
0.70,Fast-CB,82,1.0,1.0,1
0.70,Fast-CB,83,1.0,1.0,1
0.70,Fast-CB,84,1.0,1.0,1
0.70,Fast-CB,85,1.0,1.0,1
0.70,Fast-CB,86,1.0,1.0,1
0.70,Fast-CB,87,1.0,1.0,1
0.70,Fast-CB,88,1.0,1.0,1
0.70,Fast-CB,89,1.0,1.0,1
0.70,Fast-CB,90,1.0,1.0,1
0.70,Fast-CB,91,1.0,1.0,1
0.70,Fast-CB,92,1.0,1.0,1
0.70,Fast-CB,93,1.0,1.0,1
0.70,Fast-CB,94,1.0,1.0,1
0.70,Fast-CB,95,1.0,1.0,1
0.70,Fast-CB,96,1.0,1.0,1
0.70,Fast-CB,97,1.0,1.0,1
0.70,Fast-CB,98,1.0,1.0,1
0.70,Fast-CB,99,1.0,1.0,1
0.70,Fast-CB,100,1.0,1.0,1
0.70,Fast-CB,101,1.0,1.0,1
0.70,Fast-CB,102,1.0,1.0,1
0.70,Fast-CB,103,1.0,1.0,1
0.70,Fast-CB,104,1.0,1.0,1
0.70,Fast-CB,105,1.0,1.0,1
0.70,Fast-CB,106,1.0,1.0,1
0.70,Fast-CB,107,1.0,1.0,1
0.70,Fast-CB,108,1.0,1.0,1
0.70,Fast-CB,109,1.0,1.0,1
0.70,Fast-CB,110,1.0,1.0,1
0.70,Fast-CB,111,1.0,1.0,1
0.70,Fast-CB,112,1.0,1.0,1
0.70,Fast-CB,113,1.0,1.0,1
0.70,Fast-CB,114,1.0,1.0,1
0.70,Fast-CB,115,1.0,1.0,1
0.70,Fast-CB,116,1.0,1.0,1
0.70,Fast-CB,117,1.0,1.0,1
0.70,Fast-CB,118,1.0,1.0,1
0.70,Fast-CB,119,1.0,1.0,1
0.70,Fast-CB,120,1.0,1.0,1
0.70,Fast-CB,121,1.0,1.0,1
0.70,Fast-CB,122,1.0,1.0,1
0.70,Fast-CB,123,1.0,1.0,1
0.70,Fast-CB,124,1.0,1.0,1
0.70,Fast-CB,125,1.0,1.0,1
0.70,Fast-CB,126,1.0,1.0,1
0.70,Fast-CB,127,1.0,1.0,1
0.70,Fast-CB,128,1.0,1.0,1
0.70,Fast-CB,129,1.0,1.0,1
0.70,Fast-CB,130,1.0,1.0,1
0.70,Fast-CB,131,1.0,1.0,1
0.70,Fast-CB,132,1.0,1.0,1
0.70,Fast-CB,133,1.0,1.0,1
0.70,Fast-CB,134,1.0,1.0,1
0.70,Fast-CB,135,1.0,1.0,1
0.70,Fast-CB,136,1.0,1.0,1
0.70,Fast-CB,137,1.0,1.0,1
0.70,Fast-CB,138,1.0,1.0,1
0.70,Fast-CB,139,1.0,1.0,1
0.70,Fast-CB,140,1.0,1.0,1
0.70,Fast-CB,141,1.0,1.0,1
0.70,Fast-CB,142,1.0,1.0,1
0.70,Fast-CB,143,1.0,1.0,1
0.70,Fast-CB,144,1.0,1.0,1
0.70,Fast-CB,145,1.0,1.0,1
0.70,Fast-CB,146,1.0,1.0,1
0.70,Fast-CB,147,1.0,1.0,1
0.70,Fast-CB,148,1.0,1.0,1
0.70,Fast-CB,149,1.0,1.0,1
0.70,Fast-CB,150,1.0,1.0,1
0.70,Fast-CB,151,1.0,1.0,1
0.70,Fast-CB,152,1.0,1.0,1
0.70,Fast-CB,153,1.0,1.0,1
0.70,Fast-CB,154,1.0,1.0,1
0.70,Fast-CB,155,1.0,1.0,1
0.70,Fast-CB,156,1.0,1.0,1
0.70,Fast-CB,157,1.0,1.0,1
0.70,Fast-CB,158,1.0,1.0,1
0.70,Fast-CB,159,1.0,1.0,1
0.70,Fast-CB,160,1.0,1.0,1
0.70,Fast-CB,161,1.0,1.0,1
0.70,Fast-CB,162,1.0,1.0,1
0.70,Fast-CB,163,1.0,1.0,1
0.70,Fast-CB,164,1.0,1.0,1
0.70,Fast-CB,165,1.0,1.0,1
0.70,Fast-CB,166,1.0,1.0,1
0.70,Fast-CB,167,1.0,1.0,1
0.70,Fast-CB,168,1.0,1.0,1
0.70,Fast-CB,169,1.0,1.0,1
0.70,Fast-CB,170,1.0,1.0,1
0.70,Fast-CB,171,1.0,1.0,1
0.70,Fast-CB,172,1.0,1.0,1
0.70,Fast-CB,173,1.0,1.0,1
0.70,Fast-CB,174,1.0,1.0,1
0.70,Fast-CB,175,1.0,1.0,1
0.70,Fast-CB,176,1.0,1.0,1
0.70,Fast-CB,177,1.0,1.0,1
0.70,Fast-CB,178,1.0,1.0,1
0.70,Fast-CB,179,1.0,1.0,1
0.70,Fast-CB,180,1.0,1.0,1
0.70,Fast-CB,181,1.0,1.0,1
0.70,Fast-CB,182,1.0,1.0,1
0.70,Fast-CB,183,1.0,1.0,1
0.70,Fast-CB,184,1.0,1.0,1
0.70,Fast-CB,185,1.0,1.0,1
0.70,Fast-CB,186,1.0,1.0,1
0.70,Fast-CB,187,1.0,1.0,1
0.70,Fast-CB,188,1.0,1.0,1
0.70,Fast-CB,189,1.0,1.0,1
0.70,Fast-CB,190,1.0,1.0,1
0.70,Fast-CB,191,1.0,1.0,1
0.70,Fast-CB,192,1.0,1.0,1
0.70,Fast-CB,193,1.0,1.0,1
0.70,Fast-CB,194,1.0,1.0,1
0.70,Fast-CB,195,1.0,1.0,1
0.70,Fast-CB,196,1.0,1.0,1
0.70,Fast-CB,197,1.0,1.0,1
0.70,Fast-CB,198,1.0,1.0,1
0.70,Fast-CB,199,1.0,1.0,1
0.70,Fast-CB,200,1.0,1.0,1
0.70,Fast-CB,201,1.0,1.0,1
0.70,Fast-CB,202,1.0,1.0,1
0.70,Fast-CB,203,1.0,1.0,1
0.70,Fast-CB,204,1.0,1.0,1
0.70,Fast-CB,205,1.0,1.0,1
0.70,Fast-CB,206,1.0,1.0,1
0.70,Fast-CB,207,1.0,1.0,1
0.70,Fast-CB,208,1.0,1.0,1
0.70,Fast-CB,209,1.0,1.0,1
0.70,Fast-CB,210,1.0,1.0,1
0.70,Fast-CB,211,1.0,1.0,1
0.70,Fast-CB,212,1.0,1.0,1
0.70,Fast-CB,213,1.0,1.0,1
0.70,Fast-CB,214,1.0,1.0,1
0.70,Fast-CB,215,1.0,1.0,1
0.70,Fast-CB,216,1.0,1.0,1
0.70,Fast-CB,217,1.0,1.0,1
0.70,Fast-CB,218,1.0,1.0,1
0.70,Fast-CB,219,1.0,1.0,1
0.70,Fast-CB,220,1.0,1.0,1
0.70,Fast-CB,221,1.0,1.0,1
0.70,Fast-CB,222,1.0,1.0,1
0.70,Fast-CB,223,1.0,1.0,1
0.70,Fast-CB,224,1.0,1.0,1
0.70,Fast-CB,225,1.0,1.0,1
0.70,Fast-CB,226,1.0,1.0,1
0.70,Fast-CB,227,1.0,1.0,1
0.70,Fast-CB,228,1.0,1.0,1
0.70,Fast-CB,229,1.0,1.0,1
0.70,Fast-CB,230,1.0,1.0,1
0.70,Fast-CB,231,1.0,1.0,1
0.70,Fast-CB,232,1.0,1.0,1
0.70,Fast-CB,233,1.0,1.0,1
0.70,Fast-CB,234,1.0,1.0,1
0.70,Fast-CB,235,1.0,1.0,1
0.70,Fast-CB,236,1.0,1.0,1
0.70,Fast-CB,237,1.0,1.0,1
0.70,Fast-CB,238,1.0,1.0,1
0.70,Fast-CB,239,1.0,1.0,1
0.70,Fast-CB,240,1.0,1.0,1
0.70,Fast-CB,241,1.0,1.0,1
0.70,Fast-CB,242,1.0,1.0,1
0.70,Fast-CB,243,1.0,1.0,1
0.70,Fast-CB,244,1.0,1.0,1
0.70,Fast-CB,245,1.0,1.0,1
0.70,Fast-CB,246,1.0,1.0,1
0.70,Fast-CB,247,1.0,1.0,1
0.70,Fast-CB,248,1.0,1.0,1
0.70,Fast-CB,249,1.0,1.0,1
0.70,Fast-CB,250,1.0,1.0,1
0.70,Fast-CB,251,1.0,1.0,1
0.70,Fast-CB,252,1.0,1.0,1
0.70,Fast-CB,253,1.0,1.0,1
0.70,Fast-CB,254,1.0,1.0,1
0.70,Fast-CB,255,1.0,1.0,1
0.70,Fast-CB,256,1.0,1.0,1
0.70,Fast-CB,257,1.0,1.0,1
0.70,Fast-CB,258,1.0,1.0,1
0.70,Fast-CB,259,1.0,1.0,1
0.70,Fast-CB,260,1.0,1.0,1
0.70,Fast-CB,261,1.0,1.0,1
0.70,Fast-CB,262,1.0,1.0,1
0.70,Fast-CB,263,1.0,1.0,1
0.70,Fast-CB,264,1.0,1.0,1
0.70,Fast-CB,265,1.0,1.0,1
0.70,Fast-CB,266,1.0,1.0,1
0.70,Fast-CB,267,1.0,1.0,1
0.70,Fast-CB,268,1.0,1.0,1
0.70,Fast-CB,269,1.0,1.0,1
0.70,Fast-CB,270,1.0,1.0,1
0.70,Fast-CB,271,1.0,1.0,1
0.70,Fast-CB,272,1.0,1.0,1
0.70,Fast-CB,273,1.0,1.0,1
0.70,Fast-CB,274,1.0,1.0,1
0.70,Fast-CB,275,1.0,1.0,1
0.70,Fast-CB,276,1.0,1.0,1
0.70,Fast-CB,277,1.0,1.0,1
0.70,Fast-CB,278,1.0,1.0,1
0.70,Fast-CB,279,1.0,1.0,1
0.70,Fast-CB,280,1.0,1.0,1
0.70,Fast-CB,281,1.0,1.0,1
0.70,Fast-CB,282,1.0,1.0,1
0.70,Fast-CB,283,1.0,1.0,1
0.70,Fast-CB,284,1.0,1.0,1
0.70,Fast-CB,285,1.0,1.0,1
0.70,Fast-CB,286,1.0,1.0,1
0.70,Fast-CB,287,1.0,1.0,1
0.70,Fast-CB,288,1.0,1.0,1
0.70,Fast-CB,289,1.0,1.0,1
0.70,Fast-CB,290,1.0,1.0,1
0.70,Fast-CB,291,1.0,1.0,1
0.70,Fast-CB,292,1.0,1.0,1
0.70,Fast-CB,293,1.0,1.0,1
0.70,Fast-CB,294,1.0,1.0,1
0.70,Fast-CB,295,1.0,1.0,1
0.70,Fast-CB,296,1.0,1.0,1
0.70,Fast-CB,297,1.0,1.0,1
0.70,Fast-CB,298,1.0,1.0,1
0.70,Fast-CB,299,1.0,1.0,1
0.70,Fast-CB,300,1.0,1.0,1
0.70,Fast-CB,301,1.0,1.0,1
0.70,Fast-CB,302,1.0,1.0,1
0.70,Fast-CB,303,1.0,1.0,1
0.70,Fast-CB,304,1.0,1.0,1
0.70,Fast-CB,305,1.0,1.0,1
0.70,Fast-CB,306,1.0,1.0,1
0.70,Fast-CB,307,1.0,1.0,1
0.70,Fast-CB,308,1.0,1.0,1
0.70,Fast-CB,309,1.0,1.0,1
0.70,Fast-CB,310,1.0,1.0,1
0.70,Fast-CB,311,1.0,1.0,1
0.70,Fast-CB,312,1.0,1.0,1
0.70,Fast-CB,313,1.0,1.0,1
0.70,Fast-CB,314,1.0,1.0,1
0.70,Fast-CB,315,1.0,1.0,1
0.70,Fast-CB,316,1.0,1.0,1
0.70,Fast-CB,317,1.0,1.0,1
0.70,Fast-CB,318,1.0,1.0,1
0.70,Fast-CB,319,1.0,1.0,1
0.70,Fast-CB,320,1.0,1.0,1
0.70,Fast-CB,321,1.0,1.0,1
0.70,Fast-CB,322,1.0,1.0,1
0.70,Fast-CB,323,1.0,1.0,1
0.70,Fast-CB,324,1.0,1.0,1
0.70,Fast-CB,325,1.0,1.0,1
0.70,Fast-CB,326,1.0,1.0,1
0.70,Fast-CB,327,1.0,1.0,1
0.70,Fast-CB,328,1.0,1.0,1
0.70,Fast-CB,329,1.0,1.0,1
0.70,Fast-CB,330,1.0,1.0,1
0.70,Fast-CB,331,1.0,1.0,1
0.70,Fast-CB,332,1.0,1.0,1
0.70,Fast-CB,333,1.0,1.0,1
0.70,Fast-CB,334,1.0,1.0,1
0.70,Fast-CB,335,1.0,1.0,1
0.70,Fast-CB,336,1.0,1.0,1
0.70,Fast-CB,337,1.0,1.0,1
0.70,Fast-CB,338,1.0,1.0,1
0.70,Fast-CB,339,1.0,1.0,1
0.70,Fast-CB,340,1.0,1.0,1
0.70,Fast-CB,341,1.0,1.0,1
0.70,Fast-CB,342,1.0,1.0,1
0.70,Fast-CB,343,1.0,1.0,1
0.70,Fast-CB,344,1.0,1.0,1
0.70,Fast-CB,345,1.0,1.0,1
0.70,Fast-CB,346,1.0,1.0,1
0.70,Fast-CB,347,1.0,1.0,1
0.70,Fast-CB,348,1.0,1.0,1
0.70,Fast-CB,349,1.0,1.0,1
0.70,Fast-CB,350,1.0,1.0,1
0.70,Fast-CB,351,1.0,1.0,1
0.70,Fast-CB,352,1.0,1.0,1
0.70,Fast-CB,353,1.0,1.0,1
0.70,Fast-CB,354,1.0,1.0,1
0.70,Fast-CB,355,1.0,1.0,1
0.70,Fast-CB,356,1.0,1.0,1
0.70,Fast-CB,357,1.0,1.0,1
0.70,Fast-CB,358,1.0,1.0,1
0.70,Fast-CB,359,1.0,1.0,1
0.70,Fast-CB,360,1.0,1.0,1
0.70,Fast-CB,361,1.0,1.0,1
0.70,Fast-CB,362,1.0,1.0,1
0.70,Fast-CB,363,1.0,1.0,1
0.70,Fast-CB,364,1.0,1.0,1
0.70,Fast-CB,365,1.0,1.0,1
0.70,Fast-CB,366,1.0,1.0,1
0.70,Fast-CB,367,1.0,1.0,1
0.70,Fast-CB,368,1.0,1.0,1
0.70,Fast-CB,369,1.0,1.0,1
0.70,Fast-CB,370,1.0,1.0,1
0.70,Fast-CB,371,1.0,1.0,1
0.70,Fast-CB,372,1.0,1.0,1
0.70,Fast-CB,373,1.0,1.0,1
0.70,Fast-CB,374,1.0,1.0,1
0.70,Fast-CB,375,1.0,1.0,1
0.70,Fast-CB,376,1.0,1.0,1
0.70,Fast-CB,377,1.0,1.0,1
0.70,Fast-CB,378,1.0,1.0,1
0.70,Fast-CB,379,1.0,1.0,1
0.70,Fast-CB,380,1.0,1.0,1
0.70,Fast-CB,381,1.0,1.0,1
0.70,Fast-CB,382,1.0,1.0,1
0.70,Fast-CB,383,1.0,1.0,1
0.70,Fast-CB,384,1.0,1.0,1
0.70,Fast-CB,385,1.0,1.0,1
0.70,Fast-CB,386,1.0,1.0,1
0.70,Fast-CB,387,1.0,1.0,1
0.70,Fast-CB,388,1.0,1.0,1
0.70,Fast-CB,389,1.0,1.0,1
0.70,Fast-CB,390,1.0,1.0,1
0.70,Fast-CB,391,1.0,1.0,1
0.70,Fast-CB,392,1.0,1.0,1
0.70,Fast-CB,393,1.0,1.0,1
0.70,Fast-CB,394,1.0,1.0,1
0.70,Fast-CB,395,1.0,1.0,1
0.70,Fast-CB,396,1.0,1.0,1
0.70,Fast-CB,397,1.0,1.0,1
0.70,Fast-CB,398,1.0,1.0,1
0.70,Fast-CB,399,1.0,1.0,1
0.70,Fast-CB,400,1.0,1.0,1
0.70,Fast-CB,401,1.0,1.0,1
0.70,Fast-CB,402,1.0,1.0,1
0.70,Fast-CB,403,1.0,1.0,1
0.70,Fast-CB,404,1.0,1.0,1
0.70,Fast-CB,405,1.0,1.0,1
0.70,Fast-CB,406,1.0,1.0,1
0.70,Fast-CB,407,1.0,1.0,1
0.70,Fast-CB,408,1.0,1.0,1
0.70,Fast-CB,409,1.0,1.0,1
0.70,Fast-CB,410,1.0,1.0,1
0.70,Fast-CB,411,1.0,1.0,1
0.70,Fast-CB,412,1.0,1.0,1
0.70,Fast-CB,413,1.0,1.0,1
0.70,Fast-CB,414,1.0,1.0,1
0.70,Fast-CB,415,1.0,1.0,1
0.70,Fast-CB,416,1.0,1.0,1
0.70,Fast-CB,417,1.0,1.0,1
0.70,Fast-CB,418,1.0,1.0,1
0.70,Fast-CB,419,1.0,1.0,1
0.70,Fast-CB,420,1.0,1.0,1
0.70,Fast-CB,421,1.0,1.0,1
0.70,Fast-CB,422,1.0,1.0,1
0.70,Fast-CB,423,1.0,1.0,1
0.70,Fast-CB,424,1.0,1.0,1
0.70,Fast-CB,425,1.0,1.0,1
0.70,Fast-CB,426,1.0,1.0,1
0.70,Fast-CB,427,1.0,1.0,1
0.70,Fast-CB,428,1.0,1.0,1
0.70,Fast-CB,429,1.0,1.0,1
0.70,Fast-CB,430,1.0,1.0,1
0.70,Fast-CB,431,1.0,1.0,1
0.70,Fast-CB,432,1.0,1.0,1
0.70,Fast-CB,433,1.0,1.0,1
0.70,Fast-CB,434,1.0,1.0,1
0.70,Fast-CB,435,1.0,1.0,1
0.70,Fast-CB,436,1.0,1.0,1
0.70,Fast-CB,437,1.0,1.0,1
0.70,Fast-CB,438,1.0,1.0,1
0.70,Fast-CB,439,1.0,1.0,1
0.70,Fast-CB,440,1.0,1.0,1
0.70,Fast-CB,441,1.0,1.0,1
0.70,Fast-CB,442,1.0,1.0,1
0.70,Fast-CB,443,1.0,1.0,1
0.70,Fast-CB,444,1.0,1.0,1
0.70,Fast-CB,445,1.0,1.0,1
0.70,Fast-CB,446,1.0,1.0,1
0.70,Fast-CB,447,1.0,1.0,1
0.70,Fast-CB,448,1.0,1.0,1
0.70,Fast-CB,449,1.0,1.0,1
0.70,Fast-CB,450,1.0,1.0,1
0.70,Fast-CB,451,1.0,1.0,1
0.70,Fast-CB,452,1.0,1.0,1
0.70,Fast-CB,453,1.0,1.0,1
0.70,Fast-CB,454,1.0,1.0,1
0.70,Fast-CB,455,1.0,1.0,1
0.70,Fast-CB,456,1.0,1.0,1
0.70,Fast-CB,457,1.0,1.0,1
0.70,Fast-CB,458,1.0,1.0,1
0.70,Fast-CB,459,1.0,1.0,1
0.70,Fast-CB,460,1.0,1.0,1
0.70,Fast-CB,461,1.0,1.0,1
0.70,Fast-CB,462,1.0,1.0,1
0.70,Fast-CB,463,1.0,1.0,1
0.70,Fast-CB,464,1.0,1.0,1
0.70,Fast-CB,465,1.0,1.0,1
0.70,Fast-CB,466,1.0,1.0,1
0.70,Fast-CB,467,1.0,1.0,1
0.70,Fast-CB,468,1.0,1.0,1
0.70,Fast-CB,469,1.0,1.0,1
0.70,Fast-CB,470,1.0,1.0,1
0.70,Fast-CB,471,1.0,1.0,1
0.70,Fast-CB,472,1.0,1.0,1
0.70,Fast-CB,473,1.0,1.0,1
0.70,Fast-CB,474,1.0,1.0,1
0.70,Fast-CB,475,1.0,1.0,1
0.70,Fast-CB,476,1.0,1.0,1
0.70,Fast-CB,477,1.0,1.0,1
0.70,Fast-CB,478,1.0,1.0,1
0.70,Fast-CB,479,1.0,1.0,1
0.70,Fast-CB,480,1.0,1.0,1
0.70,Fast-CB,481,1.0,1.0,1
0.70,Fast-CB,482,1.0,1.0,1
0.70,Fast-CB,483,1.0,1.0,1
0.70,Fast-CB,484,1.0,1.0,1
0.70,Fast-CB,485,1.0,1.0,1
0.70,Fast-CB,486,1.0,1.0,1
0.70,Fast-CB,487,1.0,1.0,1
0.70,Fast-CB,488,1.0,1.0,1
0.70,Fast-CB,489,1.0,1.0,1
0.70,Fast-CB,490,1.0,1.0,1
0.70,Fast-CB,491,1.0,1.0,1
0.70,Fast-CB,492,1.0,1.0,1
0.70,Fast-CB,493,1.0,1.0,1
0.70,Fast-CB,494,1.0,1.0,1
0.70,Fast-CB,495,1.0,1.0,1
0.70,Fast-CB,496,1.0,1.0,1
0.70,Fast-CB,497,1.0,1.0,1
0.70,Fast-CB,498,1.0,1.0,1
0.70,Fast-CB,499,1.0,1.0,1
0.70,Fast-CB,500,1.0,1.0,1
0.70,Fast-CB,501,1.0,1.0,1
0.70,Fast-CB,502,1.0,1.0,1
0.70,Fast-CB,503,1.0,1.0,1
0.70,Fast-CB,504,1.0,1.0,1
0.70,Fast-CB,505,1.0,1.0,1
0.70,Fast-CB,506,1.0,1.0,1
0.70,Fast-CB,507,1.0,1.0,1
0.70,Fast-CB,508,1.0,1.0,1
0.70,Fast-CB,509,1.0,1.0,1
0.70,Fast-CB,510,1.0,1.0,1
0.70,Fast-CB,511,1.0,1.0,1
0.70,Fast-CB,512,1.0,1.0,1
0.70,Fast-CB,513,1.0,1.0,1
0.70,Fast-CB,514,1.0,1.0,1
0.70,Fast-CB,515,1.0,1.0,1
0.70,Fast-CB,516,1.0,1.0,1
0.70,Fast-CB,517,1.0,1.0,1
0.70,Fast-CB,518,1.0,1.0,1
0.70,Fast-CB,519,1.0,1.0,1
0.70,Fast-CB,520,1.0,1.0,1
0.70,Fast-CB,521,1.0,1.0,1
0.70,Fast-CB,522,1.0,1.0,1
0.70,Fast-CB,523,1.0,1.0,1
0.70,Fast-CB,524,1.0,1.0,1
0.70,Fast-CB,525,1.0,1.0,1
0.70,Fast-CB,526,1.0,1.0,1
0.70,Fast-CB,527,1.0,1.0,1
0.70,Fast-CB,528,1.0,1.0,1
0.70,Fast-CB,529,1.0,1.0,1
0.70,Fast-CB,530,1.0,1.0,1
0.70,Fast-CB,531,1.0,1.0,1
0.70,Fast-CB,532,1.0,1.0,1
0.70,Fast-CB,533,1.0,1.0,1
0.70,Fast-CB,534,1.0,1.0,1
0.70,Fast-CB,535,1.0,1.0,1
0.70,Fast-CB,536,1.0,1.0,1
0.70,Fast-CB,537,1.0,1.0,1
0.70,Fast-CB,538,1.0,1.0,1
0.70,Fast-CB,539,1.0,1.0,1
0.70,Fast-CB,540,1.0,1.0,1
0.70,Fast-CB,541,1.0,1.0,1
0.70,Fast-CB,542,1.0,1.0,1
0.70,Fast-CB,543,1.0,1.0,1
0.70,Fast-CB,544,1.0,1.0,1
0.70,Fast-CB,545,1.0,1.0,1
0.70,Fast-CB,546,1.0,1.0,1
0.70,Fast-CB,547,1.0,1.0,1
0.70,Fast-CB,548,1.0,1.0,1
0.70,Fast-CB,549,1.0,1.0,1
0.70,Fast-CB,550,1.0,1.0,1
0.70,Fast-CB,551,1.0,1.0,1
0.70,Fast-CB,552,1.0,1.0,1
0.70,Fast-CB,553,1.0,1.0,1
0.70,Fast-CB,554,1.0,1.0,1
0.70,Fast-CB,555,1.0,1.0,1
0.70,Fast-CB,556,1.0,1.0,1
0.70,Fast-CB,557,1.0,1.0,1
0.70,Fast-CB,558,1.0,1.0,1
0.70,Fast-CB,559,1.0,1.0,1
0.70,Fast-CB,560,1.0,1.0,1
0.70,Fast-CB,561,1.0,1.0,1
0.70,Fast-CB,562,1.0,1.0,1
0.70,Fast-CB,563,1.0,1.0,1
0.70,Fast-CB,564,1.0,1.0,1
0.70,Fast-CB,565,1.0,1.0,1
0.70,Fast-CB,566,1.0,1.0,1
0.70,Fast-CB,567,1.0,1.0,1
0.70,Fast-CB,568,1.0,1.0,1
0.70,Fast-CB,569,1.0,1.0,1
0.70,Fast-CB,570,1.0,1.0,1
0.70,Fast-CB,571,1.0,1.0,1
0.70,Fast-CB,572,1.0,1.0,1
0.70,Fast-CB,573,1.0,1.0,1
0.70,Fast-CB,574,1.0,1.0,1
0.70,Fast-CB,575,1.0,1.0,1
0.70,Fast-CB,576,1.0,1.0,1
0.70,Fast-CB,577,1.0,1.0,1
0.70,Fast-CB,578,1.0,1.0,1
0.70,Fast-CB,579,1.0,1.0,1
0.70,Fast-CB,580,1.0,1.0,1
0.70,Fast-CB,581,1.0,1.0,1
0.70,Fast-CB,582,1.0,1.0,1
0.70,Fast-CB,583,1.0,1.0,1
0.70,Fast-CB,584,1.0,1.0,1
0.70,Fast-CB,585,1.0,1.0,1
0.70,Fast-CB,586,1.0,1.0,1
0.70,Fast-CB,587,1.0,1.0,1
0.70,Fast-CB,588,1.0,1.0,1
0.70,Fast-CB,589,1.0,1.0,1
0.70,Fast-CB,590,1.0,1.0,1
0.70,Fast-CB,591,1.0,1.0,1
0.70,Fast-CB,592,1.0,1.0,1
0.70,Fast-CB,593,1.0,1.0,1
0.70,Fast-CB,594,1.0,1.0,1
0.70,Fast-CB,595,1.0,1.0,1
0.70,Fast-CB,596,1.0,1.0,1
0.70,Fast-CB,597,1.0,1.0,1
0.70,Fast-CB,598,1.0,1.0,1
0.70,Fast-CB,599,1.0,1.0,1
0.70,Fast-CB,600,1.0,1.0,1
0.70,Fast-CB,601,1.0,1.0,1
0.70,Fast-CB,602,1.0,1.0,1
0.70,Fast-CB,603,1.0,1.0,1
0.70,Fast-CB,604,1.0,1.0,1
0.70,Fast-CB,605,1.0,1.0,1
0.70,Fast-CB,606,1.0,1.0,1
0.70,Fast-CB,607,1.0,1.0,1
0.70,Fast-CB,608,1.0,1.0,1
0.70,Fast-CB,609,1.0,1.0,1
0.70,Fast-CB,610,1.0,1.0,1
0.70,Fast-CB,611,1.0,1.0,1
0.70,Fast-CB,612,1.0,1.0,1
0.70,Fast-CB,613,1.0,1.0,1
0.70,Fast-CB,614,1.0,1.0,1
0.70,Fast-CB,615,1.0,1.0,1
0.70,Fast-CB,616,1.0,1.0,1
0.70,Fast-CB,617,1.0,1.0,1
0.70,Fast-CB,618,1.0,1.0,1
0.70,Fast-CB,619,1.0,1.0,1
0.70,Fast-CB,620,1.0,1.0,1
0.70,Fast-CB,621,1.0,1.0,1
0.70,Fast-CB,622,1.0,1.0,1
0.70,Fast-CB,623,1.0,1.0,1
0.70,Fast-CB,624,1.0,1.0,1
0.70,Fast-CB,625,1.0,1.0,1
0.70,Fast-CB,626,1.0,1.0,1
0.70,Fast-CB,627,1.0,1.0,1
0.70,Fast-CB,628,1.0,1.0,1
0.70,Fast-CB,629,1.0,1.0,1
0.70,Fast-CB,630,1.0,1.0,1
0.70,Fast-CB,631,1.0,1.0,1
0.70,Fast-CB,632,1.0,1.0,1
0.70,Fast-CB,633,1.0,1.0,1
0.70,Fast-CB,634,1.0,1.0,1
0.70,Fast-CB,635,1.0,1.0,1
0.70,Fast-CB,636,1.0,1.0,1
0.70,Fast-CB,637,1.0,1.0,1
0.70,Fast-CB,638,1.0,1.0,1
0.70,Fast-CB,639,1.0,1.0,1
0.70,Fast-CB,640,1.0,1.0,1
0.70,Fast-CB,641,1.0,1.0,1
0.70,Fast-CB,642,1.0,1.0,1
0.70,Fast-CB,643,1.0,1.0,1
0.70,Fast-CB,644,1.0,1.0,1
0.70,Fast-CB,645,1.0,1.0,1
0.70,Fast-CB,646,1.0,1.0,1
0.70,Fast-CB,647,1.0,1.0,1
0.70,Fast-CB,648,1.0,1.0,1
0.70,Fast-CB,649,1.0,1.0,1
0.70,Fast-CB,650,1.0,1.0,1
0.70,Fast-CB,651,1.0,1.0,1
0.70,Fast-CB,652,1.0,1.0,1
0.70,Fast-CB,653,1.0,1.0,1
0.70,Fast-CB,654,1.0,1.0,1
0.70,Fast-CB,655,1.0,1.0,1
0.70,Fast-CB,656,1.0,1.0,1
0.70,Fast-CB,657,1.0,1.0,1
0.70,Fast-CB,658,1.0,1.0,1
0.70,Fast-CB,659,1.0,1.0,1
0.70,Fast-CB,660,1.0,1.0,1
0.70,Fast-CB,661,1.0,1.0,1
0.70,Fast-CB,662,1.0,1.0,1
0.70,Fast-CB,663,1.0,1.0,1
0.70,Fast-CB,664,1.0,1.0,1
0.70,Fast-CB,665,1.0,1.0,1
0.70,Fast-CB,666,1.0,1.0,1
0.70,Fast-CB,667,1.0,1.0,1
0.70,Fast-CB,668,1.0,1.0,1
0.70,Fast-CB,669,1.0,1.0,1
0.70,Fast-CB,670,1.0,1.0,1
0.70,Fast-CB,671,1.0,1.0,1
0.70,Fast-CB,672,1.0,1.0,1
0.70,Fast-CB,673,1.0,1.0,1
0.70,Fast-CB,674,1.0,1.0,1
0.70,Fast-CB,675,1.0,1.0,1
0.70,Fast-CB,676,1.0,1.0,1
0.70,Fast-CB,677,1.0,1.0,1
0.70,Fast-CB,678,1.0,1.0,1
0.70,Fast-CB,679,1.0,1.0,1
0.70,Fast-CB,680,1.0,1.0,1
0.70,Fast-CB,681,1.0,1.0,1
0.70,Fast-CB,682,1.0,1.0,1
0.70,Fast-CB,683,1.0,1.0,1
0.70,Fast-CB,684,1.0,1.0,1
0.70,Fast-CB,685,1.0,1.0,1
0.70,Fast-CB,686,1.0,1.0,1
0.70,Fast-CB,687,1.0,1.0,1
0.70,Fast-CB,688,1.0,1.0,1
0.70,Fast-CB,689,1.0,1.0,1
0.70,Fast-CB,690,1.0,1.0,1
0.70,Fast-CB,691,1.0,1.0,1
0.70,Fast-CB,692,1.0,1.0,1
0.70,Fast-CB,693,1.0,1.0,1
0.70,Fast-CB,694,1.0,1.0,1
0.70,Fast-CB,695,1.0,1.0,1
0.70,Fast-CB,696,1.0,1.0,1
0.70,Fast-CB,697,1.0,1.0,1
0.70,Fast-CB,698,1.0,1.0,1
0.70,Fast-CB,699,1.0,1.0,1
0.70,Fast-CB,700,1.0,1.0,1
0.70,Fast-CB,701,1.0,1.0,1
0.70,Fast-CB,702,1.0,1.0,1
0.70,Fast-CB,703,1.0,1.0,1
0.70,Fast-CB,704,1.0,1.0,1
0.70,Fast-CB,705,1.0,1.0,1
0.70,Fast-CB,706,1.0,1.0,1
0.70,Fast-CB,707,1.0,1.0,1
0.70,Fast-CB,708,1.0,1.0,1
0.70,Fast-CB,709,1.0,1.0,1
0.70,Fast-CB,710,1.0,1.0,1
0.70,Fast-CB,711,1.0,1.0,1
0.70,Fast-CB,712,1.0,1.0,1
0.70,Fast-CB,713,1.0,1.0,1
0.70,Fast-CB,714,1.0,1.0,1
0.70,Fast-CB,715,1.0,1.0,1
0.70,Fast-CB,716,1.0,1.0,1
0.70,Fast-CB,717,1.0,1.0,1
0.70,Fast-CB,718,1.0,1.0,1
0.70,Fast-CB,719,1.0,1.0,1
0.70,Fast-CB,720,1.0,1.0,1
0.70,Fast-CB,721,1.0,1.0,1
0.70,Fast-CB,722,1.0,1.0,1
0.70,Fast-CB,723,1.0,1.0,1
0.70,Fast-CB,724,1.0,1.0,1
0.70,Fast-CB,725,1.0,1.0,1
0.70,Fast-CB,726,1.0,1.0,1
0.70,Fast-CB,727,1.0,1.0,1
0.70,Fast-CB,728,1.0,1.0,1
0.70,Fast-CB,729,1.0,1.0,1
0.70,Fast-CB,730,1.0,1.0,1
0.70,Fast-CB,731,1.0,1.0,1
0.70,Fast-CB,732,1.0,1.0,1
0.70,Fast-CB,733,1.0,1.0,1
0.70,Fast-CB,734,1.0,1.0,1
0.70,Fast-CB,735,1.0,1.0,1
0.70,Fast-CB,736,1.0,1.0,1
0.70,Fast-CB,737,1.0,1.0,1
0.70,Fast-CB,738,1.0,1.0,1
0.70,Fast-CB,739,1.0,1.0,1
0.70,Fast-CB,740,1.0,1.0,1
0.70,Fast-CB,741,1.0,1.0,1
0.70,Fast-CB,742,1.0,1.0,1
0.70,Fast-CB,743,1.0,1.0,1
0.70,Fast-CB,744,1.0,1.0,1
0.70,Fast-CB,745,1.0,1.0,1
0.70,Fast-CB,746,1.0,1.0,1
0.70,Fast-CB,747,1.0,1.0,1
0.70,Fast-CB,748,1.0,1.0,1
0.70,Fast-CB,749,1.0,1.0,1
0.70,Fast-CB,750,1.0,1.0,1
0.70,Fast-CB,751,1.0,1.0,1
0.70,Fast-CB,752,1.0,1.0,1
0.70,Fast-CB,753,1.0,1.0,1
0.70,Fast-CB,754,1.0,1.0,1
0.70,Fast-CB,755,1.0,1.0,1
0.70,Fast-CB,756,1.0,1.0,1
0.70,Fast-CB,757,1.0,1.0,1
0.70,Fast-CB,758,1.0,1.0,1
0.70,Fast-CB,759,1.0,1.0,1
0.70,Fast-CB,760,1.0,1.0,1
0.70,Fast-CB,761,1.0,1.0,1
0.70,Fast-CB,762,1.0,1.0,1
0.70,Fast-CB,763,1.0,1.0,1
0.70,Fast-CB,764,1.0,1.0,1
0.70,Fast-CB,765,1.0,1.0,1
0.70,Fast-CB,766,1.0,1.0,1
0.70,Fast-CB,767,1.0,1.0,1
0.70,Fast-CB,768,1.0,1.0,1
0.70,Fast-CB,769,1.0,1.0,1
0.70,Fast-CB,770,1.0,1.0,1
0.70,Fast-CB,771,1.0,1.0,1
0.70,Fast-CB,772,1.0,1.0,1
0.70,Fast-CB,773,1.0,1.0,1
0.70,Fast-CB,774,1.0,1.0,1
0.70,Fast-CB,775,1.0,1.0,1
0.70,Fast-CB,776,1.0,1.0,1
0.70,Fast-CB,777,1.0,1.0,1
0.70,Fast-CB,778,1.0,1.0,1
0.70,Fast-CB,779,1.0,1.0,1
0.70,Fast-CB,780,1.0,1.0,1
0.70,Fast-CB,781,1.0,1.0,1
0.70,Fast-CB,782,1.0,1.0,1
0.70,Fast-CB,783,1.0,1.0,1
0.70,Fast-CB,784,1.0,1.0,1
0.70,Fast-CB,785,1.0,1.0,1
0.70,Fast-CB,786,1.0,1.0,1
0.70,Fast-CB,787,1.0,1.0,1
0.70,Fast-CB,788,1.0,1.0,1
0.70,Fast-CB,789,1.0,1.0,1
0.70,Fast-CB,790,1.0,1.0,1
0.70,Fast-CB,791,1.0,1.0,1
0.70,Fast-CB,792,1.0,1.0,1
0.70,Fast-CB,793,1.0,1.0,1
0.70,Fast-CB,794,1.0,1.0,1
0.70,Fast-CB,795,1.0,1.0,1
0.70,Fast-CB,796,1.0,1.0,1
0.70,Fast-CB,797,1.0,1.0,1
0.70,Fast-CB,798,1.0,1.0,1
0.70,Fast-CB,799,1.0,1.0,1
0.70,Fast-CB,800,1.0,1.0,1
0.70,Fast-CB,801,1.0,1.0,1
0.70,Fast-CB,802,1.0,1.0,1
0.70,Fast-CB,803,1.0,1.0,1
0.70,Fast-CB,804,1.0,1.0,1
0.70,Fast-CB,805,1.0,1.0,1
0.70,Fast-CB,806,1.0,1.0,1
0.70,Fast-CB,807,1.0,1.0,1
0.70,Fast-CB,808,1.0,1.0,1
0.70,Fast-CB,809,1.0,1.0,1
0.70,Fast-CB,810,1.0,1.0,1
0.70,Fast-CB,811,1.0,1.0,1
0.70,Fast-CB,812,1.0,1.0,1
0.70,Fast-CB,813,1.0,1.0,1
0.70,Fast-CB,814,1.0,1.0,1
0.70,Fast-CB,815,1.0,1.0,1
0.70,Fast-CB,816,1.0,1.0,1
0.70,Fast-CB,817,1.0,1.0,1
0.70,Fast-CB,818,1.0,1.0,1
0.70,Fast-CB,819,1.0,1.0,1
0.70,Fast-CB,820,1.0,1.0,1
0.70,Fast-CB,821,1.0,1.0,1
0.70,Fast-CB,822,1.0,1.0,1
0.70,Fast-CB,823,1.0,1.0,1
0.70,Fast-CB,824,1.0,1.0,1
0.70,Fast-CB,825,1.0,1.0,1
0.70,Fast-CB,826,1.0,1.0,1
0.70,Fast-CB,827,1.0,1.0,1
0.70,Fast-CB,828,1.0,1.0,1
0.70,Fast-CB,829,1.0,1.0,1
0.70,Fast-CB,830,1.0,1.0,1
0.70,Fast-CB,831,1.0,1.0,1
0.70,Fast-CB,832,1.0,1.0,1
0.70,Fast-CB,833,1.0,1.0,1
0.70,Fast-CB,834,1.0,1.0,1
0.70,Fast-CB,835,1.0,1.0,1
0.70,Fast-CB,836,1.0,1.0,1
0.70,Fast-CB,837,1.0,1.0,1
0.70,Fast-CB,838,1.0,1.0,1
0.70,Fast-CB,839,1.0,1.0,1
0.70,Fast-CB,840,1.0,1.0,1
0.70,Fast-CB,841,1.0,1.0,1
0.70,Fast-CB,842,1.0,1.0,1
0.70,Fast-CB,843,1.0,1.0,1
0.70,Fast-CB,844,1.0,1.0,1
0.70,Fast-CB,845,1.0,1.0,1
0.70,Fast-CB,846,1.0,1.0,1
0.70,Fast-CB,847,1.0,1.0,1
0.70,Fast-CB,848,1.0,1.0,1
0.70,Fast-CB,849,1.0,1.0,1
0.70,Fast-CB,850,1.0,1.0,1
0.70,Fast-CB,851,1.0,1.0,1
0.70,Fast-CB,852,1.0,1.0,1
0.70,Fast-CB,853,1.0,1.0,1
0.70,Fast-CB,854,1.0,1.0,1
0.70,Fast-CB,855,1.0,1.0,1
0.70,Fast-CB,856,1.0,1.0,1
0.70,Fast-CB,857,1.0,1.0,1
0.70,Fast-CB,858,1.0,1.0,1
0.70,Fast-CB,859,1.0,1.0,1
0.70,Fast-CB,860,1.0,1.0,1
0.70,Fast-CB,861,1.0,1.0,1
0.70,Fast-CB,862,1.0,1.0,1
0.70,Fast-CB,863,1.0,1.0,1
0.70,Fast-CB,864,1.0,1.0,1
0.70,Fast-CB,865,1.0,1.0,1
0.70,Fast-CB,866,1.0,1.0,1
0.70,Fast-CB,867,1.0,1.0,1
0.70,Fast-CB,868,1.0,1.0,1
0.70,Fast-CB,869,1.0,1.0,1
0.70,Fast-CB,870,1.0,1.0,1
0.70,Fast-CB,871,1.0,1.0,1
0.70,Fast-CB,872,1.0,1.0,1
0.70,Fast-CB,873,1.0,1.0,1
0.70,Fast-CB,874,1.0,1.0,1
0.70,Fast-CB,875,1.0,1.0,1
0.70,Fast-CB,876,1.0,1.0,1
0.70,Fast-CB,877,1.0,1.0,1
0.70,Fast-CB,878,1.0,1.0,1
0.70,Fast-CB,879,1.0,1.0,1
0.70,Fast-CB,880,1.0,1.0,1
0.70,Fast-CB,881,1.0,1.0,1
0.70,Fast-CB,882,1.0,1.0,1
0.70,Fast-CB,883,1.0,1.0,1
0.70,Fast-CB,884,1.0,1.0,1
0.70,Fast-CB,885,1.0,1.0,1
0.70,Fast-CB,886,1.0,1.0,1
0.70,Fast-CB,887,1.0,1.0,1
0.70,Fast-CB,888,1.0,1.0,1
0.70,Fast-CB,889,1.0,1.0,1
0.70,Fast-CB,890,1.0,1.0,1
0.70,Fast-CB,891,1.0,1.0,1
0.70,Fast-CB,892,1.0,1.0,1
0.70,Fast-CB,893,1.0,1.0,1
0.70,Fast-CB,894,1.0,1.0,1
0.70,Fast-CB,895,1.0,1.0,1
0.70,Fast-CB,896,1.0,1.0,1
0.70,Fast-CB,897,1.0,1.0,1
0.70,Fast-CB,898,1.0,1.0,1
0.70,Fast-CB,899,1.0,1.0,1
0.70,Fast-CB,900,1.0,1.0,1
0.70,Fast-CB,901,1.0,1.0,1
0.70,Fast-CB,902,1.0,1.0,1
0.70,Fast-CB,903,1.0,1.0,1
0.70,Fast-CB,904,1.0,1.0,1
0.70,Fast-CB,905,1.0,1.0,1
0.70,Fast-CB,906,1.0,1.0,1
0.70,Fast-CB,907,1.0,1.0,1
0.70,Fast-CB,908,1.0,1.0,1
0.70,Fast-CB,909,1.0,1.0,1
0.70,Fast-CB,910,1.0,1.0,1
0.70,Fast-CB,911,1.0,1.0,1
0.70,Fast-CB,912,1.0,1.0,1
0.70,Fast-CB,913,1.0,1.0,1
0.70,Fast-CB,914,1.0,1.0,1
0.70,Fast-CB,915,1.0,1.0,1
0.70,Fast-CB,916,1.0,1.0,1
0.70,Fast-CB,917,1.0,1.0,1
0.70,Fast-CB,918,1.0,1.0,1
0.70,Fast-CB,919,1.0,1.0,1
0.70,Fast-CB,920,1.0,1.0,1
0.70,Fast-CB,921,1.0,1.0,1
0.70,Fast-CB,922,1.0,1.0,1
0.70,Fast-CB,923,1.0,1.0,1
0.70,Fast-CB,924,1.0,1.0,1
0.70,Fast-CB,925,1.0,1.0,1
0.70,Fast-CB,926,1.0,1.0,1
0.70,Fast-CB,927,1.0,1.0,1
0.70,Fast-CB,928,1.0,1.0,1
0.70,Fast-CB,929,1.0,1.0,1
0.70,Fast-CB,930,1.0,1.0,1
0.70,Fast-CB,931,1.0,1.0,1
0.70,Fast-CB,932,1.0,1.0,1
0.70,Fast-CB,933,1.0,1.0,1
0.70,Fast-CB,934,1.0,1.0,1
0.70,Fast-CB,935,1.0,1.0,1
0.70,Fast-CB,936,1.0,1.0,1
0.70,Fast-CB,937,1.0,1.0,1
0.70,Fast-CB,938,1.0,1.0,1
0.70,Fast-CB,939,1.0,1.0,1
0.70,B,0,0.0,0,0.0
0.70,B,1,0.24511242496998797,0.23749548792693115,0.2527293620130448
0.70,B,2,0.2454124649859944,0.23769226444527833,0.25313266552671043
0.70,B,3,0.6592829331732694,0.6493543627187517,0.669211503627787
0.70,B,4,0.6602329331732694,0.650102077014109,0.6703637893324297
0.70,B,5,0.8964945978391357,0.8895120133849219,0.9034771822933494
0.70,B,6,0.8970946178471388,0.8901164978987798,0.9040727377954979
0.70,B,7,0.9771985594237695,0.9724274982235864,0.9819696206239527
0.70,B,8,0.9775485994397759,0.9729362346024031,0.9821609642771487
0.70,B,9,0.9874991796718687,0.9843984672844447,0.9905998920592928
0.70,B,10,0.9891992997198881,0.9869730903995908,0.9914255090401853
0.70,B,11,0.9978498399359744,0.9969751406573717,0.9987245392145772
0.70,B,12,0.9984998799519808,0.9977257634337658,0.9992739964701957
0.70,B,13,0.9997499799919968,0.9995011625643708,0.9999987974196227
0.70,B,14,0.99985,0.9996769272265715,1
0.70,B,15,0.99995,0.9998317687874501,1
0.70,B,16,0.99995,0.9998317687874501,1
0.70,B,17,0.99995,0.9998317687874501,1
0.70,B,18,1.0,1.0,1
0.70,B,19,1.0,1.0,1
0.70,B,20,1.0,1.0,1
0.70,B,21,1.0,1.0,1
0.70,B,22,1.0,1.0,1
0.70,B,23,1.0,1.0,1
0.70,B,24,1.0,1.0,1
0.70,B,25,1.0,1.0,1
0.70,B,26,1.0,1.0,1
0.70,B,27,1.0,1.0,1
0.70,B,28,1.0,1.0,1
0.70,B,29,1.0,1.0,1
0.70,B,30,1.0,1.0,1
0.70,B,31,1.0,1.0,1
0.70,B,32,1.0,1.0,1
0.70,B,33,1.0,1.0,1
0.70,B,34,1.0,1.0,1
0.70,B,35,1.0,1.0,1
0.70,B,36,1.0,1.0,1
0.70,B,37,1.0,1.0,1
0.70,B,38,1.0,1.0,1
0.70,B,39,1.0,1.0,1
0.70,B,40,1.0,1.0,1
0.70,B,41,1.0,1.0,1
0.70,B,42,1.0,1.0,1
0.70,B,43,1.0,1.0,1
0.70,B,44,1.0,1.0,1
0.70,B,45,1.0,1.0,1
0.70,B,46,1.0,1.0,1
0.70,B,47,1.0,1.0,1
0.70,B,48,1.0,1.0,1
0.70,B,49,1.0,1.0,1
0.70,B,50,1.0,1.0,1
0.70,B,51,1.0,1.0,1
0.70,B,52,1.0,1.0,1
0.70,B,53,1.0,1.0,1
0.70,B,54,1.0,1.0,1
0.70,B,55,1.0,1.0,1
0.70,B,56,1.0,1.0,1
0.70,B,57,1.0,1.0,1
0.70,B,58,1.0,1.0,1
0.70,B,59,1.0,1.0,1
0.70,B,60,1.0,1.0,1
0.70,B,61,1.0,1.0,1
0.70,B,62,1.0,1.0,1
0.70,B,63,1.0,1.0,1
0.70,B,64,1.0,1.0,1
0.70,B,65,1.0,1.0,1
0.70,B,66,1.0,1.0,1
0.70,B,67,1.0,1.0,1
0.70,B,68,1.0,1.0,1
0.70,B,69,1.0,1.0,1
0.70,B,70,1.0,1.0,1
0.70,B,71,1.0,1.0,1
0.70,B,72,1.0,1.0,1
0.70,B,73,1.0,1.0,1
0.70,B,74,1.0,1.0,1
0.70,B,75,1.0,1.0,1
0.70,B,76,1.0,1.0,1
0.70,B,77,1.0,1.0,1
0.70,B,78,1.0,1.0,1
0.70,B,79,1.0,1.0,1
0.70,B,80,1.0,1.0,1
0.70,B,81,1.0,1.0,1
0.70,B,82,1.0,1.0,1
0.70,B,83,1.0,1.0,1
0.70,B,84,1.0,1.0,1
0.70,B,85,1.0,1.0,1
0.70,B,86,1.0,1.0,1
0.70,B,87,1.0,1.0,1
0.70,B,88,1.0,1.0,1
0.70,B,89,1.0,1.0,1
0.70,B,90,1.0,1.0,1
0.70,B,91,1.0,1.0,1
0.70,B,92,1.0,1.0,1
0.70,B,93,1.0,1.0,1
0.70,B,94,1.0,1.0,1
0.70,B,95,1.0,1.0,1
0.70,B,96,1.0,1.0,1
0.70,B,97,1.0,1.0,1
0.70,B,98,1.0,1.0,1
0.70,B,99,1.0,1.0,1
0.70,B,100,1.0,1.0,1
0.70,B,101,1.0,1.0,1
0.70,B,102,1.0,1.0,1
0.70,B,103,1.0,1.0,1
0.70,B,104,1.0,1.0,1
0.70,B,105,1.0,1.0,1
0.70,B,106,1.0,1.0,1
0.70,B,107,1.0,1.0,1
0.70,B,108,1.0,1.0,1
0.70,B,109,1.0,1.0,1
0.70,B,110,1.0,1.0,1
0.70,B,111,1.0,1.0,1
0.70,B,112,1.0,1.0,1
0.70,B,113,1.0,1.0,1
0.70,B,114,1.0,1.0,1
0.70,B,115,1.0,1.0,1
0.70,B,116,1.0,1.0,1
0.70,B,117,1.0,1.0,1
0.70,B,118,1.0,1.0,1
0.70,B,119,1.0,1.0,1
0.70,B,120,1.0,1.0,1
0.70,B,121,1.0,1.0,1
0.70,B,122,1.0,1.0,1
0.70,B,123,1.0,1.0,1
0.70,B,124,1.0,1.0,1
0.70,B,125,1.0,1.0,1
0.70,B,126,1.0,1.0,1
0.70,B,127,1.0,1.0,1
0.70,B,128,1.0,1.0,1
0.70,B,129,1.0,1.0,1
0.70,B,130,1.0,1.0,1
0.70,B,131,1.0,1.0,1
0.70,B,132,1.0,1.0,1
0.70,B,133,1.0,1.0,1
0.70,B,134,1.0,1.0,1
0.70,B,135,1.0,1.0,1
0.70,B,136,1.0,1.0,1
0.70,B,137,1.0,1.0,1
0.70,B,138,1.0,1.0,1
0.70,B,139,1.0,1.0,1
0.70,B,140,1.0,1.0,1
0.70,B,141,1.0,1.0,1
0.70,B,142,1.0,1.0,1
0.70,B,143,1.0,1.0,1
0.70,B,144,1.0,1.0,1
0.70,B,145,1.0,1.0,1
0.70,B,146,1.0,1.0,1
0.70,B,147,1.0,1.0,1
0.70,B,148,1.0,1.0,1
0.70,B,149,1.0,1.0,1
0.70,B,150,1.0,1.0,1
0.70,B,151,1.0,1.0,1
0.70,B,152,1.0,1.0,1
0.70,B,153,1.0,1.0,1
0.70,B,154,1.0,1.0,1
0.70,B,155,1.0,1.0,1
0.70,B,156,1.0,1.0,1
0.70,B,157,1.0,1.0,1
0.70,B,158,1.0,1.0,1
0.70,B,159,1.0,1.0,1
0.70,B,160,1.0,1.0,1
0.70,B,161,1.0,1.0,1
0.70,B,162,1.0,1.0,1
0.70,B,163,1.0,1.0,1
0.70,B,164,1.0,1.0,1
0.70,B,165,1.0,1.0,1
0.70,B,166,1.0,1.0,1
0.70,B,167,1.0,1.0,1
0.70,B,168,1.0,1.0,1
0.70,B,169,1.0,1.0,1
0.70,B,170,1.0,1.0,1
0.70,B,171,1.0,1.0,1
0.70,B,172,1.0,1.0,1
0.70,B,173,1.0,1.0,1
0.70,B,174,1.0,1.0,1
0.70,B,175,1.0,1.0,1
0.70,B,176,1.0,1.0,1
0.70,B,177,1.0,1.0,1
0.70,B,178,1.0,1.0,1
0.70,B,179,1.0,1.0,1
0.70,B,180,1.0,1.0,1
0.70,B,181,1.0,1.0,1
0.70,B,182,1.0,1.0,1
0.70,B,183,1.0,1.0,1
0.70,B,184,1.0,1.0,1
0.70,B,185,1.0,1.0,1
0.70,B,186,1.0,1.0,1
0.70,B,187,1.0,1.0,1
0.70,B,188,1.0,1.0,1
0.70,B,189,1.0,1.0,1
0.70,B,190,1.0,1.0,1
0.70,B,191,1.0,1.0,1
0.70,B,192,1.0,1.0,1
0.70,B,193,1.0,1.0,1
0.70,B,194,1.0,1.0,1
0.70,B,195,1.0,1.0,1
0.70,B,196,1.0,1.0,1
0.70,B,197,1.0,1.0,1
0.70,B,198,1.0,1.0,1
0.70,B,199,1.0,1.0,1
0.70,B,200,1.0,1.0,1
0.70,B,201,1.0,1.0,1
0.70,B,202,1.0,1.0,1
0.70,B,203,1.0,1.0,1
0.70,B,204,1.0,1.0,1
0.70,B,205,1.0,1.0,1
0.70,B,206,1.0,1.0,1
0.70,B,207,1.0,1.0,1
0.70,B,208,1.0,1.0,1
0.70,B,209,1.0,1.0,1
0.70,B,210,1.0,1.0,1
0.70,B,211,1.0,1.0,1
0.70,B,212,1.0,1.0,1
0.70,B,213,1.0,1.0,1
0.70,B,214,1.0,1.0,1
0.70,B,215,1.0,1.0,1
0.70,B,216,1.0,1.0,1
0.70,B,217,1.0,1.0,1
0.70,B,218,1.0,1.0,1
0.70,B,219,1.0,1.0,1
0.70,B,220,1.0,1.0,1
0.70,B,221,1.0,1.0,1
0.70,B,222,1.0,1.0,1
0.70,B,223,1.0,1.0,1
0.70,B,224,1.0,1.0,1
0.70,B,225,1.0,1.0,1
0.70,B,226,1.0,1.0,1
0.70,B,227,1.0,1.0,1
0.70,B,228,1.0,1.0,1
0.70,B,229,1.0,1.0,1
0.70,B,230,1.0,1.0,1
0.70,B,231,1.0,1.0,1
0.70,B,232,1.0,1.0,1
0.70,B,233,1.0,1.0,1
0.70,B,234,1.0,1.0,1
0.70,B,235,1.0,1.0,1
0.70,B,236,1.0,1.0,1
0.70,B,237,1.0,1.0,1
0.70,B,238,1.0,1.0,1
0.70,B,239,1.0,1.0,1
0.70,B,240,1.0,1.0,1
0.70,B,241,1.0,1.0,1
0.70,B,242,1.0,1.0,1
0.70,B,243,1.0,1.0,1
0.70,B,244,1.0,1.0,1
0.70,B,245,1.0,1.0,1
0.70,B,246,1.0,1.0,1
0.70,B,247,1.0,1.0,1
0.70,B,248,1.0,1.0,1
0.70,B,249,1.0,1.0,1
0.70,B,250,1.0,1.0,1
0.70,B,251,1.0,1.0,1
0.70,B,252,1.0,1.0,1
0.70,B,253,1.0,1.0,1
0.70,B,254,1.0,1.0,1
0.70,B,255,1.0,1.0,1
0.70,B,256,1.0,1.0,1
0.70,B,257,1.0,1.0,1
0.70,B,258,1.0,1.0,1
0.70,B,259,1.0,1.0,1
0.70,B,260,1.0,1.0,1
0.70,B,261,1.0,1.0,1
0.70,B,262,1.0,1.0,1
0.70,B,263,1.0,1.0,1
0.70,B,264,1.0,1.0,1
0.70,B,265,1.0,1.0,1
0.70,B,266,1.0,1.0,1
0.70,B,267,1.0,1.0,1
0.70,B,268,1.0,1.0,1
0.70,B,269,1.0,1.0,1
0.70,B,270,1.0,1.0,1
0.70,B,271,1.0,1.0,1
0.70,B,272,1.0,1.0,1
0.70,B,273,1.0,1.0,1
0.70,B,274,1.0,1.0,1
0.70,B,275,1.0,1.0,1
0.70,B,276,1.0,1.0,1
0.70,B,277,1.0,1.0,1
0.70,B,278,1.0,1.0,1
0.70,B,279,1.0,1.0,1
0.70,B,280,1.0,1.0,1
0.70,B,281,1.0,1.0,1
0.70,B,282,1.0,1.0,1
0.70,B,283,1.0,1.0,1
0.70,B,284,1.0,1.0,1
0.70,B,285,1.0,1.0,1
0.70,B,286,1.0,1.0,1
0.70,B,287,1.0,1.0,1
0.70,B,288,1.0,1.0,1
0.70,B,289,1.0,1.0,1
0.70,B,290,1.0,1.0,1
0.70,B,291,1.0,1.0,1
0.70,B,292,1.0,1.0,1
0.70,B,293,1.0,1.0,1
0.70,B,294,1.0,1.0,1
0.70,B,295,1.0,1.0,1
0.70,B,296,1.0,1.0,1
0.70,B,297,1.0,1.0,1
0.70,B,298,1.0,1.0,1
0.70,B,299,1.0,1.0,1
0.70,B,300,1.0,1.0,1
0.70,B,301,1.0,1.0,1
0.70,B,302,1.0,1.0,1
0.70,B,303,1.0,1.0,1
0.70,B,304,1.0,1.0,1
0.70,B,305,1.0,1.0,1
0.70,B,306,1.0,1.0,1
0.70,B,307,1.0,1.0,1
0.70,B,308,1.0,1.0,1
0.70,B,309,1.0,1.0,1
0.70,B,310,1.0,1.0,1
0.70,B,311,1.0,1.0,1
0.70,B,312,1.0,1.0,1
0.70,B,313,1.0,1.0,1
0.70,B,314,1.0,1.0,1
0.70,B,315,1.0,1.0,1
0.70,B,316,1.0,1.0,1
0.70,B,317,1.0,1.0,1
0.70,B,318,1.0,1.0,1
0.70,B,319,1.0,1.0,1
0.70,B,320,1.0,1.0,1
0.70,B,321,1.0,1.0,1
0.70,B,322,1.0,1.0,1
0.70,B,323,1.0,1.0,1
0.70,B,324,1.0,1.0,1
0.70,B,325,1.0,1.0,1
0.70,B,326,1.0,1.0,1
0.70,B,327,1.0,1.0,1
0.70,B,328,1.0,1.0,1
0.70,B,329,1.0,1.0,1
0.70,B,330,1.0,1.0,1
0.70,B,331,1.0,1.0,1
0.70,B,332,1.0,1.0,1
0.70,B,333,1.0,1.0,1
0.70,B,334,1.0,1.0,1
0.70,B,335,1.0,1.0,1
0.70,B,336,1.0,1.0,1
0.70,B,337,1.0,1.0,1
0.70,B,338,1.0,1.0,1
0.70,B,339,1.0,1.0,1
0.70,B,340,1.0,1.0,1
0.70,B,341,1.0,1.0,1
0.70,B,342,1.0,1.0,1
0.70,B,343,1.0,1.0,1
0.70,B,344,1.0,1.0,1
0.70,B,345,1.0,1.0,1
0.70,B,346,1.0,1.0,1
0.70,B,347,1.0,1.0,1
0.70,B,348,1.0,1.0,1
0.70,B,349,1.0,1.0,1
0.70,B,350,1.0,1.0,1
0.70,B,351,1.0,1.0,1
0.70,B,352,1.0,1.0,1
0.70,B,353,1.0,1.0,1
0.70,B,354,1.0,1.0,1
0.70,B,355,1.0,1.0,1
0.70,B,356,1.0,1.0,1
0.70,B,357,1.0,1.0,1
0.70,B,358,1.0,1.0,1
0.70,B,359,1.0,1.0,1
0.70,B,360,1.0,1.0,1
0.70,B,361,1.0,1.0,1
0.70,B,362,1.0,1.0,1
0.70,B,363,1.0,1.0,1
0.70,B,364,1.0,1.0,1
0.70,B,365,1.0,1.0,1
0.70,B,366,1.0,1.0,1
0.70,B,367,1.0,1.0,1
0.70,B,368,1.0,1.0,1
0.70,B,369,1.0,1.0,1
0.70,B,370,1.0,1.0,1
0.70,B,371,1.0,1.0,1
0.70,B,372,1.0,1.0,1
0.70,B,373,1.0,1.0,1
0.70,B,374,1.0,1.0,1
0.70,B,375,1.0,1.0,1
0.70,B,376,1.0,1.0,1
0.70,B,377,1.0,1.0,1
0.70,B,378,1.0,1.0,1
0.70,B,379,1.0,1.0,1
0.70,B,380,1.0,1.0,1
0.70,B,381,1.0,1.0,1
0.70,B,382,1.0,1.0,1
0.70,B,383,1.0,1.0,1
0.70,B,384,1.0,1.0,1
0.70,B,385,1.0,1.0,1
0.70,B,386,1.0,1.0,1
0.70,B,387,1.0,1.0,1
0.70,B,388,1.0,1.0,1
0.70,B,389,1.0,1.0,1
0.70,B,390,1.0,1.0,1
0.70,B,391,1.0,1.0,1
0.70,B,392,1.0,1.0,1
0.70,B,393,1.0,1.0,1
0.70,B,394,1.0,1.0,1
0.70,B,395,1.0,1.0,1
0.70,B,396,1.0,1.0,1
0.70,B,397,1.0,1.0,1
0.70,B,398,1.0,1.0,1
0.70,B,399,1.0,1.0,1
0.70,B,400,1.0,1.0,1
0.70,B,401,1.0,1.0,1
0.70,B,402,1.0,1.0,1
0.70,B,403,1.0,1.0,1
0.70,B,404,1.0,1.0,1
0.70,B,405,1.0,1.0,1
0.70,B,406,1.0,1.0,1
0.70,B,407,1.0,1.0,1
0.70,B,408,1.0,1.0,1
0.70,B,409,1.0,1.0,1
0.70,B,410,1.0,1.0,1
0.70,B,411,1.0,1.0,1
0.70,B,412,1.0,1.0,1
0.70,B,413,1.0,1.0,1
0.70,B,414,1.0,1.0,1
0.70,B,415,1.0,1.0,1
0.70,B,416,1.0,1.0,1
0.70,B,417,1.0,1.0,1
0.70,B,418,1.0,1.0,1
0.70,B,419,1.0,1.0,1
0.70,B,420,1.0,1.0,1
0.70,B,421,1.0,1.0,1
0.70,B,422,1.0,1.0,1
0.70,B,423,1.0,1.0,1
0.70,B,424,1.0,1.0,1
0.70,B,425,1.0,1.0,1
0.70,B,426,1.0,1.0,1
0.70,B,427,1.0,1.0,1
0.70,B,428,1.0,1.0,1
0.70,B,429,1.0,1.0,1
0.70,B,430,1.0,1.0,1
0.70,B,431,1.0,1.0,1
0.70,B,432,1.0,1.0,1
0.70,B,433,1.0,1.0,1
0.70,B,434,1.0,1.0,1
0.70,B,435,1.0,1.0,1
0.70,B,436,1.0,1.0,1
0.70,B,437,1.0,1.0,1
0.70,B,438,1.0,1.0,1
0.70,B,439,1.0,1.0,1
0.70,B,440,1.0,1.0,1
0.70,B,441,1.0,1.0,1
0.70,B,442,1.0,1.0,1
0.70,B,443,1.0,1.0,1
0.70,B,444,1.0,1.0,1
0.70,B,445,1.0,1.0,1
0.70,B,446,1.0,1.0,1
0.70,B,447,1.0,1.0,1
0.70,B,448,1.0,1.0,1
0.70,B,449,1.0,1.0,1
0.70,B,450,1.0,1.0,1
0.70,B,451,1.0,1.0,1
0.70,B,452,1.0,1.0,1
0.70,B,453,1.0,1.0,1
0.70,B,454,1.0,1.0,1
0.70,B,455,1.0,1.0,1
0.70,B,456,1.0,1.0,1
0.70,B,457,1.0,1.0,1
0.70,B,458,1.0,1.0,1
0.70,B,459,1.0,1.0,1
0.70,B,460,1.0,1.0,1
0.70,B,461,1.0,1.0,1
0.70,B,462,1.0,1.0,1
0.70,B,463,1.0,1.0,1
0.70,B,464,1.0,1.0,1
0.70,B,465,1.0,1.0,1
0.70,B,466,1.0,1.0,1
0.70,B,467,1.0,1.0,1
0.70,B,468,1.0,1.0,1
0.70,B,469,1.0,1.0,1
0.70,B,470,1.0,1.0,1
0.70,B,471,1.0,1.0,1
0.70,B,472,1.0,1.0,1
0.70,B,473,1.0,1.0,1
0.70,B,474,1.0,1.0,1
0.70,B,475,1.0,1.0,1
0.70,B,476,1.0,1.0,1
0.70,B,477,1.0,1.0,1
0.70,B,478,1.0,1.0,1
0.70,B,479,1.0,1.0,1
0.70,B,480,1.0,1.0,1
0.70,B,481,1.0,1.0,1
0.70,B,482,1.0,1.0,1
0.70,B,483,1.0,1.0,1
0.70,B,484,1.0,1.0,1
0.70,B,485,1.0,1.0,1
0.70,B,486,1.0,1.0,1
0.70,B,487,1.0,1.0,1
0.70,B,488,1.0,1.0,1
0.70,B,489,1.0,1.0,1
0.70,B,490,1.0,1.0,1
0.70,B,491,1.0,1.0,1
0.70,B,492,1.0,1.0,1
0.70,B,493,1.0,1.0,1
0.70,B,494,1.0,1.0,1
0.70,B,495,1.0,1.0,1
0.70,B,496,1.0,1.0,1
0.70,B,497,1.0,1.0,1
0.70,B,498,1.0,1.0,1
0.70,B,499,1.0,1.0,1
0.70,B,500,1.0,1.0,1
0.70,B,501,1.0,1.0,1
0.70,B,502,1.0,1.0,1
0.70,B,503,1.0,1.0,1
0.70,B,504,1.0,1.0,1
0.70,B,505,1.0,1.0,1
0.70,B,506,1.0,1.0,1
0.70,B,507,1.0,1.0,1
0.70,B,508,1.0,1.0,1
0.70,B,509,1.0,1.0,1
0.70,B,510,1.0,1.0,1
0.70,B,511,1.0,1.0,1
0.70,B,512,1.0,1.0,1
0.70,B,513,1.0,1.0,1
0.70,B,514,1.0,1.0,1
0.70,B,515,1.0,1.0,1
0.70,B,516,1.0,1.0,1
0.70,B,517,1.0,1.0,1
0.70,B,518,1.0,1.0,1
0.70,B,519,1.0,1.0,1
0.70,B,520,1.0,1.0,1
0.70,B,521,1.0,1.0,1
0.70,B,522,1.0,1.0,1
0.70,B,523,1.0,1.0,1
0.70,B,524,1.0,1.0,1
0.70,B,525,1.0,1.0,1
0.70,B,526,1.0,1.0,1
0.70,B,527,1.0,1.0,1
0.70,B,528,1.0,1.0,1
0.70,B,529,1.0,1.0,1
0.70,B,530,1.0,1.0,1
0.70,B,531,1.0,1.0,1
0.70,B,532,1.0,1.0,1
0.70,B,533,1.0,1.0,1
0.70,B,534,1.0,1.0,1
0.70,B,535,1.0,1.0,1
0.70,B,536,1.0,1.0,1
0.70,B,537,1.0,1.0,1
0.70,B,538,1.0,1.0,1
0.70,B,539,1.0,1.0,1
0.70,B,540,1.0,1.0,1
0.70,B,541,1.0,1.0,1
0.70,B,542,1.0,1.0,1
0.70,B,543,1.0,1.0,1
0.70,B,544,1.0,1.0,1
0.70,B,545,1.0,1.0,1
0.70,B,546,1.0,1.0,1
0.70,B,547,1.0,1.0,1
0.70,B,548,1.0,1.0,1
0.70,B,549,1.0,1.0,1
0.70,B,550,1.0,1.0,1
0.70,B,551,1.0,1.0,1
0.70,B,552,1.0,1.0,1
0.70,B,553,1.0,1.0,1
0.70,B,554,1.0,1.0,1
0.70,B,555,1.0,1.0,1
0.70,B,556,1.0,1.0,1
0.70,B,557,1.0,1.0,1
0.70,B,558,1.0,1.0,1
0.70,B,559,1.0,1.0,1
0.70,B,560,1.0,1.0,1
0.70,B,561,1.0,1.0,1
0.70,B,562,1.0,1.0,1
0.70,B,563,1.0,1.0,1
0.70,B,564,1.0,1.0,1
0.70,B,565,1.0,1.0,1
0.70,B,566,1.0,1.0,1
0.70,B,567,1.0,1.0,1
0.70,B,568,1.0,1.0,1
0.70,B,569,1.0,1.0,1
0.70,B,570,1.0,1.0,1
0.70,B,571,1.0,1.0,1
0.70,B,572,1.0,1.0,1
0.70,B,573,1.0,1.0,1
0.70,B,574,1.0,1.0,1
0.70,B,575,1.0,1.0,1
0.70,B,576,1.0,1.0,1
0.70,B,577,1.0,1.0,1
0.70,B,578,1.0,1.0,1
0.70,B,579,1.0,1.0,1
0.70,B,580,1.0,1.0,1
0.70,B,581,1.0,1.0,1
0.70,B,582,1.0,1.0,1
0.70,B,583,1.0,1.0,1
0.70,B,584,1.0,1.0,1
0.70,B,585,1.0,1.0,1
0.70,B,586,1.0,1.0,1
0.70,B,587,1.0,1.0,1
0.70,B,588,1.0,1.0,1
0.70,B,589,1.0,1.0,1
0.70,B,590,1.0,1.0,1
0.70,B,591,1.0,1.0,1
0.70,B,592,1.0,1.0,1
0.70,B,593,1.0,1.0,1
0.70,B,594,1.0,1.0,1
0.70,B,595,1.0,1.0,1
0.70,B,596,1.0,1.0,1
0.70,B,597,1.0,1.0,1
0.70,B,598,1.0,1.0,1
0.70,B,599,1.0,1.0,1
0.70,B,600,1.0,1.0,1
0.70,B,601,1.0,1.0,1
0.70,B,602,1.0,1.0,1
0.70,B,603,1.0,1.0,1
0.70,B,604,1.0,1.0,1
0.70,B,605,1.0,1.0,1
0.70,B,606,1.0,1.0,1
0.70,B,607,1.0,1.0,1
0.70,B,608,1.0,1.0,1
0.70,B,609,1.0,1.0,1
0.70,B,610,1.0,1.0,1
0.70,B,611,1.0,1.0,1
0.70,B,612,1.0,1.0,1
0.70,B,613,1.0,1.0,1
0.70,B,614,1.0,1.0,1
0.70,B,615,1.0,1.0,1
0.70,B,616,1.0,1.0,1
0.70,B,617,1.0,1.0,1
0.70,B,618,1.0,1.0,1
0.70,B,619,1.0,1.0,1
0.70,B,620,1.0,1.0,1
0.70,B,621,1.0,1.0,1
0.70,B,622,1.0,1.0,1
0.70,B,623,1.0,1.0,1
0.70,B,624,1.0,1.0,1
0.70,B,625,1.0,1.0,1
0.70,B,626,1.0,1.0,1
0.70,B,627,1.0,1.0,1
0.70,B,628,1.0,1.0,1
0.70,B,629,1.0,1.0,1
0.70,B,630,1.0,1.0,1
0.70,B,631,1.0,1.0,1
0.70,B,632,1.0,1.0,1
0.70,B,633,1.0,1.0,1
0.70,B,634,1.0,1.0,1
0.70,B,635,1.0,1.0,1
0.70,B,636,1.0,1.0,1
0.70,B,637,1.0,1.0,1
0.70,B,638,1.0,1.0,1
0.70,B,639,1.0,1.0,1
0.70,B,640,1.0,1.0,1
0.70,B,641,1.0,1.0,1
0.70,B,642,1.0,1.0,1
0.70,B,643,1.0,1.0,1
0.70,B,644,1.0,1.0,1
0.70,B,645,1.0,1.0,1
0.70,B,646,1.0,1.0,1
0.70,B,647,1.0,1.0,1
0.70,B,648,1.0,1.0,1
0.70,B,649,1.0,1.0,1
0.70,B,650,1.0,1.0,1
0.70,B,651,1.0,1.0,1
0.70,B,652,1.0,1.0,1
0.70,B,653,1.0,1.0,1
0.70,B,654,1.0,1.0,1
0.70,B,655,1.0,1.0,1
0.70,B,656,1.0,1.0,1
0.70,B,657,1.0,1.0,1
0.70,B,658,1.0,1.0,1
0.70,B,659,1.0,1.0,1
0.70,B,660,1.0,1.0,1
0.70,B,661,1.0,1.0,1
0.70,B,662,1.0,1.0,1
0.70,B,663,1.0,1.0,1
0.70,B,664,1.0,1.0,1
0.70,B,665,1.0,1.0,1
0.70,B,666,1.0,1.0,1
0.70,B,667,1.0,1.0,1
0.70,B,668,1.0,1.0,1
0.70,B,669,1.0,1.0,1
0.70,B,670,1.0,1.0,1
0.70,B,671,1.0,1.0,1
0.70,B,672,1.0,1.0,1
0.70,B,673,1.0,1.0,1
0.70,B,674,1.0,1.0,1
0.70,B,675,1.0,1.0,1
0.70,B,676,1.0,1.0,1
0.70,B,677,1.0,1.0,1
0.70,B,678,1.0,1.0,1
0.70,B,679,1.0,1.0,1
0.70,B,680,1.0,1.0,1
0.70,B,681,1.0,1.0,1
0.70,B,682,1.0,1.0,1
0.70,B,683,1.0,1.0,1
0.70,B,684,1.0,1.0,1
0.70,B,685,1.0,1.0,1
0.70,B,686,1.0,1.0,1
0.70,B,687,1.0,1.0,1
0.70,B,688,1.0,1.0,1
0.70,B,689,1.0,1.0,1
0.70,B,690,1.0,1.0,1
0.70,B,691,1.0,1.0,1
0.70,B,692,1.0,1.0,1
0.70,B,693,1.0,1.0,1
0.70,B,694,1.0,1.0,1
0.70,B,695,1.0,1.0,1
0.70,B,696,1.0,1.0,1
0.70,B,697,1.0,1.0,1
0.70,B,698,1.0,1.0,1
0.70,B,699,1.0,1.0,1
0.70,B,700,1.0,1.0,1
0.70,B,701,1.0,1.0,1
0.70,B,702,1.0,1.0,1
0.70,B,703,1.0,1.0,1
0.70,B,704,1.0,1.0,1
0.70,B,705,1.0,1.0,1
0.70,B,706,1.0,1.0,1
0.70,B,707,1.0,1.0,1
0.70,B,708,1.0,1.0,1
0.70,B,709,1.0,1.0,1
0.70,B,710,1.0,1.0,1
0.70,B,711,1.0,1.0,1
0.70,B,712,1.0,1.0,1
0.70,B,713,1.0,1.0,1
0.70,B,714,1.0,1.0,1
0.70,B,715,1.0,1.0,1
0.70,B,716,1.0,1.0,1
0.70,B,717,1.0,1.0,1
0.70,B,718,1.0,1.0,1
0.70,B,719,1.0,1.0,1
0.70,B,720,1.0,1.0,1
0.70,B,721,1.0,1.0,1
0.70,B,722,1.0,1.0,1
0.70,B,723,1.0,1.0,1
0.70,B,724,1.0,1.0,1
0.70,B,725,1.0,1.0,1
0.70,B,726,1.0,1.0,1
0.70,B,727,1.0,1.0,1
0.70,B,728,1.0,1.0,1
0.70,B,729,1.0,1.0,1
0.70,B,730,1.0,1.0,1
0.70,B,731,1.0,1.0,1
0.70,B,732,1.0,1.0,1
0.70,B,733,1.0,1.0,1
0.70,B,734,1.0,1.0,1
0.70,B,735,1.0,1.0,1
0.70,B,736,1.0,1.0,1
0.70,B,737,1.0,1.0,1
0.70,B,738,1.0,1.0,1
0.70,B,739,1.0,1.0,1
0.70,B,740,1.0,1.0,1
0.70,B,741,1.0,1.0,1
0.70,B,742,1.0,1.0,1
0.70,B,743,1.0,1.0,1
0.70,B,744,1.0,1.0,1
0.70,B,745,1.0,1.0,1
0.70,B,746,1.0,1.0,1
0.70,B,747,1.0,1.0,1
0.70,B,748,1.0,1.0,1
0.70,B,749,1.0,1.0,1
0.70,B,750,1.0,1.0,1
0.70,B,751,1.0,1.0,1
0.70,B,752,1.0,1.0,1
0.70,B,753,1.0,1.0,1
0.70,B,754,1.0,1.0,1
0.70,B,755,1.0,1.0,1
0.70,B,756,1.0,1.0,1
0.70,B,757,1.0,1.0,1
0.70,B,758,1.0,1.0,1
0.70,B,759,1.0,1.0,1
0.70,B,760,1.0,1.0,1
0.70,B,761,1.0,1.0,1
0.70,B,762,1.0,1.0,1
0.70,B,763,1.0,1.0,1
0.70,B,764,1.0,1.0,1
0.70,B,765,1.0,1.0,1
0.70,B,766,1.0,1.0,1
0.70,B,767,1.0,1.0,1
0.70,B,768,1.0,1.0,1
0.70,B,769,1.0,1.0,1
0.70,B,770,1.0,1.0,1
0.70,B,771,1.0,1.0,1
0.70,B,772,1.0,1.0,1
0.70,B,773,1.0,1.0,1
0.70,B,774,1.0,1.0,1
0.70,B,775,1.0,1.0,1
0.70,B,776,1.0,1.0,1
0.70,B,777,1.0,1.0,1
0.70,B,778,1.0,1.0,1
0.70,B,779,1.0,1.0,1
0.70,B,780,1.0,1.0,1
0.70,B,781,1.0,1.0,1
0.70,B,782,1.0,1.0,1
0.70,B,783,1.0,1.0,1
0.70,B,784,1.0,1.0,1
0.70,B,785,1.0,1.0,1
0.70,B,786,1.0,1.0,1
0.70,B,787,1.0,1.0,1
0.70,B,788,1.0,1.0,1
0.70,B,789,1.0,1.0,1
0.70,B,790,1.0,1.0,1
0.70,B,791,1.0,1.0,1
0.70,B,792,1.0,1.0,1
0.70,B,793,1.0,1.0,1
0.70,B,794,1.0,1.0,1
0.70,B,795,1.0,1.0,1
0.70,B,796,1.0,1.0,1
0.70,B,797,1.0,1.0,1
0.70,B,798,1.0,1.0,1
0.70,B,799,1.0,1.0,1
0.70,B,800,1.0,1.0,1
0.70,B,801,1.0,1.0,1
0.70,B,802,1.0,1.0,1
0.70,B,803,1.0,1.0,1
0.70,B,804,1.0,1.0,1
0.70,B,805,1.0,1.0,1
0.70,B,806,1.0,1.0,1
0.70,B,807,1.0,1.0,1
0.70,B,808,1.0,1.0,1
0.70,B,809,1.0,1.0,1
0.70,B,810,1.0,1.0,1
0.70,B,811,1.0,1.0,1
0.70,B,812,1.0,1.0,1
0.70,B,813,1.0,1.0,1
0.70,B,814,1.0,1.0,1
0.70,B,815,1.0,1.0,1
0.70,B,816,1.0,1.0,1
0.70,B,817,1.0,1.0,1
0.70,B,818,1.0,1.0,1
0.70,B,819,1.0,1.0,1
0.70,B,820,1.0,1.0,1
0.70,B,821,1.0,1.0,1
0.70,B,822,1.0,1.0,1
0.70,B,823,1.0,1.0,1
0.70,B,824,1.0,1.0,1
0.70,B,825,1.0,1.0,1
0.70,B,826,1.0,1.0,1
0.70,B,827,1.0,1.0,1
0.70,B,828,1.0,1.0,1
0.70,B,829,1.0,1.0,1
0.70,B,830,1.0,1.0,1
0.70,B,831,1.0,1.0,1
0.70,B,832,1.0,1.0,1
0.70,B,833,1.0,1.0,1
0.70,B,834,1.0,1.0,1
0.70,B,835,1.0,1.0,1
0.70,B,836,1.0,1.0,1
0.70,B,837,1.0,1.0,1
0.70,B,838,1.0,1.0,1
0.70,B,839,1.0,1.0,1
0.70,B,840,1.0,1.0,1
0.70,B,841,1.0,1.0,1
0.70,B,842,1.0,1.0,1
0.70,B,843,1.0,1.0,1
0.70,B,844,1.0,1.0,1
0.70,B,845,1.0,1.0,1
0.70,B,846,1.0,1.0,1
0.70,B,847,1.0,1.0,1
0.70,B,848,1.0,1.0,1
0.70,B,849,1.0,1.0,1
0.70,B,850,1.0,1.0,1
0.70,B,851,1.0,1.0,1
0.70,B,852,1.0,1.0,1
0.70,B,853,1.0,1.0,1
0.70,B,854,1.0,1.0,1
0.70,B,855,1.0,1.0,1
0.70,B,856,1.0,1.0,1
0.70,B,857,1.0,1.0,1
0.70,B,858,1.0,1.0,1
0.70,B,859,1.0,1.0,1
0.70,B,860,1.0,1.0,1
0.70,B,861,1.0,1.0,1
0.70,B,862,1.0,1.0,1
0.70,B,863,1.0,1.0,1
0.70,B,864,1.0,1.0,1
0.70,B,865,1.0,1.0,1
0.70,B,866,1.0,1.0,1
0.70,B,867,1.0,1.0,1
0.70,B,868,1.0,1.0,1
0.70,B,869,1.0,1.0,1
0.70,B,870,1.0,1.0,1
0.70,B,871,1.0,1.0,1
0.70,B,872,1.0,1.0,1
0.70,B,873,1.0,1.0,1
0.70,B,874,1.0,1.0,1
0.70,B,875,1.0,1.0,1
0.70,B,876,1.0,1.0,1
0.70,B,877,1.0,1.0,1
0.70,B,878,1.0,1.0,1
0.70,B,879,1.0,1.0,1
0.70,B,880,1.0,1.0,1
0.70,B,881,1.0,1.0,1
0.70,B,882,1.0,1.0,1
0.70,B,883,1.0,1.0,1
0.70,B,884,1.0,1.0,1
0.70,B,885,1.0,1.0,1
0.70,B,886,1.0,1.0,1
0.70,B,887,1.0,1.0,1
0.70,B,888,1.0,1.0,1
0.70,B,889,1.0,1.0,1
0.70,B,890,1.0,1.0,1
0.70,B,891,1.0,1.0,1
0.70,B,892,1.0,1.0,1
0.70,B,893,1.0,1.0,1
0.70,B,894,1.0,1.0,1
0.70,B,895,1.0,1.0,1
0.70,B,896,1.0,1.0,1
0.70,B,897,1.0,1.0,1
0.70,B,898,1.0,1.0,1
0.70,B,899,1.0,1.0,1
0.70,B,900,1.0,1.0,1
0.70,B,901,1.0,1.0,1
0.70,B,902,1.0,1.0,1
0.70,B,903,1.0,1.0,1
0.70,B,904,1.0,1.0,1
0.70,B,905,1.0,1.0,1
0.70,B,906,1.0,1.0,1
0.70,B,907,1.0,1.0,1
0.70,B,908,1.0,1.0,1
0.70,B,909,1.0,1.0,1
0.70,B,910,1.0,1.0,1
0.70,B,911,1.0,1.0,1
0.70,B,912,1.0,1.0,1
0.70,B,913,1.0,1.0,1
0.70,B,914,1.0,1.0,1
0.70,B,915,1.0,1.0,1
0.70,B,916,1.0,1.0,1
0.70,B,917,1.0,1.0,1
0.70,B,918,1.0,1.0,1
0.70,B,919,1.0,1.0,1
0.70,B,920,1.0,1.0,1
0.70,B,921,1.0,1.0,1
0.70,B,922,1.0,1.0,1
0.70,B,923,1.0,1.0,1
0.70,B,924,1.0,1.0,1
0.70,B,925,1.0,1.0,1
0.70,B,926,1.0,1.0,1
0.70,B,927,1.0,1.0,1
0.70,B,928,1.0,1.0,1
0.70,B,929,1.0,1.0,1
0.70,B,930,1.0,1.0,1
0.70,B,931,1.0,1.0,1
0.70,B,932,1.0,1.0,1
0.70,B,933,1.0,1.0,1
0.70,B,934,1.0,1.0,1
0.70,B,935,1.0,1.0,1
0.70,B,936,1.0,1.0,1
0.70,B,937,1.0,1.0,1
0.70,B,938,1.0,1.0,1
0.70,B,939,1.0,1.0,1
0.70,H2,0,0.0,0,0.0
0.70,H2,1,0.21985000000000002,0.21200755590476222,0.2276924440952378
0.70,H2,2,0.22010000000000002,0.21222338221255405,0.227976617787446
0.70,H2,3,0.6209,0.6126392719994777,0.6291607280005224
0.70,H2,4,0.62165,0.613219502209812,0.630080497790188
0.70,H2,5,0.6764000000000001,0.6564272719672207,0.6963727280327795
0.70,H2,6,0.7186,0.6887457408894858,0.7484542591105142
0.70,H2,7,0.75995,0.720558520169315,0.799341479830685
0.70,H2,8,0.79595,0.7470043383224145,0.8448956616775856
0.70,H2,9,0.82465,0.768091911361521,0.881208088638479
0.70,H2,10,0.84945,0.7860274355379363,0.9128725644620638
0.70,H2,11,0.8658,0.7971800173911436,0.9344199826088564
0.70,H2,12,0.88105,0.8076499612578231,0.9544500387421769
0.70,H2,13,0.8945,0.8170723141124654,0.9719276858875345
0.70,H2,14,0.9071999999999999,0.8268719555862667,0.9875280444137331
0.70,H2,15,0.91845,0.8365334173254858,1
0.70,H2,16,0.9268,0.8444134815578411,1
0.70,H2,17,0.93545,0.8537815690998596,1
0.70,H2,18,0.9418,0.8602372573282814,1
0.70,H2,19,0.9467000000000001,0.8694313506565201,1
0.70,H2,20,0.95155,0.8793378248350487,1
0.70,H2,21,0.95745,0.8927822203356877,1
0.70,H2,22,0.96095,0.9012985158575628,1
0.70,H2,23,0.9641000000000001,0.9085897217194483,1
0.70,H2,24,0.9673,0.9163478928423682,1
0.70,H2,25,0.971,0.9254162542800226,1
0.70,H2,26,0.97395,0.9321944821472918,1
0.70,H2,27,0.9767,0.938900758358056,1
0.70,H2,28,0.97935,0.9456072001658885,1
0.70,H2,29,0.9817500000000001,0.9511416832641099,1
0.70,H2,30,0.9848,0.9574199091238683,1
0.70,H2,31,0.9873500000000002,0.9630159024049174,1
0.70,H2,32,0.9887000000000001,0.9664095526381143,1
0.70,H2,33,0.9902000000000001,0.9698956793355098,1
0.70,H2,34,0.99155,0.9741622003691984,1
0.70,H2,35,0.99275,0.9780594617376365,1
0.70,H2,36,0.9932,0.9794293805554087,1
0.70,H2,37,0.994,0.9821014513690985,1
0.70,H2,38,0.9949,0.9850985173663139,1
0.70,H2,39,0.9956999999999999,0.9875345838011123,1
0.70,H2,40,0.99585,0.9880320388962223,1
0.70,H2,41,0.996,0.9884205453526544,1
0.70,H2,42,0.9961,0.9887522504895859,1
0.70,H2,43,0.99635,0.9894723803644029,1
0.70,H2,44,0.9964999999999999,0.9899695504352194,1
0.70,H2,45,0.9968,0.9909611768043497,1
0.70,H2,46,0.9968499999999999,0.9911260252056752,1
0.70,H2,47,0.997,0.99161969106003,1
0.70,H2,48,0.9971,0.9919479711069618,1
0.70,H2,49,0.99745,0.9927616761117366,1
0.70,H2,50,0.9975499999999999,0.9930904504903045,1
0.70,H2,51,0.9977,0.9933481001113476,1
0.70,H2,52,0.9979,0.9937975302531602,1
0.70,H2,53,0.998,0.9939043506564585,1
0.70,H2,54,0.99825,0.994500800018432,1
0.70,H2,55,0.9984999999999999,0.9952149590036887,1
0.70,H2,56,0.99865,0.9957186424347035,1
0.70,H2,57,0.99885,0.99613068211135,1
0.70,H2,58,0.99895,0.99646714453645,1
0.70,H2,59,0.99895,0.99646714453645,1
0.70,H2,60,0.99895,0.99646714453645,1
0.70,H2,61,0.99905,0.99680360696155,1
0.70,H2,62,0.99915,0.99714006938665,1
0.70,H2,63,0.99935,0.99781299423685,1
0.70,H2,64,0.9995499999999999,0.99848591908705,1
0.70,H2,65,0.9997,0.9989906127247,1
0.70,H2,66,0.9997,0.9989906127247,1
0.70,H2,67,0.9997,0.9989906127247,1
0.70,H2,68,0.9998,0.9993270751498,1
0.70,H2,69,0.9998,0.9993270751498,1
0.70,H2,70,0.9998,0.9993270751498,1
0.70,H2,71,0.9998,0.9993270751498,1
0.70,H2,72,0.9998,0.9993270751498,1
0.70,H2,73,0.99985,0.9994953063623501,1
0.70,H2,74,0.99985,0.9994953063623501,1
0.70,H2,75,0.99985,0.9994953063623501,1
0.70,H2,76,0.99985,0.9994953063623501,1
0.70,H2,77,0.99985,0.9994953063623501,1
0.70,H2,78,0.99985,0.9994953063623501,1
0.70,H2,79,0.99985,0.9994953063623501,1
0.70,H2,80,0.99985,0.9994953063623501,1
0.70,H2,81,0.99985,0.9994953063623501,1
0.70,H2,82,0.9999,0.9996635375749,1
0.70,H2,83,0.9999,0.9996635375749,1
0.70,H2,84,0.9999,0.9996635375749,1
0.70,H2,85,0.9999,0.9996635375749,1
0.70,H2,86,0.9999,0.9996635375749,1
0.70,H2,87,0.9999,0.9996635375749,1
0.70,H2,88,0.9999,0.9996635375749,1
0.70,H2,89,0.9999,0.9996635375749,1
0.70,H2,90,0.9999,0.9996635375749,1
0.70,H2,91,0.9999,0.9996635375749,1
0.70,H2,92,0.9999,0.9996635375749,1
0.70,H2,93,0.9999,0.9996635375749,1
0.70,H2,94,0.9999,0.9996635375749,1
0.70,H2,95,0.9999,0.9996635375749,1
0.70,H2,96,0.9999,0.9996635375749,1
0.70,H2,97,0.99995,0.9998317687874501,1
0.70,H2,98,1.0,1.0,1
0.70,H2,99,1.0,1.0,1
0.70,H2,100,1.0,1.0,1
0.70,H2,101,1.0,1.0,1
0.70,H2,102,1.0,1.0,1
0.70,H2,103,1.0,1.0,1
0.70,H2,104,1.0,1.0,1
0.70,H2,105,1.0,1.0,1
0.70,H2,106,1.0,1.0,1
0.70,H2,107,1.0,1.0,1
0.70,H2,108,1.0,1.0,1
0.70,H2,109,1.0,1.0,1
0.70,H2,110,1.0,1.0,1
0.70,H2,111,1.0,1.0,1
0.70,H2,112,1.0,1.0,1
0.70,H2,113,1.0,1.0,1
0.70,H2,114,1.0,1.0,1
0.70,H2,115,1.0,1.0,1
0.70,H2,116,1.0,1.0,1
0.70,H2,117,1.0,1.0,1
0.70,H2,118,1.0,1.0,1
0.70,H2,119,1.0,1.0,1
0.70,H2,120,1.0,1.0,1
0.70,H2,121,1.0,1.0,1
0.70,H2,122,1.0,1.0,1
0.70,H2,123,1.0,1.0,1
0.70,H2,124,1.0,1.0,1
0.70,H2,125,1.0,1.0,1
0.70,H2,126,1.0,1.0,1
0.70,H2,127,1.0,1.0,1
0.70,H2,128,1.0,1.0,1
0.70,H2,129,1.0,1.0,1
0.70,H2,130,1.0,1.0,1
0.70,H2,131,1.0,1.0,1
0.70,H2,132,1.0,1.0,1
0.70,H2,133,1.0,1.0,1
0.70,H2,134,1.0,1.0,1
0.70,H2,135,1.0,1.0,1
0.70,H2,136,1.0,1.0,1
0.70,H2,137,1.0,1.0,1
0.70,H2,138,1.0,1.0,1
0.70,H2,139,1.0,1.0,1
0.70,H2,140,1.0,1.0,1
0.70,H2,141,1.0,1.0,1
0.70,H2,142,1.0,1.0,1
0.70,H2,143,1.0,1.0,1
0.70,H2,144,1.0,1.0,1
0.70,H2,145,1.0,1.0,1
0.70,H2,146,1.0,1.0,1
0.70,H2,147,1.0,1.0,1
0.70,H2,148,1.0,1.0,1
0.70,H2,149,1.0,1.0,1
0.70,H2,150,1.0,1.0,1
0.70,H2,151,1.0,1.0,1
0.70,H2,152,1.0,1.0,1
0.70,H2,153,1.0,1.0,1
0.70,H2,154,1.0,1.0,1
0.70,H2,155,1.0,1.0,1
0.70,H2,156,1.0,1.0,1
0.70,H2,157,1.0,1.0,1
0.70,H2,158,1.0,1.0,1
0.70,H2,159,1.0,1.0,1
0.70,H2,160,1.0,1.0,1
0.70,H2,161,1.0,1.0,1
0.70,H2,162,1.0,1.0,1
0.70,H2,163,1.0,1.0,1
0.70,H2,164,1.0,1.0,1
0.70,H2,165,1.0,1.0,1
0.70,H2,166,1.0,1.0,1
0.70,H2,167,1.0,1.0,1
0.70,H2,168,1.0,1.0,1
0.70,H2,169,1.0,1.0,1
0.70,H2,170,1.0,1.0,1
0.70,H2,171,1.0,1.0,1
0.70,H2,172,1.0,1.0,1
0.70,H2,173,1.0,1.0,1
0.70,H2,174,1.0,1.0,1
0.70,H2,175,1.0,1.0,1
0.70,H2,176,1.0,1.0,1
0.70,H2,177,1.0,1.0,1
0.70,H2,178,1.0,1.0,1
0.70,H2,179,1.0,1.0,1
0.70,H2,180,1.0,1.0,1
0.70,H2,181,1.0,1.0,1
0.70,H2,182,1.0,1.0,1
0.70,H2,183,1.0,1.0,1
0.70,H2,184,1.0,1.0,1
0.70,H2,185,1.0,1.0,1
0.70,H2,186,1.0,1.0,1
0.70,H2,187,1.0,1.0,1
0.70,H2,188,1.0,1.0,1
0.70,H2,189,1.0,1.0,1
0.70,H2,190,1.0,1.0,1
0.70,H2,191,1.0,1.0,1
0.70,H2,192,1.0,1.0,1
0.70,H2,193,1.0,1.0,1
0.70,H2,194,1.0,1.0,1
0.70,H2,195,1.0,1.0,1
0.70,H2,196,1.0,1.0,1
0.70,H2,197,1.0,1.0,1
0.70,H2,198,1.0,1.0,1
0.70,H2,199,1.0,1.0,1
0.70,H2,200,1.0,1.0,1
0.70,H2,201,1.0,1.0,1
0.70,H2,202,1.0,1.0,1
0.70,H2,203,1.0,1.0,1
0.70,H2,204,1.0,1.0,1
0.70,H2,205,1.0,1.0,1
0.70,H2,206,1.0,1.0,1
0.70,H2,207,1.0,1.0,1
0.70,H2,208,1.0,1.0,1
0.70,H2,209,1.0,1.0,1
0.70,H2,210,1.0,1.0,1
0.70,H2,211,1.0,1.0,1
0.70,H2,212,1.0,1.0,1
0.70,H2,213,1.0,1.0,1
0.70,H2,214,1.0,1.0,1
0.70,H2,215,1.0,1.0,1
0.70,H2,216,1.0,1.0,1
0.70,H2,217,1.0,1.0,1
0.70,H2,218,1.0,1.0,1
0.70,H2,219,1.0,1.0,1
0.70,H2,220,1.0,1.0,1
0.70,H2,221,1.0,1.0,1
0.70,H2,222,1.0,1.0,1
0.70,H2,223,1.0,1.0,1
0.70,H2,224,1.0,1.0,1
0.70,H2,225,1.0,1.0,1
0.70,H2,226,1.0,1.0,1
0.70,H2,227,1.0,1.0,1
0.70,H2,228,1.0,1.0,1
0.70,H2,229,1.0,1.0,1
0.70,H2,230,1.0,1.0,1
0.70,H2,231,1.0,1.0,1
0.70,H2,232,1.0,1.0,1
0.70,H2,233,1.0,1.0,1
0.70,H2,234,1.0,1.0,1
0.70,H2,235,1.0,1.0,1
0.70,H2,236,1.0,1.0,1
0.70,H2,237,1.0,1.0,1
0.70,H2,238,1.0,1.0,1
0.70,H2,239,1.0,1.0,1
0.70,H2,240,1.0,1.0,1
0.70,H2,241,1.0,1.0,1
0.70,H2,242,1.0,1.0,1
0.70,H2,243,1.0,1.0,1
0.70,H2,244,1.0,1.0,1
0.70,H2,245,1.0,1.0,1
0.70,H2,246,1.0,1.0,1
0.70,H2,247,1.0,1.0,1
0.70,H2,248,1.0,1.0,1
0.70,H2,249,1.0,1.0,1
0.70,H2,250,1.0,1.0,1
0.70,H2,251,1.0,1.0,1
0.70,H2,252,1.0,1.0,1
0.70,H2,253,1.0,1.0,1
0.70,H2,254,1.0,1.0,1
0.70,H2,255,1.0,1.0,1
0.70,H2,256,1.0,1.0,1
0.70,H2,257,1.0,1.0,1
0.70,H2,258,1.0,1.0,1
0.70,H2,259,1.0,1.0,1
0.70,H2,260,1.0,1.0,1
0.70,H2,261,1.0,1.0,1
0.70,H2,262,1.0,1.0,1
0.70,H2,263,1.0,1.0,1
0.70,H2,264,1.0,1.0,1
0.70,H2,265,1.0,1.0,1
0.70,H2,266,1.0,1.0,1
0.70,H2,267,1.0,1.0,1
0.70,H2,268,1.0,1.0,1
0.70,H2,269,1.0,1.0,1
0.70,H2,270,1.0,1.0,1
0.70,H2,271,1.0,1.0,1
0.70,H2,272,1.0,1.0,1
0.70,H2,273,1.0,1.0,1
0.70,H2,274,1.0,1.0,1
0.70,H2,275,1.0,1.0,1
0.70,H2,276,1.0,1.0,1
0.70,H2,277,1.0,1.0,1
0.70,H2,278,1.0,1.0,1
0.70,H2,279,1.0,1.0,1
0.70,H2,280,1.0,1.0,1
0.70,H2,281,1.0,1.0,1
0.70,H2,282,1.0,1.0,1
0.70,H2,283,1.0,1.0,1
0.70,H2,284,1.0,1.0,1
0.70,H2,285,1.0,1.0,1
0.70,H2,286,1.0,1.0,1
0.70,H2,287,1.0,1.0,1
0.70,H2,288,1.0,1.0,1
0.70,H2,289,1.0,1.0,1
0.70,H2,290,1.0,1.0,1
0.70,H2,291,1.0,1.0,1
0.70,H2,292,1.0,1.0,1
0.70,H2,293,1.0,1.0,1
0.70,H2,294,1.0,1.0,1
0.70,H2,295,1.0,1.0,1
0.70,H2,296,1.0,1.0,1
0.70,H2,297,1.0,1.0,1
0.70,H2,298,1.0,1.0,1
0.70,H2,299,1.0,1.0,1
0.70,H2,300,1.0,1.0,1
0.70,H2,301,1.0,1.0,1
0.70,H2,302,1.0,1.0,1
0.70,H2,303,1.0,1.0,1
0.70,H2,304,1.0,1.0,1
0.70,H2,305,1.0,1.0,1
0.70,H2,306,1.0,1.0,1
0.70,H2,307,1.0,1.0,1
0.70,H2,308,1.0,1.0,1
0.70,H2,309,1.0,1.0,1
0.70,H2,310,1.0,1.0,1
0.70,H2,311,1.0,1.0,1
0.70,H2,312,1.0,1.0,1
0.70,H2,313,1.0,1.0,1
0.70,H2,314,1.0,1.0,1
0.70,H2,315,1.0,1.0,1
0.70,H2,316,1.0,1.0,1
0.70,H2,317,1.0,1.0,1
0.70,H2,318,1.0,1.0,1
0.70,H2,319,1.0,1.0,1
0.70,H2,320,1.0,1.0,1
0.70,H2,321,1.0,1.0,1
0.70,H2,322,1.0,1.0,1
0.70,H2,323,1.0,1.0,1
0.70,H2,324,1.0,1.0,1
0.70,H2,325,1.0,1.0,1
0.70,H2,326,1.0,1.0,1
0.70,H2,327,1.0,1.0,1
0.70,H2,328,1.0,1.0,1
0.70,H2,329,1.0,1.0,1
0.70,H2,330,1.0,1.0,1
0.70,H2,331,1.0,1.0,1
0.70,H2,332,1.0,1.0,1
0.70,H2,333,1.0,1.0,1
0.70,H2,334,1.0,1.0,1
0.70,H2,335,1.0,1.0,1
0.70,H2,336,1.0,1.0,1
0.70,H2,337,1.0,1.0,1
0.70,H2,338,1.0,1.0,1
0.70,H2,339,1.0,1.0,1
0.70,H2,340,1.0,1.0,1
0.70,H2,341,1.0,1.0,1
0.70,H2,342,1.0,1.0,1
0.70,H2,343,1.0,1.0,1
0.70,H2,344,1.0,1.0,1
0.70,H2,345,1.0,1.0,1
0.70,H2,346,1.0,1.0,1
0.70,H2,347,1.0,1.0,1
0.70,H2,348,1.0,1.0,1
0.70,H2,349,1.0,1.0,1
0.70,H2,350,1.0,1.0,1
0.70,H2,351,1.0,1.0,1
0.70,H2,352,1.0,1.0,1
0.70,H2,353,1.0,1.0,1
0.70,H2,354,1.0,1.0,1
0.70,H2,355,1.0,1.0,1
0.70,H2,356,1.0,1.0,1
0.70,H2,357,1.0,1.0,1
0.70,H2,358,1.0,1.0,1
0.70,H2,359,1.0,1.0,1
0.70,H2,360,1.0,1.0,1
0.70,H2,361,1.0,1.0,1
0.70,H2,362,1.0,1.0,1
0.70,H2,363,1.0,1.0,1
0.70,H2,364,1.0,1.0,1
0.70,H2,365,1.0,1.0,1
0.70,H2,366,1.0,1.0,1
0.70,H2,367,1.0,1.0,1
0.70,H2,368,1.0,1.0,1
0.70,H2,369,1.0,1.0,1
0.70,H2,370,1.0,1.0,1
0.70,H2,371,1.0,1.0,1
0.70,H2,372,1.0,1.0,1
0.70,H2,373,1.0,1.0,1
0.70,H2,374,1.0,1.0,1
0.70,H2,375,1.0,1.0,1
0.70,H2,376,1.0,1.0,1
0.70,H2,377,1.0,1.0,1
0.70,H2,378,1.0,1.0,1
0.70,H2,379,1.0,1.0,1
0.70,H2,380,1.0,1.0,1
0.70,H2,381,1.0,1.0,1
0.70,H2,382,1.0,1.0,1
0.70,H2,383,1.0,1.0,1
0.70,H2,384,1.0,1.0,1
0.70,H2,385,1.0,1.0,1
0.70,H2,386,1.0,1.0,1
0.70,H2,387,1.0,1.0,1
0.70,H2,388,1.0,1.0,1
0.70,H2,389,1.0,1.0,1
0.70,H2,390,1.0,1.0,1
0.70,H2,391,1.0,1.0,1
0.70,H2,392,1.0,1.0,1
0.70,H2,393,1.0,1.0,1
0.70,H2,394,1.0,1.0,1
0.70,H2,395,1.0,1.0,1
0.70,H2,396,1.0,1.0,1
0.70,H2,397,1.0,1.0,1
0.70,H2,398,1.0,1.0,1
0.70,H2,399,1.0,1.0,1
0.70,H2,400,1.0,1.0,1
0.70,H2,401,1.0,1.0,1
0.70,H2,402,1.0,1.0,1
0.70,H2,403,1.0,1.0,1
0.70,H2,404,1.0,1.0,1
0.70,H2,405,1.0,1.0,1
0.70,H2,406,1.0,1.0,1
0.70,H2,407,1.0,1.0,1
0.70,H2,408,1.0,1.0,1
0.70,H2,409,1.0,1.0,1
0.70,H2,410,1.0,1.0,1
0.70,H2,411,1.0,1.0,1
0.70,H2,412,1.0,1.0,1
0.70,H2,413,1.0,1.0,1
0.70,H2,414,1.0,1.0,1
0.70,H2,415,1.0,1.0,1
0.70,H2,416,1.0,1.0,1
0.70,H2,417,1.0,1.0,1
0.70,H2,418,1.0,1.0,1
0.70,H2,419,1.0,1.0,1
0.70,H2,420,1.0,1.0,1
0.70,H2,421,1.0,1.0,1
0.70,H2,422,1.0,1.0,1
0.70,H2,423,1.0,1.0,1
0.70,H2,424,1.0,1.0,1
0.70,H2,425,1.0,1.0,1
0.70,H2,426,1.0,1.0,1
0.70,H2,427,1.0,1.0,1
0.70,H2,428,1.0,1.0,1
0.70,H2,429,1.0,1.0,1
0.70,H2,430,1.0,1.0,1
0.70,H2,431,1.0,1.0,1
0.70,H2,432,1.0,1.0,1
0.70,H2,433,1.0,1.0,1
0.70,H2,434,1.0,1.0,1
0.70,H2,435,1.0,1.0,1
0.70,H2,436,1.0,1.0,1
0.70,H2,437,1.0,1.0,1
0.70,H2,438,1.0,1.0,1
0.70,H2,439,1.0,1.0,1
0.70,H2,440,1.0,1.0,1
0.70,H2,441,1.0,1.0,1
0.70,H2,442,1.0,1.0,1
0.70,H2,443,1.0,1.0,1
0.70,H2,444,1.0,1.0,1
0.70,H2,445,1.0,1.0,1
0.70,H2,446,1.0,1.0,1
0.70,H2,447,1.0,1.0,1
0.70,H2,448,1.0,1.0,1
0.70,H2,449,1.0,1.0,1
0.70,H2,450,1.0,1.0,1
0.70,H2,451,1.0,1.0,1
0.70,H2,452,1.0,1.0,1
0.70,H2,453,1.0,1.0,1
0.70,H2,454,1.0,1.0,1
0.70,H2,455,1.0,1.0,1
0.70,H2,456,1.0,1.0,1
0.70,H2,457,1.0,1.0,1
0.70,H2,458,1.0,1.0,1
0.70,H2,459,1.0,1.0,1
0.70,H2,460,1.0,1.0,1
0.70,H2,461,1.0,1.0,1
0.70,H2,462,1.0,1.0,1
0.70,H2,463,1.0,1.0,1
0.70,H2,464,1.0,1.0,1
0.70,H2,465,1.0,1.0,1
0.70,H2,466,1.0,1.0,1
0.70,H2,467,1.0,1.0,1
0.70,H2,468,1.0,1.0,1
0.70,H2,469,1.0,1.0,1
0.70,H2,470,1.0,1.0,1
0.70,H2,471,1.0,1.0,1
0.70,H2,472,1.0,1.0,1
0.70,H2,473,1.0,1.0,1
0.70,H2,474,1.0,1.0,1
0.70,H2,475,1.0,1.0,1
0.70,H2,476,1.0,1.0,1
0.70,H2,477,1.0,1.0,1
0.70,H2,478,1.0,1.0,1
0.70,H2,479,1.0,1.0,1
0.70,H2,480,1.0,1.0,1
0.70,H2,481,1.0,1.0,1
0.70,H2,482,1.0,1.0,1
0.70,H2,483,1.0,1.0,1
0.70,H2,484,1.0,1.0,1
0.70,H2,485,1.0,1.0,1
0.70,H2,486,1.0,1.0,1
0.70,H2,487,1.0,1.0,1
0.70,H2,488,1.0,1.0,1
0.70,H2,489,1.0,1.0,1
0.70,H2,490,1.0,1.0,1
0.70,H2,491,1.0,1.0,1
0.70,H2,492,1.0,1.0,1
0.70,H2,493,1.0,1.0,1
0.70,H2,494,1.0,1.0,1
0.70,H2,495,1.0,1.0,1
0.70,H2,496,1.0,1.0,1
0.70,H2,497,1.0,1.0,1
0.70,H2,498,1.0,1.0,1
0.70,H2,499,1.0,1.0,1
0.70,H2,500,1.0,1.0,1
0.70,H2,501,1.0,1.0,1
0.70,H2,502,1.0,1.0,1
0.70,H2,503,1.0,1.0,1
0.70,H2,504,1.0,1.0,1
0.70,H2,505,1.0,1.0,1
0.70,H2,506,1.0,1.0,1
0.70,H2,507,1.0,1.0,1
0.70,H2,508,1.0,1.0,1
0.70,H2,509,1.0,1.0,1
0.70,H2,510,1.0,1.0,1
0.70,H2,511,1.0,1.0,1
0.70,H2,512,1.0,1.0,1
0.70,H2,513,1.0,1.0,1
0.70,H2,514,1.0,1.0,1
0.70,H2,515,1.0,1.0,1
0.70,H2,516,1.0,1.0,1
0.70,H2,517,1.0,1.0,1
0.70,H2,518,1.0,1.0,1
0.70,H2,519,1.0,1.0,1
0.70,H2,520,1.0,1.0,1
0.70,H2,521,1.0,1.0,1
0.70,H2,522,1.0,1.0,1
0.70,H2,523,1.0,1.0,1
0.70,H2,524,1.0,1.0,1
0.70,H2,525,1.0,1.0,1
0.70,H2,526,1.0,1.0,1
0.70,H2,527,1.0,1.0,1
0.70,H2,528,1.0,1.0,1
0.70,H2,529,1.0,1.0,1
0.70,H2,530,1.0,1.0,1
0.70,H2,531,1.0,1.0,1
0.70,H2,532,1.0,1.0,1
0.70,H2,533,1.0,1.0,1
0.70,H2,534,1.0,1.0,1
0.70,H2,535,1.0,1.0,1
0.70,H2,536,1.0,1.0,1
0.70,H2,537,1.0,1.0,1
0.70,H2,538,1.0,1.0,1
0.70,H2,539,1.0,1.0,1
0.70,H2,540,1.0,1.0,1
0.70,H2,541,1.0,1.0,1
0.70,H2,542,1.0,1.0,1
0.70,H2,543,1.0,1.0,1
0.70,H2,544,1.0,1.0,1
0.70,H2,545,1.0,1.0,1
0.70,H2,546,1.0,1.0,1
0.70,H2,547,1.0,1.0,1
0.70,H2,548,1.0,1.0,1
0.70,H2,549,1.0,1.0,1
0.70,H2,550,1.0,1.0,1
0.70,H2,551,1.0,1.0,1
0.70,H2,552,1.0,1.0,1
0.70,H2,553,1.0,1.0,1
0.70,H2,554,1.0,1.0,1
0.70,H2,555,1.0,1.0,1
0.70,H2,556,1.0,1.0,1
0.70,H2,557,1.0,1.0,1
0.70,H2,558,1.0,1.0,1
0.70,H2,559,1.0,1.0,1
0.70,H2,560,1.0,1.0,1
0.70,H2,561,1.0,1.0,1
0.70,H2,562,1.0,1.0,1
0.70,H2,563,1.0,1.0,1
0.70,H2,564,1.0,1.0,1
0.70,H2,565,1.0,1.0,1
0.70,H2,566,1.0,1.0,1
0.70,H2,567,1.0,1.0,1
0.70,H2,568,1.0,1.0,1
0.70,H2,569,1.0,1.0,1
0.70,H2,570,1.0,1.0,1
0.70,H2,571,1.0,1.0,1
0.70,H2,572,1.0,1.0,1
0.70,H2,573,1.0,1.0,1
0.70,H2,574,1.0,1.0,1
0.70,H2,575,1.0,1.0,1
0.70,H2,576,1.0,1.0,1
0.70,H2,577,1.0,1.0,1
0.70,H2,578,1.0,1.0,1
0.70,H2,579,1.0,1.0,1
0.70,H2,580,1.0,1.0,1
0.70,H2,581,1.0,1.0,1
0.70,H2,582,1.0,1.0,1
0.70,H2,583,1.0,1.0,1
0.70,H2,584,1.0,1.0,1
0.70,H2,585,1.0,1.0,1
0.70,H2,586,1.0,1.0,1
0.70,H2,587,1.0,1.0,1
0.70,H2,588,1.0,1.0,1
0.70,H2,589,1.0,1.0,1
0.70,H2,590,1.0,1.0,1
0.70,H2,591,1.0,1.0,1
0.70,H2,592,1.0,1.0,1
0.70,H2,593,1.0,1.0,1
0.70,H2,594,1.0,1.0,1
0.70,H2,595,1.0,1.0,1
0.70,H2,596,1.0,1.0,1
0.70,H2,597,1.0,1.0,1
0.70,H2,598,1.0,1.0,1
0.70,H2,599,1.0,1.0,1
0.70,H2,600,1.0,1.0,1
0.70,H2,601,1.0,1.0,1
0.70,H2,602,1.0,1.0,1
0.70,H2,603,1.0,1.0,1
0.70,H2,604,1.0,1.0,1
0.70,H2,605,1.0,1.0,1
0.70,H2,606,1.0,1.0,1
0.70,H2,607,1.0,1.0,1
0.70,H2,608,1.0,1.0,1
0.70,H2,609,1.0,1.0,1
0.70,H2,610,1.0,1.0,1
0.70,H2,611,1.0,1.0,1
0.70,H2,612,1.0,1.0,1
0.70,H2,613,1.0,1.0,1
0.70,H2,614,1.0,1.0,1
0.70,H2,615,1.0,1.0,1
0.70,H2,616,1.0,1.0,1
0.70,H2,617,1.0,1.0,1
0.70,H2,618,1.0,1.0,1
0.70,H2,619,1.0,1.0,1
0.70,H2,620,1.0,1.0,1
0.70,H2,621,1.0,1.0,1
0.70,H2,622,1.0,1.0,1
0.70,H2,623,1.0,1.0,1
0.70,H2,624,1.0,1.0,1
0.70,H2,625,1.0,1.0,1
0.70,H2,626,1.0,1.0,1
0.70,H2,627,1.0,1.0,1
0.70,H2,628,1.0,1.0,1
0.70,H2,629,1.0,1.0,1
0.70,H2,630,1.0,1.0,1
0.70,H2,631,1.0,1.0,1
0.70,H2,632,1.0,1.0,1
0.70,H2,633,1.0,1.0,1
0.70,H2,634,1.0,1.0,1
0.70,H2,635,1.0,1.0,1
0.70,H2,636,1.0,1.0,1
0.70,H2,637,1.0,1.0,1
0.70,H2,638,1.0,1.0,1
0.70,H2,639,1.0,1.0,1
0.70,H2,640,1.0,1.0,1
0.70,H2,641,1.0,1.0,1
0.70,H2,642,1.0,1.0,1
0.70,H2,643,1.0,1.0,1
0.70,H2,644,1.0,1.0,1
0.70,H2,645,1.0,1.0,1
0.70,H2,646,1.0,1.0,1
0.70,H2,647,1.0,1.0,1
0.70,H2,648,1.0,1.0,1
0.70,H2,649,1.0,1.0,1
0.70,H2,650,1.0,1.0,1
0.70,H2,651,1.0,1.0,1
0.70,H2,652,1.0,1.0,1
0.70,H2,653,1.0,1.0,1
0.70,H2,654,1.0,1.0,1
0.70,H2,655,1.0,1.0,1
0.70,H2,656,1.0,1.0,1
0.70,H2,657,1.0,1.0,1
0.70,H2,658,1.0,1.0,1
0.70,H2,659,1.0,1.0,1
0.70,H2,660,1.0,1.0,1
0.70,H2,661,1.0,1.0,1
0.70,H2,662,1.0,1.0,1
0.70,H2,663,1.0,1.0,1
0.70,H2,664,1.0,1.0,1
0.70,H2,665,1.0,1.0,1
0.70,H2,666,1.0,1.0,1
0.70,H2,667,1.0,1.0,1
0.70,H2,668,1.0,1.0,1
0.70,H2,669,1.0,1.0,1
0.70,H2,670,1.0,1.0,1
0.70,H2,671,1.0,1.0,1
0.70,H2,672,1.0,1.0,1
0.70,H2,673,1.0,1.0,1
0.70,H2,674,1.0,1.0,1
0.70,H2,675,1.0,1.0,1
0.70,H2,676,1.0,1.0,1
0.70,H2,677,1.0,1.0,1
0.70,H2,678,1.0,1.0,1
0.70,H2,679,1.0,1.0,1
0.70,H2,680,1.0,1.0,1
0.70,H2,681,1.0,1.0,1
0.70,H2,682,1.0,1.0,1
0.70,H2,683,1.0,1.0,1
0.70,H2,684,1.0,1.0,1
0.70,H2,685,1.0,1.0,1
0.70,H2,686,1.0,1.0,1
0.70,H2,687,1.0,1.0,1
0.70,H2,688,1.0,1.0,1
0.70,H2,689,1.0,1.0,1
0.70,H2,690,1.0,1.0,1
0.70,H2,691,1.0,1.0,1
0.70,H2,692,1.0,1.0,1
0.70,H2,693,1.0,1.0,1
0.70,H2,694,1.0,1.0,1
0.70,H2,695,1.0,1.0,1
0.70,H2,696,1.0,1.0,1
0.70,H2,697,1.0,1.0,1
0.70,H2,698,1.0,1.0,1
0.70,H2,699,1.0,1.0,1
0.70,H2,700,1.0,1.0,1
0.70,H2,701,1.0,1.0,1
0.70,H2,702,1.0,1.0,1
0.70,H2,703,1.0,1.0,1
0.70,H2,704,1.0,1.0,1
0.70,H2,705,1.0,1.0,1
0.70,H2,706,1.0,1.0,1
0.70,H2,707,1.0,1.0,1
0.70,H2,708,1.0,1.0,1
0.70,H2,709,1.0,1.0,1
0.70,H2,710,1.0,1.0,1
0.70,H2,711,1.0,1.0,1
0.70,H2,712,1.0,1.0,1
0.70,H2,713,1.0,1.0,1
0.70,H2,714,1.0,1.0,1
0.70,H2,715,1.0,1.0,1
0.70,H2,716,1.0,1.0,1
0.70,H2,717,1.0,1.0,1
0.70,H2,718,1.0,1.0,1
0.70,H2,719,1.0,1.0,1
0.70,H2,720,1.0,1.0,1
0.70,H2,721,1.0,1.0,1
0.70,H2,722,1.0,1.0,1
0.70,H2,723,1.0,1.0,1
0.70,H2,724,1.0,1.0,1
0.70,H2,725,1.0,1.0,1
0.70,H2,726,1.0,1.0,1
0.70,H2,727,1.0,1.0,1
0.70,H2,728,1.0,1.0,1
0.70,H2,729,1.0,1.0,1
0.70,H2,730,1.0,1.0,1
0.70,H2,731,1.0,1.0,1
0.70,H2,732,1.0,1.0,1
0.70,H2,733,1.0,1.0,1
0.70,H2,734,1.0,1.0,1
0.70,H2,735,1.0,1.0,1
0.70,H2,736,1.0,1.0,1
0.70,H2,737,1.0,1.0,1
0.70,H2,738,1.0,1.0,1
0.70,H2,739,1.0,1.0,1
0.70,H2,740,1.0,1.0,1
0.70,H2,741,1.0,1.0,1
0.70,H2,742,1.0,1.0,1
0.70,H2,743,1.0,1.0,1
0.70,H2,744,1.0,1.0,1
0.70,H2,745,1.0,1.0,1
0.70,H2,746,1.0,1.0,1
0.70,H2,747,1.0,1.0,1
0.70,H2,748,1.0,1.0,1
0.70,H2,749,1.0,1.0,1
0.70,H2,750,1.0,1.0,1
0.70,H2,751,1.0,1.0,1
0.70,H2,752,1.0,1.0,1
0.70,H2,753,1.0,1.0,1
0.70,H2,754,1.0,1.0,1
0.70,H2,755,1.0,1.0,1
0.70,H2,756,1.0,1.0,1
0.70,H2,757,1.0,1.0,1
0.70,H2,758,1.0,1.0,1
0.70,H2,759,1.0,1.0,1
0.70,H2,760,1.0,1.0,1
0.70,H2,761,1.0,1.0,1
0.70,H2,762,1.0,1.0,1
0.70,H2,763,1.0,1.0,1
0.70,H2,764,1.0,1.0,1
0.70,H2,765,1.0,1.0,1
0.70,H2,766,1.0,1.0,1
0.70,H2,767,1.0,1.0,1
0.70,H2,768,1.0,1.0,1
0.70,H2,769,1.0,1.0,1
0.70,H2,770,1.0,1.0,1
0.70,H2,771,1.0,1.0,1
0.70,H2,772,1.0,1.0,1
0.70,H2,773,1.0,1.0,1
0.70,H2,774,1.0,1.0,1
0.70,H2,775,1.0,1.0,1
0.70,H2,776,1.0,1.0,1
0.70,H2,777,1.0,1.0,1
0.70,H2,778,1.0,1.0,1
0.70,H2,779,1.0,1.0,1
0.70,H2,780,1.0,1.0,1
0.70,H2,781,1.0,1.0,1
0.70,H2,782,1.0,1.0,1
0.70,H2,783,1.0,1.0,1
0.70,H2,784,1.0,1.0,1
0.70,H2,785,1.0,1.0,1
0.70,H2,786,1.0,1.0,1
0.70,H2,787,1.0,1.0,1
0.70,H2,788,1.0,1.0,1
0.70,H2,789,1.0,1.0,1
0.70,H2,790,1.0,1.0,1
0.70,H2,791,1.0,1.0,1
0.70,H2,792,1.0,1.0,1
0.70,H2,793,1.0,1.0,1
0.70,H2,794,1.0,1.0,1
0.70,H2,795,1.0,1.0,1
0.70,H2,796,1.0,1.0,1
0.70,H2,797,1.0,1.0,1
0.70,H2,798,1.0,1.0,1
0.70,H2,799,1.0,1.0,1
0.70,H2,800,1.0,1.0,1
0.70,H2,801,1.0,1.0,1
0.70,H2,802,1.0,1.0,1
0.70,H2,803,1.0,1.0,1
0.70,H2,804,1.0,1.0,1
0.70,H2,805,1.0,1.0,1
0.70,H2,806,1.0,1.0,1
0.70,H2,807,1.0,1.0,1
0.70,H2,808,1.0,1.0,1
0.70,H2,809,1.0,1.0,1
0.70,H2,810,1.0,1.0,1
0.70,H2,811,1.0,1.0,1
0.70,H2,812,1.0,1.0,1
0.70,H2,813,1.0,1.0,1
0.70,H2,814,1.0,1.0,1
0.70,H2,815,1.0,1.0,1
0.70,H2,816,1.0,1.0,1
0.70,H2,817,1.0,1.0,1
0.70,H2,818,1.0,1.0,1
0.70,H2,819,1.0,1.0,1
0.70,H2,820,1.0,1.0,1
0.70,H2,821,1.0,1.0,1
0.70,H2,822,1.0,1.0,1
0.70,H2,823,1.0,1.0,1
0.70,H2,824,1.0,1.0,1
0.70,H2,825,1.0,1.0,1
0.70,H2,826,1.0,1.0,1
0.70,H2,827,1.0,1.0,1
0.70,H2,828,1.0,1.0,1
0.70,H2,829,1.0,1.0,1
0.70,H2,830,1.0,1.0,1
0.70,H2,831,1.0,1.0,1
0.70,H2,832,1.0,1.0,1
0.70,H2,833,1.0,1.0,1
0.70,H2,834,1.0,1.0,1
0.70,H2,835,1.0,1.0,1
0.70,H2,836,1.0,1.0,1
0.70,H2,837,1.0,1.0,1
0.70,H2,838,1.0,1.0,1
0.70,H2,839,1.0,1.0,1
0.70,H2,840,1.0,1.0,1
0.70,H2,841,1.0,1.0,1
0.70,H2,842,1.0,1.0,1
0.70,H2,843,1.0,1.0,1
0.70,H2,844,1.0,1.0,1
0.70,H2,845,1.0,1.0,1
0.70,H2,846,1.0,1.0,1
0.70,H2,847,1.0,1.0,1
0.70,H2,848,1.0,1.0,1
0.70,H2,849,1.0,1.0,1
0.70,H2,850,1.0,1.0,1
0.70,H2,851,1.0,1.0,1
0.70,H2,852,1.0,1.0,1
0.70,H2,853,1.0,1.0,1
0.70,H2,854,1.0,1.0,1
0.70,H2,855,1.0,1.0,1
0.70,H2,856,1.0,1.0,1
0.70,H2,857,1.0,1.0,1
0.70,H2,858,1.0,1.0,1
0.70,H2,859,1.0,1.0,1
0.70,H2,860,1.0,1.0,1
0.70,H2,861,1.0,1.0,1
0.70,H2,862,1.0,1.0,1
0.70,H2,863,1.0,1.0,1
0.70,H2,864,1.0,1.0,1
0.70,H2,865,1.0,1.0,1
0.70,H2,866,1.0,1.0,1
0.70,H2,867,1.0,1.0,1
0.70,H2,868,1.0,1.0,1
0.70,H2,869,1.0,1.0,1
0.70,H2,870,1.0,1.0,1
0.70,H2,871,1.0,1.0,1
0.70,H2,872,1.0,1.0,1
0.70,H2,873,1.0,1.0,1
0.70,H2,874,1.0,1.0,1
0.70,H2,875,1.0,1.0,1
0.70,H2,876,1.0,1.0,1
0.70,H2,877,1.0,1.0,1
0.70,H2,878,1.0,1.0,1
0.70,H2,879,1.0,1.0,1
0.70,H2,880,1.0,1.0,1
0.70,H2,881,1.0,1.0,1
0.70,H2,882,1.0,1.0,1
0.70,H2,883,1.0,1.0,1
0.70,H2,884,1.0,1.0,1
0.70,H2,885,1.0,1.0,1
0.70,H2,886,1.0,1.0,1
0.70,H2,887,1.0,1.0,1
0.70,H2,888,1.0,1.0,1
0.70,H2,889,1.0,1.0,1
0.70,H2,890,1.0,1.0,1
0.70,H2,891,1.0,1.0,1
0.70,H2,892,1.0,1.0,1
0.70,H2,893,1.0,1.0,1
0.70,H2,894,1.0,1.0,1
0.70,H2,895,1.0,1.0,1
0.70,H2,896,1.0,1.0,1
0.70,H2,897,1.0,1.0,1
0.70,H2,898,1.0,1.0,1
0.70,H2,899,1.0,1.0,1
0.70,H2,900,1.0,1.0,1
0.70,H2,901,1.0,1.0,1
0.70,H2,902,1.0,1.0,1
0.70,H2,903,1.0,1.0,1
0.70,H2,904,1.0,1.0,1
0.70,H2,905,1.0,1.0,1
0.70,H2,906,1.0,1.0,1
0.70,H2,907,1.0,1.0,1
0.70,H2,908,1.0,1.0,1
0.70,H2,909,1.0,1.0,1
0.70,H2,910,1.0,1.0,1
0.70,H2,911,1.0,1.0,1
0.70,H2,912,1.0,1.0,1
0.70,H2,913,1.0,1.0,1
0.70,H2,914,1.0,1.0,1
0.70,H2,915,1.0,1.0,1
0.70,H2,916,1.0,1.0,1
0.70,H2,917,1.0,1.0,1
0.70,H2,918,1.0,1.0,1
0.70,H2,919,1.0,1.0,1
0.70,H2,920,1.0,1.0,1
0.70,H2,921,1.0,1.0,1
0.70,H2,922,1.0,1.0,1
0.70,H2,923,1.0,1.0,1
0.70,H2,924,1.0,1.0,1
0.70,H2,925,1.0,1.0,1
0.70,H2,926,1.0,1.0,1
0.70,H2,927,1.0,1.0,1
0.70,H2,928,1.0,1.0,1
0.70,H2,929,1.0,1.0,1
0.70,H2,930,1.0,1.0,1
0.70,H2,931,1.0,1.0,1
0.70,H2,932,1.0,1.0,1
0.70,H2,933,1.0,1.0,1
0.70,H2,934,1.0,1.0,1
0.70,H2,935,1.0,1.0,1
0.70,H2,936,1.0,1.0,1
0.70,H2,937,1.0,1.0,1
0.70,H2,938,1.0,1.0,1
0.70,H2,939,1.0,1.0,1
0.70,F2,0,0.0,0,0.0
0.70,F2,1,0.2008,0.193111723760139,0.20848827623986102
0.70,F2,2,0.2011,0.19350002261357635,0.20869997738642365
0.70,F2,3,0.57665,0.5667670546301444,0.5865329453698556
0.70,F2,4,0.5772,0.5675029810124401,0.58689701898756
0.70,F2,5,0.5781999999999999,0.5682589313034535,0.5881410686965464
0.70,F2,6,0.5785499999999999,0.5685833522198888,0.588516647780111
0.70,F2,7,0.57925,0.5696100899228761,0.588889910077124
0.70,F2,8,0.5795999999999999,0.5697008021822556,0.5894991978177442
0.70,F2,9,0.58005,0.5701613985751007,0.5899386014248992
0.70,F2,10,0.58045,0.5706246071809528,0.5902753928190473
0.70,F2,11,0.5808,0.5710651629059325,0.5905348370940675
0.70,F2,12,0.58115,0.5711377737144119,0.5911622262855882
0.70,F2,13,0.5815500000000001,0.5716484825816941,0.5914515174183061
0.70,F2,14,0.5820000000000001,0.5723575008459146,0.5916424991540855
0.70,F2,15,0.5826,0.5728980398559473,0.5923019601440527
0.70,F2,16,0.5831000000000001,0.5735813121444034,0.5926186878555967
0.70,F2,17,0.5836,0.5741702600059643,0.5930297399940357
0.70,F2,18,0.5842,0.5748999080417249,0.5935000919582752
0.70,F2,19,0.5845,0.5752313106482302,0.5937686893517699
0.70,F2,20,0.58495,0.5756930601588508,0.5942069398411491
0.70,F2,21,0.5853,0.5760364829083159,0.5945635170916842
0.70,F2,22,0.5854,0.5760776035736681,0.594722396426332
0.70,F2,23,0.58625,0.5767916085601718,0.5957083914398283
0.70,F2,24,0.5869,0.5770400150852704,0.5967599849147296
0.70,F2,25,0.5875499999999999,0.577192687418179,0.5979073125818208
0.70,F2,26,0.58815,0.5775706421076525,0.5987293578923474
0.70,F2,27,0.58885,0.5779047376871086,0.5997952623128914
0.70,F2,28,0.58935,0.5780351344145053,0.6006648655854948
0.70,F2,29,0.5901,0.5782380949584773,0.6019619050415226
0.70,F2,30,0.59105,0.5787254846850711,0.6033745153149288
0.70,F2,31,0.5922999999999999,0.5793437948382973,0.6052562051617025
0.70,F2,32,0.5951,0.5809057814042562,0.6092942185957437
0.70,F2,33,0.597,0.5812498070587578,0.6127501929412421
0.70,F2,34,0.5987499999999999,0.5817046015352123,0.6157953984647875
0.70,F2,35,0.60015,0.5821984790085477,0.6181015209914522
0.70,F2,36,0.60205,0.5833440969368411,0.6207559030631589
0.70,F2,37,0.60375,0.5842500408237022,0.6232499591762978
0.70,F2,38,0.60545,0.5848520130645676,0.6260479869354325
0.70,F2,39,0.6078000000000001,0.5861389207953848,0.6294610792046155
0.70,F2,40,0.6093500000000001,0.587162142447736,0.6315378575522641
0.70,F2,41,0.6102,0.5874532066363793,0.6329467933636206
0.70,F2,42,0.6113500000000001,0.5880248664683217,0.6346751335316784
0.70,F2,43,0.61245,0.5885420985184789,0.6363579014815212
0.70,F2,44,0.6137,0.589381786911935,0.6380182130880651
0.70,F2,45,0.61515,0.5910404801829128,0.6392595198170872
0.70,F2,46,0.6174499999999999,0.594361676861297,0.6405383231387028
0.70,F2,47,0.6194,0.5965991920015855,0.6422008079984144
0.70,F2,48,0.6211,0.5980984612862555,0.6441015387137444
0.70,F2,49,0.6233500000000001,0.5999947499688963,0.6467052500311038
0.70,F2,50,0.6255999999999999,0.6016463279925748,0.6495536720074251
0.70,F2,51,0.628,0.6033067747012961,0.6526932252987039
0.70,F2,52,0.631,0.6053914671487618,0.6566085328512382
0.70,F2,53,0.6335500000000001,0.607039416331023,0.6600605836689771
0.70,F2,54,0.6357999999999999,0.6089121173902614,0.6626878826097384
0.70,F2,55,0.6378,0.6107173458983411,0.6648826541016589
0.70,F2,56,0.6401500000000001,0.612871659091475,0.6674283409085252
0.70,F2,57,0.642,0.6146018274070576,0.6693981725929424
0.70,F2,58,0.6435500000000001,0.6156712405306545,0.6714287594693457
0.70,F2,59,0.6449499999999999,0.6167331924991787,0.6731668075008211
0.70,F2,60,0.64635,0.6178327393725583,0.6748672606274416
0.70,F2,61,0.6496000000000001,0.6194396172585446,0.6797603827414556
0.70,F2,62,0.6523500000000001,0.62130558134265,0.6833944186573502
0.70,F2,63,0.6548,0.6228529349774623,0.6867470650225378
0.70,F2,64,0.6577,0.6248716030533534,0.6905283969466465
0.70,F2,65,0.66065,0.6270010740618134,0.6942989259381865
0.70,F2,66,0.66305,0.628767054665743,0.697332945334257
0.70,F2,67,0.665,0.6300739314750327,0.6999260685249674
0.70,F2,68,0.6672,0.6320087252206171,0.7023912747793829
0.70,F2,69,0.6688,0.6330636503182192,0.7045363496817807
0.70,F2,70,0.6708,0.6344484545335538,0.7071515454664461
0.70,F2,71,0.673,0.636121823901013,0.7098781760989871
0.70,F2,72,0.6754499999999999,0.6382419297688999,0.7126580702310998
0.70,F2,73,0.678,0.6403913221751197,0.7156086778248804
0.70,F2,74,0.6801,0.642230664695833,0.7179693353041671
0.70,F2,75,0.68275,0.6440062509243045,0.7214937490756954
0.70,F2,76,0.6853,0.6459591207945314,0.7246408792054686
0.70,F2,77,0.6880999999999999,0.6492375502217022,0.7269624497782977
0.70,F2,78,0.6900499999999999,0.6510563546225493,0.7290436453774506
0.70,F2,79,0.6924,0.65333203989245,0.73146796010755
0.70,F2,80,0.695,0.6571195924842842,0.7328804075157157
0.70,F2,81,0.6975,0.6602675448845025,0.7347324551154976
0.70,F2,82,0.6999000000000001,0.6625074146820809,0.7372925853179193
0.70,F2,83,0.70295,0.6657037365505946,0.7401962634494054
0.70,F2,84,0.7055,0.6682950159041622,0.7427049840958379
0.70,F2,85,0.70815,0.6708994476249258,0.7454005523750741
0.70,F2,86,0.7115,0.673771829109118,0.749228170890882
0.70,F2,87,0.7150000000000001,0.6767979079163526,0.7532020920836475
0.70,F2,88,0.71775,0.6787590177416146,0.7567409822583854
0.70,F2,89,0.721,0.6809686503680378,0.7610313496319622
0.70,F2,90,0.7236,0.6823496738288004,0.7648503261711996
0.70,F2,91,0.72655,0.6846682244908517,0.7684317755091483
0.70,F2,92,0.7289999999999999,0.6868353612859925,0.7711646387140072
0.70,F2,93,0.7319,0.6896030537060066,0.7741969462939934
0.70,F2,94,0.7339500000000001,0.6915942913241157,0.7763057086758846
0.70,F2,95,0.7352500000000001,0.6926532074901539,0.7778467925098462
0.70,F2,96,0.73765,0.6948982222570838,0.7804017777429163
0.70,F2,97,0.7399,0.697030930265463,0.782769069734537
0.70,F2,98,0.7421,0.6989697462946257,0.7852302537053742
0.70,F2,99,0.7441500000000001,0.7004690697575217,0.7878309302424785
0.70,F2,100,0.7474,0.7027757659878618,0.7920242340121381
0.70,F2,101,0.7507499999999999,0.7046704344623032,0.7968295655376967
0.70,F2,102,0.7545999999999999,0.7066110258752596,0.8025889741247403
0.70,F2,103,0.75705,0.7076564535537596,0.8064435464462404
0.70,F2,104,0.75955,0.7099188158694949,0.809181184130505
0.70,F2,105,0.7619499999999999,0.7116070798824845,0.8122929201175153
0.70,F2,106,0.7642,0.7140572201985653,0.8143427798014347
0.70,F2,107,0.76685,0.7165093012757611,0.817190698724239
0.70,F2,108,0.76955,0.7195599234517948,0.8195400765482052
0.70,F2,109,0.7726,0.7240421414086068,0.8211578585913931
0.70,F2,110,0.7760999999999999,0.7289503682465391,0.8232496317534607
0.70,F2,111,0.7788,0.7318200021606173,0.8257799978393828
0.70,F2,112,0.78095,0.7339411280060822,0.8279588719939178
0.70,F2,113,0.7827,0.7355625675944615,0.8298374324055384
0.70,F2,114,0.7851,0.737979516372828,0.832220483627172
0.70,F2,115,0.7874499999999999,0.7405643120251288,0.8343356879748709
0.70,F2,116,0.7895,0.7424344723379469,0.836565527662053
0.70,F2,117,0.7927000000000002,0.7452511172295363,0.8401488827704641
0.70,F2,118,0.7959,0.7480624850510916,0.8437375149489085
0.70,F2,119,0.7988500000000001,0.7501284311354671,0.847571568864533
0.70,F2,120,0.80095,0.7520420513466707,0.8498579486533294
0.70,F2,121,0.8043999999999999,0.7558506961781415,0.8529493038218583
0.70,F2,122,0.8062499999999999,0.7582776946137542,0.8542223053862457
0.70,F2,123,0.8087500000000001,0.7612534364192863,0.8562465635807138
0.70,F2,124,0.8106,0.7641215330668772,0.8570784669331227
0.70,F2,125,0.8118,0.7656564918902202,0.8579435081097797
0.70,F2,126,0.8126,0.7666386140642815,0.8585613859357185
0.70,F2,127,0.8138500000000001,0.767861184626033,0.8598388153739671
0.70,F2,128,0.8156499999999999,0.7699925626003682,0.8613074373996316
0.70,F2,129,0.8173999999999999,0.7716497364815101,0.8631502635184897
0.70,F2,130,0.81935,0.7734832768483137,0.8652167231516863
0.70,F2,131,0.8214,0.7754254076680018,0.8673745923319982
0.70,F2,132,0.82305,0.7773179198343618,0.8687820801656381
0.70,F2,133,0.8247,0.7793274614263989,0.8700725385736011
0.70,F2,134,0.8263999999999999,0.7814255820339793,0.8713744179660206
0.70,F2,135,0.8276000000000001,0.7826007238889149,0.8725992761110853
0.70,F2,136,0.8289500000000001,0.7844570100977856,0.8734429899022146
0.70,F2,137,0.8303499999999999,0.7867890120453049,0.8739109879546949
0.70,F2,138,0.8318500000000001,0.7890801025251173,0.8746198974748829
0.70,F2,139,0.8330000000000001,0.79119226629659,0.8748077337034101
0.70,F2,140,0.83445,0.7931449337579605,0.8757550662420396
0.70,F2,141,0.83555,0.7954240065553598,0.8756759934446402
0.70,F2,142,0.8370499999999998,0.798709347710706,0.8753906522892937
0.70,F2,143,0.8383499999999999,0.8006020649944963,0.8760979350055036
0.70,F2,144,0.8393499999999999,0.802087441259303,0.8766125587406969
0.70,F2,145,0.8407,0.804250254825823,0.877149745174177
0.70,F2,146,0.8417,0.8059686798682208,0.8774313201317792
0.70,F2,147,0.8434500000000001,0.8089158733652363,0.877984126634764
0.70,F2,148,0.8447500000000001,0.8107330024389727,0.8787669975610275
0.70,F2,149,0.8460500000000001,0.8128674460155648,0.8792325539844353
0.70,F2,150,0.8474,0.8149016212598287,0.8798983787401714
0.70,F2,151,0.849,0.8169590609360465,0.8810409390639534
0.70,F2,152,0.85085,0.8202215953413954,0.8814784046586046
0.70,F2,153,0.8531000000000001,0.8234278351650166,0.8827721648349836
0.70,F2,154,0.8553,0.8268869532056639,0.883713046794336
0.70,F2,155,0.8577,0.8302256943353667,0.8851743056646333
0.70,F2,156,0.85965,0.8325806583787713,0.8867193416212288
0.70,F2,157,0.86125,0.8342734744952488,0.8882265255047511
0.70,F2,158,0.8633500000000001,0.8367470763822629,0.8899529236177373
0.70,F2,159,0.8646499999999999,0.8383399401998322,0.8909600598001677
0.70,F2,160,0.866,0.8394782327261002,0.8925217672738998
0.70,F2,161,0.8671500000000001,0.8403630532225286,0.8939369467774716
0.70,F2,162,0.8684,0.8417322617371183,0.8950677382628816
0.70,F2,163,0.86985,0.8428980621032521,0.8968019378967479
0.70,F2,164,0.8712500000000001,0.8443108090863319,0.8981891909136682
0.70,F2,165,0.87275,0.8460131972238293,0.8994868027761708
0.70,F2,166,0.874,0.8474102535347844,0.9005897464652156
0.70,F2,167,0.8752,0.848747594451237,0.9016524055487629
0.70,F2,168,0.8759999999999999,0.8494210704366347,0.902578929563365
0.70,F2,169,0.87745,0.850510512576362,0.9043894874236379
0.70,F2,170,0.87895,0.8520579957570404,0.9058420042429596
0.70,F2,171,0.8798999999999999,0.8533639306097953,0.9064360693902045
0.70,F2,172,0.8813500000000001,0.8550806543488286,0.9076193456511715
0.70,F2,173,0.8827,0.8568779134087936,0.9085220865912065
0.70,F2,174,0.8836,0.8579671490293242,0.9092328509706759
0.70,F2,175,0.88435,0.8588518513749914,0.9098481486250085
0.70,F2,176,0.88555,0.8596515036848623,0.9114484963151376
0.70,F2,177,0.88705,0.8603942830803475,0.9137057169196525
0.70,F2,178,0.8884500000000001,0.8613464500225634,0.9155535499774368
0.70,F2,179,0.8896499999999999,0.8620094959977789,0.917290504002221
0.70,F2,180,0.89085,0.8627594482256352,0.9189405517743648
0.70,F2,181,0.8917499999999999,0.8635581150719989,0.919941884928001
0.70,F2,182,0.8927999999999999,0.8643446744753824,0.9212553255246174
0.70,F2,183,0.8938,0.8651126287384965,0.9224873712615036
0.70,F2,184,0.8953500000000001,0.8667787305533565,0.9239212694466437
0.70,F2,185,0.89635,0.8680571448489368,0.9246428551510631
0.70,F2,186,0.8973,0.8688509912212548,0.9257490087787452
0.70,F2,187,0.8987,0.8695750523173327,0.9278249476826674
0.70,F2,188,0.9005500000000001,0.8707976206785877,0.9303023793214125
0.70,F2,189,0.9027000000000001,0.8717977767391097,0.9336022232608904
0.70,F2,190,0.9039999999999999,0.8726358260469895,0.9353641739530103
0.70,F2,191,0.9051999999999999,0.873873541149803,0.9365264588501968
0.70,F2,192,0.9065,0.8754101686400422,0.9375898313599578
0.70,F2,193,0.9075999999999999,0.8762246221914847,0.938975377808515
0.70,F2,194,0.9092999999999998,0.8781213990118555,0.9404786009881441
0.70,F2,195,0.9103,0.8789471612912054,0.9416528387087946
0.70,F2,196,0.91165,0.879950708467285,0.943349291532715
0.70,F2,197,0.9129999999999999,0.8810754457716485,0.9449245542283513
0.70,F2,198,0.9142500000000001,0.8820568823332314,0.9464431176667688
0.70,F2,199,0.9151500000000001,0.883057528590532,0.9472424714094683
0.70,F2,200,0.91675,0.8848017160956179,0.948698283904382
0.70,F2,201,0.9177499999999998,0.8858520101603018,0.9496479898396979
0.70,F2,202,0.9195,0.8870258406181248,0.9519741593818751
0.70,F2,203,0.9213999999999999,0.8879223984321342,0.9548776015678656
0.70,F2,204,0.9229,0.8893495850706706,0.9564504149293295
0.70,F2,205,0.9237000000000001,0.8899024130897905,0.9574975869102097
0.70,F2,206,0.92445,0.8903584122865132,0.9585415877134867
0.70,F2,207,0.9255000000000001,0.8909613343787786,0.9600386656212216
0.70,F2,208,0.9269000000000001,0.8917779092169913,0.9620220907830088
0.70,F2,209,0.9279000000000001,0.8924194904718759,0.9633805095281243
0.70,F2,210,0.9286000000000001,0.8930379739217555,0.9641620260782446
0.70,F2,211,0.9294,0.8935378067124011,0.9652621932875989
0.70,F2,212,0.9302499999999999,0.8942659824335089,0.966234017566491
0.70,F2,213,0.9312,0.8948032168420473,0.9675967831579527
0.70,F2,214,0.9325999999999999,0.8958615785811799,0.9693384214188199
0.70,F2,215,0.9338500000000001,0.8967623447254347,0.9709376552745654
0.70,F2,216,0.9356,0.8982073078725199,0.9729926921274801
0.70,F2,217,0.9371999999999999,0.8993647452422145,0.9750352547577853
0.70,F2,218,0.93865,0.9007856482473334,0.9765143517526665
0.70,F2,219,0.9405000000000001,0.9025573320245232,0.9784426679754771
0.70,F2,220,0.9419000000000001,0.9036186394365131,0.980181360563487
0.70,F2,221,0.9429,0.9045873532448634,0.9812126467551365
0.70,F2,222,0.9440999999999999,0.9056084699248562,0.9825915300751437
0.70,F2,223,0.9452999999999999,0.9071231119137363,0.9834768880862635
0.70,F2,224,0.9464,0.9079860570379299,0.9848139429620701
0.70,F2,225,0.9478,0.9094964236096139,0.986103576390386
0.70,F2,226,0.9492,0.9110812176927756,0.9873187823072245
0.70,F2,227,0.9503,0.9124264463288029,0.9881735536711972
0.70,F2,228,0.95185,0.914123443503464,0.989576556496536
0.70,F2,229,0.9527500000000001,0.9149204723082847,0.9905795276917155
0.70,F2,230,0.9533,0.9156108055968312,0.9909891944031689
0.70,F2,231,0.95425,0.9168078077733143,0.9916921922266858
0.70,F2,232,0.9553,0.9181414193022552,0.9924585806977448
0.70,F2,233,0.9563999999999999,0.9193256734968357,0.9934743265031641
0.70,F2,234,0.9571999999999999,0.920239607859294,0.9941603921407058
0.70,F2,235,0.9579999999999999,0.9210508476714263,0.9949491523285734
0.70,F2,236,0.95885,0.9221788510988643,0.9955211489011356
0.70,F2,237,0.9595,0.9228121642854347,0.9961878357145654
0.70,F2,238,0.9604999999999999,0.924141533474231,0.9968584665257688
0.70,F2,239,0.9612499999999999,0.9248539026734248,0.997646097326575
0.70,F2,240,0.96185,0.9259624516734076,0.9977375483265923
0.70,F2,241,0.9622499999999999,0.9268785372988874,0.9976214627011125
0.70,F2,242,0.9628499999999999,0.9282084853061868,0.9974915146938129
0.70,F2,243,0.9635499999999999,0.9295908166469249,0.9975091833530749
0.70,F2,244,0.9639499999999999,0.9306151774068281,0.9972848225931716
0.70,F2,245,0.96495,0.9327553936427528,0.9971446063572471
0.70,F2,246,0.9656999999999999,0.9341586879705626,0.9972413120294372
0.70,F2,247,0.9658999999999999,0.9345670397024514,0.9972329602975484
0.70,F2,248,0.9661499999999998,0.9348950504900632,0.9974049495099365
0.70,F2,249,0.9665000000000001,0.9353706271980319,0.9976293728019684
0.70,F2,250,0.9672499999999999,0.9364515066663134,0.9980484933336865
0.70,F2,251,0.9677499999999999,0.9377250245316998,0.9977749754683
0.70,F2,252,0.9682999999999999,0.938808751514118,0.9977912484858819
0.70,F2,253,0.9688999999999999,0.939999161476192,0.9978008385238077
0.70,F2,254,0.9694499999999999,0.9411771970355948,0.9977228029644051
0.70,F2,255,0.9701500000000001,0.9424699329130091,0.9978300670869911
0.70,F2,256,0.97055,0.9433972774701805,0.9977027225298195
0.70,F2,257,0.9714,0.9451427820347408,0.9976572179652593
0.70,F2,258,0.9721000000000001,0.9464997343312029,0.9977002656687972
0.70,F2,259,0.9726000000000001,0.9476897027988009,0.9975102972011993
0.70,F2,260,0.9733,0.9491578266111691,0.997442173388831
0.70,F2,261,0.9740000000000001,0.9508556550345798,0.9971443449654204
0.70,F2,262,0.9742500000000001,0.95149342013374,0.9970065798662601
0.70,F2,263,0.9742500000000001,0.95149342013374,0.9970065798662601
0.70,F2,264,0.9745,0.9519183247744324,0.9970816752255677
0.70,F2,265,0.9749,0.9525180030313426,0.9972819969686574
0.70,F2,266,0.97535,0.9531499055862566,0.9975500944137435
0.70,F2,267,0.9757000000000001,0.9539412347572117,0.9974587652427885
0.70,F2,268,0.9759000000000001,0.9544451182657738,0.9973548817342264
0.70,F2,269,0.97645,0.9554179903450651,0.9974820096549349
0.70,F2,270,0.97685,0.9563285507472827,0.9973714492527173
0.70,F2,271,0.9772,0.957100495159562,0.997299504840438
0.70,F2,272,0.9777,0.9579616085180409,0.9974383914819591
0.70,F2,273,0.9779,0.958376450122311,0.997423549877689
0.70,F2,274,0.97865,0.9598516621193705,0.9974483378806296
0.70,F2,275,0.97925,0.9610857121580061,0.9974142878419938
0.70,F2,276,0.9798999999999999,0.9619914137687371,0.9978085862312627
0.70,F2,277,0.9803999999999999,0.963197344063523,0.9976026559364769
0.70,F2,278,0.9809999999999999,0.9641947614405233,0.9978052385594764
0.70,F2,279,0.9815999999999999,0.9655066515498267,0.9976933484501731
0.70,F2,280,0.98225,0.9669903197086898,0.9975096802913102
0.70,F2,281,0.9827,0.9679072549728209,0.9974927450271791
0.70,F2,282,0.9834499999999999,0.9695996357105345,0.9973003642894653
0.70,F2,283,0.9840999999999999,0.9707562500457505,0.9974437499542492
0.70,F2,284,0.9847499999999999,0.9722472439306044,0.9972527560693955
0.70,F2,285,0.9853499999999998,0.9732650249956815,0.9974349750043182
0.70,F2,286,0.9860499999999999,0.9745412461664736,0.9975587538335261
0.70,F2,287,0.9861999999999999,0.9749119041161588,0.9974880958838409
0.70,F2,288,0.9866999999999999,0.9758348520651869,0.9975651479348129
0.70,F2,289,0.98705,0.9764872659326201,0.9976127340673798
0.70,F2,290,0.9874499999999999,0.9774929742799658,0.997407025720034
0.70,F2,291,0.9878499999999999,0.978466220437144,0.9972337795628557
0.70,F2,292,0.98825,0.9790467152507801,0.9974532847492198
0.70,F2,293,0.9886499999999999,0.9798968968849362,0.9974031031150636
0.70,F2,294,0.9887999999999999,0.9799849475595592,0.9976150524404406
0.70,F2,295,0.9888999999999999,0.9802759496658129,0.9975240503341869
0.70,F2,296,0.98905,0.9804645902100272,0.9976354097899728
0.70,F2,297,0.9893000000000001,0.980724248442733,0.9978757515572672
0.70,F2,298,0.9894000000000001,0.9807866078014608,0.9980133921985394
0.70,F2,299,0.9895499999999999,0.9810949034489441,0.9980050965510557
0.70,F2,300,0.9897,0.981170947502336,0.998229052497664
0.70,F2,301,0.9900499999999999,0.9815590796041676,0.9985409203958322
0.70,F2,302,0.9903499999999998,0.9821131177740867,0.998586882225913
0.70,F2,303,0.9905999999999999,0.9824615300175141,0.9987384699824857
0.70,F2,304,0.9910000000000001,0.9833304477728261,0.9986695522271741
0.70,F2,305,0.9912000000000001,0.9837566633560497,0.9986433366439504
0.70,F2,306,0.9916,0.9844971248667878,0.9987028751332123
0.70,F2,307,0.99175,0.984604658182212,0.998895341817788
0.70,F2,308,0.9920500000000002,0.9850617737501608,0.9990382262498396
0.70,F2,309,0.99245,0.9857655659068375,0.9991344340931626
0.70,F2,310,0.99265,0.9861534280941985,0.9991465719058016
0.70,F2,311,0.9930500000000001,0.9865608095161599,0.9995391904838403
0.70,F2,312,0.9932500000000001,0.9869595724902156,0.9995404275097846
0.70,F2,313,0.9934000000000001,0.9871361363097041,0.999663863690296
0.70,F2,314,0.9934000000000001,0.9871361363097041,0.999663863690296
0.70,F2,315,0.99365,0.9873748289686671,0.9999251710313329
0.70,F2,316,0.9938,0.9874500136401935,1
0.70,F2,317,0.9940000000000001,0.9877565731135771,1
0.70,F2,318,0.9940000000000001,0.9877565731135771,1
0.70,F2,319,0.9940000000000001,0.9877565731135771,1
0.70,F2,320,0.9940500000000001,0.9877799227108948,1
0.70,F2,321,0.9941000000000001,0.9877986297120069,1
0.70,F2,322,0.9941500000000001,0.9878253799704295,1
0.70,F2,323,0.9942500000000001,0.9880969444362362,1
0.70,F2,324,0.9943500000000001,0.9882582645163674,1
0.70,F2,325,0.99455,0.9884700772114263,1
0.70,F2,326,0.99455,0.9884700772114263,1
0.70,F2,327,0.99465,0.9887244371117674,1
0.70,F2,328,0.9947,0.9887480409938372,1
0.70,F2,329,0.9947,0.9887480409938372,1
0.70,F2,330,0.99485,0.9889311810539606,1
0.70,F2,331,0.9949500000000001,0.9890867739648326,1
0.70,F2,332,0.9949500000000001,0.9890867739648326,1
0.70,F2,333,0.9950500000000001,0.9893413962978701,1
0.70,F2,334,0.9951000000000001,0.9893667875003579,1
0.70,F2,335,0.9953500000000001,0.9896919936481258,1
0.70,F2,336,0.9953500000000001,0.9896919936481258,1
0.70,F2,337,0.9954000000000001,0.9898214337713206,1
0.70,F2,338,0.9954500000000001,0.989845897538663,1
0.70,F2,339,0.99555,0.98999313301015,1
0.70,F2,340,0.99555,0.98999313301015,1
0.70,F2,341,0.9956,0.9901225816666901,1
0.70,F2,342,0.9956,0.9901225816666901,1
0.70,F2,343,0.9956,0.9901225816666901,1
0.70,F2,344,0.9957,0.990276071214948,1
0.70,F2,345,0.9957,0.990276071214948,1
0.70,F2,346,0.99575,0.9904026394447659,1
0.70,F2,347,0.99575,0.9904026394447659,1
0.70,F2,348,0.99585,0.9906572399199469,1
0.70,F2,349,0.99585,0.9906572399199469,1
0.70,F2,350,0.9959,0.9907853164176117,1
0.70,F2,351,0.99595,0.9909118280809251,1
0.70,F2,352,0.996,0.9910367025412938,1
0.70,F2,353,0.9961,0.9912911923780914,1
0.70,F2,354,0.99615,0.991414211078486,1
0.70,F2,355,0.99615,0.991414211078486,1
0.70,F2,356,0.99625,0.9915684961155483,1
0.70,F2,357,0.9963,0.9916913652736037,1
0.70,F2,358,0.99635,0.9918228979125593,1
0.70,F2,359,0.99635,0.9918228979125593,1
0.70,F2,360,0.9964500000000001,0.9920809264637266,1
0.70,F2,361,0.9965,0.992207236956009,1
0.70,F2,362,0.99665,0.992574145372222,1
0.70,F2,363,0.9967,0.9927080548140049,1
0.70,F2,364,0.99675,0.9927353582447418,1
0.70,F2,365,0.9968,0.9928675265808662,1
0.70,F2,366,0.99685,0.9928954985820426,1
0.70,F2,367,0.9969,0.9930258493083413,1
0.70,F2,368,0.9969,0.9930258493083413,1
0.70,F2,369,0.9969,0.9930258493083413,1
0.70,F2,370,0.997,0.9932804785881094,1
0.70,F2,371,0.99705,0.9934088844789365,1
0.70,F2,372,0.99705,0.9934088844789365,1
0.70,F2,373,0.99715,0.9935596958017096,1
0.70,F2,374,0.99715,0.9935596958017096,1
0.70,F2,375,0.9972,0.9936881434543705,1
0.70,F2,376,0.9972,0.9936881434543705,1
0.70,F2,377,0.9973500000000001,0.9940591891098108,1
0.70,F2,378,0.9974500000000001,0.9942929830868676,1
0.70,F2,379,0.9974500000000001,0.9942929830868676,1
0.70,F2,380,0.9974500000000001,0.9942929830868676,1
0.70,F2,381,0.9976,0.9946846954310752,1
0.70,F2,382,0.99765,0.9947987606585089,1
0.70,F2,383,0.99765,0.9947987606585089,1
0.70,F2,384,0.99765,0.9947987606585089,1
0.70,F2,385,0.9977,0.994909285382813,1
0.70,F2,386,0.9978,0.9950773795177306,1
0.70,F2,387,0.99795,0.9953817493277578,1
0.70,F2,388,0.998,0.9954975169150966,1
0.70,F2,389,0.99805,0.9956356503190351,1
0.70,F2,390,0.99805,0.9956356503190351,1
0.70,F2,391,0.9981,0.9956572815077203,1
0.70,F2,392,0.9981,0.9956572815077203,1
0.70,F2,393,0.99815,0.995792565001491,1
0.70,F2,394,0.9982,0.9959248993096774,1
0.70,F2,395,0.99825,0.9960466900127711,1
0.70,F2,396,0.9983000000000001,0.9961643446233579,1
0.70,F2,397,0.9983500000000001,0.9963007131183523,1
0.70,F2,398,0.9984500000000001,0.9965546094749081,1
0.70,F2,399,0.9984500000000001,0.9965546094749081,1
0.70,F2,400,0.9985,0.9966881008126044,1
0.70,F2,401,0.9986,0.9969423518985125,1
0.70,F2,402,0.9986,0.9969423518985125,1
0.70,F2,403,0.99865,0.997061874573981,1
0.70,F2,404,0.99875,0.9973263076719139,1
0.70,F2,405,0.99875,0.9973263076719139,1
0.70,F2,406,0.9988,0.9973478379508067,1
0.70,F2,407,0.9988,0.9973478379508067,1
0.70,F2,408,0.9988,0.9973478379508067,1
0.70,F2,409,0.99885,0.9974719233247741,1
0.70,F2,410,0.99885,0.9974719233247741,1
0.70,F2,411,0.99885,0.9974719233247741,1
0.70,F2,412,0.99895,0.9976131131813675,1
0.70,F2,413,0.99895,0.9976131131813675,1
0.70,F2,414,0.99895,0.9976131131813675,1
0.70,F2,415,0.99895,0.9976131131813675,1
0.70,F2,416,0.99895,0.9976131131813675,1
0.70,F2,417,0.99895,0.9976131131813675,1
0.70,F2,418,0.99895,0.9976131131813675,1
0.70,F2,419,0.999,0.9977234782968231,1
0.70,F2,420,0.99905,0.99774945666195,1
0.70,F2,421,0.99905,0.99774945666195,1
0.70,F2,422,0.99905,0.99774945666195,1
0.70,F2,423,0.99905,0.99774945666195,1
0.70,F2,424,0.99905,0.99774945666195,1
0.70,F2,425,0.9991,0.9978519544820335,1
0.70,F2,426,0.99915,0.9979993588862383,1
0.70,F2,427,0.99915,0.9979993588862383,1
0.70,F2,428,0.9992,0.9981425078867039,1
0.70,F2,429,0.9992,0.9981425078867039,1
0.70,F2,430,0.9992,0.9981425078867039,1
0.70,F2,431,0.9992,0.9981425078867039,1
0.70,F2,432,0.9992,0.9981425078867039,1
0.70,F2,433,0.9992,0.9981425078867039,1
0.70,F2,434,0.9993,0.9983087899996502,1
0.70,F2,435,0.9993,0.9983087899996502,1
0.70,F2,436,0.9993,0.9983087899996502,1
0.70,F2,437,0.9993,0.9983087899996502,1
0.70,F2,438,0.9993500000000001,0.9984396525668946,1
0.70,F2,439,0.9993500000000001,0.9984396525668946,1
0.70,F2,440,0.9993500000000001,0.9984396525668946,1
0.70,F2,441,0.9994000000000001,0.9985615938499913,1
0.70,F2,442,0.9994000000000001,0.9985615938499913,1
0.70,F2,443,0.9994000000000001,0.9985615938499913,1
0.70,F2,444,0.9994000000000001,0.9985615938499913,1
0.70,F2,445,0.9994000000000001,0.9985615938499913,1
0.70,F2,446,0.9994000000000001,0.9985615938499913,1
0.70,F2,447,0.9994000000000001,0.9985615938499913,1
0.70,F2,448,0.9994000000000001,0.9985615938499913,1
0.70,F2,449,0.9994000000000001,0.9985615938499913,1
0.70,F2,450,0.9994000000000001,0.9985615938499913,1
0.70,F2,451,0.9994000000000001,0.9985615938499913,1
0.70,F2,452,0.9994000000000001,0.9985615938499913,1
0.70,F2,453,0.9994000000000001,0.9985615938499913,1
0.70,F2,454,0.9994000000000001,0.9985615938499913,1
0.70,F2,455,0.9994000000000001,0.9985615938499913,1
0.70,F2,456,0.9994000000000001,0.9985615938499913,1
0.70,F2,457,0.9994000000000001,0.9985615938499913,1
0.70,F2,458,0.9994000000000001,0.9985615938499913,1
0.70,F2,459,0.9994000000000001,0.9985615938499913,1
0.70,F2,460,0.9994000000000001,0.9985615938499913,1
0.70,F2,461,0.9994000000000001,0.9985615938499913,1
0.70,F2,462,0.9994500000000001,0.9986721346292416,1
0.70,F2,463,0.9994500000000001,0.9986721346292416,1
0.70,F2,464,0.9994500000000001,0.9986721346292416,1
0.70,F2,465,0.99955,0.998919609496923,1
0.70,F2,466,0.99955,0.998919609496923,1
0.70,F2,467,0.99955,0.998919609496923,1
0.70,F2,468,0.9996,0.9990637536246636,1
0.70,F2,469,0.9996,0.9990637536246636,1
0.70,F2,470,0.9996,0.9990637536246636,1
0.70,F2,471,0.9996,0.9990637536246636,1
0.70,F2,472,0.9996,0.9990637536246636,1
0.70,F2,473,0.9996,0.9990637536246636,1
0.70,F2,474,0.9996,0.9990637536246636,1
0.70,F2,475,0.9996,0.9990637536246636,1
0.70,F2,476,0.9996,0.9990637536246636,1
0.70,F2,477,0.99965,0.9991625202224115,1
0.70,F2,478,0.99965,0.9991625202224115,1
0.70,F2,479,0.99965,0.9991625202224115,1
0.70,F2,480,0.99965,0.9991625202224115,1
0.70,F2,481,0.99965,0.9991625202224115,1
0.70,F2,482,0.99965,0.9991625202224115,1
0.70,F2,483,0.9997,0.9992355970162713,1
0.70,F2,484,0.9997,0.9992355970162713,1
0.70,F2,485,0.9997,0.9992355970162713,1
0.70,F2,486,0.9997,0.9992355970162713,1
0.70,F2,487,0.9997,0.9992355970162713,1
0.70,F2,488,0.9997,0.9992355970162713,1
0.70,F2,489,0.9997,0.9992355970162713,1
0.70,F2,490,0.9997,0.9992355970162713,1
0.70,F2,491,0.9997,0.9992355970162713,1
0.70,F2,492,0.9997,0.9992355970162713,1
0.70,F2,493,0.9997,0.9992355970162713,1
0.70,F2,494,0.9997,0.9992355970162713,1
0.70,F2,495,0.9997,0.9992355970162713,1
0.70,F2,496,0.9997,0.9992355970162713,1
0.70,F2,497,0.99975,0.9993953063623501,1
0.70,F2,498,0.99975,0.9993953063623501,1
0.70,F2,499,0.99975,0.9993953063623501,1
0.70,F2,500,0.99975,0.9993953063623501,1
0.70,F2,501,0.99975,0.9993953063623501,1
0.70,F2,502,0.99975,0.9993953063623501,1
0.70,F2,503,0.99975,0.9993953063623501,1
0.70,F2,504,0.9998,0.9994425024164424,1
0.70,F2,505,0.9998,0.9994425024164424,1
0.70,F2,506,0.9998,0.9994425024164424,1
0.70,F2,507,0.9998,0.9994425024164424,1
0.70,F2,508,0.9998,0.9994425024164424,1
0.70,F2,509,0.9998,0.9994425024164424,1
0.70,F2,510,0.9998,0.9994425024164424,1
0.70,F2,511,0.9998,0.9994425024164424,1
0.70,F2,512,0.9998,0.9994425024164424,1
0.70,F2,513,0.9998,0.9994425024164424,1
0.70,F2,514,0.9998,0.9994425024164424,1
0.70,F2,515,0.9998,0.9994425024164424,1
0.70,F2,516,0.9998,0.9994425024164424,1
0.70,F2,517,0.99985,0.9996011922118088,1
0.70,F2,518,0.99985,0.9996011922118088,1
0.70,F2,519,0.99985,0.9996011922118088,1
0.70,F2,520,0.99985,0.9996011922118088,1
0.70,F2,521,0.99985,0.9996011922118088,1
0.70,F2,522,0.99985,0.9996011922118088,1
0.70,F2,523,0.99985,0.9996011922118088,1
0.70,F2,524,0.99985,0.9996011922118088,1
0.70,F2,525,0.99985,0.9996011922118088,1
0.70,F2,526,0.99985,0.9996011922118088,1
0.70,F2,527,0.99985,0.9996011922118088,1
0.70,F2,528,0.9999,0.9997451990054238,1
0.70,F2,529,0.9999,0.9997451990054238,1
0.70,F2,530,0.9999,0.9997451990054238,1
0.70,F2,531,0.9999,0.9997451990054238,1
0.70,F2,532,0.9999,0.9997451990054238,1
0.70,F2,533,0.9999,0.9997451990054238,1
0.70,F2,534,0.9999,0.9997451990054238,1
0.70,F2,535,0.9999,0.9997451990054238,1
0.70,F2,536,0.9999,0.9997451990054238,1
0.70,F2,537,0.9999,0.9997451990054238,1
0.70,F2,538,0.9999,0.9997451990054238,1
0.70,F2,539,0.9999,0.9997451990054238,1
0.70,F2,540,0.9999,0.9997451990054238,1
0.70,F2,541,0.9999,0.9997451990054238,1
0.70,F2,542,0.9999,0.9997451990054238,1
0.70,F2,543,0.9999,0.9997451990054238,1
0.70,F2,544,0.9999,0.9997451990054238,1
0.70,F2,545,0.9999,0.9997451990054238,1
0.70,F2,546,0.9999,0.9997451990054238,1
0.70,F2,547,0.9999,0.9997451990054238,1
0.70,F2,548,0.9999,0.9997451990054238,1
0.70,F2,549,0.9999,0.9997451990054238,1
0.70,F2,550,0.9999,0.9997451990054238,1
0.70,F2,551,0.9999,0.9997451990054238,1
0.70,F2,552,0.9999,0.9997451990054238,1
0.70,F2,553,0.9999,0.9997451990054238,1
0.70,F2,554,0.9999,0.9997451990054238,1
0.70,F2,555,0.9999,0.9997451990054238,1
0.70,F2,556,0.9999,0.9997451990054238,1
0.70,F2,557,0.9999,0.9997451990054238,1
0.70,F2,558,0.9999,0.9997451990054238,1
0.70,F2,559,0.9999,0.9997451990054238,1
0.70,F2,560,0.9999,0.9997451990054238,1
0.70,F2,561,0.9999,0.9997451990054238,1
0.70,F2,562,0.9999,0.9997451990054238,1
0.70,F2,563,0.99995,0.9998317687874501,1
0.70,F2,564,0.99995,0.9998317687874501,1
0.70,F2,565,0.99995,0.9998317687874501,1
0.70,F2,566,0.99995,0.9998317687874501,1
0.70,F2,567,0.99995,0.9998317687874501,1
0.70,F2,568,0.99995,0.9998317687874501,1
0.70,F2,569,0.99995,0.9998317687874501,1
0.70,F2,570,0.99995,0.9998317687874501,1
0.70,F2,571,0.99995,0.9998317687874501,1
0.70,F2,572,0.99995,0.9998317687874501,1
0.70,F2,573,0.99995,0.9998317687874501,1
0.70,F2,574,0.99995,0.9998317687874501,1
0.70,F2,575,0.99995,0.9998317687874501,1
0.70,F2,576,0.99995,0.9998317687874501,1
0.70,F2,577,0.99995,0.9998317687874501,1
0.70,F2,578,0.99995,0.9998317687874501,1
0.70,F2,579,0.99995,0.9998317687874501,1
0.70,F2,580,0.99995,0.9998317687874501,1
0.70,F2,581,0.99995,0.9998317687874501,1
0.70,F2,582,0.99995,0.9998317687874501,1
0.70,F2,583,0.99995,0.9998317687874501,1
0.70,F2,584,0.99995,0.9998317687874501,1
0.70,F2,585,0.99995,0.9998317687874501,1
0.70,F2,586,0.99995,0.9998317687874501,1
0.70,F2,587,0.99995,0.9998317687874501,1
0.70,F2,588,0.99995,0.9998317687874501,1
0.70,F2,589,0.99995,0.9998317687874501,1
0.70,F2,590,0.99995,0.9998317687874501,1
0.70,F2,591,0.99995,0.9998317687874501,1
0.70,F2,592,0.99995,0.9998317687874501,1
0.70,F2,593,0.99995,0.9998317687874501,1
0.70,F2,594,0.99995,0.9998317687874501,1
0.70,F2,595,0.99995,0.9998317687874501,1
0.70,F2,596,0.99995,0.9998317687874501,1
0.70,F2,597,0.99995,0.9998317687874501,1
0.70,F2,598,0.99995,0.9998317687874501,1
0.70,F2,599,0.99995,0.9998317687874501,1
0.70,F2,600,0.99995,0.9998317687874501,1
0.70,F2,601,0.99995,0.9998317687874501,1
0.70,F2,602,0.99995,0.9998317687874501,1
0.70,F2,603,1.0,1.0,1
0.70,F2,604,1.0,1.0,1
0.70,F2,605,1.0,1.0,1
0.70,F2,606,1.0,1.0,1
0.70,F2,607,1.0,1.0,1
0.70,F2,608,1.0,1.0,1
0.70,F2,609,1.0,1.0,1
0.70,F2,610,1.0,1.0,1
0.70,F2,611,1.0,1.0,1
0.70,F2,612,1.0,1.0,1
0.70,F2,613,1.0,1.0,1
0.70,F2,614,1.0,1.0,1
0.70,F2,615,1.0,1.0,1
0.70,F2,616,1.0,1.0,1
0.70,F2,617,1.0,1.0,1
0.70,F2,618,1.0,1.0,1
0.70,F2,619,1.0,1.0,1
0.70,F2,620,1.0,1.0,1
0.70,F2,621,1.0,1.0,1
0.70,F2,622,1.0,1.0,1
0.70,F2,623,1.0,1.0,1
0.70,F2,624,1.0,1.0,1
0.70,F2,625,1.0,1.0,1
0.70,F2,626,1.0,1.0,1
0.70,F2,627,1.0,1.0,1
0.70,F2,628,1.0,1.0,1
0.70,F2,629,1.0,1.0,1
0.70,F2,630,1.0,1.0,1
0.70,F2,631,1.0,1.0,1
0.70,F2,632,1.0,1.0,1
0.70,F2,633,1.0,1.0,1
0.70,F2,634,1.0,1.0,1
0.70,F2,635,1.0,1.0,1
0.70,F2,636,1.0,1.0,1
0.70,F2,637,1.0,1.0,1
0.70,F2,638,1.0,1.0,1
0.70,F2,639,1.0,1.0,1
0.70,F2,640,1.0,1.0,1
0.70,F2,641,1.0,1.0,1
0.70,F2,642,1.0,1.0,1
0.70,F2,643,1.0,1.0,1
0.70,F2,644,1.0,1.0,1
0.70,F2,645,1.0,1.0,1
0.70,F2,646,1.0,1.0,1
0.70,F2,647,1.0,1.0,1
0.70,F2,648,1.0,1.0,1
0.70,F2,649,1.0,1.0,1
0.70,F2,650,1.0,1.0,1
0.70,F2,651,1.0,1.0,1
0.70,F2,652,1.0,1.0,1
0.70,F2,653,1.0,1.0,1
0.70,F2,654,1.0,1.0,1
0.70,F2,655,1.0,1.0,1
0.70,F2,656,1.0,1.0,1
0.70,F2,657,1.0,1.0,1
0.70,F2,658,1.0,1.0,1
0.70,F2,659,1.0,1.0,1
0.70,F2,660,1.0,1.0,1
0.70,F2,661,1.0,1.0,1
0.70,F2,662,1.0,1.0,1
0.70,F2,663,1.0,1.0,1
0.70,F2,664,1.0,1.0,1
0.70,F2,665,1.0,1.0,1
0.70,F2,666,1.0,1.0,1
0.70,F2,667,1.0,1.0,1
0.70,F2,668,1.0,1.0,1
0.70,F2,669,1.0,1.0,1
0.70,F2,670,1.0,1.0,1
0.70,F2,671,1.0,1.0,1
0.70,F2,672,1.0,1.0,1
0.70,F2,673,1.0,1.0,1
0.70,F2,674,1.0,1.0,1
0.70,F2,675,1.0,1.0,1
0.70,F2,676,1.0,1.0,1
0.70,F2,677,1.0,1.0,1
0.70,F2,678,1.0,1.0,1
0.70,F2,679,1.0,1.0,1
0.70,F2,680,1.0,1.0,1
0.70,F2,681,1.0,1.0,1
0.70,F2,682,1.0,1.0,1
0.70,F2,683,1.0,1.0,1
0.70,F2,684,1.0,1.0,1
0.70,F2,685,1.0,1.0,1
0.70,F2,686,1.0,1.0,1
0.70,F2,687,1.0,1.0,1
0.70,F2,688,1.0,1.0,1
0.70,F2,689,1.0,1.0,1
0.70,F2,690,1.0,1.0,1
0.70,F2,691,1.0,1.0,1
0.70,F2,692,1.0,1.0,1
0.70,F2,693,1.0,1.0,1
0.70,F2,694,1.0,1.0,1
0.70,F2,695,1.0,1.0,1
0.70,F2,696,1.0,1.0,1
0.70,F2,697,1.0,1.0,1
0.70,F2,698,1.0,1.0,1
0.70,F2,699,1.0,1.0,1
0.70,F2,700,1.0,1.0,1
0.70,F2,701,1.0,1.0,1
0.70,F2,702,1.0,1.0,1
0.70,F2,703,1.0,1.0,1
0.70,F2,704,1.0,1.0,1
0.70,F2,705,1.0,1.0,1
0.70,F2,706,1.0,1.0,1
0.70,F2,707,1.0,1.0,1
0.70,F2,708,1.0,1.0,1
0.70,F2,709,1.0,1.0,1
0.70,F2,710,1.0,1.0,1
0.70,F2,711,1.0,1.0,1
0.70,F2,712,1.0,1.0,1
0.70,F2,713,1.0,1.0,1
0.70,F2,714,1.0,1.0,1
0.70,F2,715,1.0,1.0,1
0.70,F2,716,1.0,1.0,1
0.70,F2,717,1.0,1.0,1
0.70,F2,718,1.0,1.0,1
0.70,F2,719,1.0,1.0,1
0.70,F2,720,1.0,1.0,1
0.70,F2,721,1.0,1.0,1
0.70,F2,722,1.0,1.0,1
0.70,F2,723,1.0,1.0,1
0.70,F2,724,1.0,1.0,1
0.70,F2,725,1.0,1.0,1
0.70,F2,726,1.0,1.0,1
0.70,F2,727,1.0,1.0,1
0.70,F2,728,1.0,1.0,1
0.70,F2,729,1.0,1.0,1
0.70,F2,730,1.0,1.0,1
0.70,F2,731,1.0,1.0,1
0.70,F2,732,1.0,1.0,1
0.70,F2,733,1.0,1.0,1
0.70,F2,734,1.0,1.0,1
0.70,F2,735,1.0,1.0,1
0.70,F2,736,1.0,1.0,1
0.70,F2,737,1.0,1.0,1
0.70,F2,738,1.0,1.0,1
0.70,F2,739,1.0,1.0,1
0.70,F2,740,1.0,1.0,1
0.70,F2,741,1.0,1.0,1
0.70,F2,742,1.0,1.0,1
0.70,F2,743,1.0,1.0,1
0.70,F2,744,1.0,1.0,1
0.70,F2,745,1.0,1.0,1
0.70,F2,746,1.0,1.0,1
0.70,F2,747,1.0,1.0,1
0.70,F2,748,1.0,1.0,1
0.70,F2,749,1.0,1.0,1
0.70,F2,750,1.0,1.0,1
0.70,F2,751,1.0,1.0,1
0.70,F2,752,1.0,1.0,1
0.70,F2,753,1.0,1.0,1
0.70,F2,754,1.0,1.0,1
0.70,F2,755,1.0,1.0,1
0.70,F2,756,1.0,1.0,1
0.70,F2,757,1.0,1.0,1
0.70,F2,758,1.0,1.0,1
0.70,F2,759,1.0,1.0,1
0.70,F2,760,1.0,1.0,1
0.70,F2,761,1.0,1.0,1
0.70,F2,762,1.0,1.0,1
0.70,F2,763,1.0,1.0,1
0.70,F2,764,1.0,1.0,1
0.70,F2,765,1.0,1.0,1
0.70,F2,766,1.0,1.0,1
0.70,F2,767,1.0,1.0,1
0.70,F2,768,1.0,1.0,1
0.70,F2,769,1.0,1.0,1
0.70,F2,770,1.0,1.0,1
0.70,F2,771,1.0,1.0,1
0.70,F2,772,1.0,1.0,1
0.70,F2,773,1.0,1.0,1
0.70,F2,774,1.0,1.0,1
0.70,F2,775,1.0,1.0,1
0.70,F2,776,1.0,1.0,1
0.70,F2,777,1.0,1.0,1
0.70,F2,778,1.0,1.0,1
0.70,F2,779,1.0,1.0,1
0.70,F2,780,1.0,1.0,1
0.70,F2,781,1.0,1.0,1
0.70,F2,782,1.0,1.0,1
0.70,F2,783,1.0,1.0,1
0.70,F2,784,1.0,1.0,1
0.70,F2,785,1.0,1.0,1
0.70,F2,786,1.0,1.0,1
0.70,F2,787,1.0,1.0,1
0.70,F2,788,1.0,1.0,1
0.70,F2,789,1.0,1.0,1
0.70,F2,790,1.0,1.0,1
0.70,F2,791,1.0,1.0,1
0.70,F2,792,1.0,1.0,1
0.70,F2,793,1.0,1.0,1
0.70,F2,794,1.0,1.0,1
0.70,F2,795,1.0,1.0,1
0.70,F2,796,1.0,1.0,1
0.70,F2,797,1.0,1.0,1
0.70,F2,798,1.0,1.0,1
0.70,F2,799,1.0,1.0,1
0.70,F2,800,1.0,1.0,1
0.70,F2,801,1.0,1.0,1
0.70,F2,802,1.0,1.0,1
0.70,F2,803,1.0,1.0,1
0.70,F2,804,1.0,1.0,1
0.70,F2,805,1.0,1.0,1
0.70,F2,806,1.0,1.0,1
0.70,F2,807,1.0,1.0,1
0.70,F2,808,1.0,1.0,1
0.70,F2,809,1.0,1.0,1
0.70,F2,810,1.0,1.0,1
0.70,F2,811,1.0,1.0,1
0.70,F2,812,1.0,1.0,1
0.70,F2,813,1.0,1.0,1
0.70,F2,814,1.0,1.0,1
0.70,F2,815,1.0,1.0,1
0.70,F2,816,1.0,1.0,1
0.70,F2,817,1.0,1.0,1
0.70,F2,818,1.0,1.0,1
0.70,F2,819,1.0,1.0,1
0.70,F2,820,1.0,1.0,1
0.70,F2,821,1.0,1.0,1
0.70,F2,822,1.0,1.0,1
0.70,F2,823,1.0,1.0,1
0.70,F2,824,1.0,1.0,1
0.70,F2,825,1.0,1.0,1
0.70,F2,826,1.0,1.0,1
0.70,F2,827,1.0,1.0,1
0.70,F2,828,1.0,1.0,1
0.70,F2,829,1.0,1.0,1
0.70,F2,830,1.0,1.0,1
0.70,F2,831,1.0,1.0,1
0.70,F2,832,1.0,1.0,1
0.70,F2,833,1.0,1.0,1
0.70,F2,834,1.0,1.0,1
0.70,F2,835,1.0,1.0,1
0.70,F2,836,1.0,1.0,1
0.70,F2,837,1.0,1.0,1
0.70,F2,838,1.0,1.0,1
0.70,F2,839,1.0,1.0,1
0.70,F2,840,1.0,1.0,1
0.70,F2,841,1.0,1.0,1
0.70,F2,842,1.0,1.0,1
0.70,F2,843,1.0,1.0,1
0.70,F2,844,1.0,1.0,1
0.70,F2,845,1.0,1.0,1
0.70,F2,846,1.0,1.0,1
0.70,F2,847,1.0,1.0,1
0.70,F2,848,1.0,1.0,1
0.70,F2,849,1.0,1.0,1
0.70,F2,850,1.0,1.0,1
0.70,F2,851,1.0,1.0,1
0.70,F2,852,1.0,1.0,1
0.70,F2,853,1.0,1.0,1
0.70,F2,854,1.0,1.0,1
0.70,F2,855,1.0,1.0,1
0.70,F2,856,1.0,1.0,1
0.70,F2,857,1.0,1.0,1
0.70,F2,858,1.0,1.0,1
0.70,F2,859,1.0,1.0,1
0.70,F2,860,1.0,1.0,1
0.70,F2,861,1.0,1.0,1
0.70,F2,862,1.0,1.0,1
0.70,F2,863,1.0,1.0,1
0.70,F2,864,1.0,1.0,1
0.70,F2,865,1.0,1.0,1
0.70,F2,866,1.0,1.0,1
0.70,F2,867,1.0,1.0,1
0.70,F2,868,1.0,1.0,1
0.70,F2,869,1.0,1.0,1
0.70,F2,870,1.0,1.0,1
0.70,F2,871,1.0,1.0,1
0.70,F2,872,1.0,1.0,1
0.70,F2,873,1.0,1.0,1
0.70,F2,874,1.0,1.0,1
0.70,F2,875,1.0,1.0,1
0.70,F2,876,1.0,1.0,1
0.70,F2,877,1.0,1.0,1
0.70,F2,878,1.0,1.0,1
0.70,F2,879,1.0,1.0,1
0.70,F2,880,1.0,1.0,1
0.70,F2,881,1.0,1.0,1
0.70,F2,882,1.0,1.0,1
0.70,F2,883,1.0,1.0,1
0.70,F2,884,1.0,1.0,1
0.70,F2,885,1.0,1.0,1
0.70,F2,886,1.0,1.0,1
0.70,F2,887,1.0,1.0,1
0.70,F2,888,1.0,1.0,1
0.70,F2,889,1.0,1.0,1
0.70,F2,890,1.0,1.0,1
0.70,F2,891,1.0,1.0,1
0.70,F2,892,1.0,1.0,1
0.70,F2,893,1.0,1.0,1
0.70,F2,894,1.0,1.0,1
0.70,F2,895,1.0,1.0,1
0.70,F2,896,1.0,1.0,1
0.70,F2,897,1.0,1.0,1
0.70,F2,898,1.0,1.0,1
0.70,F2,899,1.0,1.0,1
0.70,F2,900,1.0,1.0,1
0.70,F2,901,1.0,1.0,1
0.70,F2,902,1.0,1.0,1
0.70,F2,903,1.0,1.0,1
0.70,F2,904,1.0,1.0,1
0.70,F2,905,1.0,1.0,1
0.70,F2,906,1.0,1.0,1
0.70,F2,907,1.0,1.0,1
0.70,F2,908,1.0,1.0,1
0.70,F2,909,1.0,1.0,1
0.70,F2,910,1.0,1.0,1
0.70,F2,911,1.0,1.0,1
0.70,F2,912,1.0,1.0,1
0.70,F2,913,1.0,1.0,1
0.70,F2,914,1.0,1.0,1
0.70,F2,915,1.0,1.0,1
0.70,F2,916,1.0,1.0,1
0.70,F2,917,1.0,1.0,1
0.70,F2,918,1.0,1.0,1
0.70,F2,919,1.0,1.0,1
0.70,F2,920,1.0,1.0,1
0.70,F2,921,1.0,1.0,1
0.70,F2,922,1.0,1.0,1
0.70,F2,923,1.0,1.0,1
0.70,F2,924,1.0,1.0,1
0.70,F2,925,1.0,1.0,1
0.70,F2,926,1.0,1.0,1
0.70,F2,927,1.0,1.0,1
0.70,F2,928,1.0,1.0,1
0.70,F2,929,1.0,1.0,1
0.70,F2,930,1.0,1.0,1
0.70,F2,931,1.0,1.0,1
0.70,F2,932,1.0,1.0,1
0.70,F2,933,1.0,1.0,1
0.70,F2,934,1.0,1.0,1
0.70,F2,935,1.0,1.0,1
0.70,F2,936,1.0,1.0,1
0.70,F2,937,1.0,1.0,1
0.70,F2,938,1.0,1.0,1
0.70,F2,939,1.0,1.0,1
0.70,H3,0,0.0,0,0.0
0.70,H3,1,0.23281108443377352,0.2213546753795253,0.24426749348802174
0.70,H3,2,0.2330610844337735,0.22161053510424494,0.24451163376330204
0.70,H3,3,0.6337302921168467,0.6182106655065535,0.64924991872714
0.70,H3,4,0.6347803721488595,0.6193160071305148,0.6502447371672042
0.70,H3,5,0.8816434573829531,0.8719868564114845,0.8913000583544217
0.70,H3,6,0.882343537414966,0.8727755886865729,0.891911486143359
0.70,H3,7,0.9652978591436575,0.9553045101565555,0.9752912081307595
0.70,H3,8,0.9806989195678271,0.9728342277473165,0.9885636113883376
0.70,H3,9,0.9884994397759104,0.9814717663824755,0.9955271131693453
0.70,H3,10,0.9913996398559424,0.9855608855757376,0.9972383941361471
0.70,H3,11,0.9954497799119648,0.9914973055692616,0.999402254254668
0.70,H3,12,0.9975998599439777,0.9955933874025494,0.999606332485406
0.70,H3,13,0.998599899959984,0.9974693509030197,0.9997304490169483
0.70,H3,14,0.9990999599839936,0.9982288497917522,0.999971070176235
0.70,H3,15,0.9993,0.9984474226015814,1
0.70,H3,16,0.9994500000000001,0.9987591526849039,1
0.70,H3,17,0.99955,0.9988476855561383,1
0.70,H3,18,0.9996,0.9990071573259404,1
0.70,H3,19,0.99965,0.9991625202224115,1
0.70,H3,20,0.99975,0.9993953063623501,1
0.70,H3,21,0.9998,0.9995472110344086,1
0.70,H3,22,0.99985,0.9996011922118088,1
0.70,H3,23,0.9999,0.9997451990054238,1
0.70,H3,24,0.9999,0.9997451990054238,1
0.70,H3,25,0.99995,0.9998317687874501,1
0.70,H3,26,1.0,1.0,1
0.70,H3,27,1.0,1.0,1
0.70,H3,28,1.0,1.0,1
0.70,H3,29,1.0,1.0,1
0.70,H3,30,1.0,1.0,1
0.70,H3,31,1.0,1.0,1
0.70,H3,32,1.0,1.0,1
0.70,H3,33,1.0,1.0,1
0.70,H3,34,1.0,1.0,1
0.70,H3,35,1.0,1.0,1
0.70,H3,36,1.0,1.0,1
0.70,H3,37,1.0,1.0,1
0.70,H3,38,1.0,1.0,1
0.70,H3,39,1.0,1.0,1
0.70,H3,40,1.0,1.0,1
0.70,H3,41,1.0,1.0,1
0.70,H3,42,1.0,1.0,1
0.70,H3,43,1.0,1.0,1
0.70,H3,44,1.0,1.0,1
0.70,H3,45,1.0,1.0,1
0.70,H3,46,1.0,1.0,1
0.70,H3,47,1.0,1.0,1
0.70,H3,48,1.0,1.0,1
0.70,H3,49,1.0,1.0,1
0.70,H3,50,1.0,1.0,1
0.70,H3,51,1.0,1.0,1
0.70,H3,52,1.0,1.0,1
0.70,H3,53,1.0,1.0,1
0.70,H3,54,1.0,1.0,1
0.70,H3,55,1.0,1.0,1
0.70,H3,56,1.0,1.0,1
0.70,H3,57,1.0,1.0,1
0.70,H3,58,1.0,1.0,1
0.70,H3,59,1.0,1.0,1
0.70,H3,60,1.0,1.0,1
0.70,H3,61,1.0,1.0,1
0.70,H3,62,1.0,1.0,1
0.70,H3,63,1.0,1.0,1
0.70,H3,64,1.0,1.0,1
0.70,H3,65,1.0,1.0,1
0.70,H3,66,1.0,1.0,1
0.70,H3,67,1.0,1.0,1
0.70,H3,68,1.0,1.0,1
0.70,H3,69,1.0,1.0,1
0.70,H3,70,1.0,1.0,1
0.70,H3,71,1.0,1.0,1
0.70,H3,72,1.0,1.0,1
0.70,H3,73,1.0,1.0,1
0.70,H3,74,1.0,1.0,1
0.70,H3,75,1.0,1.0,1
0.70,H3,76,1.0,1.0,1
0.70,H3,77,1.0,1.0,1
0.70,H3,78,1.0,1.0,1
0.70,H3,79,1.0,1.0,1
0.70,H3,80,1.0,1.0,1
0.70,H3,81,1.0,1.0,1
0.70,H3,82,1.0,1.0,1
0.70,H3,83,1.0,1.0,1
0.70,H3,84,1.0,1.0,1
0.70,H3,85,1.0,1.0,1
0.70,H3,86,1.0,1.0,1
0.70,H3,87,1.0,1.0,1
0.70,H3,88,1.0,1.0,1
0.70,H3,89,1.0,1.0,1
0.70,H3,90,1.0,1.0,1
0.70,H3,91,1.0,1.0,1
0.70,H3,92,1.0,1.0,1
0.70,H3,93,1.0,1.0,1
0.70,H3,94,1.0,1.0,1
0.70,H3,95,1.0,1.0,1
0.70,H3,96,1.0,1.0,1
0.70,H3,97,1.0,1.0,1
0.70,H3,98,1.0,1.0,1
0.70,H3,99,1.0,1.0,1
0.70,H3,100,1.0,1.0,1
0.70,H3,101,1.0,1.0,1
0.70,H3,102,1.0,1.0,1
0.70,H3,103,1.0,1.0,1
0.70,H3,104,1.0,1.0,1
0.70,H3,105,1.0,1.0,1
0.70,H3,106,1.0,1.0,1
0.70,H3,107,1.0,1.0,1
0.70,H3,108,1.0,1.0,1
0.70,H3,109,1.0,1.0,1
0.70,H3,110,1.0,1.0,1
0.70,H3,111,1.0,1.0,1
0.70,H3,112,1.0,1.0,1
0.70,H3,113,1.0,1.0,1
0.70,H3,114,1.0,1.0,1
0.70,H3,115,1.0,1.0,1
0.70,H3,116,1.0,1.0,1
0.70,H3,117,1.0,1.0,1
0.70,H3,118,1.0,1.0,1
0.70,H3,119,1.0,1.0,1
0.70,H3,120,1.0,1.0,1
0.70,H3,121,1.0,1.0,1
0.70,H3,122,1.0,1.0,1
0.70,H3,123,1.0,1.0,1
0.70,H3,124,1.0,1.0,1
0.70,H3,125,1.0,1.0,1
0.70,H3,126,1.0,1.0,1
0.70,H3,127,1.0,1.0,1
0.70,H3,128,1.0,1.0,1
0.70,H3,129,1.0,1.0,1
0.70,H3,130,1.0,1.0,1
0.70,H3,131,1.0,1.0,1
0.70,H3,132,1.0,1.0,1
0.70,H3,133,1.0,1.0,1
0.70,H3,134,1.0,1.0,1
0.70,H3,135,1.0,1.0,1
0.70,H3,136,1.0,1.0,1
0.70,H3,137,1.0,1.0,1
0.70,H3,138,1.0,1.0,1
0.70,H3,139,1.0,1.0,1
0.70,H3,140,1.0,1.0,1
0.70,H3,141,1.0,1.0,1
0.70,H3,142,1.0,1.0,1
0.70,H3,143,1.0,1.0,1
0.70,H3,144,1.0,1.0,1
0.70,H3,145,1.0,1.0,1
0.70,H3,146,1.0,1.0,1
0.70,H3,147,1.0,1.0,1
0.70,H3,148,1.0,1.0,1
0.70,H3,149,1.0,1.0,1
0.70,H3,150,1.0,1.0,1
0.70,H3,151,1.0,1.0,1
0.70,H3,152,1.0,1.0,1
0.70,H3,153,1.0,1.0,1
0.70,H3,154,1.0,1.0,1
0.70,H3,155,1.0,1.0,1
0.70,H3,156,1.0,1.0,1
0.70,H3,157,1.0,1.0,1
0.70,H3,158,1.0,1.0,1
0.70,H3,159,1.0,1.0,1
0.70,H3,160,1.0,1.0,1
0.70,H3,161,1.0,1.0,1
0.70,H3,162,1.0,1.0,1
0.70,H3,163,1.0,1.0,1
0.70,H3,164,1.0,1.0,1
0.70,H3,165,1.0,1.0,1
0.70,H3,166,1.0,1.0,1
0.70,H3,167,1.0,1.0,1
0.70,H3,168,1.0,1.0,1
0.70,H3,169,1.0,1.0,1
0.70,H3,170,1.0,1.0,1
0.70,H3,171,1.0,1.0,1
0.70,H3,172,1.0,1.0,1
0.70,H3,173,1.0,1.0,1
0.70,H3,174,1.0,1.0,1
0.70,H3,175,1.0,1.0,1
0.70,H3,176,1.0,1.0,1
0.70,H3,177,1.0,1.0,1
0.70,H3,178,1.0,1.0,1
0.70,H3,179,1.0,1.0,1
0.70,H3,180,1.0,1.0,1
0.70,H3,181,1.0,1.0,1
0.70,H3,182,1.0,1.0,1
0.70,H3,183,1.0,1.0,1
0.70,H3,184,1.0,1.0,1
0.70,H3,185,1.0,1.0,1
0.70,H3,186,1.0,1.0,1
0.70,H3,187,1.0,1.0,1
0.70,H3,188,1.0,1.0,1
0.70,H3,189,1.0,1.0,1
0.70,H3,190,1.0,1.0,1
0.70,H3,191,1.0,1.0,1
0.70,H3,192,1.0,1.0,1
0.70,H3,193,1.0,1.0,1
0.70,H3,194,1.0,1.0,1
0.70,H3,195,1.0,1.0,1
0.70,H3,196,1.0,1.0,1
0.70,H3,197,1.0,1.0,1
0.70,H3,198,1.0,1.0,1
0.70,H3,199,1.0,1.0,1
0.70,H3,200,1.0,1.0,1
0.70,H3,201,1.0,1.0,1
0.70,H3,202,1.0,1.0,1
0.70,H3,203,1.0,1.0,1
0.70,H3,204,1.0,1.0,1
0.70,H3,205,1.0,1.0,1
0.70,H3,206,1.0,1.0,1
0.70,H3,207,1.0,1.0,1
0.70,H3,208,1.0,1.0,1
0.70,H3,209,1.0,1.0,1
0.70,H3,210,1.0,1.0,1
0.70,H3,211,1.0,1.0,1
0.70,H3,212,1.0,1.0,1
0.70,H3,213,1.0,1.0,1
0.70,H3,214,1.0,1.0,1
0.70,H3,215,1.0,1.0,1
0.70,H3,216,1.0,1.0,1
0.70,H3,217,1.0,1.0,1
0.70,H3,218,1.0,1.0,1
0.70,H3,219,1.0,1.0,1
0.70,H3,220,1.0,1.0,1
0.70,H3,221,1.0,1.0,1
0.70,H3,222,1.0,1.0,1
0.70,H3,223,1.0,1.0,1
0.70,H3,224,1.0,1.0,1
0.70,H3,225,1.0,1.0,1
0.70,H3,226,1.0,1.0,1
0.70,H3,227,1.0,1.0,1
0.70,H3,228,1.0,1.0,1
0.70,H3,229,1.0,1.0,1
0.70,H3,230,1.0,1.0,1
0.70,H3,231,1.0,1.0,1
0.70,H3,232,1.0,1.0,1
0.70,H3,233,1.0,1.0,1
0.70,H3,234,1.0,1.0,1
0.70,H3,235,1.0,1.0,1
0.70,H3,236,1.0,1.0,1
0.70,H3,237,1.0,1.0,1
0.70,H3,238,1.0,1.0,1
0.70,H3,239,1.0,1.0,1
0.70,H3,240,1.0,1.0,1
0.70,H3,241,1.0,1.0,1
0.70,H3,242,1.0,1.0,1
0.70,H3,243,1.0,1.0,1
0.70,H3,244,1.0,1.0,1
0.70,H3,245,1.0,1.0,1
0.70,H3,246,1.0,1.0,1
0.70,H3,247,1.0,1.0,1
0.70,H3,248,1.0,1.0,1
0.70,H3,249,1.0,1.0,1
0.70,H3,250,1.0,1.0,1
0.70,H3,251,1.0,1.0,1
0.70,H3,252,1.0,1.0,1
0.70,H3,253,1.0,1.0,1
0.70,H3,254,1.0,1.0,1
0.70,H3,255,1.0,1.0,1
0.70,H3,256,1.0,1.0,1
0.70,H3,257,1.0,1.0,1
0.70,H3,258,1.0,1.0,1
0.70,H3,259,1.0,1.0,1
0.70,H3,260,1.0,1.0,1
0.70,H3,261,1.0,1.0,1
0.70,H3,262,1.0,1.0,1
0.70,H3,263,1.0,1.0,1
0.70,H3,264,1.0,1.0,1
0.70,H3,265,1.0,1.0,1
0.70,H3,266,1.0,1.0,1
0.70,H3,267,1.0,1.0,1
0.70,H3,268,1.0,1.0,1
0.70,H3,269,1.0,1.0,1
0.70,H3,270,1.0,1.0,1
0.70,H3,271,1.0,1.0,1
0.70,H3,272,1.0,1.0,1
0.70,H3,273,1.0,1.0,1
0.70,H3,274,1.0,1.0,1
0.70,H3,275,1.0,1.0,1
0.70,H3,276,1.0,1.0,1
0.70,H3,277,1.0,1.0,1
0.70,H3,278,1.0,1.0,1
0.70,H3,279,1.0,1.0,1
0.70,H3,280,1.0,1.0,1
0.70,H3,281,1.0,1.0,1
0.70,H3,282,1.0,1.0,1
0.70,H3,283,1.0,1.0,1
0.70,H3,284,1.0,1.0,1
0.70,H3,285,1.0,1.0,1
0.70,H3,286,1.0,1.0,1
0.70,H3,287,1.0,1.0,1
0.70,H3,288,1.0,1.0,1
0.70,H3,289,1.0,1.0,1
0.70,H3,290,1.0,1.0,1
0.70,H3,291,1.0,1.0,1
0.70,H3,292,1.0,1.0,1
0.70,H3,293,1.0,1.0,1
0.70,H3,294,1.0,1.0,1
0.70,H3,295,1.0,1.0,1
0.70,H3,296,1.0,1.0,1
0.70,H3,297,1.0,1.0,1
0.70,H3,298,1.0,1.0,1
0.70,H3,299,1.0,1.0,1
0.70,H3,300,1.0,1.0,1
0.70,H3,301,1.0,1.0,1
0.70,H3,302,1.0,1.0,1
0.70,H3,303,1.0,1.0,1
0.70,H3,304,1.0,1.0,1
0.70,H3,305,1.0,1.0,1
0.70,H3,306,1.0,1.0,1
0.70,H3,307,1.0,1.0,1
0.70,H3,308,1.0,1.0,1
0.70,H3,309,1.0,1.0,1
0.70,H3,310,1.0,1.0,1
0.70,H3,311,1.0,1.0,1
0.70,H3,312,1.0,1.0,1
0.70,H3,313,1.0,1.0,1
0.70,H3,314,1.0,1.0,1
0.70,H3,315,1.0,1.0,1
0.70,H3,316,1.0,1.0,1
0.70,H3,317,1.0,1.0,1
0.70,H3,318,1.0,1.0,1
0.70,H3,319,1.0,1.0,1
0.70,H3,320,1.0,1.0,1
0.70,H3,321,1.0,1.0,1
0.70,H3,322,1.0,1.0,1
0.70,H3,323,1.0,1.0,1
0.70,H3,324,1.0,1.0,1
0.70,H3,325,1.0,1.0,1
0.70,H3,326,1.0,1.0,1
0.70,H3,327,1.0,1.0,1
0.70,H3,328,1.0,1.0,1
0.70,H3,329,1.0,1.0,1
0.70,H3,330,1.0,1.0,1
0.70,H3,331,1.0,1.0,1
0.70,H3,332,1.0,1.0,1
0.70,H3,333,1.0,1.0,1
0.70,H3,334,1.0,1.0,1
0.70,H3,335,1.0,1.0,1
0.70,H3,336,1.0,1.0,1
0.70,H3,337,1.0,1.0,1
0.70,H3,338,1.0,1.0,1
0.70,H3,339,1.0,1.0,1
0.70,H3,340,1.0,1.0,1
0.70,H3,341,1.0,1.0,1
0.70,H3,342,1.0,1.0,1
0.70,H3,343,1.0,1.0,1
0.70,H3,344,1.0,1.0,1
0.70,H3,345,1.0,1.0,1
0.70,H3,346,1.0,1.0,1
0.70,H3,347,1.0,1.0,1
0.70,H3,348,1.0,1.0,1
0.70,H3,349,1.0,1.0,1
0.70,H3,350,1.0,1.0,1
0.70,H3,351,1.0,1.0,1
0.70,H3,352,1.0,1.0,1
0.70,H3,353,1.0,1.0,1
0.70,H3,354,1.0,1.0,1
0.70,H3,355,1.0,1.0,1
0.70,H3,356,1.0,1.0,1
0.70,H3,357,1.0,1.0,1
0.70,H3,358,1.0,1.0,1
0.70,H3,359,1.0,1.0,1
0.70,H3,360,1.0,1.0,1
0.70,H3,361,1.0,1.0,1
0.70,H3,362,1.0,1.0,1
0.70,H3,363,1.0,1.0,1
0.70,H3,364,1.0,1.0,1
0.70,H3,365,1.0,1.0,1
0.70,H3,366,1.0,1.0,1
0.70,H3,367,1.0,1.0,1
0.70,H3,368,1.0,1.0,1
0.70,H3,369,1.0,1.0,1
0.70,H3,370,1.0,1.0,1
0.70,H3,371,1.0,1.0,1
0.70,H3,372,1.0,1.0,1
0.70,H3,373,1.0,1.0,1
0.70,H3,374,1.0,1.0,1
0.70,H3,375,1.0,1.0,1
0.70,H3,376,1.0,1.0,1
0.70,H3,377,1.0,1.0,1
0.70,H3,378,1.0,1.0,1
0.70,H3,379,1.0,1.0,1
0.70,H3,380,1.0,1.0,1
0.70,H3,381,1.0,1.0,1
0.70,H3,382,1.0,1.0,1
0.70,H3,383,1.0,1.0,1
0.70,H3,384,1.0,1.0,1
0.70,H3,385,1.0,1.0,1
0.70,H3,386,1.0,1.0,1
0.70,H3,387,1.0,1.0,1
0.70,H3,388,1.0,1.0,1
0.70,H3,389,1.0,1.0,1
0.70,H3,390,1.0,1.0,1
0.70,H3,391,1.0,1.0,1
0.70,H3,392,1.0,1.0,1
0.70,H3,393,1.0,1.0,1
0.70,H3,394,1.0,1.0,1
0.70,H3,395,1.0,1.0,1
0.70,H3,396,1.0,1.0,1
0.70,H3,397,1.0,1.0,1
0.70,H3,398,1.0,1.0,1
0.70,H3,399,1.0,1.0,1
0.70,H3,400,1.0,1.0,1
0.70,H3,401,1.0,1.0,1
0.70,H3,402,1.0,1.0,1
0.70,H3,403,1.0,1.0,1
0.70,H3,404,1.0,1.0,1
0.70,H3,405,1.0,1.0,1
0.70,H3,406,1.0,1.0,1
0.70,H3,407,1.0,1.0,1
0.70,H3,408,1.0,1.0,1
0.70,H3,409,1.0,1.0,1
0.70,H3,410,1.0,1.0,1
0.70,H3,411,1.0,1.0,1
0.70,H3,412,1.0,1.0,1
0.70,H3,413,1.0,1.0,1
0.70,H3,414,1.0,1.0,1
0.70,H3,415,1.0,1.0,1
0.70,H3,416,1.0,1.0,1
0.70,H3,417,1.0,1.0,1
0.70,H3,418,1.0,1.0,1
0.70,H3,419,1.0,1.0,1
0.70,H3,420,1.0,1.0,1
0.70,H3,421,1.0,1.0,1
0.70,H3,422,1.0,1.0,1
0.70,H3,423,1.0,1.0,1
0.70,H3,424,1.0,1.0,1
0.70,H3,425,1.0,1.0,1
0.70,H3,426,1.0,1.0,1
0.70,H3,427,1.0,1.0,1
0.70,H3,428,1.0,1.0,1
0.70,H3,429,1.0,1.0,1
0.70,H3,430,1.0,1.0,1
0.70,H3,431,1.0,1.0,1
0.70,H3,432,1.0,1.0,1
0.70,H3,433,1.0,1.0,1
0.70,H3,434,1.0,1.0,1
0.70,H3,435,1.0,1.0,1
0.70,H3,436,1.0,1.0,1
0.70,H3,437,1.0,1.0,1
0.70,H3,438,1.0,1.0,1
0.70,H3,439,1.0,1.0,1
0.70,H3,440,1.0,1.0,1
0.70,H3,441,1.0,1.0,1
0.70,H3,442,1.0,1.0,1
0.70,H3,443,1.0,1.0,1
0.70,H3,444,1.0,1.0,1
0.70,H3,445,1.0,1.0,1
0.70,H3,446,1.0,1.0,1
0.70,H3,447,1.0,1.0,1
0.70,H3,448,1.0,1.0,1
0.70,H3,449,1.0,1.0,1
0.70,H3,450,1.0,1.0,1
0.70,H3,451,1.0,1.0,1
0.70,H3,452,1.0,1.0,1
0.70,H3,453,1.0,1.0,1
0.70,H3,454,1.0,1.0,1
0.70,H3,455,1.0,1.0,1
0.70,H3,456,1.0,1.0,1
0.70,H3,457,1.0,1.0,1
0.70,H3,458,1.0,1.0,1
0.70,H3,459,1.0,1.0,1
0.70,H3,460,1.0,1.0,1
0.70,H3,461,1.0,1.0,1
0.70,H3,462,1.0,1.0,1
0.70,H3,463,1.0,1.0,1
0.70,H3,464,1.0,1.0,1
0.70,H3,465,1.0,1.0,1
0.70,H3,466,1.0,1.0,1
0.70,H3,467,1.0,1.0,1
0.70,H3,468,1.0,1.0,1
0.70,H3,469,1.0,1.0,1
0.70,H3,470,1.0,1.0,1
0.70,H3,471,1.0,1.0,1
0.70,H3,472,1.0,1.0,1
0.70,H3,473,1.0,1.0,1
0.70,H3,474,1.0,1.0,1
0.70,H3,475,1.0,1.0,1
0.70,H3,476,1.0,1.0,1
0.70,H3,477,1.0,1.0,1
0.70,H3,478,1.0,1.0,1
0.70,H3,479,1.0,1.0,1
0.70,H3,480,1.0,1.0,1
0.70,H3,481,1.0,1.0,1
0.70,H3,482,1.0,1.0,1
0.70,H3,483,1.0,1.0,1
0.70,H3,484,1.0,1.0,1
0.70,H3,485,1.0,1.0,1
0.70,H3,486,1.0,1.0,1
0.70,H3,487,1.0,1.0,1
0.70,H3,488,1.0,1.0,1
0.70,H3,489,1.0,1.0,1
0.70,H3,490,1.0,1.0,1
0.70,H3,491,1.0,1.0,1
0.70,H3,492,1.0,1.0,1
0.70,H3,493,1.0,1.0,1
0.70,H3,494,1.0,1.0,1
0.70,H3,495,1.0,1.0,1
0.70,H3,496,1.0,1.0,1
0.70,H3,497,1.0,1.0,1
0.70,H3,498,1.0,1.0,1
0.70,H3,499,1.0,1.0,1
0.70,H3,500,1.0,1.0,1
0.70,H3,501,1.0,1.0,1
0.70,H3,502,1.0,1.0,1
0.70,H3,503,1.0,1.0,1
0.70,H3,504,1.0,1.0,1
0.70,H3,505,1.0,1.0,1
0.70,H3,506,1.0,1.0,1
0.70,H3,507,1.0,1.0,1
0.70,H3,508,1.0,1.0,1
0.70,H3,509,1.0,1.0,1
0.70,H3,510,1.0,1.0,1
0.70,H3,511,1.0,1.0,1
0.70,H3,512,1.0,1.0,1
0.70,H3,513,1.0,1.0,1
0.70,H3,514,1.0,1.0,1
0.70,H3,515,1.0,1.0,1
0.70,H3,516,1.0,1.0,1
0.70,H3,517,1.0,1.0,1
0.70,H3,518,1.0,1.0,1
0.70,H3,519,1.0,1.0,1
0.70,H3,520,1.0,1.0,1
0.70,H3,521,1.0,1.0,1
0.70,H3,522,1.0,1.0,1
0.70,H3,523,1.0,1.0,1
0.70,H3,524,1.0,1.0,1
0.70,H3,525,1.0,1.0,1
0.70,H3,526,1.0,1.0,1
0.70,H3,527,1.0,1.0,1
0.70,H3,528,1.0,1.0,1
0.70,H3,529,1.0,1.0,1
0.70,H3,530,1.0,1.0,1
0.70,H3,531,1.0,1.0,1
0.70,H3,532,1.0,1.0,1
0.70,H3,533,1.0,1.0,1
0.70,H3,534,1.0,1.0,1
0.70,H3,535,1.0,1.0,1
0.70,H3,536,1.0,1.0,1
0.70,H3,537,1.0,1.0,1
0.70,H3,538,1.0,1.0,1
0.70,H3,539,1.0,1.0,1
0.70,H3,540,1.0,1.0,1
0.70,H3,541,1.0,1.0,1
0.70,H3,542,1.0,1.0,1
0.70,H3,543,1.0,1.0,1
0.70,H3,544,1.0,1.0,1
0.70,H3,545,1.0,1.0,1
0.70,H3,546,1.0,1.0,1
0.70,H3,547,1.0,1.0,1
0.70,H3,548,1.0,1.0,1
0.70,H3,549,1.0,1.0,1
0.70,H3,550,1.0,1.0,1
0.70,H3,551,1.0,1.0,1
0.70,H3,552,1.0,1.0,1
0.70,H3,553,1.0,1.0,1
0.70,H3,554,1.0,1.0,1
0.70,H3,555,1.0,1.0,1
0.70,H3,556,1.0,1.0,1
0.70,H3,557,1.0,1.0,1
0.70,H3,558,1.0,1.0,1
0.70,H3,559,1.0,1.0,1
0.70,H3,560,1.0,1.0,1
0.70,H3,561,1.0,1.0,1
0.70,H3,562,1.0,1.0,1
0.70,H3,563,1.0,1.0,1
0.70,H3,564,1.0,1.0,1
0.70,H3,565,1.0,1.0,1
0.70,H3,566,1.0,1.0,1
0.70,H3,567,1.0,1.0,1
0.70,H3,568,1.0,1.0,1
0.70,H3,569,1.0,1.0,1
0.70,H3,570,1.0,1.0,1
0.70,H3,571,1.0,1.0,1
0.70,H3,572,1.0,1.0,1
0.70,H3,573,1.0,1.0,1
0.70,H3,574,1.0,1.0,1
0.70,H3,575,1.0,1.0,1
0.70,H3,576,1.0,1.0,1
0.70,H3,577,1.0,1.0,1
0.70,H3,578,1.0,1.0,1
0.70,H3,579,1.0,1.0,1
0.70,H3,580,1.0,1.0,1
0.70,H3,581,1.0,1.0,1
0.70,H3,582,1.0,1.0,1
0.70,H3,583,1.0,1.0,1
0.70,H3,584,1.0,1.0,1
0.70,H3,585,1.0,1.0,1
0.70,H3,586,1.0,1.0,1
0.70,H3,587,1.0,1.0,1
0.70,H3,588,1.0,1.0,1
0.70,H3,589,1.0,1.0,1
0.70,H3,590,1.0,1.0,1
0.70,H3,591,1.0,1.0,1
0.70,H3,592,1.0,1.0,1
0.70,H3,593,1.0,1.0,1
0.70,H3,594,1.0,1.0,1
0.70,H3,595,1.0,1.0,1
0.70,H3,596,1.0,1.0,1
0.70,H3,597,1.0,1.0,1
0.70,H3,598,1.0,1.0,1
0.70,H3,599,1.0,1.0,1
0.70,H3,600,1.0,1.0,1
0.70,H3,601,1.0,1.0,1
0.70,H3,602,1.0,1.0,1
0.70,H3,603,1.0,1.0,1
0.70,H3,604,1.0,1.0,1
0.70,H3,605,1.0,1.0,1
0.70,H3,606,1.0,1.0,1
0.70,H3,607,1.0,1.0,1
0.70,H3,608,1.0,1.0,1
0.70,H3,609,1.0,1.0,1
0.70,H3,610,1.0,1.0,1
0.70,H3,611,1.0,1.0,1
0.70,H3,612,1.0,1.0,1
0.70,H3,613,1.0,1.0,1
0.70,H3,614,1.0,1.0,1
0.70,H3,615,1.0,1.0,1
0.70,H3,616,1.0,1.0,1
0.70,H3,617,1.0,1.0,1
0.70,H3,618,1.0,1.0,1
0.70,H3,619,1.0,1.0,1
0.70,H3,620,1.0,1.0,1
0.70,H3,621,1.0,1.0,1
0.70,H3,622,1.0,1.0,1
0.70,H3,623,1.0,1.0,1
0.70,H3,624,1.0,1.0,1
0.70,H3,625,1.0,1.0,1
0.70,H3,626,1.0,1.0,1
0.70,H3,627,1.0,1.0,1
0.70,H3,628,1.0,1.0,1
0.70,H3,629,1.0,1.0,1
0.70,H3,630,1.0,1.0,1
0.70,H3,631,1.0,1.0,1
0.70,H3,632,1.0,1.0,1
0.70,H3,633,1.0,1.0,1
0.70,H3,634,1.0,1.0,1
0.70,H3,635,1.0,1.0,1
0.70,H3,636,1.0,1.0,1
0.70,H3,637,1.0,1.0,1
0.70,H3,638,1.0,1.0,1
0.70,H3,639,1.0,1.0,1
0.70,H3,640,1.0,1.0,1
0.70,H3,641,1.0,1.0,1
0.70,H3,642,1.0,1.0,1
0.70,H3,643,1.0,1.0,1
0.70,H3,644,1.0,1.0,1
0.70,H3,645,1.0,1.0,1
0.70,H3,646,1.0,1.0,1
0.70,H3,647,1.0,1.0,1
0.70,H3,648,1.0,1.0,1
0.70,H3,649,1.0,1.0,1
0.70,H3,650,1.0,1.0,1
0.70,H3,651,1.0,1.0,1
0.70,H3,652,1.0,1.0,1
0.70,H3,653,1.0,1.0,1
0.70,H3,654,1.0,1.0,1
0.70,H3,655,1.0,1.0,1
0.70,H3,656,1.0,1.0,1
0.70,H3,657,1.0,1.0,1
0.70,H3,658,1.0,1.0,1
0.70,H3,659,1.0,1.0,1
0.70,H3,660,1.0,1.0,1
0.70,H3,661,1.0,1.0,1
0.70,H3,662,1.0,1.0,1
0.70,H3,663,1.0,1.0,1
0.70,H3,664,1.0,1.0,1
0.70,H3,665,1.0,1.0,1
0.70,H3,666,1.0,1.0,1
0.70,H3,667,1.0,1.0,1
0.70,H3,668,1.0,1.0,1
0.70,H3,669,1.0,1.0,1
0.70,H3,670,1.0,1.0,1
0.70,H3,671,1.0,1.0,1
0.70,H3,672,1.0,1.0,1
0.70,H3,673,1.0,1.0,1
0.70,H3,674,1.0,1.0,1
0.70,H3,675,1.0,1.0,1
0.70,H3,676,1.0,1.0,1
0.70,H3,677,1.0,1.0,1
0.70,H3,678,1.0,1.0,1
0.70,H3,679,1.0,1.0,1
0.70,H3,680,1.0,1.0,1
0.70,H3,681,1.0,1.0,1
0.70,H3,682,1.0,1.0,1
0.70,H3,683,1.0,1.0,1
0.70,H3,684,1.0,1.0,1
0.70,H3,685,1.0,1.0,1
0.70,H3,686,1.0,1.0,1
0.70,H3,687,1.0,1.0,1
0.70,H3,688,1.0,1.0,1
0.70,H3,689,1.0,1.0,1
0.70,H3,690,1.0,1.0,1
0.70,H3,691,1.0,1.0,1
0.70,H3,692,1.0,1.0,1
0.70,H3,693,1.0,1.0,1
0.70,H3,694,1.0,1.0,1
0.70,H3,695,1.0,1.0,1
0.70,H3,696,1.0,1.0,1
0.70,H3,697,1.0,1.0,1
0.70,H3,698,1.0,1.0,1
0.70,H3,699,1.0,1.0,1
0.70,H3,700,1.0,1.0,1
0.70,H3,701,1.0,1.0,1
0.70,H3,702,1.0,1.0,1
0.70,H3,703,1.0,1.0,1
0.70,H3,704,1.0,1.0,1
0.70,H3,705,1.0,1.0,1
0.70,H3,706,1.0,1.0,1
0.70,H3,707,1.0,1.0,1
0.70,H3,708,1.0,1.0,1
0.70,H3,709,1.0,1.0,1
0.70,H3,710,1.0,1.0,1
0.70,H3,711,1.0,1.0,1
0.70,H3,712,1.0,1.0,1
0.70,H3,713,1.0,1.0,1
0.70,H3,714,1.0,1.0,1
0.70,H3,715,1.0,1.0,1
0.70,H3,716,1.0,1.0,1
0.70,H3,717,1.0,1.0,1
0.70,H3,718,1.0,1.0,1
0.70,H3,719,1.0,1.0,1
0.70,H3,720,1.0,1.0,1
0.70,H3,721,1.0,1.0,1
0.70,H3,722,1.0,1.0,1
0.70,H3,723,1.0,1.0,1
0.70,H3,724,1.0,1.0,1
0.70,H3,725,1.0,1.0,1
0.70,H3,726,1.0,1.0,1
0.70,H3,727,1.0,1.0,1
0.70,H3,728,1.0,1.0,1
0.70,H3,729,1.0,1.0,1
0.70,H3,730,1.0,1.0,1
0.70,H3,731,1.0,1.0,1
0.70,H3,732,1.0,1.0,1
0.70,H3,733,1.0,1.0,1
0.70,H3,734,1.0,1.0,1
0.70,H3,735,1.0,1.0,1
0.70,H3,736,1.0,1.0,1
0.70,H3,737,1.0,1.0,1
0.70,H3,738,1.0,1.0,1
0.70,H3,739,1.0,1.0,1
0.70,H3,740,1.0,1.0,1
0.70,H3,741,1.0,1.0,1
0.70,H3,742,1.0,1.0,1
0.70,H3,743,1.0,1.0,1
0.70,H3,744,1.0,1.0,1
0.70,H3,745,1.0,1.0,1
0.70,H3,746,1.0,1.0,1
0.70,H3,747,1.0,1.0,1
0.70,H3,748,1.0,1.0,1
0.70,H3,749,1.0,1.0,1
0.70,H3,750,1.0,1.0,1
0.70,H3,751,1.0,1.0,1
0.70,H3,752,1.0,1.0,1
0.70,H3,753,1.0,1.0,1
0.70,H3,754,1.0,1.0,1
0.70,H3,755,1.0,1.0,1
0.70,H3,756,1.0,1.0,1
0.70,H3,757,1.0,1.0,1
0.70,H3,758,1.0,1.0,1
0.70,H3,759,1.0,1.0,1
0.70,H3,760,1.0,1.0,1
0.70,H3,761,1.0,1.0,1
0.70,H3,762,1.0,1.0,1
0.70,H3,763,1.0,1.0,1
0.70,H3,764,1.0,1.0,1
0.70,H3,765,1.0,1.0,1
0.70,H3,766,1.0,1.0,1
0.70,H3,767,1.0,1.0,1
0.70,H3,768,1.0,1.0,1
0.70,H3,769,1.0,1.0,1
0.70,H3,770,1.0,1.0,1
0.70,H3,771,1.0,1.0,1
0.70,H3,772,1.0,1.0,1
0.70,H3,773,1.0,1.0,1
0.70,H3,774,1.0,1.0,1
0.70,H3,775,1.0,1.0,1
0.70,H3,776,1.0,1.0,1
0.70,H3,777,1.0,1.0,1
0.70,H3,778,1.0,1.0,1
0.70,H3,779,1.0,1.0,1
0.70,H3,780,1.0,1.0,1
0.70,H3,781,1.0,1.0,1
0.70,H3,782,1.0,1.0,1
0.70,H3,783,1.0,1.0,1
0.70,H3,784,1.0,1.0,1
0.70,H3,785,1.0,1.0,1
0.70,H3,786,1.0,1.0,1
0.70,H3,787,1.0,1.0,1
0.70,H3,788,1.0,1.0,1
0.70,H3,789,1.0,1.0,1
0.70,H3,790,1.0,1.0,1
0.70,H3,791,1.0,1.0,1
0.70,H3,792,1.0,1.0,1
0.70,H3,793,1.0,1.0,1
0.70,H3,794,1.0,1.0,1
0.70,H3,795,1.0,1.0,1
0.70,H3,796,1.0,1.0,1
0.70,H3,797,1.0,1.0,1
0.70,H3,798,1.0,1.0,1
0.70,H3,799,1.0,1.0,1
0.70,H3,800,1.0,1.0,1
0.70,H3,801,1.0,1.0,1
0.70,H3,802,1.0,1.0,1
0.70,H3,803,1.0,1.0,1
0.70,H3,804,1.0,1.0,1
0.70,H3,805,1.0,1.0,1
0.70,H3,806,1.0,1.0,1
0.70,H3,807,1.0,1.0,1
0.70,H3,808,1.0,1.0,1
0.70,H3,809,1.0,1.0,1
0.70,H3,810,1.0,1.0,1
0.70,H3,811,1.0,1.0,1
0.70,H3,812,1.0,1.0,1
0.70,H3,813,1.0,1.0,1
0.70,H3,814,1.0,1.0,1
0.70,H3,815,1.0,1.0,1
0.70,H3,816,1.0,1.0,1
0.70,H3,817,1.0,1.0,1
0.70,H3,818,1.0,1.0,1
0.70,H3,819,1.0,1.0,1
0.70,H3,820,1.0,1.0,1
0.70,H3,821,1.0,1.0,1
0.70,H3,822,1.0,1.0,1
0.70,H3,823,1.0,1.0,1
0.70,H3,824,1.0,1.0,1
0.70,H3,825,1.0,1.0,1
0.70,H3,826,1.0,1.0,1
0.70,H3,827,1.0,1.0,1
0.70,H3,828,1.0,1.0,1
0.70,H3,829,1.0,1.0,1
0.70,H3,830,1.0,1.0,1
0.70,H3,831,1.0,1.0,1
0.70,H3,832,1.0,1.0,1
0.70,H3,833,1.0,1.0,1
0.70,H3,834,1.0,1.0,1
0.70,H3,835,1.0,1.0,1
0.70,H3,836,1.0,1.0,1
0.70,H3,837,1.0,1.0,1
0.70,H3,838,1.0,1.0,1
0.70,H3,839,1.0,1.0,1
0.70,H3,840,1.0,1.0,1
0.70,H3,841,1.0,1.0,1
0.70,H3,842,1.0,1.0,1
0.70,H3,843,1.0,1.0,1
0.70,H3,844,1.0,1.0,1
0.70,H3,845,1.0,1.0,1
0.70,H3,846,1.0,1.0,1
0.70,H3,847,1.0,1.0,1
0.70,H3,848,1.0,1.0,1
0.70,H3,849,1.0,1.0,1
0.70,H3,850,1.0,1.0,1
0.70,H3,851,1.0,1.0,1
0.70,H3,852,1.0,1.0,1
0.70,H3,853,1.0,1.0,1
0.70,H3,854,1.0,1.0,1
0.70,H3,855,1.0,1.0,1
0.70,H3,856,1.0,1.0,1
0.70,H3,857,1.0,1.0,1
0.70,H3,858,1.0,1.0,1
0.70,H3,859,1.0,1.0,1
0.70,H3,860,1.0,1.0,1
0.70,H3,861,1.0,1.0,1
0.70,H3,862,1.0,1.0,1
0.70,H3,863,1.0,1.0,1
0.70,H3,864,1.0,1.0,1
0.70,H3,865,1.0,1.0,1
0.70,H3,866,1.0,1.0,1
0.70,H3,867,1.0,1.0,1
0.70,H3,868,1.0,1.0,1
0.70,H3,869,1.0,1.0,1
0.70,H3,870,1.0,1.0,1
0.70,H3,871,1.0,1.0,1
0.70,H3,872,1.0,1.0,1
0.70,H3,873,1.0,1.0,1
0.70,H3,874,1.0,1.0,1
0.70,H3,875,1.0,1.0,1
0.70,H3,876,1.0,1.0,1
0.70,H3,877,1.0,1.0,1
0.70,H3,878,1.0,1.0,1
0.70,H3,879,1.0,1.0,1
0.70,H3,880,1.0,1.0,1
0.70,H3,881,1.0,1.0,1
0.70,H3,882,1.0,1.0,1
0.70,H3,883,1.0,1.0,1
0.70,H3,884,1.0,1.0,1
0.70,H3,885,1.0,1.0,1
0.70,H3,886,1.0,1.0,1
0.70,H3,887,1.0,1.0,1
0.70,H3,888,1.0,1.0,1
0.70,H3,889,1.0,1.0,1
0.70,H3,890,1.0,1.0,1
0.70,H3,891,1.0,1.0,1
0.70,H3,892,1.0,1.0,1
0.70,H3,893,1.0,1.0,1
0.70,H3,894,1.0,1.0,1
0.70,H3,895,1.0,1.0,1
0.70,H3,896,1.0,1.0,1
0.70,H3,897,1.0,1.0,1
0.70,H3,898,1.0,1.0,1
0.70,H3,899,1.0,1.0,1
0.70,H3,900,1.0,1.0,1
0.70,H3,901,1.0,1.0,1
0.70,H3,902,1.0,1.0,1
0.70,H3,903,1.0,1.0,1
0.70,H3,904,1.0,1.0,1
0.70,H3,905,1.0,1.0,1
0.70,H3,906,1.0,1.0,1
0.70,H3,907,1.0,1.0,1
0.70,H3,908,1.0,1.0,1
0.70,H3,909,1.0,1.0,1
0.70,H3,910,1.0,1.0,1
0.70,H3,911,1.0,1.0,1
0.70,H3,912,1.0,1.0,1
0.70,H3,913,1.0,1.0,1
0.70,H3,914,1.0,1.0,1
0.70,H3,915,1.0,1.0,1
0.70,H3,916,1.0,1.0,1
0.70,H3,917,1.0,1.0,1
0.70,H3,918,1.0,1.0,1
0.70,H3,919,1.0,1.0,1
0.70,H3,920,1.0,1.0,1
0.70,H3,921,1.0,1.0,1
0.70,H3,922,1.0,1.0,1
0.70,H3,923,1.0,1.0,1
0.70,H3,924,1.0,1.0,1
0.70,H3,925,1.0,1.0,1
0.70,H3,926,1.0,1.0,1
0.70,H3,927,1.0,1.0,1
0.70,H3,928,1.0,1.0,1
0.70,H3,929,1.0,1.0,1
0.70,H3,930,1.0,1.0,1
0.70,H3,931,1.0,1.0,1
0.70,H3,932,1.0,1.0,1
0.70,H3,933,1.0,1.0,1
0.70,H3,934,1.0,1.0,1
0.70,H3,935,1.0,1.0,1
0.70,H3,936,1.0,1.0,1
0.70,H3,937,1.0,1.0,1
0.70,H3,938,1.0,1.0,1
0.70,H3,939,1.0,1.0,1
0.70,F3,0,0.0,0,0.0
0.70,F3,1,0.21291044417767105,0.2014584790107819,0.2243624093445602
0.70,F3,2,0.21336046418567428,0.20188319740296948,0.22483773096837908
0.70,F3,3,0.5967796318527411,0.5840581088103254,0.6095011548951568
0.70,F3,4,0.5976296518607442,0.5849560758491414,0.610303227872347
0.70,F3,5,0.8527927971188476,0.8418337954044637,0.8637517988332315
0.70,F3,6,0.8534428371348539,0.8425292803601244,0.8643563939095834
0.70,F3,7,0.8895449779911964,0.8761293859512772,0.9029605700311155
0.70,F3,8,0.9032957182873149,0.8894379285749916,0.9171535079996382
0.70,F3,9,0.9379477991196479,0.9209878898942974,0.9549077083449984
0.70,F3,10,0.9517985994397761,0.9325928042866486,0.9710043945929036
0.70,F3,11,0.96274899959984,0.9434626967570148,0.9820353024426651
0.70,F3,12,0.9690491996798721,0.9499344927418802,0.988163906617864
0.70,F3,13,0.9741994197679071,0.9554968045353042,0.9929020350005101
0.70,F3,14,0.9781496198479392,0.9592514959447992,0.9970477437510793
0.70,F3,15,0.9805497198879551,0.9623412414359925,0.9987581983399177
0.70,F3,16,0.9828997599039616,0.9649538776259987,1
0.70,F3,17,0.9848497799119647,0.9675791689512243,1
0.70,F3,18,0.9865498799519806,0.9701430472620501,1
0.70,F3,19,0.987499899959984,0.9714665244366368,1
0.70,F3,20,0.9889499799919967,0.9737280464262738,1
0.70,F3,21,0.9899499799919967,0.9750499757867115,1
0.70,F3,22,0.9910499799919967,0.9765945960938399,1
0.70,F3,23,0.99185,0.9781364170420515,1
0.70,F3,24,0.99265,0.9801478828286756,1
0.70,F3,25,0.99345,0.9826213965711967,1
0.70,F3,26,0.99395,0.9841246071809527,1
0.70,F3,27,0.9945999999999999,0.9856215423145789,1
0.70,F3,28,0.9952500000000001,0.9869532106299487,1
0.70,F3,29,0.99555,0.9879087504845675,1
0.70,F3,30,0.99575,0.9884651643176761,1
0.70,F3,31,0.9959,0.9887842038984567,1
0.70,F3,32,0.9961,0.9890836829879206,1
0.70,F3,33,0.9963,0.9895482390793303,1
0.70,F3,34,0.9966999999999999,0.9900291726831852,1
0.70,F3,35,0.9969,0.9902196001906315,1
0.70,F3,36,0.9972,0.9905790520972,1
0.70,F3,37,0.99725,0.9907472833097499,1
0.70,F3,38,0.99725,0.9907472833097499,1
0.70,F3,39,0.9974000000000001,0.9912519769474001,1
0.70,F3,40,0.99745,0.9914202081599499,1
0.70,F3,41,0.9976,0.9919249017976001,1
0.70,F3,42,0.9976499999999999,0.9920931330101499,1
0.70,F3,43,0.99775,0.99242959543525,1
0.70,F3,44,0.9979,0.9929342890729,1
0.70,F3,45,0.9983,0.9942801387733,1
0.70,F3,46,0.9984999999999999,0.9949530636234999,1
0.70,F3,47,0.99865,0.99545775726115,1
0.70,F3,48,0.999,0.996635375749,1
0.70,F3,49,0.9993,0.9976447630242999,1
0.70,F3,50,0.99945,0.99814945666195,1
0.70,F3,51,0.9995,0.9983176878745,1
0.70,F3,52,0.9995,0.9983176878745,1
0.70,F3,53,0.9995,0.9983176878745,1
0.70,F3,54,0.9995,0.9983176878745,1
0.70,F3,55,0.9995,0.9983176878745,1
0.70,F3,56,0.9995,0.9983176878745,1
0.70,F3,57,0.9995499999999999,0.99848591908705,1
0.70,F3,58,0.9995499999999999,0.99848591908705,1
0.70,F3,59,0.9995499999999999,0.99848591908705,1
0.70,F3,60,0.9995499999999999,0.99848591908705,1
0.70,F3,61,0.9995499999999999,0.99848591908705,1
0.70,F3,62,0.9996499999999999,0.99882238151215,1
0.70,F3,63,0.9996499999999999,0.99882238151215,1
0.70,F3,64,0.9996499999999999,0.99882238151215,1
0.70,F3,65,0.9998,0.9993270751498,1
0.70,F3,66,0.9998,0.9993270751498,1
0.70,F3,67,0.9998,0.9993270751498,1
0.70,F3,68,0.9998,0.9993270751498,1
0.70,F3,69,0.9999,0.9996635375749,1
0.70,F3,70,1.0,1.0,1
0.70,F3,71,1.0,1.0,1
0.70,F3,72,1.0,1.0,1
0.70,F3,73,1.0,1.0,1
0.70,F3,74,1.0,1.0,1
0.70,F3,75,1.0,1.0,1
0.70,F3,76,1.0,1.0,1
0.70,F3,77,1.0,1.0,1
0.70,F3,78,1.0,1.0,1
0.70,F3,79,1.0,1.0,1
0.70,F3,80,1.0,1.0,1
0.70,F3,81,1.0,1.0,1
0.70,F3,82,1.0,1.0,1
0.70,F3,83,1.0,1.0,1
0.70,F3,84,1.0,1.0,1
0.70,F3,85,1.0,1.0,1
0.70,F3,86,1.0,1.0,1
0.70,F3,87,1.0,1.0,1
0.70,F3,88,1.0,1.0,1
0.70,F3,89,1.0,1.0,1
0.70,F3,90,1.0,1.0,1
0.70,F3,91,1.0,1.0,1
0.70,F3,92,1.0,1.0,1
0.70,F3,93,1.0,1.0,1
0.70,F3,94,1.0,1.0,1
0.70,F3,95,1.0,1.0,1
0.70,F3,96,1.0,1.0,1
0.70,F3,97,1.0,1.0,1
0.70,F3,98,1.0,1.0,1
0.70,F3,99,1.0,1.0,1
0.70,F3,100,1.0,1.0,1
0.70,F3,101,1.0,1.0,1
0.70,F3,102,1.0,1.0,1
0.70,F3,103,1.0,1.0,1
0.70,F3,104,1.0,1.0,1
0.70,F3,105,1.0,1.0,1
0.70,F3,106,1.0,1.0,1
0.70,F3,107,1.0,1.0,1
0.70,F3,108,1.0,1.0,1
0.70,F3,109,1.0,1.0,1
0.70,F3,110,1.0,1.0,1
0.70,F3,111,1.0,1.0,1
0.70,F3,112,1.0,1.0,1
0.70,F3,113,1.0,1.0,1
0.70,F3,114,1.0,1.0,1
0.70,F3,115,1.0,1.0,1
0.70,F3,116,1.0,1.0,1
0.70,F3,117,1.0,1.0,1
0.70,F3,118,1.0,1.0,1
0.70,F3,119,1.0,1.0,1
0.70,F3,120,1.0,1.0,1
0.70,F3,121,1.0,1.0,1
0.70,F3,122,1.0,1.0,1
0.70,F3,123,1.0,1.0,1
0.70,F3,124,1.0,1.0,1
0.70,F3,125,1.0,1.0,1
0.70,F3,126,1.0,1.0,1
0.70,F3,127,1.0,1.0,1
0.70,F3,128,1.0,1.0,1
0.70,F3,129,1.0,1.0,1
0.70,F3,130,1.0,1.0,1
0.70,F3,131,1.0,1.0,1
0.70,F3,132,1.0,1.0,1
0.70,F3,133,1.0,1.0,1
0.70,F3,134,1.0,1.0,1
0.70,F3,135,1.0,1.0,1
0.70,F3,136,1.0,1.0,1
0.70,F3,137,1.0,1.0,1
0.70,F3,138,1.0,1.0,1
0.70,F3,139,1.0,1.0,1
0.70,F3,140,1.0,1.0,1
0.70,F3,141,1.0,1.0,1
0.70,F3,142,1.0,1.0,1
0.70,F3,143,1.0,1.0,1
0.70,F3,144,1.0,1.0,1
0.70,F3,145,1.0,1.0,1
0.70,F3,146,1.0,1.0,1
0.70,F3,147,1.0,1.0,1
0.70,F3,148,1.0,1.0,1
0.70,F3,149,1.0,1.0,1
0.70,F3,150,1.0,1.0,1
0.70,F3,151,1.0,1.0,1
0.70,F3,152,1.0,1.0,1
0.70,F3,153,1.0,1.0,1
0.70,F3,154,1.0,1.0,1
0.70,F3,155,1.0,1.0,1
0.70,F3,156,1.0,1.0,1
0.70,F3,157,1.0,1.0,1
0.70,F3,158,1.0,1.0,1
0.70,F3,159,1.0,1.0,1
0.70,F3,160,1.0,1.0,1
0.70,F3,161,1.0,1.0,1
0.70,F3,162,1.0,1.0,1
0.70,F3,163,1.0,1.0,1
0.70,F3,164,1.0,1.0,1
0.70,F3,165,1.0,1.0,1
0.70,F3,166,1.0,1.0,1
0.70,F3,167,1.0,1.0,1
0.70,F3,168,1.0,1.0,1
0.70,F3,169,1.0,1.0,1
0.70,F3,170,1.0,1.0,1
0.70,F3,171,1.0,1.0,1
0.70,F3,172,1.0,1.0,1
0.70,F3,173,1.0,1.0,1
0.70,F3,174,1.0,1.0,1
0.70,F3,175,1.0,1.0,1
0.70,F3,176,1.0,1.0,1
0.70,F3,177,1.0,1.0,1
0.70,F3,178,1.0,1.0,1
0.70,F3,179,1.0,1.0,1
0.70,F3,180,1.0,1.0,1
0.70,F3,181,1.0,1.0,1
0.70,F3,182,1.0,1.0,1
0.70,F3,183,1.0,1.0,1
0.70,F3,184,1.0,1.0,1
0.70,F3,185,1.0,1.0,1
0.70,F3,186,1.0,1.0,1
0.70,F3,187,1.0,1.0,1
0.70,F3,188,1.0,1.0,1
0.70,F3,189,1.0,1.0,1
0.70,F3,190,1.0,1.0,1
0.70,F3,191,1.0,1.0,1
0.70,F3,192,1.0,1.0,1
0.70,F3,193,1.0,1.0,1
0.70,F3,194,1.0,1.0,1
0.70,F3,195,1.0,1.0,1
0.70,F3,196,1.0,1.0,1
0.70,F3,197,1.0,1.0,1
0.70,F3,198,1.0,1.0,1
0.70,F3,199,1.0,1.0,1
0.70,F3,200,1.0,1.0,1
0.70,F3,201,1.0,1.0,1
0.70,F3,202,1.0,1.0,1
0.70,F3,203,1.0,1.0,1
0.70,F3,204,1.0,1.0,1
0.70,F3,205,1.0,1.0,1
0.70,F3,206,1.0,1.0,1
0.70,F3,207,1.0,1.0,1
0.70,F3,208,1.0,1.0,1
0.70,F3,209,1.0,1.0,1
0.70,F3,210,1.0,1.0,1
0.70,F3,211,1.0,1.0,1
0.70,F3,212,1.0,1.0,1
0.70,F3,213,1.0,1.0,1
0.70,F3,214,1.0,1.0,1
0.70,F3,215,1.0,1.0,1
0.70,F3,216,1.0,1.0,1
0.70,F3,217,1.0,1.0,1
0.70,F3,218,1.0,1.0,1
0.70,F3,219,1.0,1.0,1
0.70,F3,220,1.0,1.0,1
0.70,F3,221,1.0,1.0,1
0.70,F3,222,1.0,1.0,1
0.70,F3,223,1.0,1.0,1
0.70,F3,224,1.0,1.0,1
0.70,F3,225,1.0,1.0,1
0.70,F3,226,1.0,1.0,1
0.70,F3,227,1.0,1.0,1
0.70,F3,228,1.0,1.0,1
0.70,F3,229,1.0,1.0,1
0.70,F3,230,1.0,1.0,1
0.70,F3,231,1.0,1.0,1
0.70,F3,232,1.0,1.0,1
0.70,F3,233,1.0,1.0,1
0.70,F3,234,1.0,1.0,1
0.70,F3,235,1.0,1.0,1
0.70,F3,236,1.0,1.0,1
0.70,F3,237,1.0,1.0,1
0.70,F3,238,1.0,1.0,1
0.70,F3,239,1.0,1.0,1
0.70,F3,240,1.0,1.0,1
0.70,F3,241,1.0,1.0,1
0.70,F3,242,1.0,1.0,1
0.70,F3,243,1.0,1.0,1
0.70,F3,244,1.0,1.0,1
0.70,F3,245,1.0,1.0,1
0.70,F3,246,1.0,1.0,1
0.70,F3,247,1.0,1.0,1
0.70,F3,248,1.0,1.0,1
0.70,F3,249,1.0,1.0,1
0.70,F3,250,1.0,1.0,1
0.70,F3,251,1.0,1.0,1
0.70,F3,252,1.0,1.0,1
0.70,F3,253,1.0,1.0,1
0.70,F3,254,1.0,1.0,1
0.70,F3,255,1.0,1.0,1
0.70,F3,256,1.0,1.0,1
0.70,F3,257,1.0,1.0,1
0.70,F3,258,1.0,1.0,1
0.70,F3,259,1.0,1.0,1
0.70,F3,260,1.0,1.0,1
0.70,F3,261,1.0,1.0,1
0.70,F3,262,1.0,1.0,1
0.70,F3,263,1.0,1.0,1
0.70,F3,264,1.0,1.0,1
0.70,F3,265,1.0,1.0,1
0.70,F3,266,1.0,1.0,1
0.70,F3,267,1.0,1.0,1
0.70,F3,268,1.0,1.0,1
0.70,F3,269,1.0,1.0,1
0.70,F3,270,1.0,1.0,1
0.70,F3,271,1.0,1.0,1
0.70,F3,272,1.0,1.0,1
0.70,F3,273,1.0,1.0,1
0.70,F3,274,1.0,1.0,1
0.70,F3,275,1.0,1.0,1
0.70,F3,276,1.0,1.0,1
0.70,F3,277,1.0,1.0,1
0.70,F3,278,1.0,1.0,1
0.70,F3,279,1.0,1.0,1
0.70,F3,280,1.0,1.0,1
0.70,F3,281,1.0,1.0,1
0.70,F3,282,1.0,1.0,1
0.70,F3,283,1.0,1.0,1
0.70,F3,284,1.0,1.0,1
0.70,F3,285,1.0,1.0,1
0.70,F3,286,1.0,1.0,1
0.70,F3,287,1.0,1.0,1
0.70,F3,288,1.0,1.0,1
0.70,F3,289,1.0,1.0,1
0.70,F3,290,1.0,1.0,1
0.70,F3,291,1.0,1.0,1
0.70,F3,292,1.0,1.0,1
0.70,F3,293,1.0,1.0,1
0.70,F3,294,1.0,1.0,1
0.70,F3,295,1.0,1.0,1
0.70,F3,296,1.0,1.0,1
0.70,F3,297,1.0,1.0,1
0.70,F3,298,1.0,1.0,1
0.70,F3,299,1.0,1.0,1
0.70,F3,300,1.0,1.0,1
0.70,F3,301,1.0,1.0,1
0.70,F3,302,1.0,1.0,1
0.70,F3,303,1.0,1.0,1
0.70,F3,304,1.0,1.0,1
0.70,F3,305,1.0,1.0,1
0.70,F3,306,1.0,1.0,1
0.70,F3,307,1.0,1.0,1
0.70,F3,308,1.0,1.0,1
0.70,F3,309,1.0,1.0,1
0.70,F3,310,1.0,1.0,1
0.70,F3,311,1.0,1.0,1
0.70,F3,312,1.0,1.0,1
0.70,F3,313,1.0,1.0,1
0.70,F3,314,1.0,1.0,1
0.70,F3,315,1.0,1.0,1
0.70,F3,316,1.0,1.0,1
0.70,F3,317,1.0,1.0,1
0.70,F3,318,1.0,1.0,1
0.70,F3,319,1.0,1.0,1
0.70,F3,320,1.0,1.0,1
0.70,F3,321,1.0,1.0,1
0.70,F3,322,1.0,1.0,1
0.70,F3,323,1.0,1.0,1
0.70,F3,324,1.0,1.0,1
0.70,F3,325,1.0,1.0,1
0.70,F3,326,1.0,1.0,1
0.70,F3,327,1.0,1.0,1
0.70,F3,328,1.0,1.0,1
0.70,F3,329,1.0,1.0,1
0.70,F3,330,1.0,1.0,1
0.70,F3,331,1.0,1.0,1
0.70,F3,332,1.0,1.0,1
0.70,F3,333,1.0,1.0,1
0.70,F3,334,1.0,1.0,1
0.70,F3,335,1.0,1.0,1
0.70,F3,336,1.0,1.0,1
0.70,F3,337,1.0,1.0,1
0.70,F3,338,1.0,1.0,1
0.70,F3,339,1.0,1.0,1
0.70,F3,340,1.0,1.0,1
0.70,F3,341,1.0,1.0,1
0.70,F3,342,1.0,1.0,1
0.70,F3,343,1.0,1.0,1
0.70,F3,344,1.0,1.0,1
0.70,F3,345,1.0,1.0,1
0.70,F3,346,1.0,1.0,1
0.70,F3,347,1.0,1.0,1
0.70,F3,348,1.0,1.0,1
0.70,F3,349,1.0,1.0,1
0.70,F3,350,1.0,1.0,1
0.70,F3,351,1.0,1.0,1
0.70,F3,352,1.0,1.0,1
0.70,F3,353,1.0,1.0,1
0.70,F3,354,1.0,1.0,1
0.70,F3,355,1.0,1.0,1
0.70,F3,356,1.0,1.0,1
0.70,F3,357,1.0,1.0,1
0.70,F3,358,1.0,1.0,1
0.70,F3,359,1.0,1.0,1
0.70,F3,360,1.0,1.0,1
0.70,F3,361,1.0,1.0,1
0.70,F3,362,1.0,1.0,1
0.70,F3,363,1.0,1.0,1
0.70,F3,364,1.0,1.0,1
0.70,F3,365,1.0,1.0,1
0.70,F3,366,1.0,1.0,1
0.70,F3,367,1.0,1.0,1
0.70,F3,368,1.0,1.0,1
0.70,F3,369,1.0,1.0,1
0.70,F3,370,1.0,1.0,1
0.70,F3,371,1.0,1.0,1
0.70,F3,372,1.0,1.0,1
0.70,F3,373,1.0,1.0,1
0.70,F3,374,1.0,1.0,1
0.70,F3,375,1.0,1.0,1
0.70,F3,376,1.0,1.0,1
0.70,F3,377,1.0,1.0,1
0.70,F3,378,1.0,1.0,1
0.70,F3,379,1.0,1.0,1
0.70,F3,380,1.0,1.0,1
0.70,F3,381,1.0,1.0,1
0.70,F3,382,1.0,1.0,1
0.70,F3,383,1.0,1.0,1
0.70,F3,384,1.0,1.0,1
0.70,F3,385,1.0,1.0,1
0.70,F3,386,1.0,1.0,1
0.70,F3,387,1.0,1.0,1
0.70,F3,388,1.0,1.0,1
0.70,F3,389,1.0,1.0,1
0.70,F3,390,1.0,1.0,1
0.70,F3,391,1.0,1.0,1
0.70,F3,392,1.0,1.0,1
0.70,F3,393,1.0,1.0,1
0.70,F3,394,1.0,1.0,1
0.70,F3,395,1.0,1.0,1
0.70,F3,396,1.0,1.0,1
0.70,F3,397,1.0,1.0,1
0.70,F3,398,1.0,1.0,1
0.70,F3,399,1.0,1.0,1
0.70,F3,400,1.0,1.0,1
0.70,F3,401,1.0,1.0,1
0.70,F3,402,1.0,1.0,1
0.70,F3,403,1.0,1.0,1
0.70,F3,404,1.0,1.0,1
0.70,F3,405,1.0,1.0,1
0.70,F3,406,1.0,1.0,1
0.70,F3,407,1.0,1.0,1
0.70,F3,408,1.0,1.0,1
0.70,F3,409,1.0,1.0,1
0.70,F3,410,1.0,1.0,1
0.70,F3,411,1.0,1.0,1
0.70,F3,412,1.0,1.0,1
0.70,F3,413,1.0,1.0,1
0.70,F3,414,1.0,1.0,1
0.70,F3,415,1.0,1.0,1
0.70,F3,416,1.0,1.0,1
0.70,F3,417,1.0,1.0,1
0.70,F3,418,1.0,1.0,1
0.70,F3,419,1.0,1.0,1
0.70,F3,420,1.0,1.0,1
0.70,F3,421,1.0,1.0,1
0.70,F3,422,1.0,1.0,1
0.70,F3,423,1.0,1.0,1
0.70,F3,424,1.0,1.0,1
0.70,F3,425,1.0,1.0,1
0.70,F3,426,1.0,1.0,1
0.70,F3,427,1.0,1.0,1
0.70,F3,428,1.0,1.0,1
0.70,F3,429,1.0,1.0,1
0.70,F3,430,1.0,1.0,1
0.70,F3,431,1.0,1.0,1
0.70,F3,432,1.0,1.0,1
0.70,F3,433,1.0,1.0,1
0.70,F3,434,1.0,1.0,1
0.70,F3,435,1.0,1.0,1
0.70,F3,436,1.0,1.0,1
0.70,F3,437,1.0,1.0,1
0.70,F3,438,1.0,1.0,1
0.70,F3,439,1.0,1.0,1
0.70,F3,440,1.0,1.0,1
0.70,F3,441,1.0,1.0,1
0.70,F3,442,1.0,1.0,1
0.70,F3,443,1.0,1.0,1
0.70,F3,444,1.0,1.0,1
0.70,F3,445,1.0,1.0,1
0.70,F3,446,1.0,1.0,1
0.70,F3,447,1.0,1.0,1
0.70,F3,448,1.0,1.0,1
0.70,F3,449,1.0,1.0,1
0.70,F3,450,1.0,1.0,1
0.70,F3,451,1.0,1.0,1
0.70,F3,452,1.0,1.0,1
0.70,F3,453,1.0,1.0,1
0.70,F3,454,1.0,1.0,1
0.70,F3,455,1.0,1.0,1
0.70,F3,456,1.0,1.0,1
0.70,F3,457,1.0,1.0,1
0.70,F3,458,1.0,1.0,1
0.70,F3,459,1.0,1.0,1
0.70,F3,460,1.0,1.0,1
0.70,F3,461,1.0,1.0,1
0.70,F3,462,1.0,1.0,1
0.70,F3,463,1.0,1.0,1
0.70,F3,464,1.0,1.0,1
0.70,F3,465,1.0,1.0,1
0.70,F3,466,1.0,1.0,1
0.70,F3,467,1.0,1.0,1
0.70,F3,468,1.0,1.0,1
0.70,F3,469,1.0,1.0,1
0.70,F3,470,1.0,1.0,1
0.70,F3,471,1.0,1.0,1
0.70,F3,472,1.0,1.0,1
0.70,F3,473,1.0,1.0,1
0.70,F3,474,1.0,1.0,1
0.70,F3,475,1.0,1.0,1
0.70,F3,476,1.0,1.0,1
0.70,F3,477,1.0,1.0,1
0.70,F3,478,1.0,1.0,1
0.70,F3,479,1.0,1.0,1
0.70,F3,480,1.0,1.0,1
0.70,F3,481,1.0,1.0,1
0.70,F3,482,1.0,1.0,1
0.70,F3,483,1.0,1.0,1
0.70,F3,484,1.0,1.0,1
0.70,F3,485,1.0,1.0,1
0.70,F3,486,1.0,1.0,1
0.70,F3,487,1.0,1.0,1
0.70,F3,488,1.0,1.0,1
0.70,F3,489,1.0,1.0,1
0.70,F3,490,1.0,1.0,1
0.70,F3,491,1.0,1.0,1
0.70,F3,492,1.0,1.0,1
0.70,F3,493,1.0,1.0,1
0.70,F3,494,1.0,1.0,1
0.70,F3,495,1.0,1.0,1
0.70,F3,496,1.0,1.0,1
0.70,F3,497,1.0,1.0,1
0.70,F3,498,1.0,1.0,1
0.70,F3,499,1.0,1.0,1
0.70,F3,500,1.0,1.0,1
0.70,F3,501,1.0,1.0,1
0.70,F3,502,1.0,1.0,1
0.70,F3,503,1.0,1.0,1
0.70,F3,504,1.0,1.0,1
0.70,F3,505,1.0,1.0,1
0.70,F3,506,1.0,1.0,1
0.70,F3,507,1.0,1.0,1
0.70,F3,508,1.0,1.0,1
0.70,F3,509,1.0,1.0,1
0.70,F3,510,1.0,1.0,1
0.70,F3,511,1.0,1.0,1
0.70,F3,512,1.0,1.0,1
0.70,F3,513,1.0,1.0,1
0.70,F3,514,1.0,1.0,1
0.70,F3,515,1.0,1.0,1
0.70,F3,516,1.0,1.0,1
0.70,F3,517,1.0,1.0,1
0.70,F3,518,1.0,1.0,1
0.70,F3,519,1.0,1.0,1
0.70,F3,520,1.0,1.0,1
0.70,F3,521,1.0,1.0,1
0.70,F3,522,1.0,1.0,1
0.70,F3,523,1.0,1.0,1
0.70,F3,524,1.0,1.0,1
0.70,F3,525,1.0,1.0,1
0.70,F3,526,1.0,1.0,1
0.70,F3,527,1.0,1.0,1
0.70,F3,528,1.0,1.0,1
0.70,F3,529,1.0,1.0,1
0.70,F3,530,1.0,1.0,1
0.70,F3,531,1.0,1.0,1
0.70,F3,532,1.0,1.0,1
0.70,F3,533,1.0,1.0,1
0.70,F3,534,1.0,1.0,1
0.70,F3,535,1.0,1.0,1
0.70,F3,536,1.0,1.0,1
0.70,F3,537,1.0,1.0,1
0.70,F3,538,1.0,1.0,1
0.70,F3,539,1.0,1.0,1
0.70,F3,540,1.0,1.0,1
0.70,F3,541,1.0,1.0,1
0.70,F3,542,1.0,1.0,1
0.70,F3,543,1.0,1.0,1
0.70,F3,544,1.0,1.0,1
0.70,F3,545,1.0,1.0,1
0.70,F3,546,1.0,1.0,1
0.70,F3,547,1.0,1.0,1
0.70,F3,548,1.0,1.0,1
0.70,F3,549,1.0,1.0,1
0.70,F3,550,1.0,1.0,1
0.70,F3,551,1.0,1.0,1
0.70,F3,552,1.0,1.0,1
0.70,F3,553,1.0,1.0,1
0.70,F3,554,1.0,1.0,1
0.70,F3,555,1.0,1.0,1
0.70,F3,556,1.0,1.0,1
0.70,F3,557,1.0,1.0,1
0.70,F3,558,1.0,1.0,1
0.70,F3,559,1.0,1.0,1
0.70,F3,560,1.0,1.0,1
0.70,F3,561,1.0,1.0,1
0.70,F3,562,1.0,1.0,1
0.70,F3,563,1.0,1.0,1
0.70,F3,564,1.0,1.0,1
0.70,F3,565,1.0,1.0,1
0.70,F3,566,1.0,1.0,1
0.70,F3,567,1.0,1.0,1
0.70,F3,568,1.0,1.0,1
0.70,F3,569,1.0,1.0,1
0.70,F3,570,1.0,1.0,1
0.70,F3,571,1.0,1.0,1
0.70,F3,572,1.0,1.0,1
0.70,F3,573,1.0,1.0,1
0.70,F3,574,1.0,1.0,1
0.70,F3,575,1.0,1.0,1
0.70,F3,576,1.0,1.0,1
0.70,F3,577,1.0,1.0,1
0.70,F3,578,1.0,1.0,1
0.70,F3,579,1.0,1.0,1
0.70,F3,580,1.0,1.0,1
0.70,F3,581,1.0,1.0,1
0.70,F3,582,1.0,1.0,1
0.70,F3,583,1.0,1.0,1
0.70,F3,584,1.0,1.0,1
0.70,F3,585,1.0,1.0,1
0.70,F3,586,1.0,1.0,1
0.70,F3,587,1.0,1.0,1
0.70,F3,588,1.0,1.0,1
0.70,F3,589,1.0,1.0,1
0.70,F3,590,1.0,1.0,1
0.70,F3,591,1.0,1.0,1
0.70,F3,592,1.0,1.0,1
0.70,F3,593,1.0,1.0,1
0.70,F3,594,1.0,1.0,1
0.70,F3,595,1.0,1.0,1
0.70,F3,596,1.0,1.0,1
0.70,F3,597,1.0,1.0,1
0.70,F3,598,1.0,1.0,1
0.70,F3,599,1.0,1.0,1
0.70,F3,600,1.0,1.0,1
0.70,F3,601,1.0,1.0,1
0.70,F3,602,1.0,1.0,1
0.70,F3,603,1.0,1.0,1
0.70,F3,604,1.0,1.0,1
0.70,F3,605,1.0,1.0,1
0.70,F3,606,1.0,1.0,1
0.70,F3,607,1.0,1.0,1
0.70,F3,608,1.0,1.0,1
0.70,F3,609,1.0,1.0,1
0.70,F3,610,1.0,1.0,1
0.70,F3,611,1.0,1.0,1
0.70,F3,612,1.0,1.0,1
0.70,F3,613,1.0,1.0,1
0.70,F3,614,1.0,1.0,1
0.70,F3,615,1.0,1.0,1
0.70,F3,616,1.0,1.0,1
0.70,F3,617,1.0,1.0,1
0.70,F3,618,1.0,1.0,1
0.70,F3,619,1.0,1.0,1
0.70,F3,620,1.0,1.0,1
0.70,F3,621,1.0,1.0,1
0.70,F3,622,1.0,1.0,1
0.70,F3,623,1.0,1.0,1
0.70,F3,624,1.0,1.0,1
0.70,F3,625,1.0,1.0,1
0.70,F3,626,1.0,1.0,1
0.70,F3,627,1.0,1.0,1
0.70,F3,628,1.0,1.0,1
0.70,F3,629,1.0,1.0,1
0.70,F3,630,1.0,1.0,1
0.70,F3,631,1.0,1.0,1
0.70,F3,632,1.0,1.0,1
0.70,F3,633,1.0,1.0,1
0.70,F3,634,1.0,1.0,1
0.70,F3,635,1.0,1.0,1
0.70,F3,636,1.0,1.0,1
0.70,F3,637,1.0,1.0,1
0.70,F3,638,1.0,1.0,1
0.70,F3,639,1.0,1.0,1
0.70,F3,640,1.0,1.0,1
0.70,F3,641,1.0,1.0,1
0.70,F3,642,1.0,1.0,1
0.70,F3,643,1.0,1.0,1
0.70,F3,644,1.0,1.0,1
0.70,F3,645,1.0,1.0,1
0.70,F3,646,1.0,1.0,1
0.70,F3,647,1.0,1.0,1
0.70,F3,648,1.0,1.0,1
0.70,F3,649,1.0,1.0,1
0.70,F3,650,1.0,1.0,1
0.70,F3,651,1.0,1.0,1
0.70,F3,652,1.0,1.0,1
0.70,F3,653,1.0,1.0,1
0.70,F3,654,1.0,1.0,1
0.70,F3,655,1.0,1.0,1
0.70,F3,656,1.0,1.0,1
0.70,F3,657,1.0,1.0,1
0.70,F3,658,1.0,1.0,1
0.70,F3,659,1.0,1.0,1
0.70,F3,660,1.0,1.0,1
0.70,F3,661,1.0,1.0,1
0.70,F3,662,1.0,1.0,1
0.70,F3,663,1.0,1.0,1
0.70,F3,664,1.0,1.0,1
0.70,F3,665,1.0,1.0,1
0.70,F3,666,1.0,1.0,1
0.70,F3,667,1.0,1.0,1
0.70,F3,668,1.0,1.0,1
0.70,F3,669,1.0,1.0,1
0.70,F3,670,1.0,1.0,1
0.70,F3,671,1.0,1.0,1
0.70,F3,672,1.0,1.0,1
0.70,F3,673,1.0,1.0,1
0.70,F3,674,1.0,1.0,1
0.70,F3,675,1.0,1.0,1
0.70,F3,676,1.0,1.0,1
0.70,F3,677,1.0,1.0,1
0.70,F3,678,1.0,1.0,1
0.70,F3,679,1.0,1.0,1
0.70,F3,680,1.0,1.0,1
0.70,F3,681,1.0,1.0,1
0.70,F3,682,1.0,1.0,1
0.70,F3,683,1.0,1.0,1
0.70,F3,684,1.0,1.0,1
0.70,F3,685,1.0,1.0,1
0.70,F3,686,1.0,1.0,1
0.70,F3,687,1.0,1.0,1
0.70,F3,688,1.0,1.0,1
0.70,F3,689,1.0,1.0,1
0.70,F3,690,1.0,1.0,1
0.70,F3,691,1.0,1.0,1
0.70,F3,692,1.0,1.0,1
0.70,F3,693,1.0,1.0,1
0.70,F3,694,1.0,1.0,1
0.70,F3,695,1.0,1.0,1
0.70,F3,696,1.0,1.0,1
0.70,F3,697,1.0,1.0,1
0.70,F3,698,1.0,1.0,1
0.70,F3,699,1.0,1.0,1
0.70,F3,700,1.0,1.0,1
0.70,F3,701,1.0,1.0,1
0.70,F3,702,1.0,1.0,1
0.70,F3,703,1.0,1.0,1
0.70,F3,704,1.0,1.0,1
0.70,F3,705,1.0,1.0,1
0.70,F3,706,1.0,1.0,1
0.70,F3,707,1.0,1.0,1
0.70,F3,708,1.0,1.0,1
0.70,F3,709,1.0,1.0,1
0.70,F3,710,1.0,1.0,1
0.70,F3,711,1.0,1.0,1
0.70,F3,712,1.0,1.0,1
0.70,F3,713,1.0,1.0,1
0.70,F3,714,1.0,1.0,1
0.70,F3,715,1.0,1.0,1
0.70,F3,716,1.0,1.0,1
0.70,F3,717,1.0,1.0,1
0.70,F3,718,1.0,1.0,1
0.70,F3,719,1.0,1.0,1
0.70,F3,720,1.0,1.0,1
0.70,F3,721,1.0,1.0,1
0.70,F3,722,1.0,1.0,1
0.70,F3,723,1.0,1.0,1
0.70,F3,724,1.0,1.0,1
0.70,F3,725,1.0,1.0,1
0.70,F3,726,1.0,1.0,1
0.70,F3,727,1.0,1.0,1
0.70,F3,728,1.0,1.0,1
0.70,F3,729,1.0,1.0,1
0.70,F3,730,1.0,1.0,1
0.70,F3,731,1.0,1.0,1
0.70,F3,732,1.0,1.0,1
0.70,F3,733,1.0,1.0,1
0.70,F3,734,1.0,1.0,1
0.70,F3,735,1.0,1.0,1
0.70,F3,736,1.0,1.0,1
0.70,F3,737,1.0,1.0,1
0.70,F3,738,1.0,1.0,1
0.70,F3,739,1.0,1.0,1
0.70,F3,740,1.0,1.0,1
0.70,F3,741,1.0,1.0,1
0.70,F3,742,1.0,1.0,1
0.70,F3,743,1.0,1.0,1
0.70,F3,744,1.0,1.0,1
0.70,F3,745,1.0,1.0,1
0.70,F3,746,1.0,1.0,1
0.70,F3,747,1.0,1.0,1
0.70,F3,748,1.0,1.0,1
0.70,F3,749,1.0,1.0,1
0.70,F3,750,1.0,1.0,1
0.70,F3,751,1.0,1.0,1
0.70,F3,752,1.0,1.0,1
0.70,F3,753,1.0,1.0,1
0.70,F3,754,1.0,1.0,1
0.70,F3,755,1.0,1.0,1
0.70,F3,756,1.0,1.0,1
0.70,F3,757,1.0,1.0,1
0.70,F3,758,1.0,1.0,1
0.70,F3,759,1.0,1.0,1
0.70,F3,760,1.0,1.0,1
0.70,F3,761,1.0,1.0,1
0.70,F3,762,1.0,1.0,1
0.70,F3,763,1.0,1.0,1
0.70,F3,764,1.0,1.0,1
0.70,F3,765,1.0,1.0,1
0.70,F3,766,1.0,1.0,1
0.70,F3,767,1.0,1.0,1
0.70,F3,768,1.0,1.0,1
0.70,F3,769,1.0,1.0,1
0.70,F3,770,1.0,1.0,1
0.70,F3,771,1.0,1.0,1
0.70,F3,772,1.0,1.0,1
0.70,F3,773,1.0,1.0,1
0.70,F3,774,1.0,1.0,1
0.70,F3,775,1.0,1.0,1
0.70,F3,776,1.0,1.0,1
0.70,F3,777,1.0,1.0,1
0.70,F3,778,1.0,1.0,1
0.70,F3,779,1.0,1.0,1
0.70,F3,780,1.0,1.0,1
0.70,F3,781,1.0,1.0,1
0.70,F3,782,1.0,1.0,1
0.70,F3,783,1.0,1.0,1
0.70,F3,784,1.0,1.0,1
0.70,F3,785,1.0,1.0,1
0.70,F3,786,1.0,1.0,1
0.70,F3,787,1.0,1.0,1
0.70,F3,788,1.0,1.0,1
0.70,F3,789,1.0,1.0,1
0.70,F3,790,1.0,1.0,1
0.70,F3,791,1.0,1.0,1
0.70,F3,792,1.0,1.0,1
0.70,F3,793,1.0,1.0,1
0.70,F3,794,1.0,1.0,1
0.70,F3,795,1.0,1.0,1
0.70,F3,796,1.0,1.0,1
0.70,F3,797,1.0,1.0,1
0.70,F3,798,1.0,1.0,1
0.70,F3,799,1.0,1.0,1
0.70,F3,800,1.0,1.0,1
0.70,F3,801,1.0,1.0,1
0.70,F3,802,1.0,1.0,1
0.70,F3,803,1.0,1.0,1
0.70,F3,804,1.0,1.0,1
0.70,F3,805,1.0,1.0,1
0.70,F3,806,1.0,1.0,1
0.70,F3,807,1.0,1.0,1
0.70,F3,808,1.0,1.0,1
0.70,F3,809,1.0,1.0,1
0.70,F3,810,1.0,1.0,1
0.70,F3,811,1.0,1.0,1
0.70,F3,812,1.0,1.0,1
0.70,F3,813,1.0,1.0,1
0.70,F3,814,1.0,1.0,1
0.70,F3,815,1.0,1.0,1
0.70,F3,816,1.0,1.0,1
0.70,F3,817,1.0,1.0,1
0.70,F3,818,1.0,1.0,1
0.70,F3,819,1.0,1.0,1
0.70,F3,820,1.0,1.0,1
0.70,F3,821,1.0,1.0,1
0.70,F3,822,1.0,1.0,1
0.70,F3,823,1.0,1.0,1
0.70,F3,824,1.0,1.0,1
0.70,F3,825,1.0,1.0,1
0.70,F3,826,1.0,1.0,1
0.70,F3,827,1.0,1.0,1
0.70,F3,828,1.0,1.0,1
0.70,F3,829,1.0,1.0,1
0.70,F3,830,1.0,1.0,1
0.70,F3,831,1.0,1.0,1
0.70,F3,832,1.0,1.0,1
0.70,F3,833,1.0,1.0,1
0.70,F3,834,1.0,1.0,1
0.70,F3,835,1.0,1.0,1
0.70,F3,836,1.0,1.0,1
0.70,F3,837,1.0,1.0,1
0.70,F3,838,1.0,1.0,1
0.70,F3,839,1.0,1.0,1
0.70,F3,840,1.0,1.0,1
0.70,F3,841,1.0,1.0,1
0.70,F3,842,1.0,1.0,1
0.70,F3,843,1.0,1.0,1
0.70,F3,844,1.0,1.0,1
0.70,F3,845,1.0,1.0,1
0.70,F3,846,1.0,1.0,1
0.70,F3,847,1.0,1.0,1
0.70,F3,848,1.0,1.0,1
0.70,F3,849,1.0,1.0,1
0.70,F3,850,1.0,1.0,1
0.70,F3,851,1.0,1.0,1
0.70,F3,852,1.0,1.0,1
0.70,F3,853,1.0,1.0,1
0.70,F3,854,1.0,1.0,1
0.70,F3,855,1.0,1.0,1
0.70,F3,856,1.0,1.0,1
0.70,F3,857,1.0,1.0,1
0.70,F3,858,1.0,1.0,1
0.70,F3,859,1.0,1.0,1
0.70,F3,860,1.0,1.0,1
0.70,F3,861,1.0,1.0,1
0.70,F3,862,1.0,1.0,1
0.70,F3,863,1.0,1.0,1
0.70,F3,864,1.0,1.0,1
0.70,F3,865,1.0,1.0,1
0.70,F3,866,1.0,1.0,1
0.70,F3,867,1.0,1.0,1
0.70,F3,868,1.0,1.0,1
0.70,F3,869,1.0,1.0,1
0.70,F3,870,1.0,1.0,1
0.70,F3,871,1.0,1.0,1
0.70,F3,872,1.0,1.0,1
0.70,F3,873,1.0,1.0,1
0.70,F3,874,1.0,1.0,1
0.70,F3,875,1.0,1.0,1
0.70,F3,876,1.0,1.0,1
0.70,F3,877,1.0,1.0,1
0.70,F3,878,1.0,1.0,1
0.70,F3,879,1.0,1.0,1
0.70,F3,880,1.0,1.0,1
0.70,F3,881,1.0,1.0,1
0.70,F3,882,1.0,1.0,1
0.70,F3,883,1.0,1.0,1
0.70,F3,884,1.0,1.0,1
0.70,F3,885,1.0,1.0,1
0.70,F3,886,1.0,1.0,1
0.70,F3,887,1.0,1.0,1
0.70,F3,888,1.0,1.0,1
0.70,F3,889,1.0,1.0,1
0.70,F3,890,1.0,1.0,1
0.70,F3,891,1.0,1.0,1
0.70,F3,892,1.0,1.0,1
0.70,F3,893,1.0,1.0,1
0.70,F3,894,1.0,1.0,1
0.70,F3,895,1.0,1.0,1
0.70,F3,896,1.0,1.0,1
0.70,F3,897,1.0,1.0,1
0.70,F3,898,1.0,1.0,1
0.70,F3,899,1.0,1.0,1
0.70,F3,900,1.0,1.0,1
0.70,F3,901,1.0,1.0,1
0.70,F3,902,1.0,1.0,1
0.70,F3,903,1.0,1.0,1
0.70,F3,904,1.0,1.0,1
0.70,F3,905,1.0,1.0,1
0.70,F3,906,1.0,1.0,1
0.70,F3,907,1.0,1.0,1
0.70,F3,908,1.0,1.0,1
0.70,F3,909,1.0,1.0,1
0.70,F3,910,1.0,1.0,1
0.70,F3,911,1.0,1.0,1
0.70,F3,912,1.0,1.0,1
0.70,F3,913,1.0,1.0,1
0.70,F3,914,1.0,1.0,1
0.70,F3,915,1.0,1.0,1
0.70,F3,916,1.0,1.0,1
0.70,F3,917,1.0,1.0,1
0.70,F3,918,1.0,1.0,1
0.70,F3,919,1.0,1.0,1
0.70,F3,920,1.0,1.0,1
0.70,F3,921,1.0,1.0,1
0.70,F3,922,1.0,1.0,1
0.70,F3,923,1.0,1.0,1
0.70,F3,924,1.0,1.0,1
0.70,F3,925,1.0,1.0,1
0.70,F3,926,1.0,1.0,1
0.70,F3,927,1.0,1.0,1
0.70,F3,928,1.0,1.0,1
0.70,F3,929,1.0,1.0,1
0.70,F3,930,1.0,1.0,1
0.70,F3,931,1.0,1.0,1
0.70,F3,932,1.0,1.0,1
0.70,F3,933,1.0,1.0,1
0.70,F3,934,1.0,1.0,1
0.70,F3,935,1.0,1.0,1
0.70,F3,936,1.0,1.0,1
0.70,F3,937,1.0,1.0,1
0.70,F3,938,1.0,1.0,1
0.70,F3,939,1.0,1.0,1
0.90,Legacy-20,0,0.0,0,0.0
0.90,Legacy-20,1,0.08182732810875475,0.06496102099629894,0.09869363522121055
0.90,Legacy-20,2,0.0820774281808092,0.06519936416556199,0.0989554921960564
0.90,Legacy-20,3,0.2800475404987702,0.23675045406621,0.32334462693133037
0.90,Legacy-20,4,0.28049770061085344,0.23704534861324605,0.3239500526084608
0.90,Legacy-20,5,0.5222935441324094,0.47876562405960993,0.5658214642052088
0.90,Legacy-20,6,0.5228436842204702,0.4791291207697401,0.5665582476712003
0.90,Legacy-20,7,0.725524833468369,0.6889025680864259,0.7621470988503122
0.90,Legacy-20,8,0.7263251137086448,0.6897253437591798,0.7629248836581098
0.90,Legacy-20,9,0.7272253539168947,0.6905413554231442,0.7639093524106452
0.90,Legacy-20,10,0.7278254940049556,0.6910770029473857,0.7645739850625254
0.90,Legacy-20,11,0.7286259345818146,0.692153954489996,0.7650979146736332
0.90,Legacy-20,12,0.7290761948461253,0.6927715466298304,0.7653808430624202
0.90,Legacy-20,13,0.7293262348621317,0.6929297212607571,0.7657227484635062
0.90,Legacy-20,14,0.7295263550063432,0.6932633606580008,0.7657893493546857
0.90,Legacy-20,15,0.7296764150303527,0.693394167979944,0.7659586620807615
0.90,Legacy-20,16,0.7298266554149682,0.6938076956397148,0.7658456151902215
0.90,Legacy-20,17,0.7300768156713784,0.6941930828757514,0.7659605484670053
0.90,Legacy-20,18,0.7301768957995836,0.6943619411617546,0.7659918504374125
0.90,Legacy-20,19,0.7304270359517984,0.6946659839149764,0.7661880879886204
0.90,Legacy-20,20,0.7304770559598016,0.6947450315938443,0.766209080325759
0.90,Legacy-20,21,0.7306271761200323,0.6949882465651576,0.7662661056749069
0.90,Legacy-20,22,0.7308271761200322,0.695134169752709,0.7665201824873554
0.90,Legacy-20,23,0.7322775364724167,0.6963939151355231,0.7681611578093103
0.90,Legacy-20,24,0.7342279967686249,0.697549661701716,0.7709063318355339
0.90,Legacy-20,25,0.7364285772410831,0.6990179731052477,0.7738391813769185
0.90,Legacy-20,26,0.7391289574892592,0.7006516623482278,0.7776062526302906
0.90,Legacy-20,27,0.7423297179856115,0.7026137555827051,0.782045680388518
0.90,Legacy-20,28,0.7453805787143644,0.7047937644418836,0.7859673929868451
0.90,Legacy-20,29,0.749031379306896,0.7069349160907179,0.7911278425230741
0.90,Legacy-20,30,0.753632239891322,0.7098030286237578,0.7974614511588862
0.90,Legacy-20,31,0.7585833207241295,0.7127744701345107,0.8043921713137483
0.90,Legacy-20,32,0.7632843014046321,0.7159313456186688,0.8106372571905954
0.90,Legacy-20,33,0.7665849019011126,0.7182476030596033,0.8149222007426219
0.90,Legacy-20,34,0.7700853822213433,0.7204968077101389,0.8196739567325476
0.90,Legacy-20,35,0.7718358826297501,0.7216694511898335,0.8220023140696667
0.90,Legacy-20,36,0.7745363629499807,0.7234824927402649,0.8255902331596966
0.90,Legacy-20,37,0.7772368633744069,0.7253500656628418,0.829123661085972
0.90,Legacy-20,38,0.7792875441434195,0.7272470580417805,0.8313280302450585
0.90,Legacy-20,39,0.7822382046960251,0.7293694235490554,0.8351069858429948
0.90,Legacy-20,40,0.7849389453126819,0.7309763070670169,0.838901583558347
0.90,Legacy-20,41,0.7873891654167364,0.7323079660645893,0.8424703647688836
0.90,Legacy-20,42,0.7898396658252202,0.7339882753722472,0.8456910562781933
0.90,Legacy-20,43,0.7927402061534411,0.7355166457492236,0.8499637665576586
0.90,Legacy-20,44,0.7959409468022134,0.7376295515629966,0.8542523420414302
0.90,Legacy-20,45,0.7986414871785692,0.7392115870220596,0.8580713873350788
0.90,Legacy-20,46,0.8013420476751395,0.7410729994211105,0.8616110959291685
0.90,Legacy-20,47,0.8045428082196264,0.7432318755176259,0.8658537409216269
0.90,Legacy-20,48,0.8074936087641005,0.7453577362466944,0.8696294812815065
0.90,Legacy-20,49,0.8104446096771836,0.7482945131049639,0.8725947062494033
0.90,Legacy-20,50,0.8127450499493694,0.7497079690461456,0.8757821308525932
0.90,Legacy-20,51,0.815445990854462,0.7526101683881729,0.8782818133207512
0.90,Legacy-20,52,0.8177468317676735,0.7549423384237857,0.8805513251115613
0.90,Legacy-20,53,0.8190971320319715,0.7560731579461437,0.8821211061177994
0.90,Legacy-20,54,0.8219979926966474,0.7590967355983156,0.8848992497949792
0.90,Legacy-20,55,0.824398693217125,0.7612792761699618,0.8875181102642882
0.90,Legacy-20,56,0.8265990735294548,0.7628951997968572,0.8903029472620525
0.90,Legacy-20,57,0.829399854290426,0.7652734546937453,0.8935262538871066
0.90,Legacy-20,58,0.8312002746829164,0.7670641482815923,0.8953364010842404
0.90,Legacy-20,59,0.8341012957804449,0.7701217826158784,0.8980808089450114
0.90,Legacy-20,60,0.8370020562928935,0.7723615629268971,0.9016425496588899
0.90,Legacy-20,61,0.8399027569898132,0.774655462318911,0.9051500516607154
0.90,Legacy-20,62,0.8420035377828227,0.7765539045308398,0.9074531710348055
0.90,Legacy-20,63,0.8437539382314638,0.7780987579183007,0.9094091185446269
0.90,Legacy-20,64,0.8455544987761688,0.7799372522299638,0.9111717453223739
0.90,Legacy-20,65,0.8471050594170662,0.781541606644533,0.9126685121895993
0.90,Legacy-20,66,0.8486057601460244,0.783067285797575,0.9141442344944738
0.90,Legacy-20,67,0.8504062406426973,0.7844783081297602,0.9163341731556345
0.90,Legacy-20,68,0.8520066811554023,0.785788764120736,0.9182245981900687
0.90,Legacy-20,69,0.8535071616841138,0.7870883804929467,0.9199259428752808
0.90,Legacy-20,70,0.854607602212838,0.7881759194587464,0.9210392849669297
0.90,Legacy-20,71,0.8556580828858764,0.7894291838704395,0.9218869819013134
0.90,Legacy-20,72,0.856908563414588,0.7907296169562826,0.9230875098728933
0.90,Legacy-20,73,0.8585093042236295,0.7924993490862762,0.9245192593609828
0.90,Legacy-20,74,0.8597097646641646,0.7938809095925361,0.9255386197357931
0.90,Legacy-20,75,0.8610601852170012,0.7952199151983059,0.9269004552356965
0.90,Legacy-20,76,0.8623106256495331,0.7962459387861741,0.9283753125128921
0.90,Legacy-20,77,0.8634108858016324,0.7970719242742659,0.9297498473289989
0.90,Legacy-20,78,0.8645116668511804,0.7986191233968787,0.9304042103054821
0.90,Legacy-20,79,0.8656121874920905,0.7998468891355047,0.9313774858486762
0.90,Legacy-20,80,0.8665628683252571,0.8012791620869918,0.9318465745635224
0.90,Legacy-20,81,0.868263909510808,0.8032768041119744,0.9332510149096416
0.90,Legacy-20,82,0.8693144902719202,0.8045083685181751,0.9341206120256653
0.90,Legacy-20,83,0.870515170992875,0.8061660476876881,0.934864294298062
0.90,Legacy-20,84,0.8716658117138432,0.8076482053054427,0.9356834181222436
0.90,Legacy-20,85,0.8725162121945225,0.808790065146762,0.9362423592422829
0.90,Legacy-20,86,0.8737670732119294,0.8107241443456292,0.9368100020782295
0.90,Legacy-20,87,0.8751175135642882,0.8119849464762925,0.938250080652284
0.90,Legacy-20,88,0.8760679340209324,0.8133793775261591,0.9387564905157058
0.90,Legacy-20,89,0.8768683144775894,0.8143937286956364,0.9393429002595424
0.90,Legacy-20,90,0.8784192156071949,0.8165156863417368,0.9403227448726531
0.90,Legacy-20,91,0.87981975622407,0.8183369024707841,0.941302609977356
0.90,Legacy-20,92,0.8807202167447782,0.8195278363268244,0.941912597162732
0.90,Legacy-20,93,0.8814706572735025,0.8205032934739679,0.9424380210730371
0.90,Legacy-20,94,0.8832214579943422,0.8227053012358408,0.9437376147528435
0.90,Legacy-20,95,0.8845219384588996,0.8241029152242877,0.9449409616935115
0.90,Legacy-20,96,0.8861725190116078,0.8258689713515867,0.9464760666716289
0.90,Legacy-20,97,0.8871729194441526,0.8269353148234652,0.9474105240648399
0.90,Legacy-20,98,0.8884234599167007,0.8284629023420577,0.9483840174913437
0.90,Legacy-20,99,0.8895741005574953,0.8298386732932268,0.9493095278217638
0.90,Legacy-20,100,0.8902244208458158,0.830572356440856,0.9498764852507755
0.90,Legacy-20,101,0.8918253818390847,0.8327784892770559,0.9508722744011134
0.90,Legacy-20,102,0.893526102495873,0.8348109246992684,0.9522412802924777
0.90,Legacy-20,103,0.8948769033289241,0.8366818054345954,0.9530720012232529
0.90,Legacy-20,104,0.8961279047230458,0.8390558484060694,0.9531999610400222
0.90,Legacy-20,105,0.897178525403972,0.8405637806547285,0.9537932701532156
0.90,Legacy-20,106,0.8983790459647091,0.8419441033150634,0.9548139886143547
0.90,Legacy-20,107,0.8993297267818565,0.8434286163441229,0.9552308372195901
0.90,Legacy-20,108,0.8999805078955583,0.8449637380066907,0.9549972777844259
0.90,Legacy-20,109,0.9005809083762377,0.8458863049618454,0.9552755117906301
0.90,Legacy-20,110,0.9011813289450934,0.8468322819689159,0.9555303759212709
0.90,Legacy-20,111,0.9017317294899267,0.8477624122424172,0.9557010467374363
0.90,Legacy-20,112,0.9020819497863659,0.8482766867790742,0.9558872127936576
0.90,Legacy-20,113,0.9026822301228337,0.8489646816721046,0.9563997785735627
0.90,Legacy-20,114,0.9034827908599234,0.8501882759257391,0.9567773057941078
0.90,Legacy-20,115,0.9041832114447985,0.8511187458752246,0.9572476770143724
0.90,Legacy-20,116,0.9048335719736254,0.8519848691108223,0.9576822748364284
0.90,Legacy-20,117,0.9053838322058977,0.8525252314759203,0.9582424329358751
0.90,Legacy-20,118,0.9057841526385451,0.8531884310887277,0.9583798741883625
0.90,Legacy-20,119,0.9066848536080226,0.8548500658241333,0.958519641391912
0.90,Legacy-20,120,0.9074854142649393,0.8558798863067721,0.9590909422231065
0.90,Legacy-20,121,0.9081358949700161,0.8569531793411745,0.9593186105988577
0.90,Legacy-20,122,0.9085862354908398,0.8577365692921334,0.9594359016895463
0.90,Legacy-20,123,0.9089864958193045,0.858319126058576,0.959653865580033
0.90,Legacy-20,124,0.9094370166045417,0.8593888000064176,0.9594852332026658
0.90,Legacy-20,125,0.9098872969249904,0.8598857157668567,0.9598888780831241
0.90,Legacy-20,126,0.9104376373014871,0.8605030244469081,0.9603722501560661
0.90,Legacy-20,127,0.911238157926378,0.8615295470021522,0.9609467688506037
0.90,Legacy-20,128,0.9122389189519035,0.8630509819078388,0.9614268559959681
0.90,Legacy-20,129,0.9132892392883586,0.8638912585308791,0.9626872200458381
0.90,Legacy-20,130,0.9139897199774163,0.8649493422779951,0.9630300976768374
0.90,Legacy-20,131,0.914489920249833,0.8654475641878894,0.9635322763117766
0.90,Legacy-20,132,0.9152404609629002,0.8665818690720449,0.9638990528537555
0.90,Legacy-20,133,0.9158908014195701,0.8673959989020172,0.964385603937123
0.90,Legacy-20,134,0.9165412820444739,0.8683769778015253,0.9647055862874225
0.90,Legacy-20,135,0.9169915423409002,0.8689990269973279,0.9649840576844725
0.90,Legacy-20,136,0.9174418828617239,0.8697168897226772,0.9651668760007706
0.90,Legacy-20,137,0.9181923635347623,0.8707910310849807,0.9655936959845439
0.90,Legacy-20,138,0.9190430646004323,0.8722866560521687,0.9657994731486959
0.90,Legacy-20,139,0.9194435453055091,0.8732065602029818,0.9656805304080364
0.90,Legacy-20,140,0.9199440861147687,0.8742689631537404,0.9656192090757971
0.90,Legacy-20,141,0.9207947670120892,0.8755909440444345,0.9659985899797439
0.90,Legacy-20,142,0.9218454079415378,0.8771358835127768,0.9665549323702988
0.90,Legacy-20,143,0.9223958485985698,0.8781316730892167,0.966660024107923
0.90,Legacy-20,144,0.923246589600073,0.8795858596907157,0.9669073195094303
0.90,Legacy-20,145,0.9243976712827461,0.88183522808812,0.9669601144773722
0.90,Legacy-20,146,0.9256486126368388,0.883764388646588,0.9675328366270897
0.90,Legacy-20,147,0.9267993537024959,0.8854146238009469,0.9681840836040448
0.90,Legacy-20,148,0.9278997141511499,0.8863854448177412,0.9694139834845587
0.90,Legacy-20,149,0.9285502950565889,0.8876089814641944,0.9694916086489834
0.90,Legacy-20,150,0.9291006956334606,0.888427544541264,0.9697738467256573
0.90,Legacy-20,151,0.929851176306499,0.8895793328215242,0.9701230197914739
0.90,Legacy-20,152,0.9308017972439637,0.8909926568286718,0.9706109376592557
0.90,Legacy-20,153,0.9315523179650469,0.8922007098587393,0.9709039260713545
0.90,Legacy-20,154,0.9320527386140758,0.8930752945136762,0.9710301827144754
0.90,Legacy-20,155,0.9327532794073163,0.8943280098222175,0.9711785489924152
0.90,Legacy-20,156,0.9335540204889925,0.895919673119078,0.9711883678589069
0.90,Legacy-20,157,0.9341041005210053,0.8964401773653536,0.971768023676657
0.90,Legacy-20,158,0.9346543407452745,0.897158249856145,0.9721504316344041
0.90,Legacy-20,159,0.9351045410176914,0.8977085037648838,0.972500578270499
0.90,Legacy-20,160,0.9359047211859124,0.8984411497470723,0.9733682926247524
0.90,Legacy-20,161,0.9366550214502103,0.8993851815743571,0.9739248613260635
0.90,Legacy-20,162,0.937155141610441,0.8998098545152632,0.9745004287056188
0.90,Legacy-20,163,0.9376053017866783,0.9003147943817015,0.9748958091916552
0.90,Legacy-20,164,0.9379053217946814,0.900504210140595,0.9753064334487679
0.90,Legacy-20,165,0.9387554818907455,0.9011401893748737,0.9763707744066173
0.90,Legacy-20,166,0.9394056019387647,0.9017377520480614,0.9770734518294679
0.90,Legacy-20,167,0.9400057420108063,0.9024185142443792,0.9775929697772334
0.90,Legacy-20,168,0.9405058020508352,0.9028182685184504,0.9781933355832201
0.90,Legacy-20,169,0.9411561223231364,0.9037168252315848,0.978595419414688
0.90,Legacy-20,170,0.9416062423871747,0.9041085133045265,0.979103971469823
0.90,Legacy-20,171,0.9425566027556554,0.9049813807910643,0.9801318247202466
0.90,Legacy-20,172,0.943206803028072,0.9056257349437496,0.9807878711123944
0.90,Legacy-20,173,0.943556863068101,0.9058721546326651,0.981241571503537
0.90,Legacy-20,174,0.9442069631401554,0.9064266205158247,0.9819873057644861
0.90,Legacy-20,175,0.9444570231801842,0.9066681938334691,0.9822458525268993
0.90,Legacy-20,176,0.945057243316277,0.9073008229460264,0.9828136636865277
0.90,Legacy-20,177,0.9456075036127033,0.9079618583257631,0.9832531488996434
0.90,Legacy-20,178,0.9459576036687385,0.9082530390483676,0.9836621682891094
0.90,Legacy-20,179,0.9463076837007514,0.9085189338115633,0.9840964335899394
0.90,Legacy-20,180,0.9468579641013732,0.9092203179843068,0.9844956102184397
0.90,Legacy-20,181,0.9474081843176391,0.9097786798305807,0.9850376888046974
0.90,Legacy-20,182,0.9481085246781167,0.9105321400748332,0.9856849092814002
0.90,Legacy-20,183,0.9486088250867416,0.9111700159646448,0.9860476342088385
0.90,Legacy-20,184,0.9490590452548731,0.9116233102901631,0.986494780219583
0.90,Legacy-20,185,0.949609485767578,0.9125468295747352,0.9866721419604207
0.90,Legacy-20,186,0.9501597058876516,0.9129137785948774,0.9874056331804258
0.90,Legacy-20,187,0.9505097859196645,0.9131202319611882,0.9878993398781408
0.90,Legacy-20,188,0.9509100061359305,0.9135925819502164,0.9882274303216445
0.90,Legacy-20,189,0.9513102263521964,0.9141372399006962,0.9884832128036967
0.90,Legacy-20,190,0.9515603865284334,0.9144190215219798,0.988701751534887
0.90,Legacy-20,191,0.9519105466405169,0.9148046803124972,0.9890164129685366
0.90,Legacy-20,192,0.9522106467125713,0.9150378008047834,0.9893834926203592
0.90,Legacy-20,193,0.9525608669448565,0.9155084422412675,0.9896132916484456
0.90,Legacy-20,194,0.9532111272091673,0.916114246004146,0.9903080084141886
0.90,Legacy-20,195,0.9534612473533789,0.9164688726921186,0.9904536220146392
0.90,Legacy-20,196,0.953911407465462,0.9168508276603654,0.9909719872705586
0.90,Legacy-20,197,0.9544618080263145,0.917770249772499,0.9911533662801301
0.90,Legacy-20,198,0.9547119081625228,0.9180254822257882,0.9913983340992575
0.90,Legacy-20,199,0.9550120884269363,0.9185063574137631,0.9915178194401095
0.90,Legacy-20,200,0.9553122285149972,0.9187604674733821,0.9918639895566123
0.90,Legacy-20,201,0.95566242872326,0.9191293451574299,0.9921955122890901
0.90,Legacy-20,202,0.9559626089876734,0.9195873665862953,0.9923378513890515
0.90,Legacy-20,203,0.9563628492921157,0.9200778640964988,0.9926478344877325
0.90,Legacy-20,204,0.9568632497246604,0.9208087869868318,0.992917712462489
0.90,Legacy-20,205,0.9573635099729519,0.9213202083924529,0.993406811553451
0.90,Legacy-20,206,0.9579140306940352,0.9223092921345568,0.9935187692535137
0.90,Legacy-20,207,0.9582642509904744,0.9227885255744049,0.9937399764065439
0.90,Legacy-20,208,0.9588644511987372,0.9233856805432059,0.9943432218542685
0.90,Legacy-20,209,0.959564931823641,0.924431218908303,0.994698644738979
0.90,Legacy-20,210,0.9599151722082564,0.9250167289494668,0.9948136154670459
0.90,Legacy-20,211,0.9602654125126987,0.925524823797089,0.9950060012283084
0.90,Legacy-20,212,0.9606657328811922,0.9261797245580353,0.995151741204349
0.90,Legacy-20,213,0.9611159931936375,0.9268640953627099,0.9953678910245651
0.90,Legacy-20,214,0.9612660532336664,0.9270163058520411,0.9955158006152918
0.90,Legacy-20,215,0.961516253506083,0.9275070109521698,0.9955254960599963
0.90,Legacy-20,216,0.9617664136983395,0.9278461214621835,0.9956867059344955
0.90,Legacy-20,217,0.9619664337063426,0.9279218652094189,0.9960110022032663
0.90,Legacy-20,218,0.962416533842551,0.9283352708550376,0.9964977968300643
0.90,Legacy-20,219,0.9626665738745767,0.928520392198159,0.9968127555509944
0.90,Legacy-20,220,0.9633168742832017,0.9293472929167307,0.9972864556496727
0.90,Legacy-20,221,0.9635669944274131,0.9297031740273961,0.9974308148274301
0.90,Legacy-20,222,0.9639671345796279,0.9301592222740941,0.9977750468851617
0.90,Legacy-20,223,0.9644672146276598,0.930562412259622,0.9983720169956977
0.90,Legacy-20,224,0.9646672346356631,0.9307255750150171,0.998608894256309
0.90,Legacy-20,225,0.9650173146997143,0.9309762296407209,0.9990583997587077
0.90,Legacy-20,226,0.9653673547157207,0.9312271154263099,0.9995075940051315
0.90,Legacy-20,227,0.9658174748599323,0.93170220065463,0.9999327490652345
0.90,Legacy-20,228,0.9659676551243458,0.9320389982114085,0.9998963120372831
0.90,Legacy-20,229,0.9663678754047657,0.9325600288538894,1
0.90,Legacy-20,230,0.9668683360056469,0.9335288500558991,1
0.90,Legacy-20,231,0.9672186564382944,0.9341638006478616,1
0.90,Legacy-20,232,0.9675188767347335,0.9346172479391569,1
0.90,Legacy-20,233,0.9677689768709418,0.9348823408894533,1
0.90,Legacy-20,234,0.9680691571353554,0.9353464028748167,1
0.90,Legacy-20,235,0.9681192372635604,0.9355043443832068,1
0.90,Legacy-20,236,0.9683193974397976,0.9357614167163266,1
0.90,Legacy-20,237,0.9686196176720827,0.9361851464152494,1
0.90,Legacy-20,238,0.9689198378883486,0.9366169785510557,1
0.90,Legacy-20,239,0.9691200381607654,0.9370663862311284,1
0.90,Legacy-20,240,0.9694201583209963,0.9373974052351783,1
0.90,Legacy-20,241,0.9697703986254385,0.9379238255390486,1
0.90,Legacy-20,242,0.9702205988978551,0.9384916925500845,1
0.90,Legacy-20,243,0.9705709192663485,0.9391234225441217,1
0.90,Legacy-20,244,0.971021379947403,0.9400553306959207,1
0.90,Legacy-20,245,0.9711214600114542,0.9401758143588143,1
0.90,Legacy-20,246,0.9714717202597458,0.9407106128689219,1
0.90,Legacy-20,247,0.9716218003237971,0.9408597921626581,1
0.90,Legacy-20,248,0.9718720206042168,0.9413283806519174,1
0.90,Legacy-20,249,0.9722222007403226,0.9416831062258672,1
0.90,Legacy-20,250,0.9724724410447649,0.9421894820303787,1
0.90,Legacy-20,251,0.9725724410447649,0.9422465768571762,1
0.90,Legacy-20,252,0.9727225010687744,0.9423937046819564,1
0.90,Legacy-20,253,0.9728226613251847,0.9427145395508753,1
0.90,Legacy-20,254,0.9729227414533899,0.9429071592350854,1
0.90,Legacy-20,255,0.9730728415895982,0.9431178537124013,1
0.90,Legacy-20,256,0.9733229616536366,0.9433843351200736,1
0.90,Legacy-20,257,0.973473202038252,0.9438657939916802,1
0.90,Legacy-20,258,0.9737734423426943,0.9443984425166665,1
0.90,Legacy-20,259,0.9741739230317519,0.9453841549940216,1
0.90,Legacy-20,260,0.9746242633440948,0.9460135627033696,1
0.90,Legacy-20,261,0.9750246639209665,0.9468276697156666,1
0.90,Legacy-20,262,0.9755251847222229,0.9479336978073017,1
0.90,Legacy-20,263,0.9759755250987197,0.9486356670178847,1
0.90,Legacy-20,264,0.9763759256595722,0.9494936032718346,1
0.90,Legacy-20,265,0.9769765265730145,0.9508275352261744,1
0.90,Legacy-20,266,0.9773767869656331,0.9514847890160675,1
0.90,Legacy-20,267,0.977977287662694,0.9526081025393199,1
0.90,Legacy-20,268,0.9781274278309279,0.9528868050484579,1
0.90,Legacy-20,269,0.9784775479751395,0.953263213755023,1
0.90,Legacy-20,270,0.978827808287585,0.953856277431838,1
0.90,Legacy-20,271,0.9791279283516233,0.9541787028295189,1
0.90,Legacy-20,272,0.9793781085518829,0.9545437317853649,1
0.90,Legacy-20,273,0.9797785291367579,0.9553882906917524,1
0.90,Legacy-20,274,0.9798786092649631,0.9555846967980088,1
0.90,Legacy-20,275,0.980128809489245,0.9559365932899202,1
0.90,Legacy-20,276,0.9805293102664789,0.9569967489088365,1
0.90,Legacy-20,277,0.9808296507873027,0.9577222584293336,1
0.90,Legacy-20,278,0.9811800113321487,0.9584880581290898,1
0.90,Legacy-20,279,0.981630391804825,0.9592853836835435,1
0.90,Legacy-20,280,0.9819306121012641,0.9597830372036229,1
0.90,Legacy-20,281,0.9820306721412929,0.9598939007161416,1
0.90,Legacy-20,282,0.9822307722775012,0.9601307401571907,1
0.90,Legacy-20,283,0.9824309925739404,0.9605675319192156,1
0.90,Legacy-20,284,0.9826812128703794,0.9610385458015905,1
0.90,Legacy-20,285,0.9827812529024049,0.9611169670899052,1
0.90,Legacy-20,286,0.9828313330306101,0.9612802218309774,1
0.90,Legacy-20,287,0.9828814131588153,0.9614434198984896,1
0.90,Legacy-20,288,0.9831816133510588,0.9618505423313367,1
0.90,Legacy-20,289,0.983281773607469,0.9621775293545118,1
0.90,Legacy-20,290,0.9834320139920845,0.962667590587367,1
0.90,Legacy-20,291,0.9835822543766999,0.963157126337187,1
0.90,Legacy-20,292,0.9840326148573921,0.9639028157862294,1
0.90,Legacy-20,293,0.9840826949855972,0.9640660379410038,1
0.90,Legacy-20,294,0.9842829353060587,0.9644966040732121,1
0.90,Legacy-20,295,0.9844831355944945,0.9649085738401155,1
0.90,Legacy-20,296,0.984633235730703,0.9651274966058572,1
0.90,Legacy-20,297,0.9846833158589081,0.9652906400263256,1
0.90,Legacy-20,298,0.984733315858908,0.9653235709441992,1
0.90,Legacy-20,299,0.9848834159951163,0.965577726901047,1
0.90,Legacy-20,300,0.9852337164037415,0.9662666095271623,1
0.90,Legacy-20,301,0.9852337164037415,0.9662666095271623,1
0.90,Legacy-20,302,0.9852337164037415,0.9662666095271623,1
0.90,Legacy-20,303,0.9852337164037415,0.9662666095271623,1
0.90,Legacy-20,304,0.9853338165399497,0.9664518823628991,1
0.90,Legacy-20,305,0.9853338165399497,0.9664518823628991,1
0.90,Legacy-20,306,0.9854338966681548,0.9666405042464886,1
0.90,Legacy-20,307,0.9856840969405715,0.9671087276205593,1
0.90,Legacy-20,308,0.9858841369565778,0.9672691448109746,1
0.90,Legacy-20,309,0.9859342170847829,0.9674326400464666,1
0.90,Legacy-20,310,0.9860842972129882,0.9676571666211713,1
0.90,Legacy-20,311,0.9861842972129882,0.9677170453804773,1
0.90,Legacy-20,312,0.9861842972129882,0.9677170453804773,1
0.90,Legacy-20,313,0.9864343973491965,0.9680103272604331,1
0.90,Legacy-20,314,0.9865845575414528,0.9682830372610147,1
0.90,Legacy-20,315,0.986684577549456,0.9683710073079087,1
0.90,Legacy-20,316,0.9867346175814817,0.9684248052763132,1
0.90,Legacy-20,317,0.9868847377417125,0.9686685877239704,1
0.90,Legacy-20,318,0.9869848378779208,0.9688558320683214,1
0.90,Legacy-20,319,0.987134998134331,0.9692092582118067,1
0.90,Legacy-20,320,0.9872851583907413,0.9695615132905402,1
0.90,Legacy-20,321,0.987385198422767,0.9696477743942719,1
0.90,Legacy-20,322,0.9874352384547925,0.96970056673844,1
0.90,Legacy-20,323,0.9876354186550521,0.9699909219676605,1
0.90,Legacy-20,324,0.9877354786950808,0.9700986539349383,1
0.90,Legacy-20,325,0.9878355187110873,0.9701778124830354,1
0.90,Legacy-20,326,0.9878855587431129,0.9702280116652728,1
0.90,Legacy-20,327,0.9881358190715775,0.9707110536683023,1
0.90,Legacy-20,328,0.9882358590875839,0.9708211465109627,1
0.90,Legacy-20,329,0.9883359792478148,0.9710343735676668,1
0.90,Legacy-20,330,0.9883860192798404,0.9710820330272345,1
0.90,Legacy-20,331,0.9884861194160487,0.9713013064494043,1
0.90,Legacy-20,332,0.9886862595682635,0.9716249210649872,1
0.90,Legacy-20,333,0.9888863997364975,0.9719239766389682,1
0.90,Legacy-20,334,0.989086600008914,0.9723562806901576,1
0.90,Legacy-20,335,0.9892367201531256,0.9726200960623488,1
0.90,Legacy-20,336,0.9892367201531256,0.9726200960623488,1
0.90,Legacy-20,337,0.989336800217177,0.9727148582118128,1
0.90,Legacy-20,338,0.9894369604735871,0.9730471001331448,1
0.90,Legacy-20,339,0.9895870405216193,0.9731892600309103,1
0.90,Legacy-20,340,0.9896371206498243,0.9733556418750653,1
0.90,Legacy-20,341,0.9896371206498243,0.9733556418750653,1
0.90,Legacy-20,342,0.9900875011385196,0.9741007942556722,1
0.90,Legacy-20,343,0.9901875411705453,0.9741795607889249,1
0.90,Legacy-20,344,0.9901875411705453,0.9741795607889249,1
0.90,Legacy-20,345,0.9902376212987504,0.974346272932615,1
0.90,Legacy-20,346,0.9903377014269555,0.9745399677140175,1
0.90,Legacy-20,347,0.9904879017153915,0.9749167093339304,1
0.90,Legacy-20,348,0.9904879017153915,0.9749167093339304,1
0.90,Legacy-20,349,0.990738302356417,0.9757496064240281,1
0.90,Legacy-20,350,0.9908383824846222,0.9759505631798903,1
0.90,Legacy-20,351,0.9909385427410325,0.976283469395797,1
0.90,Legacy-20,352,0.9910886629012633,0.9765270771500023,1
0.90,Legacy-20,353,0.9911887430294685,0.9767263076431804,1
0.90,Legacy-20,354,0.991439063478135,0.9773108166201092,1
0.90,Legacy-20,355,0.9915392237345452,0.97764375666443,1
0.90,Legacy-20,356,0.9916894039989588,0.9780273603775262,1
0.90,Legacy-20,357,0.9917394841271638,0.9781938604375521,1
0.90,Legacy-20,358,0.9919398046399843,0.9788595014621927,1
0.90,Legacy-20,359,0.9921400450245997,0.9793880006580258,1
0.90,Legacy-20,360,0.992190065032603,0.9794391747951613,1
0.90,Legacy-20,361,0.9922400650326029,0.9794716933935449,1
0.90,Legacy-20,362,0.9923401851928337,0.9796808613348369,1
0.90,Legacy-20,363,0.9924903053530645,0.9799208278911066,1
0.90,Legacy-20,364,0.9926404656094747,0.9802803853158109,1
0.90,Legacy-20,365,0.9926404656094747,0.9802803853158109,1
0.90,Legacy-20,366,0.9927406258658851,0.9806129010932474,1
0.90,Legacy-20,367,0.992890826154321,0.9809867800912109,1
0.90,Legacy-20,368,0.9929408461623241,0.981039213461849,1
0.90,Legacy-20,369,0.993090906202353,0.9811612922300498,1
0.90,Legacy-20,370,0.993090906202353,0.9811612922300498,1
0.90,Legacy-20,371,0.9931409462343785,0.9812010135437049,1
0.90,Legacy-20,372,0.9931909662423817,0.9812515982820306,1
0.90,Legacy-20,373,0.9932909862503849,0.9813305107902947,1
0.90,Legacy-20,374,0.9934912666670259,0.9818706369141548,1
0.90,Legacy-20,375,0.9936414469314393,0.9822538992603498,1
0.90,Legacy-20,376,0.993841707324058,0.9828036306730797,1
0.90,Legacy-20,377,0.9938917273320611,0.9828510045322071,1
0.90,Legacy-20,378,0.9938917273320611,0.9828510045322071,1
0.90,Legacy-20,379,0.993991847492292,0.9830572501732608,1
0.90,Legacy-20,380,0.994041927620497,0.9832245788074879,1
0.90,Legacy-20,381,0.9940920077487021,0.9833918816245466,1
0.90,Legacy-20,382,0.9943922681413206,0.9840034079892528,1
0.90,Legacy-20,383,0.9945925285339393,0.9845519867600615,1
0.90,Legacy-20,384,0.9946425485419425,0.9845973091192948,1
0.90,Legacy-20,385,0.9946425485419425,0.9845973091192948,1
0.90,Legacy-20,386,0.9948428690547629,0.9852673241546933,1
0.90,Legacy-20,387,0.9949429892149938,0.9854743311662668,1
0.90,Legacy-20,388,0.9951432496076125,0.9860220326554482,1
0.90,Legacy-20,389,0.9952434098640226,0.9863571644646564,1
0.90,Legacy-20,390,0.995393650248638,0.9868596683472302,1
0.90,Legacy-20,391,0.9954437303768432,0.9870271136261938,1
0.90,Legacy-20,392,0.9954437303768432,0.9870271136261938,1
0.90,Legacy-20,393,0.9955438906332534,0.9873619129293263,1
0.90,Legacy-20,394,0.9955939707614585,0.9875292642984772,1
0.90,Legacy-20,395,0.9955939707614585,0.9875292642984772,1
0.90,Legacy-20,396,0.9957442111460739,0.9880311076592151,1
0.90,Legacy-20,397,0.9957442111460739,0.9880311076592151,1
0.90,Legacy-20,398,0.995944431442513,0.9884516134362151,1
0.90,Legacy-20,399,0.9960945515867246,0.9887066008296259,1
0.90,Legacy-20,400,0.9961946717469552,0.9889132528417822,1
0.90,Legacy-20,401,0.9962447518751605,0.9890810827640883,1
0.90,Legacy-20,402,0.9962447518751605,0.9890810827640883,1
0.90,Legacy-20,403,0.9962447518751605,0.9890810827640883,1
0.90,Legacy-20,404,0.9962447518751605,0.9890810827640883,1
0.90,Legacy-20,405,0.9962447518751605,0.9890810827640883,1
0.90,Legacy-20,406,0.9962447518751605,0.9890810827640883,1
0.90,Legacy-20,407,0.9962447518751605,0.9890810827640883,1
0.90,Legacy-20,408,0.9963949121315705,0.9894515290002369,1
0.90,Legacy-20,409,0.9963949121315705,0.9894515290002369,1
0.90,Legacy-20,410,0.9964449321395737,0.9894936171062504,1
0.90,Legacy-20,411,0.9964949321395737,0.989526802681504,1
0.90,Legacy-20,412,0.9965950923959841,0.9898626827726867,1
0.90,Legacy-20,413,0.9965950923959841,0.9898626827726867,1
0.90,Legacy-20,414,0.9966451725241892,0.9900305927712526,1
0.90,Legacy-20,415,0.9966952526523943,0.9901984812851975,1
0.90,Legacy-20,416,0.9967954129088046,0.9905341890085034,1
0.90,Legacy-20,417,0.9967954129088046,0.9905341890085034,1
0.90,Legacy-20,418,0.9967954129088046,0.9905341890085034,1
0.90,Legacy-20,419,0.9968454930370096,0.9907020055606567,1
0.90,Legacy-20,420,0.9968955731652148,0.9908697952957536,1
0.90,Legacy-20,421,0.99694565329342,0.9910375566109301,1
0.90,Legacy-20,422,0.9970456733014232,0.99111054133446,1
0.90,Legacy-20,423,0.9970456733014232,0.99111054133446,1
0.90,Legacy-20,424,0.9970456733014232,0.99111054133446,1
0.90,Legacy-20,425,0.9970957534296283,0.9912784135155372,1
0.90,Legacy-20,426,0.9970957534296283,0.9912784135155372,1
0.90,Legacy-20,427,0.9972459136218847,0.9915238980125078,1
0.90,Legacy-20,428,0.9972459136218847,0.9915238980125078,1
0.90,Legacy-20,429,0.9972959937500898,0.9916919593381013,1
0.90,Legacy-20,430,0.9973961540065001,0.9920280239263806,1
0.90,Legacy-20,431,0.9973961540065001,0.9920280239263806,1
0.90,Legacy-20,432,0.9974462341347052,0.9921960245801621,1
0.90,Legacy-20,433,0.9974462341347052,0.9921960245801621,1
0.90,Legacy-20,434,0.9974462341347052,0.9921960245801621,1
0.90,Legacy-20,435,0.9974963142629103,0.992364002201692,1
0.90,Legacy-20,436,0.9975463943911155,0.9925319551663948,1
0.90,Legacy-20,437,0.9976464945273237,0.9927419283385702,1
0.90,Legacy-20,438,0.9976965746555289,0.9929100482441148,1
0.90,Legacy-20,439,0.9977466146875544,0.9929460968619839,1
0.90,Legacy-20,440,0.9977966948157596,0.9931142723226565,1
0.90,Legacy-20,441,0.9978467749439648,0.9932824309240871,1
0.90,Legacy-20,442,0.9978467749439648,0.9932824309240871,1
0.90,Legacy-20,443,0.9978467749439648,0.9932824309240871,1
0.90,Legacy-20,444,0.9978467749439648,0.9932824309240871,1
0.90,Legacy-20,445,0.997896794951968,0.9933225890336328,1
0.90,Legacy-20,446,0.9979468149599712,0.9933597175276799,1
0.90,Legacy-20,447,0.9979468149599712,0.9933597175276799,1
0.90,Legacy-20,448,0.9979468149599712,0.9933597175276799,1
0.90,Legacy-20,449,0.9979468149599712,0.9933597175276799,1
0.90,Legacy-20,450,0.9979468149599712,0.9933597175276799,1
0.90,Legacy-20,451,0.9979968950881762,0.9935281523216145,1
0.90,Legacy-20,452,0.9979968950881762,0.9935281523216145,1
0.90,Legacy-20,453,0.9979968950881762,0.9935281523216145,1
0.90,Legacy-20,454,0.9979968950881762,0.9935281523216145,1
0.90,Legacy-20,455,0.9979968950881762,0.9935281523216145,1
0.90,Legacy-20,456,0.9979968950881762,0.9935281523216145,1
0.90,Legacy-20,457,0.9979968950881762,0.9935281523216145,1
0.90,Legacy-20,458,0.9980469752163813,0.9936965835223334,1
0.90,Legacy-20,459,0.9980969952243846,0.9937307626612917,1
0.90,Legacy-20,460,0.9981971554807949,0.994067674191511,1
0.90,Legacy-20,461,0.9981971554807949,0.994067674191511,1
0.90,Legacy-20,462,0.9981971554807949,0.994067674191511,1
0.90,Legacy-20,463,0.9981971554807949,0.994067674191511,1
0.90,Legacy-20,464,0.998247235609,0.9942361259674319,1
0.90,Legacy-20,465,0.998247235609,0.9942361259674319,1
0.90,Legacy-20,466,0.9983473958654103,0.9945730202898108,1
0.90,Legacy-20,467,0.9983473958654103,0.9945730202898108,1
0.90,Legacy-20,468,0.9983473958654103,0.9945730202898108,1
0.90,Legacy-20,469,0.9984475561218205,0.9949099002475165,1
0.90,Legacy-20,470,0.9984475561218205,0.9949099002475165,1
0.90,Legacy-20,471,0.9984475561218205,0.9949099002475165,1
0.90,Legacy-20,472,0.9984475561218205,0.9949099002475165,1
0.90,Legacy-20,473,0.9984475561218205,0.9949099002475165,1
0.90,Legacy-20,474,0.9984976362500256,0.9950783339072921,1
0.90,Legacy-20,475,0.9984976362500256,0.9950783339072921,1
0.90,Legacy-20,476,0.9984976362500256,0.9950783339072921,1
0.90,Legacy-20,477,0.9984976362500256,0.9950783339072921,1
0.90,Legacy-20,478,0.9984976362500256,0.9950783339072921,1
0.90,Legacy-20,479,0.9984976362500256,0.9950783339072921,1
0.90,Legacy-20,480,0.9985477163782308,0.9952467627501672,1
0.90,Legacy-20,481,0.9985977965064359,0.995415186238777,1
0.90,Legacy-20,482,0.9985977965064359,0.995415186238777,1
0.90,Legacy-20,483,0.9985977965064359,0.995415186238777,1
0.90,Legacy-20,484,0.9986979567628462,0.9957520145721531,1
0.90,Legacy-20,485,0.9986979567628462,0.9957520145721531,1
0.90,Legacy-20,486,0.9986979567628462,0.9957520145721531,1
0.90,Legacy-20,487,0.9987480368910513,0.9959204178564531,1
0.90,Legacy-20,488,0.9987480368910513,0.9959204178564531,1
0.90,Legacy-20,489,0.9988481971474615,0.996257197690613,1
0.90,Legacy-20,490,0.9988481971474615,0.996257197690613,1
0.90,Legacy-20,491,0.9989483173076923,0.9964614829091045,1
0.90,Legacy-20,492,0.9989483173076923,0.9964614829091045,1
0.90,Legacy-20,493,0.9989483173076923,0.9964614829091045,1
0.90,Legacy-20,494,0.9989483173076923,0.9964614829091045,1
0.90,Legacy-20,495,0.9989483173076923,0.9964614829091045,1
0.90,Legacy-20,496,0.9989483173076923,0.9964614829091045,1
0.90,Legacy-20,497,0.9989483173076923,0.9964614829091045,1
0.90,Legacy-20,498,0.9989983974358975,0.9966299837229567,1
0.90,Legacy-20,499,0.9989983974358975,0.9966299837229567,1
0.90,Legacy-20,500,0.9989983974358975,0.9966299837229567,1
0.90,Legacy-20,501,0.9989983974358975,0.9966299837229567,1
0.90,Legacy-20,502,0.9989983974358975,0.9966299837229567,1
0.90,Legacy-20,503,0.9989983974358975,0.9966299837229567,1
0.90,Legacy-20,504,0.9989983974358975,0.9966299837229567,1
0.90,Legacy-20,505,0.9989983974358975,0.9966299837229567,1
0.90,Legacy-20,506,0.9989983974358975,0.9966299837229567,1
0.90,Legacy-20,507,0.9989983974358975,0.9966299837229567,1
0.90,Legacy-20,508,0.9989983974358975,0.9966299837229567,1
0.90,Legacy-20,509,0.9989983974358975,0.9966299837229567,1
0.90,Legacy-20,510,0.9989983974358975,0.9966299837229567,1
0.90,Legacy-20,511,0.9989983974358975,0.9966299837229567,1
0.90,Legacy-20,512,0.9989983974358975,0.9966299837229567,1
0.90,Legacy-20,513,0.9989983974358975,0.9966299837229567,1
0.90,Legacy-20,514,0.9989983974358975,0.9966299837229567,1
0.90,Legacy-20,515,0.9989983974358975,0.9966299837229567,1
0.90,Legacy-20,516,0.9989983974358975,0.9966299837229567,1
0.90,Legacy-20,517,0.9989983974358975,0.9966299837229567,1
0.90,Legacy-20,518,0.9989983974358975,0.9966299837229567,1
0.90,Legacy-20,519,0.9989983974358975,0.9966299837229567,1
0.90,Legacy-20,520,0.9990484775641025,0.9967984845368089,1
0.90,Legacy-20,521,0.9990484775641025,0.9967984845368089,1
0.90,Legacy-20,522,0.9990484775641025,0.9967984845368089,1
0.90,Legacy-20,523,0.9990484775641025,0.9967984845368089,1
0.90,Legacy-20,524,0.9990484775641025,0.9967984845368089,1
0.90,Legacy-20,525,0.9990985576923077,0.9969669853506611,1
0.90,Legacy-20,526,0.9990985576923077,0.9969669853506611,1
0.90,Legacy-20,527,0.9990985576923077,0.9969669853506611,1
0.90,Legacy-20,528,0.9990985576923077,0.9969669853506611,1
0.90,Legacy-20,529,0.9990985576923077,0.9969669853506611,1
0.90,Legacy-20,530,0.9991486378205128,0.9971354861645132,1
0.90,Legacy-20,531,0.9991486378205128,0.9971354861645132,1
0.90,Legacy-20,532,0.9991486378205128,0.9971354861645132,1
0.90,Legacy-20,533,0.9991486378205128,0.9971354861645132,1
0.90,Legacy-20,534,0.9991486378205128,0.9971354861645132,1
0.90,Legacy-20,535,0.9991486378205128,0.9971354861645132,1
0.90,Legacy-20,536,0.999198717948718,0.9973039869783654,1
0.90,Legacy-20,537,0.999198717948718,0.9973039869783654,1
0.90,Legacy-20,538,0.999198717948718,0.9973039869783654,1
0.90,Legacy-20,539,0.9992487980769231,0.9974724877922176,1
0.90,Legacy-20,540,0.9992487980769231,0.9974724877922176,1
0.90,Legacy-20,541,0.9992988782051282,0.9976409886060698,1
0.90,Legacy-20,542,0.9992988782051282,0.9976409886060698,1
0.90,Legacy-20,543,0.9992988782051282,0.9976409886060698,1
0.90,Legacy-20,544,0.9992988782051282,0.9976409886060698,1
0.90,Legacy-20,545,0.9992988782051282,0.9976409886060698,1
0.90,Legacy-20,546,0.9992988782051282,0.9976409886060698,1
0.90,Legacy-20,547,0.9993489583333333,0.9978094894199218,1
0.90,Legacy-20,548,0.9993489583333333,0.9978094894199218,1
0.90,Legacy-20,549,0.9993489583333333,0.9978094894199218,1
0.90,Legacy-20,550,0.9993489583333333,0.9978094894199218,1
0.90,Legacy-20,551,0.9993489583333333,0.9978094894199218,1
0.90,Legacy-20,552,0.9993990384615384,0.997977990233774,1
0.90,Legacy-20,553,0.9993990384615384,0.997977990233774,1
0.90,Legacy-20,554,0.9993990384615384,0.997977990233774,1
0.90,Legacy-20,555,0.9994491185897436,0.9981464910476262,1
0.90,Legacy-20,556,0.9994491185897436,0.9981464910476262,1
0.90,Legacy-20,557,0.9994491185897436,0.9981464910476262,1
0.90,Legacy-20,558,0.9994491185897436,0.9981464910476262,1
0.90,Legacy-20,559,0.9994491185897436,0.9981464910476262,1
0.90,Legacy-20,560,0.9994491185897436,0.9981464910476262,1
0.90,Legacy-20,561,0.9994491185897436,0.9981464910476262,1
0.90,Legacy-20,562,0.9994491185897436,0.9981464910476262,1
0.90,Legacy-20,563,0.9994491185897436,0.9981464910476262,1
0.90,Legacy-20,564,0.9994491185897436,0.9981464910476262,1
0.90,Legacy-20,565,0.9995492788461539,0.9984834926753305,1
0.90,Legacy-20,566,0.9995492788461539,0.9984834926753305,1
0.90,Legacy-20,567,0.999599358974359,0.9986519934891828,1
0.90,Legacy-20,568,0.999599358974359,0.9986519934891828,1
0.90,Legacy-20,569,0.999599358974359,0.9986519934891828,1
0.90,Legacy-20,570,0.9996494391025641,0.9988204943030349,1
0.90,Legacy-20,571,0.9996494391025641,0.9988204943030349,1
0.90,Legacy-20,572,0.9996494391025641,0.9988204943030349,1
0.90,Legacy-20,573,0.9996995192307692,0.998988995116887,1
0.90,Legacy-20,574,0.9997495993589743,0.9991574959307391,1
0.90,Legacy-20,575,0.9997495993589743,0.9991574959307391,1
0.90,Legacy-20,576,0.9997495993589743,0.9991574959307391,1
0.90,Legacy-20,577,0.9997495993589743,0.9991574959307391,1
0.90,Legacy-20,578,0.9997495993589743,0.9991574959307391,1
0.90,Legacy-20,579,0.9997495993589743,0.9991574959307391,1
0.90,Legacy-20,580,0.9997495993589743,0.9991574959307391,1
0.90,Legacy-20,581,0.9997495993589743,0.9991574959307391,1
0.90,Legacy-20,582,0.9997495993589743,0.9991574959307391,1
0.90,Legacy-20,583,0.9997495993589743,0.9991574959307391,1
0.90,Legacy-20,584,0.9997495993589743,0.9991574959307391,1
0.90,Legacy-20,585,0.9997495993589743,0.9991574959307391,1
0.90,Legacy-20,586,0.9997996794871795,0.9993259967445913,1
0.90,Legacy-20,587,0.9997996794871795,0.9993259967445913,1
0.90,Legacy-20,588,0.9997996794871795,0.9993259967445913,1
0.90,Legacy-20,589,0.9997996794871795,0.9993259967445913,1
0.90,Legacy-20,590,0.9997996794871795,0.9993259967445913,1
0.90,Legacy-20,591,0.9997996794871795,0.9993259967445913,1
0.90,Legacy-20,592,0.9997996794871795,0.9993259967445913,1
0.90,Legacy-20,593,0.9997996794871795,0.9993259967445913,1
0.90,Legacy-20,594,0.9997996794871795,0.9993259967445913,1
0.90,Legacy-20,595,0.9997996794871795,0.9993259967445913,1
0.90,Legacy-20,596,0.9997996794871795,0.9993259967445913,1
0.90,Legacy-20,597,0.9997996794871795,0.9993259967445913,1
0.90,Legacy-20,598,0.9997996794871795,0.9993259967445913,1
0.90,Legacy-20,599,0.9997996794871795,0.9993259967445913,1
0.90,Legacy-20,600,0.9997996794871795,0.9993259967445913,1
0.90,Legacy-20,601,0.9997996794871795,0.9993259967445913,1
0.90,Legacy-20,602,0.9997996794871795,0.9993259967445913,1
0.90,Legacy-20,603,0.9997996794871795,0.9993259967445913,1
0.90,Legacy-20,604,0.9997996794871795,0.9993259967445913,1
0.90,Legacy-20,605,0.9997996794871795,0.9993259967445913,1
0.90,Legacy-20,606,0.9998497596153846,0.9994944975584434,1
0.90,Legacy-20,607,0.9998497596153846,0.9994944975584434,1
0.90,Legacy-20,608,0.9998497596153846,0.9994944975584434,1
0.90,Legacy-20,609,0.9998497596153846,0.9994944975584434,1
0.90,Legacy-20,610,0.9998497596153846,0.9994944975584434,1
0.90,Legacy-20,611,0.9998497596153846,0.9994944975584434,1
0.90,Legacy-20,612,0.9998497596153846,0.9994944975584434,1
0.90,Legacy-20,613,0.9998497596153846,0.9994944975584434,1
0.90,Legacy-20,614,0.9998497596153846,0.9994944975584434,1
0.90,Legacy-20,615,0.9998497596153846,0.9994944975584434,1
0.90,Legacy-20,616,0.9998497596153846,0.9994944975584434,1
0.90,Legacy-20,617,0.9998497596153846,0.9994944975584434,1
0.90,Legacy-20,618,0.9998497596153846,0.9994944975584434,1
0.90,Legacy-20,619,0.9998497596153846,0.9994944975584434,1
0.90,Legacy-20,620,0.9998497596153846,0.9994944975584434,1
0.90,Legacy-20,621,0.9998497596153846,0.9994944975584434,1
0.90,Legacy-20,622,0.9998497596153846,0.9994944975584434,1
0.90,Legacy-20,623,0.9998497596153846,0.9994944975584434,1
0.90,Legacy-20,624,0.9998497596153846,0.9994944975584434,1
0.90,Legacy-20,625,0.9998998397435898,0.9996629983722957,1
0.90,Legacy-20,626,0.9998998397435898,0.9996629983722957,1
0.90,Legacy-20,627,0.9998998397435898,0.9996629983722957,1
0.90,Legacy-20,628,0.9998998397435898,0.9996629983722957,1
0.90,Legacy-20,629,0.9998998397435898,0.9996629983722957,1
0.90,Legacy-20,630,0.9998998397435898,0.9996629983722957,1
0.90,Legacy-20,631,0.9998998397435898,0.9996629983722957,1
0.90,Legacy-20,632,0.9998998397435898,0.9996629983722957,1
0.90,Legacy-20,633,0.9998998397435898,0.9996629983722957,1
0.90,Legacy-20,634,0.9998998397435898,0.9996629983722957,1
0.90,Legacy-20,635,0.9998998397435898,0.9996629983722957,1
0.90,Legacy-20,636,0.9998998397435898,0.9996629983722957,1
0.90,Legacy-20,637,1.0,1.0,1
0.90,Legacy-20,638,1.0,1.0,1
0.90,Legacy-20,639,1.0,1.0,1
0.90,Legacy-20,640,1.0,1.0,1
0.90,Legacy-20,641,1.0,1.0,1
0.90,Legacy-20,642,1.0,1.0,1
0.90,Legacy-20,643,1.0,1.0,1
0.90,Legacy-20,644,1.0,1.0,1
0.90,Legacy-20,645,1.0,1.0,1
0.90,Legacy-20,646,1.0,1.0,1
0.90,Legacy-20,647,1.0,1.0,1
0.90,Legacy-20,648,1.0,1.0,1
0.90,Legacy-20,649,1.0,1.0,1
0.90,Legacy-20,650,1.0,1.0,1
0.90,Legacy-20,651,1.0,1.0,1
0.90,Legacy-20,652,1.0,1.0,1
0.90,Legacy-20,653,1.0,1.0,1
0.90,Legacy-20,654,1.0,1.0,1
0.90,Legacy-20,655,1.0,1.0,1
0.90,Legacy-20,656,1.0,1.0,1
0.90,Legacy-20,657,1.0,1.0,1
0.90,Legacy-20,658,1.0,1.0,1
0.90,Legacy-20,659,1.0,1.0,1
0.90,Legacy-20,660,1.0,1.0,1
0.90,Legacy-20,661,1.0,1.0,1
0.90,Legacy-20,662,1.0,1.0,1
0.90,Legacy-20,663,1.0,1.0,1
0.90,Legacy-20,664,1.0,1.0,1
0.90,Legacy-20,665,1.0,1.0,1
0.90,Legacy-20,666,1.0,1.0,1
0.90,Legacy-20,667,1.0,1.0,1
0.90,Legacy-20,668,1.0,1.0,1
0.90,Legacy-20,669,1.0,1.0,1
0.90,Legacy-20,670,1.0,1.0,1
0.90,Legacy-20,671,1.0,1.0,1
0.90,Legacy-20,672,1.0,1.0,1
0.90,Legacy-20,673,1.0,1.0,1
0.90,Legacy-20,674,1.0,1.0,1
0.90,Legacy-20,675,1.0,1.0,1
0.90,Legacy-20,676,1.0,1.0,1
0.90,Legacy-20,677,1.0,1.0,1
0.90,Legacy-20,678,1.0,1.0,1
0.90,Legacy-20,679,1.0,1.0,1
0.90,Legacy-20,680,1.0,1.0,1
0.90,Legacy-20,681,1.0,1.0,1
0.90,Legacy-20,682,1.0,1.0,1
0.90,Legacy-20,683,1.0,1.0,1
0.90,Legacy-20,684,1.0,1.0,1
0.90,Legacy-20,685,1.0,1.0,1
0.90,Legacy-20,686,1.0,1.0,1
0.90,Legacy-20,687,1.0,1.0,1
0.90,Legacy-20,688,1.0,1.0,1
0.90,Legacy-20,689,1.0,1.0,1
0.90,Legacy-20,690,1.0,1.0,1
0.90,Legacy-20,691,1.0,1.0,1
0.90,Legacy-20,692,1.0,1.0,1
0.90,Legacy-20,693,1.0,1.0,1
0.90,Legacy-20,694,1.0,1.0,1
0.90,Legacy-20,695,1.0,1.0,1
0.90,Legacy-20,696,1.0,1.0,1
0.90,Legacy-20,697,1.0,1.0,1
0.90,Legacy-20,698,1.0,1.0,1
0.90,Legacy-20,699,1.0,1.0,1
0.90,Legacy-20,700,1.0,1.0,1
0.90,Legacy-20,701,1.0,1.0,1
0.90,Legacy-20,702,1.0,1.0,1
0.90,Legacy-20,703,1.0,1.0,1
0.90,Legacy-20,704,1.0,1.0,1
0.90,Legacy-20,705,1.0,1.0,1
0.90,Legacy-20,706,1.0,1.0,1
0.90,Legacy-20,707,1.0,1.0,1
0.90,Legacy-20,708,1.0,1.0,1
0.90,Legacy-20,709,1.0,1.0,1
0.90,Legacy-20,710,1.0,1.0,1
0.90,Legacy-20,711,1.0,1.0,1
0.90,Legacy-20,712,1.0,1.0,1
0.90,Legacy-20,713,1.0,1.0,1
0.90,Legacy-20,714,1.0,1.0,1
0.90,Legacy-20,715,1.0,1.0,1
0.90,Legacy-20,716,1.0,1.0,1
0.90,Legacy-20,717,1.0,1.0,1
0.90,Legacy-20,718,1.0,1.0,1
0.90,Legacy-20,719,1.0,1.0,1
0.90,Legacy-20,720,1.0,1.0,1
0.90,Legacy-20,721,1.0,1.0,1
0.90,Legacy-20,722,1.0,1.0,1
0.90,Legacy-20,723,1.0,1.0,1
0.90,Legacy-20,724,1.0,1.0,1
0.90,Legacy-20,725,1.0,1.0,1
0.90,Legacy-20,726,1.0,1.0,1
0.90,Legacy-20,727,1.0,1.0,1
0.90,Legacy-20,728,1.0,1.0,1
0.90,Legacy-20,729,1.0,1.0,1
0.90,Legacy-20,730,1.0,1.0,1
0.90,Legacy-20,731,1.0,1.0,1
0.90,Legacy-20,732,1.0,1.0,1
0.90,Legacy-20,733,1.0,1.0,1
0.90,Legacy-20,734,1.0,1.0,1
0.90,Legacy-20,735,1.0,1.0,1
0.90,Legacy-20,736,1.0,1.0,1
0.90,Legacy-20,737,1.0,1.0,1
0.90,Legacy-20,738,1.0,1.0,1
0.90,Legacy-20,739,1.0,1.0,1
0.90,Legacy-20,740,1.0,1.0,1
0.90,Legacy-20,741,1.0,1.0,1
0.90,Legacy-20,742,1.0,1.0,1
0.90,Legacy-20,743,1.0,1.0,1
0.90,Legacy-20,744,1.0,1.0,1
0.90,Legacy-20,745,1.0,1.0,1
0.90,Legacy-20,746,1.0,1.0,1
0.90,Legacy-20,747,1.0,1.0,1
0.90,Legacy-20,748,1.0,1.0,1
0.90,Legacy-20,749,1.0,1.0,1
0.90,Legacy-20,750,1.0,1.0,1
0.90,Legacy-20,751,1.0,1.0,1
0.90,Legacy-20,752,1.0,1.0,1
0.90,Legacy-20,753,1.0,1.0,1
0.90,Legacy-20,754,1.0,1.0,1
0.90,Legacy-20,755,1.0,1.0,1
0.90,Legacy-20,756,1.0,1.0,1
0.90,Legacy-20,757,1.0,1.0,1
0.90,Legacy-20,758,1.0,1.0,1
0.90,Legacy-20,759,1.0,1.0,1
0.90,Legacy-20,760,1.0,1.0,1
0.90,Legacy-20,761,1.0,1.0,1
0.90,Legacy-20,762,1.0,1.0,1
0.90,Legacy-20,763,1.0,1.0,1
0.90,Legacy-20,764,1.0,1.0,1
0.90,Legacy-20,765,1.0,1.0,1
0.90,Legacy-20,766,1.0,1.0,1
0.90,Legacy-20,767,1.0,1.0,1
0.90,Legacy-20,768,1.0,1.0,1
0.90,Legacy-20,769,1.0,1.0,1
0.90,Legacy-20,770,1.0,1.0,1
0.90,Legacy-20,771,1.0,1.0,1
0.90,Legacy-20,772,1.0,1.0,1
0.90,Legacy-20,773,1.0,1.0,1
0.90,Legacy-20,774,1.0,1.0,1
0.90,Legacy-20,775,1.0,1.0,1
0.90,Legacy-20,776,1.0,1.0,1
0.90,Legacy-20,777,1.0,1.0,1
0.90,Legacy-20,778,1.0,1.0,1
0.90,Legacy-20,779,1.0,1.0,1
0.90,Legacy-20,780,1.0,1.0,1
0.90,Legacy-20,781,1.0,1.0,1
0.90,Legacy-20,782,1.0,1.0,1
0.90,Legacy-20,783,1.0,1.0,1
0.90,Legacy-20,784,1.0,1.0,1
0.90,Legacy-20,785,1.0,1.0,1
0.90,Legacy-20,786,1.0,1.0,1
0.90,Legacy-20,787,1.0,1.0,1
0.90,Legacy-20,788,1.0,1.0,1
0.90,Legacy-20,789,1.0,1.0,1
0.90,Legacy-20,790,1.0,1.0,1
0.90,Legacy-20,791,1.0,1.0,1
0.90,Legacy-20,792,1.0,1.0,1
0.90,Legacy-20,793,1.0,1.0,1
0.90,Legacy-20,794,1.0,1.0,1
0.90,Legacy-20,795,1.0,1.0,1
0.90,Legacy-20,796,1.0,1.0,1
0.90,Legacy-20,797,1.0,1.0,1
0.90,Legacy-20,798,1.0,1.0,1
0.90,Legacy-20,799,1.0,1.0,1
0.90,Legacy-20,800,1.0,1.0,1
0.90,Legacy-20,801,1.0,1.0,1
0.90,Legacy-20,802,1.0,1.0,1
0.90,Legacy-20,803,1.0,1.0,1
0.90,Legacy-20,804,1.0,1.0,1
0.90,Legacy-20,805,1.0,1.0,1
0.90,Legacy-20,806,1.0,1.0,1
0.90,Legacy-20,807,1.0,1.0,1
0.90,Legacy-20,808,1.0,1.0,1
0.90,Legacy-20,809,1.0,1.0,1
0.90,Legacy-20,810,1.0,1.0,1
0.90,Legacy-20,811,1.0,1.0,1
0.90,Legacy-20,812,1.0,1.0,1
0.90,Legacy-20,813,1.0,1.0,1
0.90,Legacy-20,814,1.0,1.0,1
0.90,Legacy-20,815,1.0,1.0,1
0.90,Legacy-20,816,1.0,1.0,1
0.90,Legacy-20,817,1.0,1.0,1
0.90,Legacy-20,818,1.0,1.0,1
0.90,Legacy-20,819,1.0,1.0,1
0.90,Legacy-20,820,1.0,1.0,1
0.90,Legacy-20,821,1.0,1.0,1
0.90,Legacy-20,822,1.0,1.0,1
0.90,Legacy-20,823,1.0,1.0,1
0.90,Legacy-20,824,1.0,1.0,1
0.90,Legacy-20,825,1.0,1.0,1
0.90,Legacy-20,826,1.0,1.0,1
0.90,Legacy-20,827,1.0,1.0,1
0.90,Legacy-20,828,1.0,1.0,1
0.90,Legacy-20,829,1.0,1.0,1
0.90,Legacy-20,830,1.0,1.0,1
0.90,Legacy-20,831,1.0,1.0,1
0.90,Legacy-20,832,1.0,1.0,1
0.90,Legacy-20,833,1.0,1.0,1
0.90,Legacy-20,834,1.0,1.0,1
0.90,Legacy-20,835,1.0,1.0,1
0.90,Legacy-20,836,1.0,1.0,1
0.90,Legacy-20,837,1.0,1.0,1
0.90,Legacy-20,838,1.0,1.0,1
0.90,Legacy-20,839,1.0,1.0,1
0.90,Legacy-20,840,1.0,1.0,1
0.90,Legacy-20,841,1.0,1.0,1
0.90,Legacy-20,842,1.0,1.0,1
0.90,Legacy-20,843,1.0,1.0,1
0.90,Legacy-20,844,1.0,1.0,1
0.90,Legacy-20,845,1.0,1.0,1
0.90,Legacy-20,846,1.0,1.0,1
0.90,Legacy-20,847,1.0,1.0,1
0.90,Legacy-20,848,1.0,1.0,1
0.90,Legacy-20,849,1.0,1.0,1
0.90,Legacy-20,850,1.0,1.0,1
0.90,Legacy-20,851,1.0,1.0,1
0.90,Legacy-20,852,1.0,1.0,1
0.90,Legacy-20,853,1.0,1.0,1
0.90,Legacy-20,854,1.0,1.0,1
0.90,Legacy-20,855,1.0,1.0,1
0.90,Legacy-20,856,1.0,1.0,1
0.90,Legacy-20,857,1.0,1.0,1
0.90,Legacy-20,858,1.0,1.0,1
0.90,Legacy-20,859,1.0,1.0,1
0.90,Legacy-20,860,1.0,1.0,1
0.90,Legacy-20,861,1.0,1.0,1
0.90,Legacy-20,862,1.0,1.0,1
0.90,Legacy-20,863,1.0,1.0,1
0.90,Legacy-20,864,1.0,1.0,1
0.90,Legacy-20,865,1.0,1.0,1
0.90,Legacy-20,866,1.0,1.0,1
0.90,Legacy-20,867,1.0,1.0,1
0.90,Legacy-20,868,1.0,1.0,1
0.90,Legacy-20,869,1.0,1.0,1
0.90,Legacy-20,870,1.0,1.0,1
0.90,Legacy-20,871,1.0,1.0,1
0.90,Legacy-20,872,1.0,1.0,1
0.90,Legacy-20,873,1.0,1.0,1
0.90,Legacy-20,874,1.0,1.0,1
0.90,Legacy-20,875,1.0,1.0,1
0.90,Legacy-20,876,1.0,1.0,1
0.90,Legacy-20,877,1.0,1.0,1
0.90,Legacy-20,878,1.0,1.0,1
0.90,Legacy-20,879,1.0,1.0,1
0.90,Legacy-20,880,1.0,1.0,1
0.90,Legacy-20,881,1.0,1.0,1
0.90,Legacy-20,882,1.0,1.0,1
0.90,Legacy-20,883,1.0,1.0,1
0.90,Legacy-20,884,1.0,1.0,1
0.90,Legacy-20,885,1.0,1.0,1
0.90,Legacy-20,886,1.0,1.0,1
0.90,Legacy-20,887,1.0,1.0,1
0.90,Legacy-20,888,1.0,1.0,1
0.90,Legacy-20,889,1.0,1.0,1
0.90,Legacy-20,890,1.0,1.0,1
0.90,Legacy-20,891,1.0,1.0,1
0.90,Legacy-20,892,1.0,1.0,1
0.90,Legacy-20,893,1.0,1.0,1
0.90,Legacy-20,894,1.0,1.0,1
0.90,Legacy-20,895,1.0,1.0,1
0.90,Legacy-20,896,1.0,1.0,1
0.90,Legacy-20,897,1.0,1.0,1
0.90,Legacy-20,898,1.0,1.0,1
0.90,Legacy-20,899,1.0,1.0,1
0.90,Legacy-20,900,1.0,1.0,1
0.90,Legacy-20,901,1.0,1.0,1
0.90,Legacy-20,902,1.0,1.0,1
0.90,Legacy-20,903,1.0,1.0,1
0.90,Legacy-20,904,1.0,1.0,1
0.90,Legacy-20,905,1.0,1.0,1
0.90,Legacy-20,906,1.0,1.0,1
0.90,Legacy-20,907,1.0,1.0,1
0.90,Legacy-20,908,1.0,1.0,1
0.90,Legacy-20,909,1.0,1.0,1
0.90,Legacy-20,910,1.0,1.0,1
0.90,Legacy-20,911,1.0,1.0,1
0.90,Legacy-20,912,1.0,1.0,1
0.90,Legacy-20,913,1.0,1.0,1
0.90,Legacy-20,914,1.0,1.0,1
0.90,Legacy-20,915,1.0,1.0,1
0.90,Legacy-20,916,1.0,1.0,1
0.90,Legacy-20,917,1.0,1.0,1
0.90,Legacy-20,918,1.0,1.0,1
0.90,Legacy-20,919,1.0,1.0,1
0.90,Legacy-20,920,1.0,1.0,1
0.90,Legacy-20,921,1.0,1.0,1
0.90,Legacy-20,922,1.0,1.0,1
0.90,Legacy-20,923,1.0,1.0,1
0.90,Legacy-20,924,1.0,1.0,1
0.90,Legacy-20,925,1.0,1.0,1
0.90,Legacy-20,926,1.0,1.0,1
0.90,Legacy-20,927,1.0,1.0,1
0.90,Legacy-20,928,1.0,1.0,1
0.90,Legacy-20,929,1.0,1.0,1
0.90,Legacy-20,930,1.0,1.0,1
0.90,Legacy-20,931,1.0,1.0,1
0.90,Legacy-20,932,1.0,1.0,1
0.90,Legacy-20,933,1.0,1.0,1
0.90,Legacy-20,934,1.0,1.0,1
0.90,Legacy-20,935,1.0,1.0,1
0.90,Legacy-20,936,1.0,1.0,1
0.90,Legacy-20,937,1.0,1.0,1
0.90,Legacy-20,938,1.0,1.0,1
0.90,Legacy-20,939,1.0,1.0,1
0.90,Legacy-15,0,0.0,0,0.0
0.90,Legacy-15,1,0.07937323358853118,0.0627738059451875,0.09597266123187487
0.90,Legacy-15,2,0.07957341411017804,0.06285702489195581,0.09628980332840027
0.90,Legacy-15,3,0.2740091513627316,0.22495686899873302,0.32306143372673013
0.90,Legacy-15,4,0.2745598128146117,0.2253846859612349,0.32373493966798855
0.90,Legacy-15,5,0.5183493190834619,0.463844410220045,0.5728542279468788
0.90,Legacy-15,6,0.5188999402621023,0.4644737170133671,0.5733261635108375
0.90,Legacy-15,7,0.7244052967540033,0.6789379524893,0.7698726410187067
0.90,Legacy-15,8,0.7251559382459958,0.6797181406900045,0.7705937358019871
0.90,Legacy-15,9,0.7258066996249277,0.6804443215450343,0.7711690777048211
0.90,Legacy-15,10,0.7263573408596868,0.6811217234875014,0.7715929582318722
0.90,Legacy-15,11,0.7268078418941541,0.6815199255064515,0.7720957582818568
0.90,Legacy-15,12,0.7274085233539604,0.6823503113304045,0.7724667353775164
0.90,Legacy-15,13,0.7276086836103708,0.6825755880981493,0.7726417791225922
0.90,Legacy-15,14,0.7280593852225652,0.6832000740781611,0.7729186963669693
0.90,Legacy-15,15,0.7283098667634962,0.6834454566428737,0.7731742768841187
0.90,Legacy-15,16,0.7286102676617552,0.6838423106167996,0.7733782247067108
0.90,Legacy-15,17,0.7288105884318091,0.6840965825853285,0.7735245942782898
0.90,Legacy-15,18,0.7303119106120232,0.6850479176624027,0.7755759035616436
0.90,Legacy-15,19,0.7317632738852927,0.6857103599508413,0.7778161878197442
0.90,Legacy-15,20,0.7340151581047635,0.6870499286519923,0.7809803875575346
0.90,Legacy-15,21,0.7363174025476739,0.6883789915413667,0.784255813553981
0.90,Legacy-15,22,0.740122133537354,0.690679645078402,0.7895646219963061
0.90,Legacy-15,23,0.7439266441022684,0.6928259020183983,0.7950273861861384
0.90,Legacy-15,24,0.7471799917792938,0.6943883755453545,0.7999716080132332
0.90,Legacy-15,25,0.7511852046799488,0.697113994879838,0.8052564144800595
0.90,Legacy-15,26,0.755388751970578,0.6992933566388561,0.8114841473022999
0.90,Legacy-15,27,0.7602937021803239,0.7017925063481664,0.8187948980124814
0.90,Legacy-15,28,0.7636970090214503,0.7040440111060307,0.82335000693687
0.90,Legacy-15,29,0.7676501950764012,0.7056950121561755,0.8296053779966269
0.90,Legacy-15,30,0.770352219544279,0.7075256102376795,0.8331788288508786
0.90,Legacy-15,31,0.7730544041242208,0.7092349209241274,0.8368738873243141
0.90,Legacy-15,32,0.7758559869228662,0.710868847877924,0.8408431259678083
0.90,Legacy-15,33,0.7782572284771032,0.7120131079002494,0.844501349053957
0.90,Legacy-15,34,0.7809091121340688,0.7134480069871632,0.8483702172809744
0.90,Legacy-15,35,0.7829609366829942,0.7147085747806853,0.851213298585303
0.90,Legacy-15,36,0.7852620385994447,0.7161111172844824,0.8544129599144069
0.90,Legacy-15,37,0.7880143231545538,0.7182912587568197,0.8577373875522879
0.90,Legacy-15,38,0.7903665679990438,0.720262100422059,0.8604710355760287
0.90,Legacy-15,39,0.7927683918891175,0.7222113026984074,0.8633254810798277
0.90,Legacy-15,40,0.7949705964602908,0.72469762754176,0.8652435653788215
0.90,Legacy-15,41,0.7969227615299628,0.7266377734902857,0.8672077495696399
0.90,Legacy-15,42,0.7997255875852021,0.7288340821433021,0.870617093027102
0.90,Legacy-15,43,0.8016771506644215,0.7308823831295076,0.8724719181993353
0.90,Legacy-15,44,0.8033286940891018,0.7323300546692082,0.8743273335089954
0.90,Legacy-15,45,0.805380758765409,0.7339339186150163,0.8768275989158018
0.90,Legacy-15,46,0.8074320614039714,0.7354529016478162,0.8794112211601266
0.90,Legacy-15,47,0.8094836650618563,0.7367661739121643,0.8822011562115484
0.90,Legacy-15,48,0.8108846472357135,0.7377794128588168,0.8839898816126103
0.90,Legacy-15,49,0.8125356689591485,0.7391846523814186,0.8858866855368784
0.90,Legacy-15,50,0.814136871557695,0.7405908559521056,0.8876828871632844
0.90,Legacy-15,51,0.816138474958308,0.7423515605413353,0.8899253893752808
0.90,Legacy-15,52,0.8175393160638654,0.7437209495719072,0.8913576825558237
0.90,Legacy-15,53,0.8187905186624117,0.7450828472097057,0.8924981901151177
0.90,Legacy-15,54,0.8200412600814945,0.7465104732590925,0.8935720469038965
0.90,Legacy-15,55,0.8210923019091252,0.7482451788954876,0.8939394249227628
0.90,Legacy-15,56,0.822593243905935,0.7502139443871583,0.8949725434247118
0.90,Legacy-15,57,0.8241440253891009,0.752290283388345,0.8959977673898568
0.90,Legacy-15,58,0.8259461903940399,0.75472811293441,0.8971642678536699
0.90,Legacy-15,59,0.8274472322698246,0.7562710238712828,0.8986234406683665
0.90,Legacy-15,60,0.8288482342906053,0.7577042454851909,0.8999922230960197
0.90,Legacy-15,61,0.8299988554692457,0.75882714545884,0.9011705654796514
0.90,Legacy-15,62,0.8313000981799908,0.7600729271356801,0.9025272692243016
0.90,Legacy-15,63,0.8326010603938832,0.7615916598364223,0.903610460951344
0.90,Legacy-15,64,0.8336019425758397,0.762387813647045,0.9048160715046345
0.90,Legacy-15,65,0.8349029248458507,0.7639041142610774,0.905901735430624
0.90,Legacy-15,66,0.8358539266093981,0.7650353176648369,0.9066725355539592
0.90,Legacy-15,67,0.8374054705004684,0.7664495995804029,0.9083613414205339
0.90,Legacy-15,68,0.8389572349772687,0.7678668378668556,0.9100476320876818
0.90,Legacy-15,69,0.8401086189172774,0.768796692911206,0.9114205449233488
0.90,Legacy-15,70,0.841910622958839,0.7712008054524244,0.9126204404652536
0.90,Legacy-15,71,0.8430115046263288,0.7723944775280868,0.9136285317245708
0.90,Legacy-15,72,0.8440626672088688,0.7736003306033938,0.9145250038143438
0.90,Legacy-15,73,0.8456645717730737,0.7757538669302224,0.9155752766159251
0.90,Legacy-15,74,0.847015654227447,0.777175900523306,0.9168554079315879
0.90,Legacy-15,75,0.8486181609912612,0.7789043423265345,0.9183319796559879
0.90,Legacy-15,76,0.8502204466067244,0.7809030466483928,0.9195378465650559
0.90,Legacy-15,77,0.8517722105690965,0.7824611871074121,0.9210832340307809
0.90,Legacy-15,78,0.8533240949809904,0.7838970151222667,0.922751174839714
0.90,Legacy-15,79,0.8548250167773352,0.785537133023474,0.9241129005311964
0.90,Legacy-15,80,0.8565772011795412,0.7878800209322215,0.9252743814268608
0.90,Legacy-15,81,0.8583793461930946,0.7899280344369879,0.9268306579492014
0.90,Legacy-15,82,0.860481811976702,0.7921919468099695,0.9287716771434346
0.90,Legacy-15,83,0.8626847194943904,0.7945012942377521,0.9308681447510287
0.90,Legacy-15,84,0.8642364634005668,0.7963393408395291,0.9321335859616046
0.90,Legacy-15,85,0.8663384077883163,0.7984837804436618,0.9341930351329708
0.90,Legacy-15,86,0.8675396698481744,0.8004903616824671,0.9345889780138817
0.90,Legacy-15,87,0.8688413133127937,0.8021142840991028,0.9355683425264846
0.90,Legacy-15,88,0.8700427762558047,0.8034993806220581,0.9365861718895514
0.90,Legacy-15,89,0.8709435375865828,0.8045880391127849,0.9372990360603808
0.90,Legacy-15,90,0.8722451405207674,0.8064853658749089,0.9380049151666259
0.90,Legacy-15,91,0.87339650332757,0.8081108242590767,0.9386821823960634
0.90,Legacy-15,92,0.8746473848025595,0.8097164475736294,0.9395783220314897
0.90,Legacy-15,93,0.8759984473617781,0.8110600470233104,0.9409368477002459
0.90,Legacy-15,94,0.8771991884754738,0.8124777199529137,0.941920656998034
0.90,Legacy-15,95,0.8791511525010673,0.8148821038890315,0.9434202011131032
0.90,Legacy-15,96,0.8801524354850135,0.8162551261228657,0.9440497448471614
0.90,Legacy-15,97,0.8810036984128413,0.8174727535575979,0.9445346432680848
0.90,Legacy-15,98,0.8820550810666445,0.8190306884765912,0.9450794736566979
0.90,Legacy-15,99,0.8832564238173285,0.8205255401983202,0.9459873074363367
0.90,Legacy-15,100,0.8842078467443331,0.8218714502614362,0.94654424322723
0.90,Legacy-15,101,0.8852091895431325,0.8234405300960038,0.9469778489902613
0.90,Legacy-15,102,0.8861602113146446,0.824786414580907,0.9475340080483823
0.90,Legacy-15,103,0.8868611532151849,0.8259079577877506,0.9478143486426192
0.90,Legacy-15,104,0.888212716181517,0.8279395460666975,0.9484858862963365
0.90,Legacy-15,105,0.8893140189162331,0.829397368713284,0.9492306691191822
0.90,Legacy-15,106,0.8900145997254028,0.8303688233889883,0.9496603760618172
0.90,Legacy-15,107,0.8907156015370656,0.8316567624530726,0.9497744406210586
0.90,Legacy-15,108,0.892016603509731,0.8332659539192722,0.9507672531001898
0.90,Legacy-15,109,0.8930680868623248,0.8346714421177046,0.9514647316069449
0.90,Legacy-15,110,0.8938689484255805,0.8358192184974754,0.9519186783536856
0.90,Legacy-15,111,0.895070190686592,0.8375138993800109,0.9526264819931731
0.90,Legacy-15,112,0.8958213128996613,0.8390247671304157,0.9526178586689068
0.90,Legacy-15,113,0.8963223758604981,0.8397144633942032,0.952930288326793
0.90,Legacy-15,114,0.8976745412355576,0.8417108681604402,0.953638214310675
0.90,Legacy-15,115,0.898826626787722,0.8434686068125129,0.954184646762931
0.90,Legacy-15,116,0.8999286113838628,0.8455812237821722,0.9542759989855535
0.90,Legacy-15,117,0.9011798945769269,0.8468133787709842,0.9555464103828697
0.90,Legacy-15,118,0.9016805763902361,0.8475023803311487,0.9558587724493236
0.90,Legacy-15,119,0.9024815386041285,0.8485430101475779,0.9564200670606791
0.90,Legacy-15,120,0.9030823203445281,0.849407692088884,0.9567569486001721
0.90,Legacy-15,121,0.9042340442427012,0.851190023170088,0.9572780653153143
0.90,Legacy-15,122,0.9049851061264506,0.8525128242614023,0.9574573879914988
0.90,Legacy-15,123,0.9056358675053825,0.8535494935441906,0.9577222414665744
0.90,Legacy-15,124,0.9061363080661067,0.8544357519366557,0.9578368641955577
0.90,Legacy-15,125,0.9069371298224739,0.8555775131439631,0.9582967465009846
0.90,Legacy-15,126,0.907738071160432,0.8569743573714751,0.958501784949389
0.90,Legacy-15,127,0.908288732049653,0.85795126238779,0.958626201711516
0.90,Legacy-15,128,0.9087392528348516,0.858694363994166,0.9587841416755372
0.90,Legacy-15,129,0.9098402742528608,0.8606169664384931,0.9590635820672286
0.90,Legacy-15,130,0.9108418372191931,0.8622072360832019,0.9594764383551843
0.90,Legacy-15,131,0.9118429393761438,0.8637512294216875,0.9599346493306001
0.90,Legacy-15,132,0.9124436804898393,0.8649422829635316,0.9599450780161469
0.90,Legacy-15,133,0.9131444416596532,0.8662285110202681,0.9600603722990384
0.90,Legacy-15,134,0.9143959241442774,0.8684658325499895,0.9603260157385652
0.90,Legacy-15,135,0.9153467654422965,0.8700735031315185,0.9606200277530745
0.90,Legacy-15,136,0.9163478071089632,0.8719242313965807,0.9607713828213458
0.90,Legacy-15,137,0.9170985282628094,0.873355525539539,0.9608415309860797
0.90,Legacy-15,138,0.9181492899470902,0.874588766222371,0.9617098136718094
0.90,Legacy-15,139,0.9191000711249074,0.8759224291791087,0.9622777130707062
0.90,Legacy-15,140,0.9194004517098144,0.8764957776677776,0.9623051257518512
0.90,Legacy-15,141,0.9197005318380197,0.8768149456698319,0.9625861180062075
0.90,Legacy-15,142,0.920451312967683,0.8780264976432814,0.9628761282920846
0.90,Legacy-15,143,0.9212522746671086,0.8794262693420691,0.963078279992148
0.90,Legacy-15,144,0.9219030967288632,0.8803080065519847,0.9634981869057416
0.90,Legacy-15,145,0.922503878726496,0.8812016399739879,0.963806117479004
0.90,Legacy-15,146,0.9230045002104853,0.8817735312988595,0.9642354691221111
0.90,Legacy-15,147,0.9237050209475685,0.8827266362293095,0.9646834056658274
0.90,Legacy-15,148,0.9243054815644112,0.8837304963054923,0.9648804668233301
0.90,Legacy-15,149,0.9246556818367893,0.8842696857000927,0.9650416779734858
0.90,Legacy-15,150,0.9250059224786382,0.8846855408275708,0.9653263041297057
0.90,Legacy-15,151,0.9254060827350483,0.8850584423901632,0.9657537230799335
0.90,Legacy-15,152,0.9260568847887999,0.8857905564642755,0.9663232131133243
0.90,Legacy-15,153,0.9263572055588538,0.8860354067238769,0.9666790043938307
0.90,Legacy-15,154,0.9269580073553718,0.8866847769273783,0.9672312377833653
0.90,Legacy-15,155,0.9278087893530047,0.8874753666164601,0.9681422120895493
0.90,Legacy-15,156,0.92820909006694,0.8879242272915137,0.9684939528423663
0.90,Legacy-15,157,0.9285093304515553,0.8882064323880989,0.9688122285150116
0.90,Legacy-15,158,0.9292601325053069,0.8887939344787992,0.9697263305318147
0.90,Legacy-15,159,0.9300110750165835,0.8894322874987499,0.9705898625344171
0.90,Legacy-15,160,0.9307121574709183,0.8905523028476928,0.9708720120941438
0.90,Legacy-15,161,0.9312128590831127,0.8909847247273895,0.9714409934388358
0.90,Legacy-15,162,0.9318636410807455,0.8916963323777831,0.9720309497837079
0.90,Legacy-15,163,0.9327648239766374,0.8927781627131824,0.9727514852400924
0.90,Legacy-15,164,0.9336155052754797,0.8936803125707352,0.9735506979802241
0.90,Legacy-15,165,0.9340156655318899,0.8940997884825338,0.9739315425812459
0.90,Legacy-15,166,0.9347665276577279,0.8949972038099179,0.974535851505538
0.90,Legacy-15,167,0.9351168884437497,0.895419406539274,0.9748143703482255
0.90,Legacy-15,168,0.9353169685719549,0.895685169307212,0.9749487678366978
0.90,Legacy-15,169,0.9359173291007433,0.8964064007143359,0.9754282574871508
0.90,Legacy-15,170,0.9363174896143869,0.8967750265369339,0.9758599526918399
0.90,Legacy-15,171,0.9366679307858473,0.8972259472383772,0.9761099143333174
0.90,Legacy-15,172,0.937118271258517,0.8979991802890456,0.9762373622279884
0.90,Legacy-15,173,0.9376187521887118,0.8987659069087306,0.976471597468693
0.90,Legacy-15,174,0.9384194134314355,0.8995024911373534,0.9773363357255177
0.90,Legacy-15,175,0.9386196540732842,0.8997889160770278,0.9774503920695405
0.90,Legacy-15,176,0.9391200349154246,0.9002850965957989,0.9779549732350503
0.90,Legacy-15,177,0.9394702555011547,0.9006728786959495,0.9782676323063599
0.90,Legacy-15,178,0.9399705562150901,0.9011851254298795,0.9787559870003006
0.90,Legacy-15,179,0.9403210372415542,0.9015379412364614,0.9791041332466471
0.90,Legacy-15,180,0.9407714781558199,0.9019591883492414,0.9795837679623983
0.90,Legacy-15,181,0.9412222398401007,0.9025055920429333,0.979938887637268
0.90,Legacy-15,182,0.9415727811958847,0.902941446435566,0.9802041159562035
0.90,Legacy-15,183,0.9419230015243816,0.9032864919449366,0.9805595111038266
0.90,Legacy-15,184,0.9424733821092885,0.9039561869346381,0.980990577283939
0.90,Legacy-15,185,0.9425734622374935,0.904023777924299,0.981123146550688
0.90,Legacy-15,186,0.9427237028793423,0.9041214091435732,0.9813259966151113
0.90,Legacy-15,187,0.9431243043072131,0.9046760616585859,0.9815725469558402
0.90,Legacy-15,188,0.9436754279027187,0.9051677559578319,0.9821830998476055
0.90,Legacy-15,189,0.9442765509837575,0.9058355897721321,0.982717512195383
0.90,Legacy-15,190,0.9450276740647963,0.9065415181664047,0.9835138299631878
0.90,Legacy-15,191,0.9457289378605934,0.9072132985674497,0.9842445771537371
0.90,Legacy-15,192,0.9462799810706605,0.9078120850868244,0.9847478770544965
0.90,Legacy-15,193,0.946730702996207,0.9083567048039699,0.9851047011884441
0.90,Legacy-15,194,0.9473818265917126,0.90882070006974,0.9859429531136851
0.90,Legacy-15,195,0.9479325485172589,0.9091529298443046,0.9867121671902133
0.90,Legacy-15,196,0.9485329494155179,0.9097768493341247,0.9872890494969111
0.90,Legacy-15,197,0.9491838115413559,0.9104098323462577,0.9879577907364541
0.90,Legacy-15,198,0.9494841323114098,0.9108157996035214,0.9881524650192982
0.90,Legacy-15,199,0.9497846736671938,0.9111860155009571,0.9883833318334304
0.90,Legacy-15,200,0.9502854954235613,0.9120450759591767,0.988525914887946
0.90,Legacy-15,201,0.9506357358081767,0.912494565944696,0.9887769056716574
0.90,Legacy-15,202,0.9512362968665766,0.9131363239314085,0.9893362698017447
0.90,Legacy-15,203,0.9517369389211512,0.9134881132207097,0.9899857646215927
0.90,Legacy-15,204,0.9519871391935295,0.9137733006196297,0.9902009777674293
0.90,Legacy-15,205,0.9525380811903392,0.9147302300427805,0.9903459323378979
0.90,Legacy-15,206,0.9531384216630089,0.9154979541915318,0.990778889134486
0.90,Legacy-15,207,0.9534886623048576,0.9158539659350559,0.9911233586746594
0.90,Legacy-15,208,0.9538392036606417,0.9162526949968754,0.9914257123244079
0.90,Legacy-15,209,0.9541896443176351,0.916823237989187,0.9915560506460832
0.90,Legacy-15,210,0.9545403659859482,0.9174773248967399,0.9916034070751564
0.90,Legacy-15,211,0.9546904461141533,0.9177024526358394,0.9916784395924673
0.90,Legacy-15,212,0.9549908269562937,0.9181820608779391,0.9917995930346483
0.90,Legacy-15,213,0.9551913082399913,0.9183128877498401,0.9920697287301425
0.90,Legacy-15,214,0.9555418092263047,0.9187744536662437,0.9923091647863658
0.90,Legacy-15,215,0.9559423102126182,0.9194953088126875,0.992389311612549
0.90,Legacy-15,216,0.9563427508696116,0.9202233989243384,0.9924621028148849
0.90,Legacy-15,217,0.9569433319841302,0.9211765621122738,0.9927101018559865
0.90,Legacy-15,218,0.9574439731707353,0.9221548411498057,0.9927331051916648
0.90,Legacy-15,219,0.9577442335151999,0.9226935797888318,0.992794887241568
0.90,Legacy-15,220,0.9582449148140422,0.9234863834621838,0.9930034461659005
0.90,Legacy-15,221,0.9584952956561827,0.9239563869693229,0.9930342043430426
0.90,Legacy-15,222,0.9589458765134679,0.924782384608422,0.9931093684185137
0.90,Legacy-15,223,0.9596466178843966,0.9256835187841678,0.9936097169846255
0.90,Legacy-15,224,0.9603472787736176,0.9267742219440843,0.9939203356031509
0.90,Legacy-15,225,0.9608478195186655,0.9275569822517234,0.9941386567856075
0.90,Legacy-15,226,0.9612483004488602,0.9282159246124609,0.9942806762852595
0.90,Legacy-15,227,0.9617485808494435,0.9286274009732539,0.994869760725633
0.90,Legacy-15,228,0.9620487210497352,0.9290109052105235,0.9950865368889468
0.90,Legacy-15,229,0.9623990815785235,0.9296860830662641,0.9951120800907829
0.90,Legacy-15,230,0.9627996827491606,0.9304244962215197,0.9951748692768015
0.90,Legacy-15,231,0.9630498430055708,0.9306789746731902,0.9954207113379515
0.90,Legacy-15,232,0.9632498430055708,0.9307575497587492,0.9957421362523924
0.90,Legacy-15,233,0.9633499832058625,0.9308812113305373,0.9958187550811878
0.90,Legacy-15,234,0.9637002636064458,0.9314945128279972,0.9959060143848943
0.90,Legacy-15,235,0.9639007451473768,0.9316452916620738,0.9961561986326798
0.90,Legacy-15,236,0.964050825275582,0.9318677897868348,0.9962338607643291
0.90,Legacy-15,237,0.9644010659174308,0.9322187330328464,0.9965833988020152
0.90,Legacy-15,238,0.9648518677139488,0.9330649254132911,0.9966388100146065
0.90,Legacy-15,239,0.9655029703853663,0.934121615515811,0.9968843252549215
0.90,Legacy-15,240,0.9661034914277982,0.9348616219509568,0.9973453609046395
0.90,Legacy-15,241,0.9664037918845001,0.935460067834077,0.9973475159349232
0.90,Legacy-15,242,0.9668544934966945,0.9361676215375331,0.9975413654558559
0.90,Legacy-15,243,0.9673551147234504,0.9371142995336031,0.9975959299132976
0.90,Legacy-15,244,0.9679057960222927,0.9381644093927582,0.9976471826518271
0.90,Legacy-15,245,0.9683561766071997,0.9389586357026937,0.9977537175117058
0.90,Legacy-15,246,0.9686563168074914,0.9393478131711458,0.997964820443837
0.90,Legacy-15,247,0.9689065574493401,0.9396406598532614,0.9981724550454187
0.90,Legacy-15,248,0.9692069382914805,0.9400968539347426,0.9983170226482184
0.90,Legacy-15,249,0.9695573992618262,0.9407386115180325,0.9983761870056198
0.90,Legacy-15,250,0.9698579203042582,0.9413018200521677,0.9984140205563488
0.90,Legacy-15,251,0.970208340905133,0.9419397397471019,0.9984769420631641
0.90,Legacy-15,252,0.9704085812897484,0.9422755352376507,0.998541627341846
0.90,Legacy-15,253,0.9708091824603856,0.9431050036426397,0.9985133612781315
0.90,Legacy-15,254,0.9713599845141372,0.9436927145832668,0.9990272544450076
0.90,Legacy-15,255,0.9717607061824501,0.9442719887927008,0.9992494235721995
0.90,Legacy-15,256,0.9722113674251737,0.9451172252997503,0.999305509550597
0.90,Legacy-15,257,0.9725117279539621,0.9455509114422562,0.999472544465668
0.90,Legacy-15,258,0.9729624695821243,0.9462764914569041,0.9996484477073445
0.90,Legacy-15,259,0.9732129305524699,0.9467256392300659,0.999700221874874
0.90,Legacy-15,260,0.9736635917951936,0.9475655332577638,0.9997616503326233
0.90,Legacy-15,261,0.9737637520516038,0.9478424024432498,0.9996851016599578
0.90,Legacy-15,262,0.9740140324521871,0.9483751678763173,0.9996528970280569
0.90,Legacy-15,263,0.9742144132943275,0.9486848751625745,0.9997439514260804
0.90,Legacy-15,264,0.9744647338071479,0.9492721666427341,0.9996573009715618
0.90,Legacy-15,265,0.9747150943359364,0.9499066359474806,0.9995235527243922
0.90,Legacy-15,266,0.9748653146644332,0.9502922386774257,0.9994383906514406
0.90,Legacy-15,267,0.9752661164609512,0.9509594426679452,0.9995727902539572
0.90,Legacy-15,268,0.9756168180731456,0.9517006121209469,0.9995330240253443
0.90,Legacy-15,269,0.9759673794850483,0.9522602261750933,0.9996745327950033
0.90,Legacy-15,270,0.9761676198696637,0.9526969300819219,0.9996383096574055
0.90,Legacy-15,271,0.9764180007118042,0.9530386955859494,0.9997973058376589
0.90,Legacy-15,272,0.9766181208559772,0.9533358985751756,0.9999003431367788
0.90,Legacy-15,273,0.9769185615129705,0.9541035334384946,0.9997335895874464
0.90,Legacy-15,274,0.9773693231972514,0.9549861571494863,0.9997524892450166
0.90,Legacy-15,275,0.9777197844248304,0.9554199053661327,1
0.90,Legacy-15,276,0.977819844496917,0.9555673961814485,1
0.90,Legacy-15,277,0.9779701251547336,0.9558388846113806,1
0.90,Legacy-15,278,0.9782705256994898,0.9564491985122832,1
0.90,Legacy-15,279,0.9785209062843968,0.956986275495692,1
0.90,Legacy-15,280,0.9786711869422134,0.9572545366234116,1
0.90,Legacy-15,281,0.9787712470143,0.9573806255517807,1
0.90,Legacy-15,282,0.9789215276721167,0.957645825656133,1
0.90,Legacy-15,283,0.9791217482578468,0.9578607355626577,1
0.90,Legacy-15,284,0.9794220887305166,0.9583795361119911,1
0.90,Legacy-15,285,0.9794720887305166,0.9584098953795716,1
0.90,Legacy-15,286,0.9796722088746896,0.958700641207958,1
0.90,Legacy-15,287,0.979972569403478,0.9593661600934366,1
0.90,Legacy-15,288,0.9801227096037696,0.959643485401797,1
0.90,Legacy-15,289,0.9802228498040613,0.959892027043669,1
0.90,Legacy-15,290,0.9804228498040612,0.9599879641007217,1
0.90,Legacy-15,291,0.9805228498040612,0.9600694945127151,1
0.90,Legacy-15,292,0.9806229699482342,0.9602881690655083,1
0.90,Legacy-15,293,0.9806731304618779,0.9603298512668523,1
0.90,Legacy-15,294,0.9807231905339644,0.9604384863039408,1
0.90,Legacy-15,295,0.9808232506060509,0.9605867243152144,1
0.90,Legacy-15,296,0.980973370750224,0.9608410821435288,1
0.90,Legacy-15,297,0.9810233707502239,0.9608680796962474,1
0.90,Legacy-15,298,0.9813235910787207,0.9613616068241863,1
0.90,Legacy-15,299,0.9813235910787207,0.9613616068241863,1
0.90,Legacy-15,300,0.981673991623477,0.9620970589181532,1
0.90,Legacy-15,301,0.9818242122092071,0.9622708973780231,1
0.90,Legacy-15,302,0.9821242722812937,0.9625626500433166,1
0.90,Legacy-15,303,0.9822743323533801,0.9627284043104717,1
0.90,Legacy-15,304,0.9824745326257585,0.9631155253667396,1
0.90,Legacy-15,305,0.9826248533958123,0.9634462326602532,1
0.90,Legacy-15,306,0.9827249935961039,0.9636943909883283,1
0.90,Legacy-15,307,0.9828752742539205,0.9639456723890194,1
0.90,Legacy-15,308,0.9830755549117371,0.9642197189123971,1
0.90,Legacy-15,309,0.9832256750559102,0.9644586054578814,1
0.90,Legacy-15,310,0.9834258353123204,0.9646925374519183,1
0.90,Legacy-15,311,0.9836260556408172,0.965118656926819,1
0.90,Legacy-15,312,0.983776296282666,0.9653231466642713,1
0.90,Legacy-15,313,0.9838764565390763,0.9654879169486279,1
0.90,Legacy-15,314,0.9840264565390763,0.9655790523254508,1
0.90,Legacy-15,315,0.9840765166111628,0.96568186042424,1
0.90,Legacy-15,316,0.9843771180390334,0.9661370892853269,1
0.90,Legacy-15,317,0.9845273183114114,0.9664860306387656,1
0.90,Legacy-15,318,0.9846274585117031,0.9667333019269476,1
0.90,Legacy-15,319,0.9847276187681133,0.9670257244427217,1
0.90,Legacy-15,320,0.984827758968405,0.9672731018507449,1
0.90,Legacy-15,321,0.9849279996102538,0.9674617068252995,1
0.90,Legacy-15,322,0.9850282402521026,0.9676493755464056,1
0.90,Legacy-15,323,0.9850783003241891,0.9677512788926633,1
0.90,Legacy-15,324,0.9851783603962756,0.9678788543722504,1
0.90,Legacy-15,325,0.9852786010381244,0.9680666696848788,1
0.90,Legacy-15,326,0.9853786611102109,0.9681934995286668,1
0.90,Legacy-15,327,0.9856791420404057,0.968780892559852,1
0.90,Legacy-15,328,0.9859295228825462,0.9692415535140215,1
0.90,Legacy-15,329,0.9861298235964815,0.9695454577934655,1
0.90,Legacy-15,330,0.9861798836685678,0.9696437996073065,1
0.90,Legacy-15,331,0.9863301039970647,0.9700386379359364,1
0.90,Legacy-15,332,0.986580384397648,0.9705660901819564,1
0.90,Legacy-15,333,0.986930985568285,0.971267828273896,1
0.90,Legacy-15,334,0.9872813660569227,0.971921981880852,1
0.90,Legacy-15,335,0.9874817672124152,0.9721883166781842,1
0.90,Legacy-15,336,0.9876319877981453,0.9723472599751388,1
0.90,Legacy-15,337,0.9879325892260159,0.9729133115872229,1
0.90,Legacy-15,338,0.9881828698838326,0.9731854167336124,1
0.90,Legacy-15,339,0.9882328698838326,0.9732215962183122,1
0.90,Legacy-15,340,0.988332929955919,0.9733371425561319,1
0.90,Legacy-15,341,0.9884830501000921,0.9735543291123776,1
0.90,Legacy-15,342,0.988683290741941,0.9737901399978908,1
0.90,Legacy-15,343,0.9887333508140275,0.9738803663765846,1
0.90,Legacy-15,344,0.988783410886114,0.9739697557405931,1
0.90,Legacy-15,345,0.9889336111584921,0.9741687149084289,1
0.90,Legacy-15,346,0.9889837716721357,0.974205797488601,1
0.90,Legacy-15,347,0.9891840921849562,0.9746908478362063,1
0.90,Legacy-15,348,0.9892341723131614,0.9748447663864177,1
0.90,Legacy-15,349,0.9892842524413664,0.9749984580632362,1
0.90,Legacy-15,350,0.9894345732114204,0.9753417278777824,1
0.90,Legacy-15,351,0.9895348942387077,0.9754119524776771,1
0.90,Legacy-15,352,0.9895849743669128,0.9755650420052229,1
0.90,Legacy-15,353,0.9897351145672044,0.9757140738909537,1
0.90,Legacy-15,354,0.9898851946954096,0.9759388764850763,1
0.90,Legacy-15,355,0.990035435080025,0.9763974281076903,1
0.90,Legacy-15,356,0.9902356754646404,0.976888105987255,1
0.90,Legacy-15,357,0.9903358357210506,0.9771909347515059,1
0.90,Legacy-15,358,0.9904360763628994,0.9773768074744589,1
0.90,Legacy-15,359,0.9905863971329534,0.9777118374435216,1
0.90,Legacy-15,360,0.9906865573893635,0.9780117984416452,1
0.90,Legacy-15,361,0.9907866975896553,0.9782591147505888,1
0.90,Legacy-15,362,0.9909368578460656,0.9785923738772729,1
0.90,Legacy-15,363,0.991087098230681,0.9790385346978037,1
0.90,Legacy-15,364,0.9911871783588859,0.9792197118962861,1
0.90,Legacy-15,365,0.9912372584870912,0.979367369682035,1
0.90,Legacy-15,366,0.99138749912894,0.9795804944632763,1
0.90,Legacy-15,367,0.9914875792571451,0.9797503960255638,1
0.90,Legacy-15,368,0.9915877395135554,0.9800429664702306,1
0.90,Legacy-15,369,0.9916877995856419,0.9801780991498091,1
0.90,Legacy-15,370,0.9919381601144303,0.9808241037927481,1
0.90,Legacy-15,371,0.992138380442927,0.9812508449669001,1
0.90,Legacy-15,372,0.9922385406993373,0.9815425901549668,1
0.90,Legacy-15,373,0.9922385406993373,0.9815425901549668,1
0.90,Legacy-15,374,0.9922385406993373,0.9815425901549668,1
0.90,Legacy-15,375,0.9923886007714238,0.9817045491581425,1
0.90,Legacy-15,376,0.9923886007714238,0.9817045491581425,1
0.90,Legacy-15,377,0.9923886007714238,0.9817045491581425,1
0.90,Legacy-15,378,0.9923886007714238,0.9817045491581425,1
0.90,Legacy-15,379,0.9924886608435103,0.981835008714531,1
0.90,Legacy-15,380,0.9925387409717155,0.981981524120507,1
0.90,Legacy-15,381,0.992638881172007,0.9822314510633147,1
0.90,Legacy-15,382,0.9927890814443852,0.9825836082443821,1
0.90,Legacy-15,383,0.9928390814443852,0.9826094284217002,1
0.90,Legacy-15,384,0.9930393417888498,0.9830593455078515,1
0.90,Legacy-15,385,0.9931394018609363,0.9831811039328548,1
0.90,Legacy-15,386,0.9932396224466664,0.9833151335085047,1
0.90,Legacy-15,387,0.9932897829603101,0.9833502641492661,1
0.90,Legacy-15,388,0.9933899231606018,0.983597781358551,1
0.90,Legacy-15,389,0.993490083417012,0.98389844853987,1
0.90,Legacy-15,390,0.993490083417012,0.98389844853987,1
0.90,Legacy-15,391,0.993790604459444,0.9845785870565726,1
0.90,Legacy-15,392,0.9938908451012928,0.98476139480274,1
0.90,Legacy-15,393,0.9940410854859082,0.9852084303882832,1
0.90,Legacy-15,394,0.9940410854859082,0.9852084303882832,1
0.90,Legacy-15,395,0.9940410854859082,0.9852084303882832,1
0.90,Legacy-15,396,0.9940911455579947,0.9853088244869841,1
0.90,Legacy-15,397,0.9941912857582863,0.9855575370599947,1
0.90,Legacy-15,398,0.99424144627193,0.9855892570070204,1
0.90,Legacy-15,399,0.9943916666004268,0.9859873816337132,1
0.90,Legacy-15,400,0.994441746728632,0.9861363755909058,1
0.90,Legacy-15,401,0.994441746728632,0.9861363755909058,1
0.90,Legacy-15,402,0.994491826856837,0.9862848529573659,1
0.90,Legacy-15,403,0.9945418869289235,0.9863854278771097,1
0.90,Legacy-15,404,0.9945418869289235,0.9863854278771097,1
0.90,Legacy-15,405,0.9946420070730966,0.9865823107394062,1
0.90,Legacy-15,406,0.9947922274015933,0.9869807778745643,1
0.90,Legacy-15,407,0.994892367601885,0.9872284533839669,1
0.90,Legacy-15,408,0.994892367601885,0.9872284533839669,1
0.90,Legacy-15,409,0.9949424276739715,0.9873242197606146,1
0.90,Legacy-15,410,0.994992487746058,0.9874184117667555,1
0.90,Legacy-15,411,0.9951927480905226,0.9878462695725124,1
0.90,Legacy-15,412,0.9952428282187278,0.9880008560373633,1
0.90,Legacy-15,413,0.9952929083469328,0.9881550079236077,1
0.90,Legacy-15,414,0.9953931489887816,0.9883405070013941,1
0.90,Legacy-15,415,0.9954432090608681,0.9884316928166124,1
0.90,Legacy-15,416,0.9954432090608681,0.9884316928166124,1
0.90,Legacy-15,417,0.9955432090608681,0.9884850617748656,1
0.90,Legacy-15,418,0.9955432090608681,0.9884850617748656,1
0.90,Legacy-15,419,0.9956433492611597,0.9887296959194162,1
0.90,Legacy-15,420,0.9956934093332462,0.9888185093333356,1
0.90,Legacy-15,421,0.9956934093332462,0.9888185093333356,1
0.90,Legacy-15,422,0.9959437698620346,0.9894606804856174,1
0.90,Legacy-15,423,0.9961440302064992,0.9898706478419455,1
0.90,Legacy-15,424,0.9962442708483481,0.9900609349823102,1
0.90,Legacy-15,425,0.9962943309204346,0.9901426319973277,1
0.90,Legacy-15,426,0.9963944711207262,0.9903817396121282,1
0.90,Legacy-15,427,0.9964946113210179,0.9906200439388378,1
0.90,Legacy-15,428,0.9965948519628666,0.9908103006889932,1
0.90,Legacy-15,429,0.9966449320910716,0.9909696422439266,1
0.90,Legacy-15,430,0.9967450722913633,0.9912084093306399,1
0.90,Legacy-15,431,0.9968452928770936,0.9913143629048938,1
0.90,Legacy-15,432,0.996995473093353,0.9915328040945474,1
0.90,Legacy-15,433,0.9970455331654395,0.9916006587943702,1
0.90,Legacy-15,434,0.9970955932375261,0.9916659905172042,1
0.90,Legacy-15,435,0.9970955932375261,0.9916659905172042,1
0.90,Legacy-15,436,0.9970955932375261,0.9916659905172042,1
0.90,Legacy-15,437,0.9970955932375261,0.9916659905172042,1
0.90,Legacy-15,438,0.9970955932375261,0.9916659905172042,1
0.90,Legacy-15,439,0.9970955932375261,0.9916659905172042,1
0.90,Legacy-15,440,0.9970955932375261,0.9916659905172042,1
0.90,Legacy-15,441,0.9971456733657311,0.9918303641437222,1
0.90,Legacy-15,442,0.9971957534939363,0.9919945531066989,1
0.90,Legacy-15,443,0.9971957534939363,0.9919945531066989,1
0.90,Legacy-15,444,0.997295893694228,0.9922233752195379,1
0.90,Legacy-15,445,0.997295893694228,0.9922233752195379,1
0.90,Legacy-15,446,0.997295893694228,0.9922233752195379,1
0.90,Legacy-15,447,0.997295893694228,0.9922233752195379,1
0.90,Legacy-15,448,0.997295893694228,0.9922233752195379,1
0.90,Legacy-15,449,0.997295893694228,0.9922233752195379,1
0.90,Legacy-15,450,0.997295893694228,0.9922233752195379,1
0.90,Legacy-15,451,0.9973960539506382,0.9925522316217947,1
0.90,Legacy-15,452,0.9973960539506382,0.9925522316217947,1
0.90,Legacy-15,453,0.9974461340788434,0.9927163591721024,1
0.90,Legacy-15,454,0.9974962142070485,0.9928802664710957,1
0.90,Legacy-15,455,0.9976464345355451,0.9932740837105504,1
0.90,Legacy-15,456,0.9977465947919555,0.9936019385179934,1
0.90,Legacy-15,457,0.9977966749201606,0.9937654706395652,1
0.90,Legacy-15,458,0.9977966749201606,0.9937654706395652,1
0.90,Legacy-15,459,0.997946915304776,0.9942541945699853,1
0.90,Legacy-15,460,0.997946915304776,0.9942541945699853,1
0.90,Legacy-15,461,0.997946915304776,0.9942541945699853,1
0.90,Legacy-15,462,0.997946915304776,0.9942541945699853,1
0.90,Legacy-15,463,0.997946915304776,0.9942541945699853,1
0.90,Legacy-15,464,0.997946915304776,0.9942541945699853,1
0.90,Legacy-15,465,0.9980470555050676,0.9944868972209256,1
0.90,Legacy-15,466,0.9980470555050676,0.9944868972209256,1
0.90,Legacy-15,467,0.9980470555050676,0.9944868972209256,1
0.90,Legacy-15,468,0.9980971155771541,0.9945535760958147,1
0.90,Legacy-15,469,0.9981471756492406,0.9946163624906238,1
0.90,Legacy-15,470,0.9981972357213271,0.994675214210334,1
0.90,Legacy-15,471,0.9983975361780291,0.9952300894207889,1
0.90,Legacy-15,472,0.9983975361780291,0.9952300894207889,1
0.90,Legacy-15,473,0.9984475962501155,0.995282987815531,1
0.90,Legacy-15,474,0.9984475962501155,0.995282987815531,1
0.90,Legacy-15,475,0.9984475962501155,0.995282987815531,1
0.90,Legacy-15,476,0.9984976763783207,0.9954501325115258,1
0.90,Legacy-15,477,0.9984976763783207,0.9954501325115258,1
0.90,Legacy-15,478,0.9984976763783207,0.9954501325115258,1
0.90,Legacy-15,479,0.9984976763783207,0.9954501325115258,1
0.90,Legacy-15,480,0.9984976763783207,0.9954501325115258,1
0.90,Legacy-15,481,0.9985477565065257,0.9956171682356469,1
0.90,Legacy-15,482,0.9985477565065257,0.9956171682356469,1
0.90,Legacy-15,483,0.9985477565065257,0.9956171682356469,1
0.90,Legacy-15,484,0.9985477565065257,0.9956171682356469,1
0.90,Legacy-15,485,0.9985978366347309,0.9957840813993978,1
0.90,Legacy-15,486,0.9985978366347309,0.9957840813993978,1
0.90,Legacy-15,487,0.9986479167629361,0.995950856075281,1
0.90,Legacy-15,488,0.9986479167629361,0.995950856075281,1
0.90,Legacy-15,489,0.9986479167629361,0.995950856075281,1
0.90,Legacy-15,490,0.9986479167629361,0.995950856075281,1
0.90,Legacy-15,491,0.9986479167629361,0.995950856075281,1
0.90,Legacy-15,492,0.9986479167629361,0.995950856075281,1
0.90,Legacy-15,493,0.9986479167629361,0.995950856075281,1
0.90,Legacy-15,494,0.9986979768350226,0.9960020228288953,1
0.90,Legacy-15,495,0.9986979768350226,0.9960020228288953,1
0.90,Legacy-15,496,0.9986979768350226,0.9960020228288953,1
0.90,Legacy-15,497,0.9987480569632277,0.9961694667182764,1
0.90,Legacy-15,498,0.9987480569632277,0.9961694667182764,1
0.90,Legacy-15,499,0.9987981370914327,0.996336809356827,1
0.90,Legacy-15,500,0.9988482172196379,0.9965040355499503,1
0.90,Legacy-15,501,0.9988482172196379,0.9965040355499503,1
0.90,Legacy-15,502,0.9988982973478431,0.996671126922968,1
0.90,Legacy-15,503,0.9989483574199296,0.9967198323880613,1
0.90,Legacy-15,504,0.9989483574199296,0.9967198323880613,1
0.90,Legacy-15,505,0.9989483574199296,0.9967198323880613,1
0.90,Legacy-15,506,0.9989984375481347,0.9968876400594409,1
0.90,Legacy-15,507,0.9990484976202212,0.9969305927323233,1
0.90,Legacy-15,508,0.9990985777484263,0.9970989014860109,1
0.90,Legacy-15,509,0.9990985777484263,0.9970989014860109,1
0.90,Legacy-15,510,0.9991486378205128,0.9971354861645132,1
0.90,Legacy-15,511,0.999198717948718,0.9973039869783654,1
0.90,Legacy-15,512,0.999198717948718,0.9973039869783654,1
0.90,Legacy-15,513,0.9992487980769231,0.9974724877922176,1
0.90,Legacy-15,514,0.9992988782051282,0.9976409886060698,1
0.90,Legacy-15,515,0.9993489583333333,0.9978094894199218,1
0.90,Legacy-15,516,0.9993489583333333,0.9978094894199218,1
0.90,Legacy-15,517,0.9993489583333333,0.9978094894199218,1
0.90,Legacy-15,518,0.9993990384615384,0.997977990233774,1
0.90,Legacy-15,519,0.9993990384615384,0.997977990233774,1
0.90,Legacy-15,520,0.9993990384615384,0.997977990233774,1
0.90,Legacy-15,521,0.9993990384615384,0.997977990233774,1
0.90,Legacy-15,522,0.9993990384615384,0.997977990233774,1
0.90,Legacy-15,523,0.9993990384615384,0.997977990233774,1
0.90,Legacy-15,524,0.9993990384615384,0.997977990233774,1
0.90,Legacy-15,525,0.9994991987179487,0.9983149918614783,1
0.90,Legacy-15,526,0.9994991987179487,0.9983149918614783,1
0.90,Legacy-15,527,0.9994991987179487,0.9983149918614783,1
0.90,Legacy-15,528,0.9994991987179487,0.9983149918614783,1
0.90,Legacy-15,529,0.9994991987179487,0.9983149918614783,1
0.90,Legacy-15,530,0.9995492788461539,0.9984834926753305,1
0.90,Legacy-15,531,0.9995492788461539,0.9984834926753305,1
0.90,Legacy-15,532,0.9995492788461539,0.9984834926753305,1
0.90,Legacy-15,533,0.9995492788461539,0.9984834926753305,1
0.90,Legacy-15,534,0.9995492788461539,0.9984834926753305,1
0.90,Legacy-15,535,0.9995492788461539,0.9984834926753305,1
0.90,Legacy-15,536,0.9995492788461539,0.9984834926753305,1
0.90,Legacy-15,537,0.9995492788461539,0.9984834926753305,1
0.90,Legacy-15,538,0.9995492788461539,0.9984834926753305,1
0.90,Legacy-15,539,0.9995492788461539,0.9984834926753305,1
0.90,Legacy-15,540,0.9995492788461539,0.9984834926753305,1
0.90,Legacy-15,541,0.9995492788461539,0.9984834926753305,1
0.90,Legacy-15,542,0.9995492788461539,0.9984834926753305,1
0.90,Legacy-15,543,0.9996995192307692,0.998988995116887,1
0.90,Legacy-15,544,0.9996995192307692,0.998988995116887,1
0.90,Legacy-15,545,0.9996995192307692,0.998988995116887,1
0.90,Legacy-15,546,0.9996995192307692,0.998988995116887,1
0.90,Legacy-15,547,0.9996995192307692,0.998988995116887,1
0.90,Legacy-15,548,0.9996995192307692,0.998988995116887,1
0.90,Legacy-15,549,0.9996995192307692,0.998988995116887,1
0.90,Legacy-15,550,0.9996995192307692,0.998988995116887,1
0.90,Legacy-15,551,0.9996995192307692,0.998988995116887,1
0.90,Legacy-15,552,0.9996995192307692,0.998988995116887,1
0.90,Legacy-15,553,0.9996995192307692,0.998988995116887,1
0.90,Legacy-15,554,0.9996995192307692,0.998988995116887,1
0.90,Legacy-15,555,0.9996995192307692,0.998988995116887,1
0.90,Legacy-15,556,0.9996995192307692,0.998988995116887,1
0.90,Legacy-15,557,0.9996995192307692,0.998988995116887,1
0.90,Legacy-15,558,0.9996995192307692,0.998988995116887,1
0.90,Legacy-15,559,0.9996995192307692,0.998988995116887,1
0.90,Legacy-15,560,0.9996995192307692,0.998988995116887,1
0.90,Legacy-15,561,0.9997495993589743,0.9991574959307391,1
0.90,Legacy-15,562,0.9997495993589743,0.9991574959307391,1
0.90,Legacy-15,563,0.9997495993589743,0.9991574959307391,1
0.90,Legacy-15,564,0.9997996794871795,0.9993259967445913,1
0.90,Legacy-15,565,0.9997996794871795,0.9993259967445913,1
0.90,Legacy-15,566,0.9997996794871795,0.9993259967445913,1
0.90,Legacy-15,567,0.9997996794871795,0.9993259967445913,1
0.90,Legacy-15,568,0.9997996794871795,0.9993259967445913,1
0.90,Legacy-15,569,0.9997996794871795,0.9993259967445913,1
0.90,Legacy-15,570,0.9997996794871795,0.9993259967445913,1
0.90,Legacy-15,571,0.9997996794871795,0.9993259967445913,1
0.90,Legacy-15,572,0.9998497596153846,0.9994944975584434,1
0.90,Legacy-15,573,0.9998497596153846,0.9994944975584434,1
0.90,Legacy-15,574,0.9998497596153846,0.9994944975584434,1
0.90,Legacy-15,575,0.9998497596153846,0.9994944975584434,1
0.90,Legacy-15,576,0.9998497596153846,0.9994944975584434,1
0.90,Legacy-15,577,0.9998497596153846,0.9994944975584434,1
0.90,Legacy-15,578,0.9998998397435898,0.9996629983722957,1
0.90,Legacy-15,579,0.9998998397435898,0.9996629983722957,1
0.90,Legacy-15,580,0.9998998397435898,0.9996629983722957,1
0.90,Legacy-15,581,0.9999499198717949,0.9998314991861479,1
0.90,Legacy-15,582,0.9999499198717949,0.9998314991861479,1
0.90,Legacy-15,583,0.9999499198717949,0.9998314991861479,1
0.90,Legacy-15,584,0.9999499198717949,0.9998314991861479,1
0.90,Legacy-15,585,0.9999499198717949,0.9998314991861479,1
0.90,Legacy-15,586,0.9999499198717949,0.9998314991861479,1
0.90,Legacy-15,587,0.9999499198717949,0.9998314991861479,1
0.90,Legacy-15,588,1.0,1.0,1
0.90,Legacy-15,589,1.0,1.0,1
0.90,Legacy-15,590,1.0,1.0,1
0.90,Legacy-15,591,1.0,1.0,1
0.90,Legacy-15,592,1.0,1.0,1
0.90,Legacy-15,593,1.0,1.0,1
0.90,Legacy-15,594,1.0,1.0,1
0.90,Legacy-15,595,1.0,1.0,1
0.90,Legacy-15,596,1.0,1.0,1
0.90,Legacy-15,597,1.0,1.0,1
0.90,Legacy-15,598,1.0,1.0,1
0.90,Legacy-15,599,1.0,1.0,1
0.90,Legacy-15,600,1.0,1.0,1
0.90,Legacy-15,601,1.0,1.0,1
0.90,Legacy-15,602,1.0,1.0,1
0.90,Legacy-15,603,1.0,1.0,1
0.90,Legacy-15,604,1.0,1.0,1
0.90,Legacy-15,605,1.0,1.0,1
0.90,Legacy-15,606,1.0,1.0,1
0.90,Legacy-15,607,1.0,1.0,1
0.90,Legacy-15,608,1.0,1.0,1
0.90,Legacy-15,609,1.0,1.0,1
0.90,Legacy-15,610,1.0,1.0,1
0.90,Legacy-15,611,1.0,1.0,1
0.90,Legacy-15,612,1.0,1.0,1
0.90,Legacy-15,613,1.0,1.0,1
0.90,Legacy-15,614,1.0,1.0,1
0.90,Legacy-15,615,1.0,1.0,1
0.90,Legacy-15,616,1.0,1.0,1
0.90,Legacy-15,617,1.0,1.0,1
0.90,Legacy-15,618,1.0,1.0,1
0.90,Legacy-15,619,1.0,1.0,1
0.90,Legacy-15,620,1.0,1.0,1
0.90,Legacy-15,621,1.0,1.0,1
0.90,Legacy-15,622,1.0,1.0,1
0.90,Legacy-15,623,1.0,1.0,1
0.90,Legacy-15,624,1.0,1.0,1
0.90,Legacy-15,625,1.0,1.0,1
0.90,Legacy-15,626,1.0,1.0,1
0.90,Legacy-15,627,1.0,1.0,1
0.90,Legacy-15,628,1.0,1.0,1
0.90,Legacy-15,629,1.0,1.0,1
0.90,Legacy-15,630,1.0,1.0,1
0.90,Legacy-15,631,1.0,1.0,1
0.90,Legacy-15,632,1.0,1.0,1
0.90,Legacy-15,633,1.0,1.0,1
0.90,Legacy-15,634,1.0,1.0,1
0.90,Legacy-15,635,1.0,1.0,1
0.90,Legacy-15,636,1.0,1.0,1
0.90,Legacy-15,637,1.0,1.0,1
0.90,Legacy-15,638,1.0,1.0,1
0.90,Legacy-15,639,1.0,1.0,1
0.90,Legacy-15,640,1.0,1.0,1
0.90,Legacy-15,641,1.0,1.0,1
0.90,Legacy-15,642,1.0,1.0,1
0.90,Legacy-15,643,1.0,1.0,1
0.90,Legacy-15,644,1.0,1.0,1
0.90,Legacy-15,645,1.0,1.0,1
0.90,Legacy-15,646,1.0,1.0,1
0.90,Legacy-15,647,1.0,1.0,1
0.90,Legacy-15,648,1.0,1.0,1
0.90,Legacy-15,649,1.0,1.0,1
0.90,Legacy-15,650,1.0,1.0,1
0.90,Legacy-15,651,1.0,1.0,1
0.90,Legacy-15,652,1.0,1.0,1
0.90,Legacy-15,653,1.0,1.0,1
0.90,Legacy-15,654,1.0,1.0,1
0.90,Legacy-15,655,1.0,1.0,1
0.90,Legacy-15,656,1.0,1.0,1
0.90,Legacy-15,657,1.0,1.0,1
0.90,Legacy-15,658,1.0,1.0,1
0.90,Legacy-15,659,1.0,1.0,1
0.90,Legacy-15,660,1.0,1.0,1
0.90,Legacy-15,661,1.0,1.0,1
0.90,Legacy-15,662,1.0,1.0,1
0.90,Legacy-15,663,1.0,1.0,1
0.90,Legacy-15,664,1.0,1.0,1
0.90,Legacy-15,665,1.0,1.0,1
0.90,Legacy-15,666,1.0,1.0,1
0.90,Legacy-15,667,1.0,1.0,1
0.90,Legacy-15,668,1.0,1.0,1
0.90,Legacy-15,669,1.0,1.0,1
0.90,Legacy-15,670,1.0,1.0,1
0.90,Legacy-15,671,1.0,1.0,1
0.90,Legacy-15,672,1.0,1.0,1
0.90,Legacy-15,673,1.0,1.0,1
0.90,Legacy-15,674,1.0,1.0,1
0.90,Legacy-15,675,1.0,1.0,1
0.90,Legacy-15,676,1.0,1.0,1
0.90,Legacy-15,677,1.0,1.0,1
0.90,Legacy-15,678,1.0,1.0,1
0.90,Legacy-15,679,1.0,1.0,1
0.90,Legacy-15,680,1.0,1.0,1
0.90,Legacy-15,681,1.0,1.0,1
0.90,Legacy-15,682,1.0,1.0,1
0.90,Legacy-15,683,1.0,1.0,1
0.90,Legacy-15,684,1.0,1.0,1
0.90,Legacy-15,685,1.0,1.0,1
0.90,Legacy-15,686,1.0,1.0,1
0.90,Legacy-15,687,1.0,1.0,1
0.90,Legacy-15,688,1.0,1.0,1
0.90,Legacy-15,689,1.0,1.0,1
0.90,Legacy-15,690,1.0,1.0,1
0.90,Legacy-15,691,1.0,1.0,1
0.90,Legacy-15,692,1.0,1.0,1
0.90,Legacy-15,693,1.0,1.0,1
0.90,Legacy-15,694,1.0,1.0,1
0.90,Legacy-15,695,1.0,1.0,1
0.90,Legacy-15,696,1.0,1.0,1
0.90,Legacy-15,697,1.0,1.0,1
0.90,Legacy-15,698,1.0,1.0,1
0.90,Legacy-15,699,1.0,1.0,1
0.90,Legacy-15,700,1.0,1.0,1
0.90,Legacy-15,701,1.0,1.0,1
0.90,Legacy-15,702,1.0,1.0,1
0.90,Legacy-15,703,1.0,1.0,1
0.90,Legacy-15,704,1.0,1.0,1
0.90,Legacy-15,705,1.0,1.0,1
0.90,Legacy-15,706,1.0,1.0,1
0.90,Legacy-15,707,1.0,1.0,1
0.90,Legacy-15,708,1.0,1.0,1
0.90,Legacy-15,709,1.0,1.0,1
0.90,Legacy-15,710,1.0,1.0,1
0.90,Legacy-15,711,1.0,1.0,1
0.90,Legacy-15,712,1.0,1.0,1
0.90,Legacy-15,713,1.0,1.0,1
0.90,Legacy-15,714,1.0,1.0,1
0.90,Legacy-15,715,1.0,1.0,1
0.90,Legacy-15,716,1.0,1.0,1
0.90,Legacy-15,717,1.0,1.0,1
0.90,Legacy-15,718,1.0,1.0,1
0.90,Legacy-15,719,1.0,1.0,1
0.90,Legacy-15,720,1.0,1.0,1
0.90,Legacy-15,721,1.0,1.0,1
0.90,Legacy-15,722,1.0,1.0,1
0.90,Legacy-15,723,1.0,1.0,1
0.90,Legacy-15,724,1.0,1.0,1
0.90,Legacy-15,725,1.0,1.0,1
0.90,Legacy-15,726,1.0,1.0,1
0.90,Legacy-15,727,1.0,1.0,1
0.90,Legacy-15,728,1.0,1.0,1
0.90,Legacy-15,729,1.0,1.0,1
0.90,Legacy-15,730,1.0,1.0,1
0.90,Legacy-15,731,1.0,1.0,1
0.90,Legacy-15,732,1.0,1.0,1
0.90,Legacy-15,733,1.0,1.0,1
0.90,Legacy-15,734,1.0,1.0,1
0.90,Legacy-15,735,1.0,1.0,1
0.90,Legacy-15,736,1.0,1.0,1
0.90,Legacy-15,737,1.0,1.0,1
0.90,Legacy-15,738,1.0,1.0,1
0.90,Legacy-15,739,1.0,1.0,1
0.90,Legacy-15,740,1.0,1.0,1
0.90,Legacy-15,741,1.0,1.0,1
0.90,Legacy-15,742,1.0,1.0,1
0.90,Legacy-15,743,1.0,1.0,1
0.90,Legacy-15,744,1.0,1.0,1
0.90,Legacy-15,745,1.0,1.0,1
0.90,Legacy-15,746,1.0,1.0,1
0.90,Legacy-15,747,1.0,1.0,1
0.90,Legacy-15,748,1.0,1.0,1
0.90,Legacy-15,749,1.0,1.0,1
0.90,Legacy-15,750,1.0,1.0,1
0.90,Legacy-15,751,1.0,1.0,1
0.90,Legacy-15,752,1.0,1.0,1
0.90,Legacy-15,753,1.0,1.0,1
0.90,Legacy-15,754,1.0,1.0,1
0.90,Legacy-15,755,1.0,1.0,1
0.90,Legacy-15,756,1.0,1.0,1
0.90,Legacy-15,757,1.0,1.0,1
0.90,Legacy-15,758,1.0,1.0,1
0.90,Legacy-15,759,1.0,1.0,1
0.90,Legacy-15,760,1.0,1.0,1
0.90,Legacy-15,761,1.0,1.0,1
0.90,Legacy-15,762,1.0,1.0,1
0.90,Legacy-15,763,1.0,1.0,1
0.90,Legacy-15,764,1.0,1.0,1
0.90,Legacy-15,765,1.0,1.0,1
0.90,Legacy-15,766,1.0,1.0,1
0.90,Legacy-15,767,1.0,1.0,1
0.90,Legacy-15,768,1.0,1.0,1
0.90,Legacy-15,769,1.0,1.0,1
0.90,Legacy-15,770,1.0,1.0,1
0.90,Legacy-15,771,1.0,1.0,1
0.90,Legacy-15,772,1.0,1.0,1
0.90,Legacy-15,773,1.0,1.0,1
0.90,Legacy-15,774,1.0,1.0,1
0.90,Legacy-15,775,1.0,1.0,1
0.90,Legacy-15,776,1.0,1.0,1
0.90,Legacy-15,777,1.0,1.0,1
0.90,Legacy-15,778,1.0,1.0,1
0.90,Legacy-15,779,1.0,1.0,1
0.90,Legacy-15,780,1.0,1.0,1
0.90,Legacy-15,781,1.0,1.0,1
0.90,Legacy-15,782,1.0,1.0,1
0.90,Legacy-15,783,1.0,1.0,1
0.90,Legacy-15,784,1.0,1.0,1
0.90,Legacy-15,785,1.0,1.0,1
0.90,Legacy-15,786,1.0,1.0,1
0.90,Legacy-15,787,1.0,1.0,1
0.90,Legacy-15,788,1.0,1.0,1
0.90,Legacy-15,789,1.0,1.0,1
0.90,Legacy-15,790,1.0,1.0,1
0.90,Legacy-15,791,1.0,1.0,1
0.90,Legacy-15,792,1.0,1.0,1
0.90,Legacy-15,793,1.0,1.0,1
0.90,Legacy-15,794,1.0,1.0,1
0.90,Legacy-15,795,1.0,1.0,1
0.90,Legacy-15,796,1.0,1.0,1
0.90,Legacy-15,797,1.0,1.0,1
0.90,Legacy-15,798,1.0,1.0,1
0.90,Legacy-15,799,1.0,1.0,1
0.90,Legacy-15,800,1.0,1.0,1
0.90,Legacy-15,801,1.0,1.0,1
0.90,Legacy-15,802,1.0,1.0,1
0.90,Legacy-15,803,1.0,1.0,1
0.90,Legacy-15,804,1.0,1.0,1
0.90,Legacy-15,805,1.0,1.0,1
0.90,Legacy-15,806,1.0,1.0,1
0.90,Legacy-15,807,1.0,1.0,1
0.90,Legacy-15,808,1.0,1.0,1
0.90,Legacy-15,809,1.0,1.0,1
0.90,Legacy-15,810,1.0,1.0,1
0.90,Legacy-15,811,1.0,1.0,1
0.90,Legacy-15,812,1.0,1.0,1
0.90,Legacy-15,813,1.0,1.0,1
0.90,Legacy-15,814,1.0,1.0,1
0.90,Legacy-15,815,1.0,1.0,1
0.90,Legacy-15,816,1.0,1.0,1
0.90,Legacy-15,817,1.0,1.0,1
0.90,Legacy-15,818,1.0,1.0,1
0.90,Legacy-15,819,1.0,1.0,1
0.90,Legacy-15,820,1.0,1.0,1
0.90,Legacy-15,821,1.0,1.0,1
0.90,Legacy-15,822,1.0,1.0,1
0.90,Legacy-15,823,1.0,1.0,1
0.90,Legacy-15,824,1.0,1.0,1
0.90,Legacy-15,825,1.0,1.0,1
0.90,Legacy-15,826,1.0,1.0,1
0.90,Legacy-15,827,1.0,1.0,1
0.90,Legacy-15,828,1.0,1.0,1
0.90,Legacy-15,829,1.0,1.0,1
0.90,Legacy-15,830,1.0,1.0,1
0.90,Legacy-15,831,1.0,1.0,1
0.90,Legacy-15,832,1.0,1.0,1
0.90,Legacy-15,833,1.0,1.0,1
0.90,Legacy-15,834,1.0,1.0,1
0.90,Legacy-15,835,1.0,1.0,1
0.90,Legacy-15,836,1.0,1.0,1
0.90,Legacy-15,837,1.0,1.0,1
0.90,Legacy-15,838,1.0,1.0,1
0.90,Legacy-15,839,1.0,1.0,1
0.90,Legacy-15,840,1.0,1.0,1
0.90,Legacy-15,841,1.0,1.0,1
0.90,Legacy-15,842,1.0,1.0,1
0.90,Legacy-15,843,1.0,1.0,1
0.90,Legacy-15,844,1.0,1.0,1
0.90,Legacy-15,845,1.0,1.0,1
0.90,Legacy-15,846,1.0,1.0,1
0.90,Legacy-15,847,1.0,1.0,1
0.90,Legacy-15,848,1.0,1.0,1
0.90,Legacy-15,849,1.0,1.0,1
0.90,Legacy-15,850,1.0,1.0,1
0.90,Legacy-15,851,1.0,1.0,1
0.90,Legacy-15,852,1.0,1.0,1
0.90,Legacy-15,853,1.0,1.0,1
0.90,Legacy-15,854,1.0,1.0,1
0.90,Legacy-15,855,1.0,1.0,1
0.90,Legacy-15,856,1.0,1.0,1
0.90,Legacy-15,857,1.0,1.0,1
0.90,Legacy-15,858,1.0,1.0,1
0.90,Legacy-15,859,1.0,1.0,1
0.90,Legacy-15,860,1.0,1.0,1
0.90,Legacy-15,861,1.0,1.0,1
0.90,Legacy-15,862,1.0,1.0,1
0.90,Legacy-15,863,1.0,1.0,1
0.90,Legacy-15,864,1.0,1.0,1
0.90,Legacy-15,865,1.0,1.0,1
0.90,Legacy-15,866,1.0,1.0,1
0.90,Legacy-15,867,1.0,1.0,1
0.90,Legacy-15,868,1.0,1.0,1
0.90,Legacy-15,869,1.0,1.0,1
0.90,Legacy-15,870,1.0,1.0,1
0.90,Legacy-15,871,1.0,1.0,1
0.90,Legacy-15,872,1.0,1.0,1
0.90,Legacy-15,873,1.0,1.0,1
0.90,Legacy-15,874,1.0,1.0,1
0.90,Legacy-15,875,1.0,1.0,1
0.90,Legacy-15,876,1.0,1.0,1
0.90,Legacy-15,877,1.0,1.0,1
0.90,Legacy-15,878,1.0,1.0,1
0.90,Legacy-15,879,1.0,1.0,1
0.90,Legacy-15,880,1.0,1.0,1
0.90,Legacy-15,881,1.0,1.0,1
0.90,Legacy-15,882,1.0,1.0,1
0.90,Legacy-15,883,1.0,1.0,1
0.90,Legacy-15,884,1.0,1.0,1
0.90,Legacy-15,885,1.0,1.0,1
0.90,Legacy-15,886,1.0,1.0,1
0.90,Legacy-15,887,1.0,1.0,1
0.90,Legacy-15,888,1.0,1.0,1
0.90,Legacy-15,889,1.0,1.0,1
0.90,Legacy-15,890,1.0,1.0,1
0.90,Legacy-15,891,1.0,1.0,1
0.90,Legacy-15,892,1.0,1.0,1
0.90,Legacy-15,893,1.0,1.0,1
0.90,Legacy-15,894,1.0,1.0,1
0.90,Legacy-15,895,1.0,1.0,1
0.90,Legacy-15,896,1.0,1.0,1
0.90,Legacy-15,897,1.0,1.0,1
0.90,Legacy-15,898,1.0,1.0,1
0.90,Legacy-15,899,1.0,1.0,1
0.90,Legacy-15,900,1.0,1.0,1
0.90,Legacy-15,901,1.0,1.0,1
0.90,Legacy-15,902,1.0,1.0,1
0.90,Legacy-15,903,1.0,1.0,1
0.90,Legacy-15,904,1.0,1.0,1
0.90,Legacy-15,905,1.0,1.0,1
0.90,Legacy-15,906,1.0,1.0,1
0.90,Legacy-15,907,1.0,1.0,1
0.90,Legacy-15,908,1.0,1.0,1
0.90,Legacy-15,909,1.0,1.0,1
0.90,Legacy-15,910,1.0,1.0,1
0.90,Legacy-15,911,1.0,1.0,1
0.90,Legacy-15,912,1.0,1.0,1
0.90,Legacy-15,913,1.0,1.0,1
0.90,Legacy-15,914,1.0,1.0,1
0.90,Legacy-15,915,1.0,1.0,1
0.90,Legacy-15,916,1.0,1.0,1
0.90,Legacy-15,917,1.0,1.0,1
0.90,Legacy-15,918,1.0,1.0,1
0.90,Legacy-15,919,1.0,1.0,1
0.90,Legacy-15,920,1.0,1.0,1
0.90,Legacy-15,921,1.0,1.0,1
0.90,Legacy-15,922,1.0,1.0,1
0.90,Legacy-15,923,1.0,1.0,1
0.90,Legacy-15,924,1.0,1.0,1
0.90,Legacy-15,925,1.0,1.0,1
0.90,Legacy-15,926,1.0,1.0,1
0.90,Legacy-15,927,1.0,1.0,1
0.90,Legacy-15,928,1.0,1.0,1
0.90,Legacy-15,929,1.0,1.0,1
0.90,Legacy-15,930,1.0,1.0,1
0.90,Legacy-15,931,1.0,1.0,1
0.90,Legacy-15,932,1.0,1.0,1
0.90,Legacy-15,933,1.0,1.0,1
0.90,Legacy-15,934,1.0,1.0,1
0.90,Legacy-15,935,1.0,1.0,1
0.90,Legacy-15,936,1.0,1.0,1
0.90,Legacy-15,937,1.0,1.0,1
0.90,Legacy-15,938,1.0,1.0,1
0.90,Legacy-15,939,1.0,1.0,1
0.90,Fast-CB,0,0.0,0,0.0
0.90,Fast-CB,1,0.12068027009450151,0.08265140813771961,0.1587091320512834
0.90,Fast-CB,2,0.1209863848061597,0.08287602919358772,0.15909674041873167
0.90,Fast-CB,3,0.3872814177080788,0.28525320235113794,0.4893096330650196
0.90,Fast-CB,4,0.38783831935749413,0.28551834069286325,0.490158298022125
0.90,Fast-CB,5,0.6372030100748602,0.5049502339659592,0.7694557861837613
0.90,Fast-CB,6,0.6382602569817305,0.5057336008776404,0.7707869130858206
0.90,Fast-CB,7,0.807910337293276,0.6928855513443055,0.9229351232422465
0.90,Fast-CB,8,0.8089865045240884,0.6944112891120318,0.923561719936145
0.90,Fast-CB,9,0.8184206681720168,0.703318035525551,0.9335233008184824
0.90,Fast-CB,10,0.819121604433298,0.7037977517755888,0.9344454570910071
0.90,Fast-CB,11,0.8428309408994722,0.7311101547353417,0.9545517270636027
0.90,Fast-CB,12,0.8433358208126895,0.7314927687974506,0.9551788728279285
0.90,Fast-CB,13,0.87322738865457,0.7674619281122164,0.9789928491969235
0.90,Fast-CB,14,0.8736348154466907,0.7677902689318423,0.9794793619615392
0.90,Fast-CB,15,0.9053133332359218,0.8181156144849325,0.992511051986911
0.90,Fast-CB,16,0.9060176786123808,0.8187163234233313,0.9933190338014303
0.90,Fast-CB,17,0.907875091069134,0.8206855597136322,0.9950646224246358
0.90,Fast-CB,18,0.9084235563374236,0.8212406312770991,0.995606481397748
0.90,Fast-CB,19,0.9130294206171985,0.8283253496458656,0.9977334915885314
0.90,Fast-CB,20,0.9136987530913698,0.8289860845582921,0.9984114216244475
0.90,Fast-CB,21,0.9208441827274471,0.8387988890407041,1
0.90,Fast-CB,22,0.9211061914869719,0.8389994192101649,1
0.90,Fast-CB,23,0.930931192534306,0.8572114195317029,1
0.90,Fast-CB,24,0.9316351799392767,0.8586229248454386,1
0.90,Fast-CB,25,0.9325065431924452,0.8600985328833007,1
0.90,Fast-CB,26,0.9332695082691511,0.8609004313292261,1
0.90,Fast-CB,27,0.9349059360960645,0.8645555478782543,1
0.90,Fast-CB,28,0.9355268803014466,0.8658778504128669,1
0.90,Fast-CB,29,0.9382261103068935,0.8702093266575254,1
0.90,Fast-CB,30,0.9388569922520945,0.87153304026431,1
0.90,Fast-CB,31,0.9429906762350629,0.8802183773794505,1
0.90,Fast-CB,32,0.9434560983037635,0.8806890290272639,1
0.90,Fast-CB,33,0.9442947888707534,0.8822397435446601,1
0.90,Fast-CB,34,0.9449157330761352,0.8835602935442174,1
0.90,Fast-CB,35,0.945835576470793,0.885153634789061,1
0.90,Fast-CB,36,0.9465018925765616,0.8864534992186979,1
0.90,Fast-CB,37,0.948975223676018,0.8914706617199085,1
0.90,Fast-CB,38,0.9498444498784651,0.8929604758892241,1
0.90,Fast-CB,39,0.9529008230199272,0.9007360008255983,1
0.90,Fast-CB,40,0.9535034863269429,0.9020076838272753,1
0.90,Fast-CB,41,0.9547919380947805,0.9046567583014844,1
0.90,Fast-CB,42,0.9552229535511655,0.9051374762330082,1
0.90,Fast-CB,43,0.9574479500326639,0.9100944042807178,1
0.90,Fast-CB,44,0.958122673117502,0.9113437162250364,1
0.90,Fast-CB,45,0.9609424502627012,0.9175423883655552,1
0.90,Fast-CB,46,0.961742360028019,0.9189784983801739,1
0.90,Fast-CB,47,0.9692608595999584,0.9351269277285122,1
0.90,Fast-CB,48,0.9702945383633591,0.9368747384717238,1
0.90,Fast-CB,49,0.9710663316774146,0.9376424150864591,1
0.90,Fast-CB,50,0.9719575885439166,0.9392273502034455,1
0.90,Fast-CB,51,0.9756709446380308,0.946890327598785,1
0.90,Fast-CB,52,0.97665842921719,0.9478429042581504,1
0.90,Fast-CB,53,0.9835431035474679,0.9618097971134907,1
0.90,Fast-CB,54,0.9840279160170046,0.9622635710734004,1
0.90,Fast-CB,55,0.9922551194768944,0.9796877838419823,1
0.90,Fast-CB,56,0.9930100604664104,0.9810357808293315,1
0.90,Fast-CB,57,0.9936012755055629,0.9815310537834299,1
0.90,Fast-CB,58,0.9940615169156797,0.9826639732836623,1
0.90,Fast-CB,59,0.9946736328837121,0.9839530844609261,1
0.90,Fast-CB,60,0.9951521551921951,0.9851161263915111,1
0.90,Fast-CB,61,0.9951521551921951,0.9851161263915111,1
0.90,Fast-CB,62,0.9956306775006784,0.9862740851964409,1
0.90,Fast-CB,63,0.9959385592740774,0.9873086251423611,1
0.90,Fast-CB,64,0.9961618873198435,0.9874713093183396,1
0.90,Fast-CB,65,0.9961618873198435,0.9874713093183396,1
0.90,Fast-CB,66,0.9961618873198435,0.9874713093183396,1
0.90,Fast-CB,67,0.9961618873198435,0.9874713093183396,1
0.90,Fast-CB,68,0.9962245125703445,0.9875134882680591,1
0.90,Fast-CB,69,0.9968402761171425,0.9895848881711825,1
0.90,Fast-CB,70,0.9971481578905416,0.9906205190296931,1
0.90,Fast-CB,71,0.9971481578905416,0.9906205190296931,1
0.90,Fast-CB,72,0.9971481578905416,0.9906205190296931,1
0.90,Fast-CB,73,0.9971481578905416,0.9906205190296931,1
0.90,Fast-CB,74,0.9974560396639406,0.991656080707247,1
0.90,Fast-CB,75,0.9974560396639406,0.991656080707247,1
0.90,Fast-CB,76,0.9977639214373396,0.9926915434297976,1
0.90,Fast-CB,77,0.9977639214373396,0.9926915434297976,1
0.90,Fast-CB,78,0.9977639214373396,0.9926915434297976,1
0.90,Fast-CB,79,0.9980718032107386,0.9937268574856629,1
0.90,Fast-CB,80,0.9980718032107386,0.9937268574856629,1
0.90,Fast-CB,81,0.9980718032107386,0.9937268574856629,1
0.90,Fast-CB,82,0.9980718032107386,0.9937268574856629,1
0.90,Fast-CB,83,0.9983796849841376,0.9947619331951526,1
0.90,Fast-CB,84,0.9983796849841376,0.9947619331951526,1
0.90,Fast-CB,85,0.9986875667575367,0.9957965906922692,1
0.90,Fast-CB,86,0.9986875667575367,0.9957965906922692,1
0.90,Fast-CB,87,0.9986875667575367,0.9957965906922692,1
0.90,Fast-CB,88,0.9986875667575367,0.9957965906922692,1
0.90,Fast-CB,89,0.9986875667575367,0.9957965906922692,1
0.90,Fast-CB,90,0.9986875667575367,0.9957965906922692,1
0.90,Fast-CB,91,0.9989954485309356,0.996830408770657,1
0.90,Fast-CB,92,0.9989954485309356,0.996830408770657,1
0.90,Fast-CB,93,0.9989954485309356,0.996830408770657,1
0.90,Fast-CB,94,0.9989954485309356,0.996830408770657,1
0.90,Fast-CB,95,0.9989954485309356,0.996830408770657,1
0.90,Fast-CB,96,0.9989954485309356,0.996830408770657,1
0.90,Fast-CB,97,0.9993033303043346,0.9978621184296893,1
0.90,Fast-CB,98,0.9993033303043346,0.9978621184296893,1
0.90,Fast-CB,99,0.9993033303043346,0.9978621184296893,1
0.90,Fast-CB,100,0.999384236453202,0.9979281870375616,1
0.90,Fast-CB,101,0.999384236453202,0.9979281870375616,1
0.90,Fast-CB,102,0.999692118226601,0.9989640935187808,1
0.90,Fast-CB,103,0.999692118226601,0.9989640935187808,1
0.90,Fast-CB,104,0.999692118226601,0.9989640935187808,1
0.90,Fast-CB,105,0.999692118226601,0.9989640935187808,1
0.90,Fast-CB,106,0.999692118226601,0.9989640935187808,1
0.90,Fast-CB,107,0.999692118226601,0.9989640935187808,1
0.90,Fast-CB,108,0.999692118226601,0.9989640935187808,1
0.90,Fast-CB,109,0.999692118226601,0.9989640935187808,1
0.90,Fast-CB,110,0.999692118226601,0.9989640935187808,1
0.90,Fast-CB,111,0.999692118226601,0.9989640935187808,1
0.90,Fast-CB,112,0.999692118226601,0.9989640935187808,1
0.90,Fast-CB,113,0.999692118226601,0.9989640935187808,1
0.90,Fast-CB,114,0.999692118226601,0.9989640935187808,1
0.90,Fast-CB,115,0.999692118226601,0.9989640935187808,1
0.90,Fast-CB,116,0.999692118226601,0.9989640935187808,1
0.90,Fast-CB,117,0.999692118226601,0.9989640935187808,1
0.90,Fast-CB,118,0.999692118226601,0.9989640935187808,1
0.90,Fast-CB,119,0.999692118226601,0.9989640935187808,1
0.90,Fast-CB,120,0.999692118226601,0.9989640935187808,1
0.90,Fast-CB,121,0.999692118226601,0.9989640935187808,1
0.90,Fast-CB,122,0.999692118226601,0.9989640935187808,1
0.90,Fast-CB,123,0.999692118226601,0.9989640935187808,1
0.90,Fast-CB,124,0.999692118226601,0.9989640935187808,1
0.90,Fast-CB,125,0.999692118226601,0.9989640935187808,1
0.90,Fast-CB,126,0.999692118226601,0.9989640935187808,1
0.90,Fast-CB,127,0.999692118226601,0.9989640935187808,1
0.90,Fast-CB,128,0.999692118226601,0.9989640935187808,1
0.90,Fast-CB,129,0.999692118226601,0.9989640935187808,1
0.90,Fast-CB,130,0.999692118226601,0.9989640935187808,1
0.90,Fast-CB,131,0.999692118226601,0.9989640935187808,1
0.90,Fast-CB,132,0.999692118226601,0.9989640935187808,1
0.90,Fast-CB,133,0.999692118226601,0.9989640935187808,1
0.90,Fast-CB,134,0.999692118226601,0.9989640935187808,1
0.90,Fast-CB,135,0.999692118226601,0.9989640935187808,1
0.90,Fast-CB,136,0.999692118226601,0.9989640935187808,1
0.90,Fast-CB,137,0.999692118226601,0.9989640935187808,1
0.90,Fast-CB,138,0.999692118226601,0.9989640935187808,1
0.90,Fast-CB,139,0.999692118226601,0.9989640935187808,1
0.90,Fast-CB,140,0.999692118226601,0.9989640935187808,1
0.90,Fast-CB,141,0.999692118226601,0.9989640935187808,1
0.90,Fast-CB,142,0.999692118226601,0.9989640935187808,1
0.90,Fast-CB,143,0.999692118226601,0.9989640935187808,1
0.90,Fast-CB,144,0.999692118226601,0.9989640935187808,1
0.90,Fast-CB,145,0.999692118226601,0.9989640935187808,1
0.90,Fast-CB,146,0.999692118226601,0.9989640935187808,1
0.90,Fast-CB,147,0.999692118226601,0.9989640935187808,1
0.90,Fast-CB,148,0.999692118226601,0.9989640935187808,1
0.90,Fast-CB,149,0.999692118226601,0.9989640935187808,1
0.90,Fast-CB,150,1.0,1.0,1
0.90,Fast-CB,151,1.0,1.0,1
0.90,Fast-CB,152,1.0,1.0,1
0.90,Fast-CB,153,1.0,1.0,1
0.90,Fast-CB,154,1.0,1.0,1
0.90,Fast-CB,155,1.0,1.0,1
0.90,Fast-CB,156,1.0,1.0,1
0.90,Fast-CB,157,1.0,1.0,1
0.90,Fast-CB,158,1.0,1.0,1
0.90,Fast-CB,159,1.0,1.0,1
0.90,Fast-CB,160,1.0,1.0,1
0.90,Fast-CB,161,1.0,1.0,1
0.90,Fast-CB,162,1.0,1.0,1
0.90,Fast-CB,163,1.0,1.0,1
0.90,Fast-CB,164,1.0,1.0,1
0.90,Fast-CB,165,1.0,1.0,1
0.90,Fast-CB,166,1.0,1.0,1
0.90,Fast-CB,167,1.0,1.0,1
0.90,Fast-CB,168,1.0,1.0,1
0.90,Fast-CB,169,1.0,1.0,1
0.90,Fast-CB,170,1.0,1.0,1
0.90,Fast-CB,171,1.0,1.0,1
0.90,Fast-CB,172,1.0,1.0,1
0.90,Fast-CB,173,1.0,1.0,1
0.90,Fast-CB,174,1.0,1.0,1
0.90,Fast-CB,175,1.0,1.0,1
0.90,Fast-CB,176,1.0,1.0,1
0.90,Fast-CB,177,1.0,1.0,1
0.90,Fast-CB,178,1.0,1.0,1
0.90,Fast-CB,179,1.0,1.0,1
0.90,Fast-CB,180,1.0,1.0,1
0.90,Fast-CB,181,1.0,1.0,1
0.90,Fast-CB,182,1.0,1.0,1
0.90,Fast-CB,183,1.0,1.0,1
0.90,Fast-CB,184,1.0,1.0,1
0.90,Fast-CB,185,1.0,1.0,1
0.90,Fast-CB,186,1.0,1.0,1
0.90,Fast-CB,187,1.0,1.0,1
0.90,Fast-CB,188,1.0,1.0,1
0.90,Fast-CB,189,1.0,1.0,1
0.90,Fast-CB,190,1.0,1.0,1
0.90,Fast-CB,191,1.0,1.0,1
0.90,Fast-CB,192,1.0,1.0,1
0.90,Fast-CB,193,1.0,1.0,1
0.90,Fast-CB,194,1.0,1.0,1
0.90,Fast-CB,195,1.0,1.0,1
0.90,Fast-CB,196,1.0,1.0,1
0.90,Fast-CB,197,1.0,1.0,1
0.90,Fast-CB,198,1.0,1.0,1
0.90,Fast-CB,199,1.0,1.0,1
0.90,Fast-CB,200,1.0,1.0,1
0.90,Fast-CB,201,1.0,1.0,1
0.90,Fast-CB,202,1.0,1.0,1
0.90,Fast-CB,203,1.0,1.0,1
0.90,Fast-CB,204,1.0,1.0,1
0.90,Fast-CB,205,1.0,1.0,1
0.90,Fast-CB,206,1.0,1.0,1
0.90,Fast-CB,207,1.0,1.0,1
0.90,Fast-CB,208,1.0,1.0,1
0.90,Fast-CB,209,1.0,1.0,1
0.90,Fast-CB,210,1.0,1.0,1
0.90,Fast-CB,211,1.0,1.0,1
0.90,Fast-CB,212,1.0,1.0,1
0.90,Fast-CB,213,1.0,1.0,1
0.90,Fast-CB,214,1.0,1.0,1
0.90,Fast-CB,215,1.0,1.0,1
0.90,Fast-CB,216,1.0,1.0,1
0.90,Fast-CB,217,1.0,1.0,1
0.90,Fast-CB,218,1.0,1.0,1
0.90,Fast-CB,219,1.0,1.0,1
0.90,Fast-CB,220,1.0,1.0,1
0.90,Fast-CB,221,1.0,1.0,1
0.90,Fast-CB,222,1.0,1.0,1
0.90,Fast-CB,223,1.0,1.0,1
0.90,Fast-CB,224,1.0,1.0,1
0.90,Fast-CB,225,1.0,1.0,1
0.90,Fast-CB,226,1.0,1.0,1
0.90,Fast-CB,227,1.0,1.0,1
0.90,Fast-CB,228,1.0,1.0,1
0.90,Fast-CB,229,1.0,1.0,1
0.90,Fast-CB,230,1.0,1.0,1
0.90,Fast-CB,231,1.0,1.0,1
0.90,Fast-CB,232,1.0,1.0,1
0.90,Fast-CB,233,1.0,1.0,1
0.90,Fast-CB,234,1.0,1.0,1
0.90,Fast-CB,235,1.0,1.0,1
0.90,Fast-CB,236,1.0,1.0,1
0.90,Fast-CB,237,1.0,1.0,1
0.90,Fast-CB,238,1.0,1.0,1
0.90,Fast-CB,239,1.0,1.0,1
0.90,Fast-CB,240,1.0,1.0,1
0.90,Fast-CB,241,1.0,1.0,1
0.90,Fast-CB,242,1.0,1.0,1
0.90,Fast-CB,243,1.0,1.0,1
0.90,Fast-CB,244,1.0,1.0,1
0.90,Fast-CB,245,1.0,1.0,1
0.90,Fast-CB,246,1.0,1.0,1
0.90,Fast-CB,247,1.0,1.0,1
0.90,Fast-CB,248,1.0,1.0,1
0.90,Fast-CB,249,1.0,1.0,1
0.90,Fast-CB,250,1.0,1.0,1
0.90,Fast-CB,251,1.0,1.0,1
0.90,Fast-CB,252,1.0,1.0,1
0.90,Fast-CB,253,1.0,1.0,1
0.90,Fast-CB,254,1.0,1.0,1
0.90,Fast-CB,255,1.0,1.0,1
0.90,Fast-CB,256,1.0,1.0,1
0.90,Fast-CB,257,1.0,1.0,1
0.90,Fast-CB,258,1.0,1.0,1
0.90,Fast-CB,259,1.0,1.0,1
0.90,Fast-CB,260,1.0,1.0,1
0.90,Fast-CB,261,1.0,1.0,1
0.90,Fast-CB,262,1.0,1.0,1
0.90,Fast-CB,263,1.0,1.0,1
0.90,Fast-CB,264,1.0,1.0,1
0.90,Fast-CB,265,1.0,1.0,1
0.90,Fast-CB,266,1.0,1.0,1
0.90,Fast-CB,267,1.0,1.0,1
0.90,Fast-CB,268,1.0,1.0,1
0.90,Fast-CB,269,1.0,1.0,1
0.90,Fast-CB,270,1.0,1.0,1
0.90,Fast-CB,271,1.0,1.0,1
0.90,Fast-CB,272,1.0,1.0,1
0.90,Fast-CB,273,1.0,1.0,1
0.90,Fast-CB,274,1.0,1.0,1
0.90,Fast-CB,275,1.0,1.0,1
0.90,Fast-CB,276,1.0,1.0,1
0.90,Fast-CB,277,1.0,1.0,1
0.90,Fast-CB,278,1.0,1.0,1
0.90,Fast-CB,279,1.0,1.0,1
0.90,Fast-CB,280,1.0,1.0,1
0.90,Fast-CB,281,1.0,1.0,1
0.90,Fast-CB,282,1.0,1.0,1
0.90,Fast-CB,283,1.0,1.0,1
0.90,Fast-CB,284,1.0,1.0,1
0.90,Fast-CB,285,1.0,1.0,1
0.90,Fast-CB,286,1.0,1.0,1
0.90,Fast-CB,287,1.0,1.0,1
0.90,Fast-CB,288,1.0,1.0,1
0.90,Fast-CB,289,1.0,1.0,1
0.90,Fast-CB,290,1.0,1.0,1
0.90,Fast-CB,291,1.0,1.0,1
0.90,Fast-CB,292,1.0,1.0,1
0.90,Fast-CB,293,1.0,1.0,1
0.90,Fast-CB,294,1.0,1.0,1
0.90,Fast-CB,295,1.0,1.0,1
0.90,Fast-CB,296,1.0,1.0,1
0.90,Fast-CB,297,1.0,1.0,1
0.90,Fast-CB,298,1.0,1.0,1
0.90,Fast-CB,299,1.0,1.0,1
0.90,Fast-CB,300,1.0,1.0,1
0.90,Fast-CB,301,1.0,1.0,1
0.90,Fast-CB,302,1.0,1.0,1
0.90,Fast-CB,303,1.0,1.0,1
0.90,Fast-CB,304,1.0,1.0,1
0.90,Fast-CB,305,1.0,1.0,1
0.90,Fast-CB,306,1.0,1.0,1
0.90,Fast-CB,307,1.0,1.0,1
0.90,Fast-CB,308,1.0,1.0,1
0.90,Fast-CB,309,1.0,1.0,1
0.90,Fast-CB,310,1.0,1.0,1
0.90,Fast-CB,311,1.0,1.0,1
0.90,Fast-CB,312,1.0,1.0,1
0.90,Fast-CB,313,1.0,1.0,1
0.90,Fast-CB,314,1.0,1.0,1
0.90,Fast-CB,315,1.0,1.0,1
0.90,Fast-CB,316,1.0,1.0,1
0.90,Fast-CB,317,1.0,1.0,1
0.90,Fast-CB,318,1.0,1.0,1
0.90,Fast-CB,319,1.0,1.0,1
0.90,Fast-CB,320,1.0,1.0,1
0.90,Fast-CB,321,1.0,1.0,1
0.90,Fast-CB,322,1.0,1.0,1
0.90,Fast-CB,323,1.0,1.0,1
0.90,Fast-CB,324,1.0,1.0,1
0.90,Fast-CB,325,1.0,1.0,1
0.90,Fast-CB,326,1.0,1.0,1
0.90,Fast-CB,327,1.0,1.0,1
0.90,Fast-CB,328,1.0,1.0,1
0.90,Fast-CB,329,1.0,1.0,1
0.90,Fast-CB,330,1.0,1.0,1
0.90,Fast-CB,331,1.0,1.0,1
0.90,Fast-CB,332,1.0,1.0,1
0.90,Fast-CB,333,1.0,1.0,1
0.90,Fast-CB,334,1.0,1.0,1
0.90,Fast-CB,335,1.0,1.0,1
0.90,Fast-CB,336,1.0,1.0,1
0.90,Fast-CB,337,1.0,1.0,1
0.90,Fast-CB,338,1.0,1.0,1
0.90,Fast-CB,339,1.0,1.0,1
0.90,Fast-CB,340,1.0,1.0,1
0.90,Fast-CB,341,1.0,1.0,1
0.90,Fast-CB,342,1.0,1.0,1
0.90,Fast-CB,343,1.0,1.0,1
0.90,Fast-CB,344,1.0,1.0,1
0.90,Fast-CB,345,1.0,1.0,1
0.90,Fast-CB,346,1.0,1.0,1
0.90,Fast-CB,347,1.0,1.0,1
0.90,Fast-CB,348,1.0,1.0,1
0.90,Fast-CB,349,1.0,1.0,1
0.90,Fast-CB,350,1.0,1.0,1
0.90,Fast-CB,351,1.0,1.0,1
0.90,Fast-CB,352,1.0,1.0,1
0.90,Fast-CB,353,1.0,1.0,1
0.90,Fast-CB,354,1.0,1.0,1
0.90,Fast-CB,355,1.0,1.0,1
0.90,Fast-CB,356,1.0,1.0,1
0.90,Fast-CB,357,1.0,1.0,1
0.90,Fast-CB,358,1.0,1.0,1
0.90,Fast-CB,359,1.0,1.0,1
0.90,Fast-CB,360,1.0,1.0,1
0.90,Fast-CB,361,1.0,1.0,1
0.90,Fast-CB,362,1.0,1.0,1
0.90,Fast-CB,363,1.0,1.0,1
0.90,Fast-CB,364,1.0,1.0,1
0.90,Fast-CB,365,1.0,1.0,1
0.90,Fast-CB,366,1.0,1.0,1
0.90,Fast-CB,367,1.0,1.0,1
0.90,Fast-CB,368,1.0,1.0,1
0.90,Fast-CB,369,1.0,1.0,1
0.90,Fast-CB,370,1.0,1.0,1
0.90,Fast-CB,371,1.0,1.0,1
0.90,Fast-CB,372,1.0,1.0,1
0.90,Fast-CB,373,1.0,1.0,1
0.90,Fast-CB,374,1.0,1.0,1
0.90,Fast-CB,375,1.0,1.0,1
0.90,Fast-CB,376,1.0,1.0,1
0.90,Fast-CB,377,1.0,1.0,1
0.90,Fast-CB,378,1.0,1.0,1
0.90,Fast-CB,379,1.0,1.0,1
0.90,Fast-CB,380,1.0,1.0,1
0.90,Fast-CB,381,1.0,1.0,1
0.90,Fast-CB,382,1.0,1.0,1
0.90,Fast-CB,383,1.0,1.0,1
0.90,Fast-CB,384,1.0,1.0,1
0.90,Fast-CB,385,1.0,1.0,1
0.90,Fast-CB,386,1.0,1.0,1
0.90,Fast-CB,387,1.0,1.0,1
0.90,Fast-CB,388,1.0,1.0,1
0.90,Fast-CB,389,1.0,1.0,1
0.90,Fast-CB,390,1.0,1.0,1
0.90,Fast-CB,391,1.0,1.0,1
0.90,Fast-CB,392,1.0,1.0,1
0.90,Fast-CB,393,1.0,1.0,1
0.90,Fast-CB,394,1.0,1.0,1
0.90,Fast-CB,395,1.0,1.0,1
0.90,Fast-CB,396,1.0,1.0,1
0.90,Fast-CB,397,1.0,1.0,1
0.90,Fast-CB,398,1.0,1.0,1
0.90,Fast-CB,399,1.0,1.0,1
0.90,Fast-CB,400,1.0,1.0,1
0.90,Fast-CB,401,1.0,1.0,1
0.90,Fast-CB,402,1.0,1.0,1
0.90,Fast-CB,403,1.0,1.0,1
0.90,Fast-CB,404,1.0,1.0,1
0.90,Fast-CB,405,1.0,1.0,1
0.90,Fast-CB,406,1.0,1.0,1
0.90,Fast-CB,407,1.0,1.0,1
0.90,Fast-CB,408,1.0,1.0,1
0.90,Fast-CB,409,1.0,1.0,1
0.90,Fast-CB,410,1.0,1.0,1
0.90,Fast-CB,411,1.0,1.0,1
0.90,Fast-CB,412,1.0,1.0,1
0.90,Fast-CB,413,1.0,1.0,1
0.90,Fast-CB,414,1.0,1.0,1
0.90,Fast-CB,415,1.0,1.0,1
0.90,Fast-CB,416,1.0,1.0,1
0.90,Fast-CB,417,1.0,1.0,1
0.90,Fast-CB,418,1.0,1.0,1
0.90,Fast-CB,419,1.0,1.0,1
0.90,Fast-CB,420,1.0,1.0,1
0.90,Fast-CB,421,1.0,1.0,1
0.90,Fast-CB,422,1.0,1.0,1
0.90,Fast-CB,423,1.0,1.0,1
0.90,Fast-CB,424,1.0,1.0,1
0.90,Fast-CB,425,1.0,1.0,1
0.90,Fast-CB,426,1.0,1.0,1
0.90,Fast-CB,427,1.0,1.0,1
0.90,Fast-CB,428,1.0,1.0,1
0.90,Fast-CB,429,1.0,1.0,1
0.90,Fast-CB,430,1.0,1.0,1
0.90,Fast-CB,431,1.0,1.0,1
0.90,Fast-CB,432,1.0,1.0,1
0.90,Fast-CB,433,1.0,1.0,1
0.90,Fast-CB,434,1.0,1.0,1
0.90,Fast-CB,435,1.0,1.0,1
0.90,Fast-CB,436,1.0,1.0,1
0.90,Fast-CB,437,1.0,1.0,1
0.90,Fast-CB,438,1.0,1.0,1
0.90,Fast-CB,439,1.0,1.0,1
0.90,Fast-CB,440,1.0,1.0,1
0.90,Fast-CB,441,1.0,1.0,1
0.90,Fast-CB,442,1.0,1.0,1
0.90,Fast-CB,443,1.0,1.0,1
0.90,Fast-CB,444,1.0,1.0,1
0.90,Fast-CB,445,1.0,1.0,1
0.90,Fast-CB,446,1.0,1.0,1
0.90,Fast-CB,447,1.0,1.0,1
0.90,Fast-CB,448,1.0,1.0,1
0.90,Fast-CB,449,1.0,1.0,1
0.90,Fast-CB,450,1.0,1.0,1
0.90,Fast-CB,451,1.0,1.0,1
0.90,Fast-CB,452,1.0,1.0,1
0.90,Fast-CB,453,1.0,1.0,1
0.90,Fast-CB,454,1.0,1.0,1
0.90,Fast-CB,455,1.0,1.0,1
0.90,Fast-CB,456,1.0,1.0,1
0.90,Fast-CB,457,1.0,1.0,1
0.90,Fast-CB,458,1.0,1.0,1
0.90,Fast-CB,459,1.0,1.0,1
0.90,Fast-CB,460,1.0,1.0,1
0.90,Fast-CB,461,1.0,1.0,1
0.90,Fast-CB,462,1.0,1.0,1
0.90,Fast-CB,463,1.0,1.0,1
0.90,Fast-CB,464,1.0,1.0,1
0.90,Fast-CB,465,1.0,1.0,1
0.90,Fast-CB,466,1.0,1.0,1
0.90,Fast-CB,467,1.0,1.0,1
0.90,Fast-CB,468,1.0,1.0,1
0.90,Fast-CB,469,1.0,1.0,1
0.90,Fast-CB,470,1.0,1.0,1
0.90,Fast-CB,471,1.0,1.0,1
0.90,Fast-CB,472,1.0,1.0,1
0.90,Fast-CB,473,1.0,1.0,1
0.90,Fast-CB,474,1.0,1.0,1
0.90,Fast-CB,475,1.0,1.0,1
0.90,Fast-CB,476,1.0,1.0,1
0.90,Fast-CB,477,1.0,1.0,1
0.90,Fast-CB,478,1.0,1.0,1
0.90,Fast-CB,479,1.0,1.0,1
0.90,Fast-CB,480,1.0,1.0,1
0.90,Fast-CB,481,1.0,1.0,1
0.90,Fast-CB,482,1.0,1.0,1
0.90,Fast-CB,483,1.0,1.0,1
0.90,Fast-CB,484,1.0,1.0,1
0.90,Fast-CB,485,1.0,1.0,1
0.90,Fast-CB,486,1.0,1.0,1
0.90,Fast-CB,487,1.0,1.0,1
0.90,Fast-CB,488,1.0,1.0,1
0.90,Fast-CB,489,1.0,1.0,1
0.90,Fast-CB,490,1.0,1.0,1
0.90,Fast-CB,491,1.0,1.0,1
0.90,Fast-CB,492,1.0,1.0,1
0.90,Fast-CB,493,1.0,1.0,1
0.90,Fast-CB,494,1.0,1.0,1
0.90,Fast-CB,495,1.0,1.0,1
0.90,Fast-CB,496,1.0,1.0,1
0.90,Fast-CB,497,1.0,1.0,1
0.90,Fast-CB,498,1.0,1.0,1
0.90,Fast-CB,499,1.0,1.0,1
0.90,Fast-CB,500,1.0,1.0,1
0.90,Fast-CB,501,1.0,1.0,1
0.90,Fast-CB,502,1.0,1.0,1
0.90,Fast-CB,503,1.0,1.0,1
0.90,Fast-CB,504,1.0,1.0,1
0.90,Fast-CB,505,1.0,1.0,1
0.90,Fast-CB,506,1.0,1.0,1
0.90,Fast-CB,507,1.0,1.0,1
0.90,Fast-CB,508,1.0,1.0,1
0.90,Fast-CB,509,1.0,1.0,1
0.90,Fast-CB,510,1.0,1.0,1
0.90,Fast-CB,511,1.0,1.0,1
0.90,Fast-CB,512,1.0,1.0,1
0.90,Fast-CB,513,1.0,1.0,1
0.90,Fast-CB,514,1.0,1.0,1
0.90,Fast-CB,515,1.0,1.0,1
0.90,Fast-CB,516,1.0,1.0,1
0.90,Fast-CB,517,1.0,1.0,1
0.90,Fast-CB,518,1.0,1.0,1
0.90,Fast-CB,519,1.0,1.0,1
0.90,Fast-CB,520,1.0,1.0,1
0.90,Fast-CB,521,1.0,1.0,1
0.90,Fast-CB,522,1.0,1.0,1
0.90,Fast-CB,523,1.0,1.0,1
0.90,Fast-CB,524,1.0,1.0,1
0.90,Fast-CB,525,1.0,1.0,1
0.90,Fast-CB,526,1.0,1.0,1
0.90,Fast-CB,527,1.0,1.0,1
0.90,Fast-CB,528,1.0,1.0,1
0.90,Fast-CB,529,1.0,1.0,1
0.90,Fast-CB,530,1.0,1.0,1
0.90,Fast-CB,531,1.0,1.0,1
0.90,Fast-CB,532,1.0,1.0,1
0.90,Fast-CB,533,1.0,1.0,1
0.90,Fast-CB,534,1.0,1.0,1
0.90,Fast-CB,535,1.0,1.0,1
0.90,Fast-CB,536,1.0,1.0,1
0.90,Fast-CB,537,1.0,1.0,1
0.90,Fast-CB,538,1.0,1.0,1
0.90,Fast-CB,539,1.0,1.0,1
0.90,Fast-CB,540,1.0,1.0,1
0.90,Fast-CB,541,1.0,1.0,1
0.90,Fast-CB,542,1.0,1.0,1
0.90,Fast-CB,543,1.0,1.0,1
0.90,Fast-CB,544,1.0,1.0,1
0.90,Fast-CB,545,1.0,1.0,1
0.90,Fast-CB,546,1.0,1.0,1
0.90,Fast-CB,547,1.0,1.0,1
0.90,Fast-CB,548,1.0,1.0,1
0.90,Fast-CB,549,1.0,1.0,1
0.90,Fast-CB,550,1.0,1.0,1
0.90,Fast-CB,551,1.0,1.0,1
0.90,Fast-CB,552,1.0,1.0,1
0.90,Fast-CB,553,1.0,1.0,1
0.90,Fast-CB,554,1.0,1.0,1
0.90,Fast-CB,555,1.0,1.0,1
0.90,Fast-CB,556,1.0,1.0,1
0.90,Fast-CB,557,1.0,1.0,1
0.90,Fast-CB,558,1.0,1.0,1
0.90,Fast-CB,559,1.0,1.0,1
0.90,Fast-CB,560,1.0,1.0,1
0.90,Fast-CB,561,1.0,1.0,1
0.90,Fast-CB,562,1.0,1.0,1
0.90,Fast-CB,563,1.0,1.0,1
0.90,Fast-CB,564,1.0,1.0,1
0.90,Fast-CB,565,1.0,1.0,1
0.90,Fast-CB,566,1.0,1.0,1
0.90,Fast-CB,567,1.0,1.0,1
0.90,Fast-CB,568,1.0,1.0,1
0.90,Fast-CB,569,1.0,1.0,1
0.90,Fast-CB,570,1.0,1.0,1
0.90,Fast-CB,571,1.0,1.0,1
0.90,Fast-CB,572,1.0,1.0,1
0.90,Fast-CB,573,1.0,1.0,1
0.90,Fast-CB,574,1.0,1.0,1
0.90,Fast-CB,575,1.0,1.0,1
0.90,Fast-CB,576,1.0,1.0,1
0.90,Fast-CB,577,1.0,1.0,1
0.90,Fast-CB,578,1.0,1.0,1
0.90,Fast-CB,579,1.0,1.0,1
0.90,Fast-CB,580,1.0,1.0,1
0.90,Fast-CB,581,1.0,1.0,1
0.90,Fast-CB,582,1.0,1.0,1
0.90,Fast-CB,583,1.0,1.0,1
0.90,Fast-CB,584,1.0,1.0,1
0.90,Fast-CB,585,1.0,1.0,1
0.90,Fast-CB,586,1.0,1.0,1
0.90,Fast-CB,587,1.0,1.0,1
0.90,Fast-CB,588,1.0,1.0,1
0.90,Fast-CB,589,1.0,1.0,1
0.90,Fast-CB,590,1.0,1.0,1
0.90,Fast-CB,591,1.0,1.0,1
0.90,Fast-CB,592,1.0,1.0,1
0.90,Fast-CB,593,1.0,1.0,1
0.90,Fast-CB,594,1.0,1.0,1
0.90,Fast-CB,595,1.0,1.0,1
0.90,Fast-CB,596,1.0,1.0,1
0.90,Fast-CB,597,1.0,1.0,1
0.90,Fast-CB,598,1.0,1.0,1
0.90,Fast-CB,599,1.0,1.0,1
0.90,Fast-CB,600,1.0,1.0,1
0.90,Fast-CB,601,1.0,1.0,1
0.90,Fast-CB,602,1.0,1.0,1
0.90,Fast-CB,603,1.0,1.0,1
0.90,Fast-CB,604,1.0,1.0,1
0.90,Fast-CB,605,1.0,1.0,1
0.90,Fast-CB,606,1.0,1.0,1
0.90,Fast-CB,607,1.0,1.0,1
0.90,Fast-CB,608,1.0,1.0,1
0.90,Fast-CB,609,1.0,1.0,1
0.90,Fast-CB,610,1.0,1.0,1
0.90,Fast-CB,611,1.0,1.0,1
0.90,Fast-CB,612,1.0,1.0,1
0.90,Fast-CB,613,1.0,1.0,1
0.90,Fast-CB,614,1.0,1.0,1
0.90,Fast-CB,615,1.0,1.0,1
0.90,Fast-CB,616,1.0,1.0,1
0.90,Fast-CB,617,1.0,1.0,1
0.90,Fast-CB,618,1.0,1.0,1
0.90,Fast-CB,619,1.0,1.0,1
0.90,Fast-CB,620,1.0,1.0,1
0.90,Fast-CB,621,1.0,1.0,1
0.90,Fast-CB,622,1.0,1.0,1
0.90,Fast-CB,623,1.0,1.0,1
0.90,Fast-CB,624,1.0,1.0,1
0.90,Fast-CB,625,1.0,1.0,1
0.90,Fast-CB,626,1.0,1.0,1
0.90,Fast-CB,627,1.0,1.0,1
0.90,Fast-CB,628,1.0,1.0,1
0.90,Fast-CB,629,1.0,1.0,1
0.90,Fast-CB,630,1.0,1.0,1
0.90,Fast-CB,631,1.0,1.0,1
0.90,Fast-CB,632,1.0,1.0,1
0.90,Fast-CB,633,1.0,1.0,1
0.90,Fast-CB,634,1.0,1.0,1
0.90,Fast-CB,635,1.0,1.0,1
0.90,Fast-CB,636,1.0,1.0,1
0.90,Fast-CB,637,1.0,1.0,1
0.90,Fast-CB,638,1.0,1.0,1
0.90,Fast-CB,639,1.0,1.0,1
0.90,Fast-CB,640,1.0,1.0,1
0.90,Fast-CB,641,1.0,1.0,1
0.90,Fast-CB,642,1.0,1.0,1
0.90,Fast-CB,643,1.0,1.0,1
0.90,Fast-CB,644,1.0,1.0,1
0.90,Fast-CB,645,1.0,1.0,1
0.90,Fast-CB,646,1.0,1.0,1
0.90,Fast-CB,647,1.0,1.0,1
0.90,Fast-CB,648,1.0,1.0,1
0.90,Fast-CB,649,1.0,1.0,1
0.90,Fast-CB,650,1.0,1.0,1
0.90,Fast-CB,651,1.0,1.0,1
0.90,Fast-CB,652,1.0,1.0,1
0.90,Fast-CB,653,1.0,1.0,1
0.90,Fast-CB,654,1.0,1.0,1
0.90,Fast-CB,655,1.0,1.0,1
0.90,Fast-CB,656,1.0,1.0,1
0.90,Fast-CB,657,1.0,1.0,1
0.90,Fast-CB,658,1.0,1.0,1
0.90,Fast-CB,659,1.0,1.0,1
0.90,Fast-CB,660,1.0,1.0,1
0.90,Fast-CB,661,1.0,1.0,1
0.90,Fast-CB,662,1.0,1.0,1
0.90,Fast-CB,663,1.0,1.0,1
0.90,Fast-CB,664,1.0,1.0,1
0.90,Fast-CB,665,1.0,1.0,1
0.90,Fast-CB,666,1.0,1.0,1
0.90,Fast-CB,667,1.0,1.0,1
0.90,Fast-CB,668,1.0,1.0,1
0.90,Fast-CB,669,1.0,1.0,1
0.90,Fast-CB,670,1.0,1.0,1
0.90,Fast-CB,671,1.0,1.0,1
0.90,Fast-CB,672,1.0,1.0,1
0.90,Fast-CB,673,1.0,1.0,1
0.90,Fast-CB,674,1.0,1.0,1
0.90,Fast-CB,675,1.0,1.0,1
0.90,Fast-CB,676,1.0,1.0,1
0.90,Fast-CB,677,1.0,1.0,1
0.90,Fast-CB,678,1.0,1.0,1
0.90,Fast-CB,679,1.0,1.0,1
0.90,Fast-CB,680,1.0,1.0,1
0.90,Fast-CB,681,1.0,1.0,1
0.90,Fast-CB,682,1.0,1.0,1
0.90,Fast-CB,683,1.0,1.0,1
0.90,Fast-CB,684,1.0,1.0,1
0.90,Fast-CB,685,1.0,1.0,1
0.90,Fast-CB,686,1.0,1.0,1
0.90,Fast-CB,687,1.0,1.0,1
0.90,Fast-CB,688,1.0,1.0,1
0.90,Fast-CB,689,1.0,1.0,1
0.90,Fast-CB,690,1.0,1.0,1
0.90,Fast-CB,691,1.0,1.0,1
0.90,Fast-CB,692,1.0,1.0,1
0.90,Fast-CB,693,1.0,1.0,1
0.90,Fast-CB,694,1.0,1.0,1
0.90,Fast-CB,695,1.0,1.0,1
0.90,Fast-CB,696,1.0,1.0,1
0.90,Fast-CB,697,1.0,1.0,1
0.90,Fast-CB,698,1.0,1.0,1
0.90,Fast-CB,699,1.0,1.0,1
0.90,Fast-CB,700,1.0,1.0,1
0.90,Fast-CB,701,1.0,1.0,1
0.90,Fast-CB,702,1.0,1.0,1
0.90,Fast-CB,703,1.0,1.0,1
0.90,Fast-CB,704,1.0,1.0,1
0.90,Fast-CB,705,1.0,1.0,1
0.90,Fast-CB,706,1.0,1.0,1
0.90,Fast-CB,707,1.0,1.0,1
0.90,Fast-CB,708,1.0,1.0,1
0.90,Fast-CB,709,1.0,1.0,1
0.90,Fast-CB,710,1.0,1.0,1
0.90,Fast-CB,711,1.0,1.0,1
0.90,Fast-CB,712,1.0,1.0,1
0.90,Fast-CB,713,1.0,1.0,1
0.90,Fast-CB,714,1.0,1.0,1
0.90,Fast-CB,715,1.0,1.0,1
0.90,Fast-CB,716,1.0,1.0,1
0.90,Fast-CB,717,1.0,1.0,1
0.90,Fast-CB,718,1.0,1.0,1
0.90,Fast-CB,719,1.0,1.0,1
0.90,Fast-CB,720,1.0,1.0,1
0.90,Fast-CB,721,1.0,1.0,1
0.90,Fast-CB,722,1.0,1.0,1
0.90,Fast-CB,723,1.0,1.0,1
0.90,Fast-CB,724,1.0,1.0,1
0.90,Fast-CB,725,1.0,1.0,1
0.90,Fast-CB,726,1.0,1.0,1
0.90,Fast-CB,727,1.0,1.0,1
0.90,Fast-CB,728,1.0,1.0,1
0.90,Fast-CB,729,1.0,1.0,1
0.90,Fast-CB,730,1.0,1.0,1
0.90,Fast-CB,731,1.0,1.0,1
0.90,Fast-CB,732,1.0,1.0,1
0.90,Fast-CB,733,1.0,1.0,1
0.90,Fast-CB,734,1.0,1.0,1
0.90,Fast-CB,735,1.0,1.0,1
0.90,Fast-CB,736,1.0,1.0,1
0.90,Fast-CB,737,1.0,1.0,1
0.90,Fast-CB,738,1.0,1.0,1
0.90,Fast-CB,739,1.0,1.0,1
0.90,Fast-CB,740,1.0,1.0,1
0.90,Fast-CB,741,1.0,1.0,1
0.90,Fast-CB,742,1.0,1.0,1
0.90,Fast-CB,743,1.0,1.0,1
0.90,Fast-CB,744,1.0,1.0,1
0.90,Fast-CB,745,1.0,1.0,1
0.90,Fast-CB,746,1.0,1.0,1
0.90,Fast-CB,747,1.0,1.0,1
0.90,Fast-CB,748,1.0,1.0,1
0.90,Fast-CB,749,1.0,1.0,1
0.90,Fast-CB,750,1.0,1.0,1
0.90,Fast-CB,751,1.0,1.0,1
0.90,Fast-CB,752,1.0,1.0,1
0.90,Fast-CB,753,1.0,1.0,1
0.90,Fast-CB,754,1.0,1.0,1
0.90,Fast-CB,755,1.0,1.0,1
0.90,Fast-CB,756,1.0,1.0,1
0.90,Fast-CB,757,1.0,1.0,1
0.90,Fast-CB,758,1.0,1.0,1
0.90,Fast-CB,759,1.0,1.0,1
0.90,Fast-CB,760,1.0,1.0,1
0.90,Fast-CB,761,1.0,1.0,1
0.90,Fast-CB,762,1.0,1.0,1
0.90,Fast-CB,763,1.0,1.0,1
0.90,Fast-CB,764,1.0,1.0,1
0.90,Fast-CB,765,1.0,1.0,1
0.90,Fast-CB,766,1.0,1.0,1
0.90,Fast-CB,767,1.0,1.0,1
0.90,Fast-CB,768,1.0,1.0,1
0.90,Fast-CB,769,1.0,1.0,1
0.90,Fast-CB,770,1.0,1.0,1
0.90,Fast-CB,771,1.0,1.0,1
0.90,Fast-CB,772,1.0,1.0,1
0.90,Fast-CB,773,1.0,1.0,1
0.90,Fast-CB,774,1.0,1.0,1
0.90,Fast-CB,775,1.0,1.0,1
0.90,Fast-CB,776,1.0,1.0,1
0.90,Fast-CB,777,1.0,1.0,1
0.90,Fast-CB,778,1.0,1.0,1
0.90,Fast-CB,779,1.0,1.0,1
0.90,Fast-CB,780,1.0,1.0,1
0.90,Fast-CB,781,1.0,1.0,1
0.90,Fast-CB,782,1.0,1.0,1
0.90,Fast-CB,783,1.0,1.0,1
0.90,Fast-CB,784,1.0,1.0,1
0.90,Fast-CB,785,1.0,1.0,1
0.90,Fast-CB,786,1.0,1.0,1
0.90,Fast-CB,787,1.0,1.0,1
0.90,Fast-CB,788,1.0,1.0,1
0.90,Fast-CB,789,1.0,1.0,1
0.90,Fast-CB,790,1.0,1.0,1
0.90,Fast-CB,791,1.0,1.0,1
0.90,Fast-CB,792,1.0,1.0,1
0.90,Fast-CB,793,1.0,1.0,1
0.90,Fast-CB,794,1.0,1.0,1
0.90,Fast-CB,795,1.0,1.0,1
0.90,Fast-CB,796,1.0,1.0,1
0.90,Fast-CB,797,1.0,1.0,1
0.90,Fast-CB,798,1.0,1.0,1
0.90,Fast-CB,799,1.0,1.0,1
0.90,Fast-CB,800,1.0,1.0,1
0.90,Fast-CB,801,1.0,1.0,1
0.90,Fast-CB,802,1.0,1.0,1
0.90,Fast-CB,803,1.0,1.0,1
0.90,Fast-CB,804,1.0,1.0,1
0.90,Fast-CB,805,1.0,1.0,1
0.90,Fast-CB,806,1.0,1.0,1
0.90,Fast-CB,807,1.0,1.0,1
0.90,Fast-CB,808,1.0,1.0,1
0.90,Fast-CB,809,1.0,1.0,1
0.90,Fast-CB,810,1.0,1.0,1
0.90,Fast-CB,811,1.0,1.0,1
0.90,Fast-CB,812,1.0,1.0,1
0.90,Fast-CB,813,1.0,1.0,1
0.90,Fast-CB,814,1.0,1.0,1
0.90,Fast-CB,815,1.0,1.0,1
0.90,Fast-CB,816,1.0,1.0,1
0.90,Fast-CB,817,1.0,1.0,1
0.90,Fast-CB,818,1.0,1.0,1
0.90,Fast-CB,819,1.0,1.0,1
0.90,Fast-CB,820,1.0,1.0,1
0.90,Fast-CB,821,1.0,1.0,1
0.90,Fast-CB,822,1.0,1.0,1
0.90,Fast-CB,823,1.0,1.0,1
0.90,Fast-CB,824,1.0,1.0,1
0.90,Fast-CB,825,1.0,1.0,1
0.90,Fast-CB,826,1.0,1.0,1
0.90,Fast-CB,827,1.0,1.0,1
0.90,Fast-CB,828,1.0,1.0,1
0.90,Fast-CB,829,1.0,1.0,1
0.90,Fast-CB,830,1.0,1.0,1
0.90,Fast-CB,831,1.0,1.0,1
0.90,Fast-CB,832,1.0,1.0,1
0.90,Fast-CB,833,1.0,1.0,1
0.90,Fast-CB,834,1.0,1.0,1
0.90,Fast-CB,835,1.0,1.0,1
0.90,Fast-CB,836,1.0,1.0,1
0.90,Fast-CB,837,1.0,1.0,1
0.90,Fast-CB,838,1.0,1.0,1
0.90,Fast-CB,839,1.0,1.0,1
0.90,Fast-CB,840,1.0,1.0,1
0.90,Fast-CB,841,1.0,1.0,1
0.90,Fast-CB,842,1.0,1.0,1
0.90,Fast-CB,843,1.0,1.0,1
0.90,Fast-CB,844,1.0,1.0,1
0.90,Fast-CB,845,1.0,1.0,1
0.90,Fast-CB,846,1.0,1.0,1
0.90,Fast-CB,847,1.0,1.0,1
0.90,Fast-CB,848,1.0,1.0,1
0.90,Fast-CB,849,1.0,1.0,1
0.90,Fast-CB,850,1.0,1.0,1
0.90,Fast-CB,851,1.0,1.0,1
0.90,Fast-CB,852,1.0,1.0,1
0.90,Fast-CB,853,1.0,1.0,1
0.90,Fast-CB,854,1.0,1.0,1
0.90,Fast-CB,855,1.0,1.0,1
0.90,Fast-CB,856,1.0,1.0,1
0.90,Fast-CB,857,1.0,1.0,1
0.90,Fast-CB,858,1.0,1.0,1
0.90,Fast-CB,859,1.0,1.0,1
0.90,Fast-CB,860,1.0,1.0,1
0.90,Fast-CB,861,1.0,1.0,1
0.90,Fast-CB,862,1.0,1.0,1
0.90,Fast-CB,863,1.0,1.0,1
0.90,Fast-CB,864,1.0,1.0,1
0.90,Fast-CB,865,1.0,1.0,1
0.90,Fast-CB,866,1.0,1.0,1
0.90,Fast-CB,867,1.0,1.0,1
0.90,Fast-CB,868,1.0,1.0,1
0.90,Fast-CB,869,1.0,1.0,1
0.90,Fast-CB,870,1.0,1.0,1
0.90,Fast-CB,871,1.0,1.0,1
0.90,Fast-CB,872,1.0,1.0,1
0.90,Fast-CB,873,1.0,1.0,1
0.90,Fast-CB,874,1.0,1.0,1
0.90,Fast-CB,875,1.0,1.0,1
0.90,Fast-CB,876,1.0,1.0,1
0.90,Fast-CB,877,1.0,1.0,1
0.90,Fast-CB,878,1.0,1.0,1
0.90,Fast-CB,879,1.0,1.0,1
0.90,Fast-CB,880,1.0,1.0,1
0.90,Fast-CB,881,1.0,1.0,1
0.90,Fast-CB,882,1.0,1.0,1
0.90,Fast-CB,883,1.0,1.0,1
0.90,Fast-CB,884,1.0,1.0,1
0.90,Fast-CB,885,1.0,1.0,1
0.90,Fast-CB,886,1.0,1.0,1
0.90,Fast-CB,887,1.0,1.0,1
0.90,Fast-CB,888,1.0,1.0,1
0.90,Fast-CB,889,1.0,1.0,1
0.90,Fast-CB,890,1.0,1.0,1
0.90,Fast-CB,891,1.0,1.0,1
0.90,Fast-CB,892,1.0,1.0,1
0.90,Fast-CB,893,1.0,1.0,1
0.90,Fast-CB,894,1.0,1.0,1
0.90,Fast-CB,895,1.0,1.0,1
0.90,Fast-CB,896,1.0,1.0,1
0.90,Fast-CB,897,1.0,1.0,1
0.90,Fast-CB,898,1.0,1.0,1
0.90,Fast-CB,899,1.0,1.0,1
0.90,Fast-CB,900,1.0,1.0,1
0.90,Fast-CB,901,1.0,1.0,1
0.90,Fast-CB,902,1.0,1.0,1
0.90,Fast-CB,903,1.0,1.0,1
0.90,Fast-CB,904,1.0,1.0,1
0.90,Fast-CB,905,1.0,1.0,1
0.90,Fast-CB,906,1.0,1.0,1
0.90,Fast-CB,907,1.0,1.0,1
0.90,Fast-CB,908,1.0,1.0,1
0.90,Fast-CB,909,1.0,1.0,1
0.90,Fast-CB,910,1.0,1.0,1
0.90,Fast-CB,911,1.0,1.0,1
0.90,Fast-CB,912,1.0,1.0,1
0.90,Fast-CB,913,1.0,1.0,1
0.90,Fast-CB,914,1.0,1.0,1
0.90,Fast-CB,915,1.0,1.0,1
0.90,Fast-CB,916,1.0,1.0,1
0.90,Fast-CB,917,1.0,1.0,1
0.90,Fast-CB,918,1.0,1.0,1
0.90,Fast-CB,919,1.0,1.0,1
0.90,Fast-CB,920,1.0,1.0,1
0.90,Fast-CB,921,1.0,1.0,1
0.90,Fast-CB,922,1.0,1.0,1
0.90,Fast-CB,923,1.0,1.0,1
0.90,Fast-CB,924,1.0,1.0,1
0.90,Fast-CB,925,1.0,1.0,1
0.90,Fast-CB,926,1.0,1.0,1
0.90,Fast-CB,927,1.0,1.0,1
0.90,Fast-CB,928,1.0,1.0,1
0.90,Fast-CB,929,1.0,1.0,1
0.90,Fast-CB,930,1.0,1.0,1
0.90,Fast-CB,931,1.0,1.0,1
0.90,Fast-CB,932,1.0,1.0,1
0.90,Fast-CB,933,1.0,1.0,1
0.90,Fast-CB,934,1.0,1.0,1
0.90,Fast-CB,935,1.0,1.0,1
0.90,Fast-CB,936,1.0,1.0,1
0.90,Fast-CB,937,1.0,1.0,1
0.90,Fast-CB,938,1.0,1.0,1
0.90,Fast-CB,939,1.0,1.0,1
0.90,B,0,0.0,0,0.0
0.90,B,1,0.06525786314525811,0.051620695396358635,0.07889503089415759
0.90,B,2,0.0654578831532613,0.05189299237734556,0.07902277392917703
0.90,B,3,0.2316263305322129,0.2004618270140007,0.26279083405042514
0.90,B,4,0.2321764705882353,0.2007244863850715,0.26362845479139907
0.90,B,5,0.4613002400960384,0.4279696399324099,0.49463084025966697
0.90,B,6,0.461800300120048,0.42846070699415706,0.495139893245939
0.90,B,7,0.672969787915166,0.64804592010769,0.6978936557226421
0.90,B,8,0.6737198279311725,0.6488354014277465,0.6986042544345984
0.90,B,9,0.6770207282913165,0.6484191399229048,0.7056223166597283
0.90,B,10,0.6787211484593838,0.6484254382573201,0.7090168586614475
0.90,B,11,0.681571968787515,0.647436127692813,0.715707809882217
0.90,B,12,0.683022368947579,0.647304103194507,0.7187406347006509
0.90,B,13,0.684072669067627,0.6472850622727199,0.7208602758625341
0.90,B,14,0.684822769107643,0.6479512560560472,0.7216942821592387
0.90,B,15,0.6857229891956783,0.6483324496165658,0.7231135287747908
0.90,B,16,0.6866231492597039,0.649068829966423,0.7241774685529848
0.90,B,17,0.6876733093237294,0.6498580898356265,0.7254885288118322
0.90,B,18,0.6889734893957583,0.6507318223727587,0.7272151564187579
0.90,B,19,0.6900735894357742,0.6516863048117019,0.7284608740598466
0.90,B,20,0.6910238095238095,0.6523167086689805,0.7297309103786385
0.90,B,21,0.6928741096438575,0.6539396792522558,0.7318085400354593
0.90,B,22,0.6949743697478992,0.6557371230473713,0.734211616448427
0.90,B,23,0.6969244897959184,0.6576355911102383,0.7362133884815985
0.90,B,24,0.6988245698279311,0.6595865921597455,0.7380625474961167
0.90,B,25,0.7006746498599439,0.6614673860721937,0.7398819136476941
0.90,B,26,0.7027747899159664,0.6635625005480488,0.7419870792838841
0.90,B,27,0.7041248899559824,0.6649626427644283,0.7432871371475366
0.90,B,28,0.7063750700280111,0.6670983978054477,0.7456517422505746
0.90,B,29,0.7073251900760305,0.6677826368245486,0.7468677433275123
0.90,B,30,0.7083753301320528,0.6681388105925945,0.7486118496715111
0.90,B,31,0.7092753901560624,0.6688537297793786,0.7496970505327463
0.90,B,32,0.7105755102040816,0.6700781800166616,0.7510728403915016
0.90,B,33,0.7122757302921168,0.6715171964096177,0.7530342641746158
0.90,B,34,0.7133258503401361,0.6721157307766,0.7545359699036721
0.90,B,35,0.7143759303721489,0.672716332669633,0.7560355280746647
0.90,B,36,0.7163760704281714,0.6744853260190607,0.7582668148372821
0.90,B,37,0.7180761704681873,0.6757579308267959,0.7603944101095786
0.90,B,38,0.7195762304921969,0.6768688423554449,0.7622836186289489
0.90,B,39,0.7220264105642257,0.678958814935437,0.7650940061930144
0.90,B,40,0.7242265906362545,0.680570535814715,0.7678826454577939
0.90,B,41,0.7258267106842737,0.6819327290103339,0.7697206923582136
0.90,B,42,0.7274268507402961,0.6835324425965233,0.7713212588840689
0.90,B,43,0.7290769707883152,0.6848274773833898,0.7733264641932407
0.90,B,44,0.7306270908363346,0.6865167617777843,0.7747374198948849
0.90,B,45,0.732277230892357,0.6880188431758845,0.7765356186088295
0.90,B,46,0.7339274109643857,0.6897194728173144,0.7781353491114571
0.90,B,47,0.7352774709883954,0.691294094434838,0.7792608475419527
0.90,B,48,0.7367775910364145,0.6925768848153832,0.7809782972574458
0.90,B,49,0.7381276910764305,0.6940140266350379,0.7822413555178231
0.90,B,50,0.7401279311724691,0.6957091761607413,0.7845466861841969
0.90,B,51,0.7418281712685074,0.6972180316207164,0.7864383109162985
0.90,B,52,0.7433284113645457,0.6985690057570901,0.7880878169720014
0.90,B,53,0.7453285514205683,0.7005623519355255,0.7900947509056111
0.90,B,54,0.7476787715086034,0.7027880127686531,0.7925695302485537
0.90,B,55,0.749428931572629,0.7043208668758675,0.7945369962693906
0.90,B,56,0.7517791716686675,0.706454628283173,0.797103715054162
0.90,B,57,0.7534294117647059,0.7076711795564654,0.7991876439729464
0.90,B,58,0.7546296318527411,0.7085896318810418,0.8006696318244404
0.90,B,59,0.7561297719087635,0.7097831028293814,0.8024764409881456
0.90,B,60,0.7575799919967987,0.7104949860393228,0.8046649979542746
0.90,B,61,0.7598802721088435,0.7120489519858142,0.8077115922318727
0.90,B,62,0.7620804921968788,0.7137599931304716,0.810400991263286
0.90,B,63,0.7644307322929171,0.7152153924279099,0.8136460721579244
0.90,B,64,0.7665809523809525,0.7166788782499323,0.8164830265119727
0.90,B,65,0.7689812324929973,0.7179348269603115,0.8200276380256831
0.90,B,66,0.7708813325330133,0.7195065342057059,0.8222561308603207
0.90,B,67,0.7726814925970388,0.7210292808274428,0.8243337043666348
0.90,B,68,0.7743816126450581,0.7228043149939128,0.8259589102962034
0.90,B,69,0.7765816926770708,0.7253691811423888,0.8277942042117528
0.90,B,70,0.7787318727490997,0.727132606256434,0.8303311392417654
0.90,B,71,0.7809820728291317,0.729245233769572,0.8327189118886914
0.90,B,72,0.7834823929571828,0.7309432133380652,0.8360215725763004
0.90,B,73,0.7865826930772308,0.7333990775991548,0.8397663085553069
0.90,B,74,0.7902830132052822,0.7367108914637573,0.843855134946807
0.90,B,75,0.7940335934373749,0.7402353924968034,0.8478317943779464
0.90,B,76,0.7972340336134454,0.7438891217039175,0.8505789455229732
0.90,B,77,0.800684393757503,0.7480139520744777,0.8533548354405283
0.90,B,78,0.8033845738295318,0.7510149697931597,0.8557541778659038
0.90,B,79,0.806684693877551,0.7553476944763013,0.8580216932788007
0.90,B,80,0.8094849339735894,0.7586741909157292,0.8602956770314497
0.90,B,81,0.8120850340136055,0.761620361519786,0.8625497065074251
0.90,B,82,0.8154352140856342,0.7650244538654917,0.8658459743057768
0.90,B,83,0.8189353341336534,0.7685892941641184,0.8692813741031884
0.90,B,84,0.8222854941976792,0.7721625906776688,0.8724083977176895
0.90,B,85,0.8251856342537015,0.7752078201756736,0.8751634483317294
0.90,B,86,0.8284858143257303,0.7790334001207312,0.8779382285307294
0.90,B,87,0.8312860144057623,0.7815119664188637,0.881060062392661
0.90,B,88,0.833686074429772,0.7844318068704881,0.882940341989056
0.90,B,89,0.8361361344537814,0.7869940048124929,0.8852782640950699
0.90,B,90,0.8389862144857942,0.7901632674499044,0.8878091615216841
0.90,B,91,0.8413363145258103,0.7929584878863623,0.8897141411652583
0.90,B,92,0.8430364145658263,0.7950021654474138,0.8910706636842389
0.90,B,93,0.8444364745898358,0.7966249107765272,0.8922480384031445
0.90,B,94,0.8460866546618647,0.7984657097625237,0.8937075995612057
0.90,B,95,0.8476868147258904,0.8004552842800415,0.8949183451717392
0.90,B,96,0.8495370148059224,0.8018612918849178,0.8972127377269269
0.90,B,97,0.8505871548619448,0.8027186139981869,0.8984556957257027
0.90,B,98,0.851587274909964,0.8034890063465252,0.8996855434734028
0.90,B,99,0.8529373349339736,0.8055716567080757,0.9003030131598715
0.90,B,100,0.854437575030012,0.8075355838123004,0.9013395662477237
0.90,B,101,0.8557877350940377,0.8093515054728029,0.9022239647152726
0.90,B,102,0.8570378551420569,0.8111217892653996,0.9029539210187142
0.90,B,103,0.8590880152060824,0.8132329896450589,0.9049430407671059
0.90,B,104,0.8607381352541016,0.8147579619184013,0.9067183085898018
0.90,B,105,0.8619382152861144,0.8158823153477094,0.9079941152245193
0.90,B,106,0.8630382953181273,0.8167398956262941,0.9093366950099604
0.90,B,107,0.8641885354141656,0.8177830900736515,0.9105939807546798
0.90,B,108,0.8651886554621848,0.8185482614893758,0.9118290494349939
0.90,B,109,0.866488775510204,0.8201854254529681,0.9127921255674398
0.90,B,110,0.8679389955982393,0.8221140045170158,0.9137639866794628
0.90,B,111,0.8690891156462585,0.8235274306409378,0.9146508006515791
0.90,B,112,0.8704392757102841,0.8252558993153595,0.9156226521052088
0.90,B,113,0.8723394757903161,0.8274548541629955,0.9172240974176368
0.90,B,114,0.874189675870348,0.8292636520705456,0.9191156996701504
0.90,B,115,0.875739855942377,0.8309648835649587,0.9205148283197954
0.90,B,116,0.8771399359743897,0.8326541686394041,0.9216257033093752
0.90,B,117,0.8785400160064026,0.8346858487233715,0.9223941832894338
0.90,B,118,0.8803400360144058,0.8371290972906731,0.9235509747381385
0.90,B,119,0.8818402160864346,0.8394868464220617,0.9241935857508075
0.90,B,120,0.8834404361744699,0.8415394719467002,0.9253414004022396
0.90,B,121,0.8848406362545018,0.8433111098759152,0.9263701626330885
0.90,B,122,0.8860907763105242,0.8451021706559895,0.927079381965059
0.90,B,123,0.8870409963985594,0.8459337097000843,0.9281482830970345
0.90,B,124,0.8888412164865946,0.8489309247450116,0.9287515082281776
0.90,B,125,0.8906914765906362,0.8511536430618496,0.9302293101194228
0.90,B,126,0.8920915566226492,0.8538550522078947,0.9303280610374036
0.90,B,127,0.8934416366546619,0.8562404083060677,0.9306428650032561
0.90,B,128,0.8952418567426971,0.858327303655662,0.9321564098297321
0.90,B,129,0.8970920968387355,0.8606699049499509,0.9335142887275201
0.90,B,130,0.8982922368947578,0.8627199982161121,0.9338644755734035
0.90,B,131,0.899592336934774,0.8646898406589915,0.9344948332105566
0.90,B,132,0.9008924969987996,0.8668626550723028,0.9349223389252964
0.90,B,133,0.902492657062825,0.8687871768855395,0.9361981372401105
0.90,B,134,0.9042428971588636,0.871173293003943,0.9373125013137843
0.90,B,135,0.9054430972388956,0.8723257975144725,0.9385603969633187
0.90,B,136,0.9064931572629051,0.8732732864562087,0.9397130280696016
0.90,B,137,0.9074432372949179,0.8742472574500498,0.940639217139786
0.90,B,138,0.9086433173269308,0.8753875227575836,0.9418991118962781
0.90,B,139,0.9098934173669467,0.8766822792750574,0.9431045554588361
0.90,B,140,0.9111934773909564,0.8784672477298221,0.9439197070520906
0.90,B,141,0.9123936374549819,0.8799849187102567,0.9448023561997071
0.90,B,142,0.9135437575030012,0.8810151155263488,0.9460723994796536
0.90,B,143,0.9147438575430172,0.882406859536251,0.9470808555497835
0.90,B,144,0.9157439575830333,0.88322687327471,0.9482610418913566
0.90,B,145,0.9171440376150459,0.8843121121496387,0.9499759630804532
0.90,B,146,0.9183441376550622,0.885469861446735,0.9512184138633893
0.90,B,147,0.9197943177270909,0.8868658586411762,0.9527227768130055
0.90,B,148,0.9211444977991197,0.8877773321683795,0.9545116634298598
0.90,B,149,0.9225447378951581,0.8890059620249626,0.9560835137653536
0.90,B,150,0.9239447979191677,0.890557026324655,0.9573325695136804
0.90,B,151,0.9254448579431772,0.891825794499465,0.9590639213868895
0.90,B,152,0.9273949379751901,0.8938537651572339,0.9609361107931463
0.90,B,153,0.928995018007203,0.8956688908321289,0.9623211451822771
0.90,B,154,0.9302950380152062,0.8969794771464313,0.963610598883981
0.90,B,155,0.9317950780312125,0.8985089916417591,0.9650811644206659
0.90,B,156,0.9330951180472189,0.9000988164406885,0.9660914196537493
0.90,B,157,0.9345951180472188,0.9014960357946202,0.9676942002998175
0.90,B,158,0.9360451580632252,0.9030487700170131,0.9690415461094373
0.90,B,159,0.9377952380952381,0.9050054151692654,0.9705850610212109
0.90,B,160,0.9394952581032414,0.9066849590284621,0.9723055571780207
0.90,B,161,0.9410952981192477,0.9082537789094351,0.9739368173290603
0.90,B,162,0.9424952981192477,0.9096906092133282,0.9752999870251672
0.90,B,163,0.9436953381352542,0.9109696120694125,0.9764210642010959
0.90,B,164,0.9448453381352542,0.9117801666280225,0.9779105096424858
0.90,B,165,0.9462454381752701,0.9132938828634002,0.97919699348714
0.90,B,166,0.9474455582232892,0.9145635996750154,0.980327516771563
0.90,B,167,0.9490456582633051,0.9161409662269167,0.9819503502996936
0.90,B,168,0.950795818327331,0.9179574196568062,0.9836342169978557
0.90,B,169,0.9523458583433373,0.9191649611817233,0.9855267555049513
0.90,B,170,0.9551459783913565,0.921454754385513,0.9888372023972
0.90,B,171,0.9569960584233693,0.9230904663441403,0.9909016505025984
0.90,B,172,0.9581961584633855,0.9242182069833634,0.9921741099434075
0.90,B,173,0.9589461584633854,0.9249221227910536,0.9929701941357172
0.90,B,174,0.9601961784713886,0.9258161225895691,0.9945762343532081
0.90,B,175,0.9610961784713885,0.9263298600812897,0.9958624968614873
0.90,B,176,0.961546218487395,0.9267492648635427,0.9963431721112472
0.90,B,177,0.9623462585034014,0.9277754267499272,0.9969170902568756
0.90,B,178,0.9631462785114046,0.929303049939421,0.9969895070833881
0.90,B,179,0.9637962785114046,0.930052475101367,0.9975400819214422
0.90,B,180,0.9642963185274109,0.9307811233095631,0.9978115137452588
0.90,B,181,0.9649963785514206,0.9316268453186746,0.9983659117841667
0.90,B,182,0.9657465586234494,0.9327031080838161,0.9987900091630827
0.90,B,183,0.9665966786714685,0.9340885238840605,0.9991048334588765
0.90,B,184,0.9669967987194876,0.9347721868211281,0.9992214106178472
0.90,B,185,0.9677469787915166,0.9357940358683712,0.999699921714662
0.90,B,186,0.9686970988395358,0.9368369897301502,1
0.90,B,187,0.9694972388955583,0.9376182796387496,1
0.90,B,188,0.9704473589435774,0.9386897012997696,1
0.90,B,189,0.971247418967587,0.9393377062951855,1
0.90,B,190,0.971697418967587,0.9397299983165002,1
0.90,B,191,0.972197519007603,0.9405111958929093,1
0.90,B,192,0.972847619047619,0.9414493364634565,1
0.90,B,193,0.9734977390956382,0.9426449559102437,1
0.90,B,194,0.9738477591036414,0.9430275266697399,1
0.90,B,195,0.9744978591436574,0.9439914732774118,1
0.90,B,196,0.9748979591836734,0.9446387818698296,1
0.90,B,197,0.9755480192076831,0.9463306977247393,1
0.90,B,198,0.9760481592637055,0.9470471537931787,1
0.90,B,199,0.9765482593037215,0.9476580095807788,1
0.90,B,200,0.9768982993197278,0.948331827941178,1
0.90,B,201,0.9773982993197279,0.9495808005344828,1
0.90,B,202,0.9777483193277312,0.9502340225523807,1
0.90,B,203,0.9783483393357344,0.9517771381009453,1
0.90,B,204,0.9788984393757503,0.9527782566954691,1
0.90,B,205,0.9793485394157664,0.9533460305352919,1
0.90,B,206,0.9796985794317727,0.954028259895138,1
0.90,B,207,0.979898599439776,0.954451436110384,1
0.90,B,208,0.9803986794717887,0.9554196643017094,1
0.90,B,209,0.980848699479792,0.9562645766071828,1
0.90,B,210,0.981148719487795,0.9567302190594147,1
0.90,B,211,0.9812987194877951,0.9570915884989394,1
0.90,B,212,0.9817988395358144,0.9579674232386065,1
0.90,B,213,0.9823489595838335,0.958991967828148,1
0.90,B,214,0.9826489595838336,0.9596021468281857,1
0.90,B,215,0.9829990196078432,0.9601310107893132,1
0.90,B,216,0.9832490396158464,0.9607150041003012,1
0.90,B,217,0.9835990796318528,0.9613809415033869,1
0.90,B,218,0.9839991796718688,0.9621326023930724,1
0.90,B,219,0.9843492396958783,0.9627913714576335,1
0.90,B,220,0.9846993197278912,0.9633482529128947,1
0.90,B,221,0.9849993397358944,0.9638337051610419,1
0.90,B,222,0.9852993797519007,0.9640653664112694,1
0.90,B,223,0.9854993797519007,0.9646059007906583,1
0.90,B,224,0.9857993797519007,0.9650784544884284,1
0.90,B,225,0.9858493797519008,0.9652452496887826,1
0.90,B,226,0.9863993797519007,0.9661589389988733,1
0.90,B,227,0.9868493997599039,0.9671428988776305,1
0.90,B,228,0.9876994197679071,0.9693363350310563,1
0.90,B,229,0.9880494197679072,0.9701054937033439,1
0.90,B,230,0.9882494397759104,0.9704956960703468,1
0.90,B,231,0.9882494397759104,0.9704956960703468,1
0.90,B,232,0.9886994797919166,0.9713546502698293,1
0.90,B,233,0.9887994797919167,0.971553250897781,1
0.90,B,234,0.98904949979992,0.9722681258964766,1
0.90,B,235,0.9894495198079233,0.9732227967089435,1
0.90,B,236,0.9897495198079233,0.9742231298282873,1
0.90,B,237,0.9903995198079232,0.9757301344892754,1
0.90,B,238,0.9907495198079233,0.976488271810802,1
0.90,B,239,0.9908995198079231,0.9768569141058216,1
0.90,B,240,0.9912495198079232,0.978020348478509,1
0.90,B,241,0.9914995398159265,0.9783402216090956,1
0.90,B,242,0.9919995598239297,0.9796193281235109,1
0.90,B,243,0.9927495798319328,0.9817228485245512,1
0.90,B,244,0.9931495798319327,0.9829194785311625,1
0.90,B,245,0.9935995798319329,0.9842771113497505,1
0.90,B,246,0.9939995798319329,0.9852025774907607,1
0.90,B,247,0.9940495798319329,0.9853669338557979,1
0.90,B,248,0.9942495798319329,0.9857632595975198,1
0.90,B,249,0.9943995798319328,0.9862551076260192,1
0.90,B,250,0.9944495798319328,0.9864188093756183,1
0.90,B,251,0.9949495798319329,0.9877884474315658,1
0.90,B,252,0.995049599839936,0.988019069793874,1
0.90,B,253,0.995149599839936,0.9880839322012673,1
0.90,B,254,0.995399599839936,0.9886305455730459,1
0.90,B,255,0.9956496398559425,0.9892558057102174,1
0.90,B,256,0.9957496598639456,0.9894858449187544,1
0.90,B,257,0.9957996598639456,0.9895178560070486,1
0.90,B,258,0.9958996598639456,0.9897107273588768,1
0.90,B,259,0.9959496598639456,0.9898735567230219,1
0.90,B,260,0.9960496598639456,0.9900636139838441,1
0.90,B,261,0.9960496598639456,0.9900636139838441,1
0.90,B,262,0.9960996598639456,0.9900967885543401,1
0.90,B,263,0.9960996598639456,0.9900967885543401,1
0.90,B,264,0.9960996598639456,0.9900967885543401,1
0.90,B,265,0.9960996598639456,0.9900967885543401,1
0.90,B,266,0.9960996598639456,0.9900967885543401,1
0.90,B,267,0.9961496598639455,0.9901250361403847,1
0.90,B,268,0.9961996598639457,0.9902872857518094,1
0.90,B,269,0.9962496598639455,0.9904492976759032,1
0.90,B,270,0.9963496798719488,0.990681675653518,1
0.90,B,271,0.996399699879952,0.9907498918622902,1
0.90,B,272,0.9964497198879553,0.9908156832292901,1
0.90,B,273,0.9965997398959584,0.9912074975844806,1
0.90,B,274,0.9965997398959584,0.9912074975844806,1
0.90,B,275,0.9966497398959584,0.9913714676393193,1
0.90,B,276,0.9966997398959584,0.9915352461043111,1
0.90,B,277,0.9966997398959584,0.9915352461043111,1
0.90,B,278,0.9967497398959584,0.9915676805605607,1
0.90,B,279,0.9968497599039616,0.9917956956832744,1
0.90,B,280,0.9968497599039616,0.9917956956832744,1
0.90,B,281,0.9969997799119649,0.992186770232681,1
0.90,B,282,0.997099799919968,0.9924120774589861,1
0.90,B,283,0.997149799919968,0.9925770123875877,1
0.90,B,284,0.997199799919968,0.9927417749087513,1
0.90,B,285,0.997199799919968,0.9927417749087513,1
0.90,B,286,0.997349799919968,0.9932348838832659,1
0.90,B,287,0.997349799919968,0.9932348838832659,1
0.90,B,288,0.997349799919968,0.9932348838832659,1
0.90,B,289,0.997349799919968,0.9932348838832659,1
0.90,B,290,0.9974998199279712,0.9933585537021126,1
0.90,B,291,0.9975998599439776,0.9934731127747902,1
0.90,B,292,0.9976498799519808,0.9935253206120555,1
0.90,B,293,0.9976998799519808,0.9936919565309098,1
0.90,B,294,0.9977998799519808,0.9940249305923067,1
0.90,B,295,0.997849899959984,0.9940752233687797,1
0.90,B,296,0.997849899959984,0.9940752233687797,1
0.90,B,297,0.997849899959984,0.9940752233687797,1
0.90,B,298,0.997849899959984,0.9940752233687797,1
0.90,B,299,0.9978999199679873,0.9941218114879768,1
0.90,B,300,0.9979999199679872,0.9943236069887325,1
0.90,B,301,0.9979999199679872,0.9943236069887325,1
0.90,B,302,0.9981999199679873,0.9948606207853813,1
0.90,B,303,0.9981999199679873,0.9948606207853813,1
0.90,B,304,0.9981999199679873,0.9948606207853813,1
0.90,B,305,0.9981999199679873,0.9948606207853813,1
0.90,B,306,0.9981999199679873,0.9948606207853813,1
0.90,B,307,0.9981999199679873,0.9948606207853813,1
0.90,B,308,0.9981999199679873,0.9948606207853813,1
0.90,B,309,0.9981999199679873,0.9948606207853813,1
0.90,B,310,0.9982499199679872,0.995027793132405,1
0.90,B,311,0.9982499199679872,0.995027793132405,1
0.90,B,312,0.9982499199679872,0.995027793132405,1
0.90,B,313,0.9982999199679873,0.9951948852020873,1
0.90,B,314,0.9983499199679873,0.9953618875569252,1
0.90,B,315,0.9983499199679873,0.9953618875569252,1
0.90,B,316,0.9983999199679873,0.995528789228904,1
0.90,B,317,0.9984499199679873,0.9955597244512444,1
0.90,B,318,0.9984499199679873,0.9955597244512444,1
0.90,B,319,0.9984999199679873,0.9955914711309314,1
0.90,B,320,0.9985499199679873,0.9956240140810485,1
0.90,B,321,0.9985999199679872,0.9957906576349439,1
0.90,B,322,0.9986999399759904,0.9960083030602844,1
0.90,B,323,0.9987499399759904,0.9961754773385468,1
0.90,B,324,0.9988999399759904,0.996676328709638,1
0.90,B,325,0.9989999599839936,0.9968925458406515,1
0.90,B,326,0.9990499599839936,0.9970600017774339,1
0.90,B,327,0.9990499599839936,0.9970600017774339,1
0.90,B,328,0.9991499599839936,0.9973946013408178,1
0.90,B,329,0.9991499599839936,0.9973946013408178,1
0.90,B,330,0.9991499599839936,0.9973946013408178,1
0.90,B,331,0.9991499599839936,0.9973946013408178,1
0.90,B,332,0.9991499599839936,0.9973946013408178,1
0.90,B,333,0.9991499599839936,0.9973946013408178,1
0.90,B,334,0.9991499599839936,0.9973946013408178,1
0.90,B,335,0.9992499599839937,0.997728623983809,1
0.90,B,336,0.9992999599839936,0.9978953288174719,1
0.90,B,337,0.9993499599839937,0.9980617552480483,1
0.90,B,338,0.9993499599839937,0.9980617552480483,1
0.90,B,339,0.9993499599839937,0.9980617552480483,1
0.90,B,340,0.9993499599839937,0.9980617552480483,1
0.90,B,341,0.9993999799919968,0.9981110066025511,1
0.90,B,342,0.9993999799919968,0.9981110066025511,1
0.90,B,343,0.9993999799919968,0.9981110066025511,1
0.90,B,344,0.9993999799919968,0.9981110066025511,1
0.90,B,345,0.9994499799919968,0.998278699975872,1
0.90,B,346,0.9994499799919968,0.998278699975872,1
0.90,B,347,0.9994999799919968,0.9984462729203257,1
0.90,B,348,0.9995999799919968,0.9987808501219222,1
0.90,B,349,0.9995999799919968,0.9987808501219222,1
0.90,B,350,0.9995999799919968,0.9987808501219222,1
0.90,B,351,0.9995999799919968,0.9987808501219222,1
0.90,B,352,0.9996499999999999,0.99882238151215,1
0.90,B,353,0.9996499999999999,0.99882238151215,1
0.90,B,354,0.9997,0.9989906127247,1
0.90,B,355,0.9997,0.9989906127247,1
0.90,B,356,0.9997,0.9989906127247,1
0.90,B,357,0.9997,0.9989906127247,1
0.90,B,358,0.99975,0.9991588439372501,1
0.90,B,359,0.99975,0.9991588439372501,1
0.90,B,360,0.99975,0.9991588439372501,1
0.90,B,361,0.99975,0.9991588439372501,1
0.90,B,362,0.99975,0.9991588439372501,1
0.90,B,363,0.99975,0.9991588439372501,1
0.90,B,364,0.9998,0.9993270751498,1
0.90,B,365,0.9998,0.9993270751498,1
0.90,B,366,0.99985,0.9994953063623501,1
0.90,B,367,0.99985,0.9994953063623501,1
0.90,B,368,0.99985,0.9994953063623501,1
0.90,B,369,0.99985,0.9994953063623501,1
0.90,B,370,0.99985,0.9994953063623501,1
0.90,B,371,0.99985,0.9994953063623501,1
0.90,B,372,0.99985,0.9994953063623501,1
0.90,B,373,0.99985,0.9994953063623501,1
0.90,B,374,0.99985,0.9994953063623501,1
0.90,B,375,0.99985,0.9994953063623501,1
0.90,B,376,0.9999,0.9996635375749,1
0.90,B,377,0.9999,0.9996635375749,1
0.90,B,378,0.9999,0.9996635375749,1
0.90,B,379,0.9999,0.9996635375749,1
0.90,B,380,0.9999,0.9996635375749,1
0.90,B,381,0.9999,0.9996635375749,1
0.90,B,382,0.9999,0.9996635375749,1
0.90,B,383,0.9999,0.9996635375749,1
0.90,B,384,0.9999,0.9996635375749,1
0.90,B,385,0.9999,0.9996635375749,1
0.90,B,386,0.9999,0.9996635375749,1
0.90,B,387,0.9999,0.9996635375749,1
0.90,B,388,0.9999,0.9996635375749,1
0.90,B,389,0.9999,0.9996635375749,1
0.90,B,390,0.9999,0.9996635375749,1
0.90,B,391,0.9999,0.9996635375749,1
0.90,B,392,0.9999,0.9996635375749,1
0.90,B,393,0.9999,0.9996635375749,1
0.90,B,394,0.9999,0.9996635375749,1
0.90,B,395,0.9999,0.9996635375749,1
0.90,B,396,0.9999,0.9996635375749,1
0.90,B,397,0.9999,0.9996635375749,1
0.90,B,398,0.9999,0.9996635375749,1
0.90,B,399,0.99995,0.9998317687874501,1
0.90,B,400,0.99995,0.9998317687874501,1
0.90,B,401,0.99995,0.9998317687874501,1
0.90,B,402,0.99995,0.9998317687874501,1
0.90,B,403,0.99995,0.9998317687874501,1
0.90,B,404,0.99995,0.9998317687874501,1
0.90,B,405,0.99995,0.9998317687874501,1
0.90,B,406,0.99995,0.9998317687874501,1
0.90,B,407,0.99995,0.9998317687874501,1
0.90,B,408,0.99995,0.9998317687874501,1
0.90,B,409,0.99995,0.9998317687874501,1
0.90,B,410,0.99995,0.9998317687874501,1
0.90,B,411,0.99995,0.9998317687874501,1
0.90,B,412,0.99995,0.9998317687874501,1
0.90,B,413,0.99995,0.9998317687874501,1
0.90,B,414,0.99995,0.9998317687874501,1
0.90,B,415,0.99995,0.9998317687874501,1
0.90,B,416,0.99995,0.9998317687874501,1
0.90,B,417,0.99995,0.9998317687874501,1
0.90,B,418,0.99995,0.9998317687874501,1
0.90,B,419,0.99995,0.9998317687874501,1
0.90,B,420,0.99995,0.9998317687874501,1
0.90,B,421,0.99995,0.9998317687874501,1
0.90,B,422,0.99995,0.9998317687874501,1
0.90,B,423,0.99995,0.9998317687874501,1
0.90,B,424,0.99995,0.9998317687874501,1
0.90,B,425,0.99995,0.9998317687874501,1
0.90,B,426,0.99995,0.9998317687874501,1
0.90,B,427,1.0,1.0,1
0.90,B,428,1.0,1.0,1
0.90,B,429,1.0,1.0,1
0.90,B,430,1.0,1.0,1
0.90,B,431,1.0,1.0,1
0.90,B,432,1.0,1.0,1
0.90,B,433,1.0,1.0,1
0.90,B,434,1.0,1.0,1
0.90,B,435,1.0,1.0,1
0.90,B,436,1.0,1.0,1
0.90,B,437,1.0,1.0,1
0.90,B,438,1.0,1.0,1
0.90,B,439,1.0,1.0,1
0.90,B,440,1.0,1.0,1
0.90,B,441,1.0,1.0,1
0.90,B,442,1.0,1.0,1
0.90,B,443,1.0,1.0,1
0.90,B,444,1.0,1.0,1
0.90,B,445,1.0,1.0,1
0.90,B,446,1.0,1.0,1
0.90,B,447,1.0,1.0,1
0.90,B,448,1.0,1.0,1
0.90,B,449,1.0,1.0,1
0.90,B,450,1.0,1.0,1
0.90,B,451,1.0,1.0,1
0.90,B,452,1.0,1.0,1
0.90,B,453,1.0,1.0,1
0.90,B,454,1.0,1.0,1
0.90,B,455,1.0,1.0,1
0.90,B,456,1.0,1.0,1
0.90,B,457,1.0,1.0,1
0.90,B,458,1.0,1.0,1
0.90,B,459,1.0,1.0,1
0.90,B,460,1.0,1.0,1
0.90,B,461,1.0,1.0,1
0.90,B,462,1.0,1.0,1
0.90,B,463,1.0,1.0,1
0.90,B,464,1.0,1.0,1
0.90,B,465,1.0,1.0,1
0.90,B,466,1.0,1.0,1
0.90,B,467,1.0,1.0,1
0.90,B,468,1.0,1.0,1
0.90,B,469,1.0,1.0,1
0.90,B,470,1.0,1.0,1
0.90,B,471,1.0,1.0,1
0.90,B,472,1.0,1.0,1
0.90,B,473,1.0,1.0,1
0.90,B,474,1.0,1.0,1
0.90,B,475,1.0,1.0,1
0.90,B,476,1.0,1.0,1
0.90,B,477,1.0,1.0,1
0.90,B,478,1.0,1.0,1
0.90,B,479,1.0,1.0,1
0.90,B,480,1.0,1.0,1
0.90,B,481,1.0,1.0,1
0.90,B,482,1.0,1.0,1
0.90,B,483,1.0,1.0,1
0.90,B,484,1.0,1.0,1
0.90,B,485,1.0,1.0,1
0.90,B,486,1.0,1.0,1
0.90,B,487,1.0,1.0,1
0.90,B,488,1.0,1.0,1
0.90,B,489,1.0,1.0,1
0.90,B,490,1.0,1.0,1
0.90,B,491,1.0,1.0,1
0.90,B,492,1.0,1.0,1
0.90,B,493,1.0,1.0,1
0.90,B,494,1.0,1.0,1
0.90,B,495,1.0,1.0,1
0.90,B,496,1.0,1.0,1
0.90,B,497,1.0,1.0,1
0.90,B,498,1.0,1.0,1
0.90,B,499,1.0,1.0,1
0.90,B,500,1.0,1.0,1
0.90,B,501,1.0,1.0,1
0.90,B,502,1.0,1.0,1
0.90,B,503,1.0,1.0,1
0.90,B,504,1.0,1.0,1
0.90,B,505,1.0,1.0,1
0.90,B,506,1.0,1.0,1
0.90,B,507,1.0,1.0,1
0.90,B,508,1.0,1.0,1
0.90,B,509,1.0,1.0,1
0.90,B,510,1.0,1.0,1
0.90,B,511,1.0,1.0,1
0.90,B,512,1.0,1.0,1
0.90,B,513,1.0,1.0,1
0.90,B,514,1.0,1.0,1
0.90,B,515,1.0,1.0,1
0.90,B,516,1.0,1.0,1
0.90,B,517,1.0,1.0,1
0.90,B,518,1.0,1.0,1
0.90,B,519,1.0,1.0,1
0.90,B,520,1.0,1.0,1
0.90,B,521,1.0,1.0,1
0.90,B,522,1.0,1.0,1
0.90,B,523,1.0,1.0,1
0.90,B,524,1.0,1.0,1
0.90,B,525,1.0,1.0,1
0.90,B,526,1.0,1.0,1
0.90,B,527,1.0,1.0,1
0.90,B,528,1.0,1.0,1
0.90,B,529,1.0,1.0,1
0.90,B,530,1.0,1.0,1
0.90,B,531,1.0,1.0,1
0.90,B,532,1.0,1.0,1
0.90,B,533,1.0,1.0,1
0.90,B,534,1.0,1.0,1
0.90,B,535,1.0,1.0,1
0.90,B,536,1.0,1.0,1
0.90,B,537,1.0,1.0,1
0.90,B,538,1.0,1.0,1
0.90,B,539,1.0,1.0,1
0.90,B,540,1.0,1.0,1
0.90,B,541,1.0,1.0,1
0.90,B,542,1.0,1.0,1
0.90,B,543,1.0,1.0,1
0.90,B,544,1.0,1.0,1
0.90,B,545,1.0,1.0,1
0.90,B,546,1.0,1.0,1
0.90,B,547,1.0,1.0,1
0.90,B,548,1.0,1.0,1
0.90,B,549,1.0,1.0,1
0.90,B,550,1.0,1.0,1
0.90,B,551,1.0,1.0,1
0.90,B,552,1.0,1.0,1
0.90,B,553,1.0,1.0,1
0.90,B,554,1.0,1.0,1
0.90,B,555,1.0,1.0,1
0.90,B,556,1.0,1.0,1
0.90,B,557,1.0,1.0,1
0.90,B,558,1.0,1.0,1
0.90,B,559,1.0,1.0,1
0.90,B,560,1.0,1.0,1
0.90,B,561,1.0,1.0,1
0.90,B,562,1.0,1.0,1
0.90,B,563,1.0,1.0,1
0.90,B,564,1.0,1.0,1
0.90,B,565,1.0,1.0,1
0.90,B,566,1.0,1.0,1
0.90,B,567,1.0,1.0,1
0.90,B,568,1.0,1.0,1
0.90,B,569,1.0,1.0,1
0.90,B,570,1.0,1.0,1
0.90,B,571,1.0,1.0,1
0.90,B,572,1.0,1.0,1
0.90,B,573,1.0,1.0,1
0.90,B,574,1.0,1.0,1
0.90,B,575,1.0,1.0,1
0.90,B,576,1.0,1.0,1
0.90,B,577,1.0,1.0,1
0.90,B,578,1.0,1.0,1
0.90,B,579,1.0,1.0,1
0.90,B,580,1.0,1.0,1
0.90,B,581,1.0,1.0,1
0.90,B,582,1.0,1.0,1
0.90,B,583,1.0,1.0,1
0.90,B,584,1.0,1.0,1
0.90,B,585,1.0,1.0,1
0.90,B,586,1.0,1.0,1
0.90,B,587,1.0,1.0,1
0.90,B,588,1.0,1.0,1
0.90,B,589,1.0,1.0,1
0.90,B,590,1.0,1.0,1
0.90,B,591,1.0,1.0,1
0.90,B,592,1.0,1.0,1
0.90,B,593,1.0,1.0,1
0.90,B,594,1.0,1.0,1
0.90,B,595,1.0,1.0,1
0.90,B,596,1.0,1.0,1
0.90,B,597,1.0,1.0,1
0.90,B,598,1.0,1.0,1
0.90,B,599,1.0,1.0,1
0.90,B,600,1.0,1.0,1
0.90,B,601,1.0,1.0,1
0.90,B,602,1.0,1.0,1
0.90,B,603,1.0,1.0,1
0.90,B,604,1.0,1.0,1
0.90,B,605,1.0,1.0,1
0.90,B,606,1.0,1.0,1
0.90,B,607,1.0,1.0,1
0.90,B,608,1.0,1.0,1
0.90,B,609,1.0,1.0,1
0.90,B,610,1.0,1.0,1
0.90,B,611,1.0,1.0,1
0.90,B,612,1.0,1.0,1
0.90,B,613,1.0,1.0,1
0.90,B,614,1.0,1.0,1
0.90,B,615,1.0,1.0,1
0.90,B,616,1.0,1.0,1
0.90,B,617,1.0,1.0,1
0.90,B,618,1.0,1.0,1
0.90,B,619,1.0,1.0,1
0.90,B,620,1.0,1.0,1
0.90,B,621,1.0,1.0,1
0.90,B,622,1.0,1.0,1
0.90,B,623,1.0,1.0,1
0.90,B,624,1.0,1.0,1
0.90,B,625,1.0,1.0,1
0.90,B,626,1.0,1.0,1
0.90,B,627,1.0,1.0,1
0.90,B,628,1.0,1.0,1
0.90,B,629,1.0,1.0,1
0.90,B,630,1.0,1.0,1
0.90,B,631,1.0,1.0,1
0.90,B,632,1.0,1.0,1
0.90,B,633,1.0,1.0,1
0.90,B,634,1.0,1.0,1
0.90,B,635,1.0,1.0,1
0.90,B,636,1.0,1.0,1
0.90,B,637,1.0,1.0,1
0.90,B,638,1.0,1.0,1
0.90,B,639,1.0,1.0,1
0.90,B,640,1.0,1.0,1
0.90,B,641,1.0,1.0,1
0.90,B,642,1.0,1.0,1
0.90,B,643,1.0,1.0,1
0.90,B,644,1.0,1.0,1
0.90,B,645,1.0,1.0,1
0.90,B,646,1.0,1.0,1
0.90,B,647,1.0,1.0,1
0.90,B,648,1.0,1.0,1
0.90,B,649,1.0,1.0,1
0.90,B,650,1.0,1.0,1
0.90,B,651,1.0,1.0,1
0.90,B,652,1.0,1.0,1
0.90,B,653,1.0,1.0,1
0.90,B,654,1.0,1.0,1
0.90,B,655,1.0,1.0,1
0.90,B,656,1.0,1.0,1
0.90,B,657,1.0,1.0,1
0.90,B,658,1.0,1.0,1
0.90,B,659,1.0,1.0,1
0.90,B,660,1.0,1.0,1
0.90,B,661,1.0,1.0,1
0.90,B,662,1.0,1.0,1
0.90,B,663,1.0,1.0,1
0.90,B,664,1.0,1.0,1
0.90,B,665,1.0,1.0,1
0.90,B,666,1.0,1.0,1
0.90,B,667,1.0,1.0,1
0.90,B,668,1.0,1.0,1
0.90,B,669,1.0,1.0,1
0.90,B,670,1.0,1.0,1
0.90,B,671,1.0,1.0,1
0.90,B,672,1.0,1.0,1
0.90,B,673,1.0,1.0,1
0.90,B,674,1.0,1.0,1
0.90,B,675,1.0,1.0,1
0.90,B,676,1.0,1.0,1
0.90,B,677,1.0,1.0,1
0.90,B,678,1.0,1.0,1
0.90,B,679,1.0,1.0,1
0.90,B,680,1.0,1.0,1
0.90,B,681,1.0,1.0,1
0.90,B,682,1.0,1.0,1
0.90,B,683,1.0,1.0,1
0.90,B,684,1.0,1.0,1
0.90,B,685,1.0,1.0,1
0.90,B,686,1.0,1.0,1
0.90,B,687,1.0,1.0,1
0.90,B,688,1.0,1.0,1
0.90,B,689,1.0,1.0,1
0.90,B,690,1.0,1.0,1
0.90,B,691,1.0,1.0,1
0.90,B,692,1.0,1.0,1
0.90,B,693,1.0,1.0,1
0.90,B,694,1.0,1.0,1
0.90,B,695,1.0,1.0,1
0.90,B,696,1.0,1.0,1
0.90,B,697,1.0,1.0,1
0.90,B,698,1.0,1.0,1
0.90,B,699,1.0,1.0,1
0.90,B,700,1.0,1.0,1
0.90,B,701,1.0,1.0,1
0.90,B,702,1.0,1.0,1
0.90,B,703,1.0,1.0,1
0.90,B,704,1.0,1.0,1
0.90,B,705,1.0,1.0,1
0.90,B,706,1.0,1.0,1
0.90,B,707,1.0,1.0,1
0.90,B,708,1.0,1.0,1
0.90,B,709,1.0,1.0,1
0.90,B,710,1.0,1.0,1
0.90,B,711,1.0,1.0,1
0.90,B,712,1.0,1.0,1
0.90,B,713,1.0,1.0,1
0.90,B,714,1.0,1.0,1
0.90,B,715,1.0,1.0,1
0.90,B,716,1.0,1.0,1
0.90,B,717,1.0,1.0,1
0.90,B,718,1.0,1.0,1
0.90,B,719,1.0,1.0,1
0.90,B,720,1.0,1.0,1
0.90,B,721,1.0,1.0,1
0.90,B,722,1.0,1.0,1
0.90,B,723,1.0,1.0,1
0.90,B,724,1.0,1.0,1
0.90,B,725,1.0,1.0,1
0.90,B,726,1.0,1.0,1
0.90,B,727,1.0,1.0,1
0.90,B,728,1.0,1.0,1
0.90,B,729,1.0,1.0,1
0.90,B,730,1.0,1.0,1
0.90,B,731,1.0,1.0,1
0.90,B,732,1.0,1.0,1
0.90,B,733,1.0,1.0,1
0.90,B,734,1.0,1.0,1
0.90,B,735,1.0,1.0,1
0.90,B,736,1.0,1.0,1
0.90,B,737,1.0,1.0,1
0.90,B,738,1.0,1.0,1
0.90,B,739,1.0,1.0,1
0.90,B,740,1.0,1.0,1
0.90,B,741,1.0,1.0,1
0.90,B,742,1.0,1.0,1
0.90,B,743,1.0,1.0,1
0.90,B,744,1.0,1.0,1
0.90,B,745,1.0,1.0,1
0.90,B,746,1.0,1.0,1
0.90,B,747,1.0,1.0,1
0.90,B,748,1.0,1.0,1
0.90,B,749,1.0,1.0,1
0.90,B,750,1.0,1.0,1
0.90,B,751,1.0,1.0,1
0.90,B,752,1.0,1.0,1
0.90,B,753,1.0,1.0,1
0.90,B,754,1.0,1.0,1
0.90,B,755,1.0,1.0,1
0.90,B,756,1.0,1.0,1
0.90,B,757,1.0,1.0,1
0.90,B,758,1.0,1.0,1
0.90,B,759,1.0,1.0,1
0.90,B,760,1.0,1.0,1
0.90,B,761,1.0,1.0,1
0.90,B,762,1.0,1.0,1
0.90,B,763,1.0,1.0,1
0.90,B,764,1.0,1.0,1
0.90,B,765,1.0,1.0,1
0.90,B,766,1.0,1.0,1
0.90,B,767,1.0,1.0,1
0.90,B,768,1.0,1.0,1
0.90,B,769,1.0,1.0,1
0.90,B,770,1.0,1.0,1
0.90,B,771,1.0,1.0,1
0.90,B,772,1.0,1.0,1
0.90,B,773,1.0,1.0,1
0.90,B,774,1.0,1.0,1
0.90,B,775,1.0,1.0,1
0.90,B,776,1.0,1.0,1
0.90,B,777,1.0,1.0,1
0.90,B,778,1.0,1.0,1
0.90,B,779,1.0,1.0,1
0.90,B,780,1.0,1.0,1
0.90,B,781,1.0,1.0,1
0.90,B,782,1.0,1.0,1
0.90,B,783,1.0,1.0,1
0.90,B,784,1.0,1.0,1
0.90,B,785,1.0,1.0,1
0.90,B,786,1.0,1.0,1
0.90,B,787,1.0,1.0,1
0.90,B,788,1.0,1.0,1
0.90,B,789,1.0,1.0,1
0.90,B,790,1.0,1.0,1
0.90,B,791,1.0,1.0,1
0.90,B,792,1.0,1.0,1
0.90,B,793,1.0,1.0,1
0.90,B,794,1.0,1.0,1
0.90,B,795,1.0,1.0,1
0.90,B,796,1.0,1.0,1
0.90,B,797,1.0,1.0,1
0.90,B,798,1.0,1.0,1
0.90,B,799,1.0,1.0,1
0.90,B,800,1.0,1.0,1
0.90,B,801,1.0,1.0,1
0.90,B,802,1.0,1.0,1
0.90,B,803,1.0,1.0,1
0.90,B,804,1.0,1.0,1
0.90,B,805,1.0,1.0,1
0.90,B,806,1.0,1.0,1
0.90,B,807,1.0,1.0,1
0.90,B,808,1.0,1.0,1
0.90,B,809,1.0,1.0,1
0.90,B,810,1.0,1.0,1
0.90,B,811,1.0,1.0,1
0.90,B,812,1.0,1.0,1
0.90,B,813,1.0,1.0,1
0.90,B,814,1.0,1.0,1
0.90,B,815,1.0,1.0,1
0.90,B,816,1.0,1.0,1
0.90,B,817,1.0,1.0,1
0.90,B,818,1.0,1.0,1
0.90,B,819,1.0,1.0,1
0.90,B,820,1.0,1.0,1
0.90,B,821,1.0,1.0,1
0.90,B,822,1.0,1.0,1
0.90,B,823,1.0,1.0,1
0.90,B,824,1.0,1.0,1
0.90,B,825,1.0,1.0,1
0.90,B,826,1.0,1.0,1
0.90,B,827,1.0,1.0,1
0.90,B,828,1.0,1.0,1
0.90,B,829,1.0,1.0,1
0.90,B,830,1.0,1.0,1
0.90,B,831,1.0,1.0,1
0.90,B,832,1.0,1.0,1
0.90,B,833,1.0,1.0,1
0.90,B,834,1.0,1.0,1
0.90,B,835,1.0,1.0,1
0.90,B,836,1.0,1.0,1
0.90,B,837,1.0,1.0,1
0.90,B,838,1.0,1.0,1
0.90,B,839,1.0,1.0,1
0.90,B,840,1.0,1.0,1
0.90,B,841,1.0,1.0,1
0.90,B,842,1.0,1.0,1
0.90,B,843,1.0,1.0,1
0.90,B,844,1.0,1.0,1
0.90,B,845,1.0,1.0,1
0.90,B,846,1.0,1.0,1
0.90,B,847,1.0,1.0,1
0.90,B,848,1.0,1.0,1
0.90,B,849,1.0,1.0,1
0.90,B,850,1.0,1.0,1
0.90,B,851,1.0,1.0,1
0.90,B,852,1.0,1.0,1
0.90,B,853,1.0,1.0,1
0.90,B,854,1.0,1.0,1
0.90,B,855,1.0,1.0,1
0.90,B,856,1.0,1.0,1
0.90,B,857,1.0,1.0,1
0.90,B,858,1.0,1.0,1
0.90,B,859,1.0,1.0,1
0.90,B,860,1.0,1.0,1
0.90,B,861,1.0,1.0,1
0.90,B,862,1.0,1.0,1
0.90,B,863,1.0,1.0,1
0.90,B,864,1.0,1.0,1
0.90,B,865,1.0,1.0,1
0.90,B,866,1.0,1.0,1
0.90,B,867,1.0,1.0,1
0.90,B,868,1.0,1.0,1
0.90,B,869,1.0,1.0,1
0.90,B,870,1.0,1.0,1
0.90,B,871,1.0,1.0,1
0.90,B,872,1.0,1.0,1
0.90,B,873,1.0,1.0,1
0.90,B,874,1.0,1.0,1
0.90,B,875,1.0,1.0,1
0.90,B,876,1.0,1.0,1
0.90,B,877,1.0,1.0,1
0.90,B,878,1.0,1.0,1
0.90,B,879,1.0,1.0,1
0.90,B,880,1.0,1.0,1
0.90,B,881,1.0,1.0,1
0.90,B,882,1.0,1.0,1
0.90,B,883,1.0,1.0,1
0.90,B,884,1.0,1.0,1
0.90,B,885,1.0,1.0,1
0.90,B,886,1.0,1.0,1
0.90,B,887,1.0,1.0,1
0.90,B,888,1.0,1.0,1
0.90,B,889,1.0,1.0,1
0.90,B,890,1.0,1.0,1
0.90,B,891,1.0,1.0,1
0.90,B,892,1.0,1.0,1
0.90,B,893,1.0,1.0,1
0.90,B,894,1.0,1.0,1
0.90,B,895,1.0,1.0,1
0.90,B,896,1.0,1.0,1
0.90,B,897,1.0,1.0,1
0.90,B,898,1.0,1.0,1
0.90,B,899,1.0,1.0,1
0.90,B,900,1.0,1.0,1
0.90,B,901,1.0,1.0,1
0.90,B,902,1.0,1.0,1
0.90,B,903,1.0,1.0,1
0.90,B,904,1.0,1.0,1
0.90,B,905,1.0,1.0,1
0.90,B,906,1.0,1.0,1
0.90,B,907,1.0,1.0,1
0.90,B,908,1.0,1.0,1
0.90,B,909,1.0,1.0,1
0.90,B,910,1.0,1.0,1
0.90,B,911,1.0,1.0,1
0.90,B,912,1.0,1.0,1
0.90,B,913,1.0,1.0,1
0.90,B,914,1.0,1.0,1
0.90,B,915,1.0,1.0,1
0.90,B,916,1.0,1.0,1
0.90,B,917,1.0,1.0,1
0.90,B,918,1.0,1.0,1
0.90,B,919,1.0,1.0,1
0.90,B,920,1.0,1.0,1
0.90,B,921,1.0,1.0,1
0.90,B,922,1.0,1.0,1
0.90,B,923,1.0,1.0,1
0.90,B,924,1.0,1.0,1
0.90,B,925,1.0,1.0,1
0.90,B,926,1.0,1.0,1
0.90,B,927,1.0,1.0,1
0.90,B,928,1.0,1.0,1
0.90,B,929,1.0,1.0,1
0.90,B,930,1.0,1.0,1
0.90,B,931,1.0,1.0,1
0.90,B,932,1.0,1.0,1
0.90,B,933,1.0,1.0,1
0.90,B,934,1.0,1.0,1
0.90,B,935,1.0,1.0,1
0.90,B,936,1.0,1.0,1
0.90,B,937,1.0,1.0,1
0.90,B,938,1.0,1.0,1
0.90,B,939,1.0,1.0,1
0.90,H2,0,0.0,0,0.0
0.90,H2,1,0.14784999999999998,0.1404541674858646,0.15524583251413537
0.90,H2,2,0.14800000000000002,0.1406278311816253,0.15537216881837473
0.90,H2,3,0.4557,0.44683119536454036,0.46456880463545963
0.90,H2,4,0.45629999999999993,0.44729001470720514,0.4653099852927947
0.90,H2,5,0.45680000000000004,0.44779134462705694,0.46580865537294314
0.90,H2,6,0.45745,0.4484538776815308,0.46644612231846927
0.90,H2,7,0.45785,0.448907311206802,0.46679268879319796
0.90,H2,8,0.4581,0.4490264077854124,0.4671735922145876
0.90,H2,9,0.45825,0.4490797557996236,0.46742024420037637
0.90,H2,10,0.45864999999999995,0.449460612581313,0.4678393874186869
0.90,H2,11,0.45875000000000005,0.44959108650844,0.4679089134915601
0.90,H2,12,0.45895,0.44985848869443434,0.4680415113055657
0.90,H2,13,0.45930000000000004,0.45024226764021136,0.4683577323597887
0.90,H2,14,0.45955,0.450604631950119,0.468495368049881
0.90,H2,15,0.4596,0.45061087272354705,0.46858912727645297
0.90,H2,16,0.46004999999999996,0.4511691571994778,0.4689308428005221
0.90,H2,17,0.4604,0.45164130920283824,0.4691586907971617
0.90,H2,18,0.46054999999999996,0.45180602730504454,0.4692939726949554
0.90,H2,19,0.46090000000000003,0.45214176520652455,0.4696582347934755
0.90,H2,20,0.4611,0.45228721323221105,0.46991278676778897
0.90,H2,21,0.46125,0.45247593297584265,0.47002406702415733
0.90,H2,22,0.46155000000000007,0.45269618150800744,0.4704038184919927
0.90,H2,23,0.46185000000000004,0.45288768192440293,0.47081231807559715
0.90,H2,24,0.4622,0.4530558155813785,0.4713441844186215
0.90,H2,25,0.46245,0.45337871895387644,0.4715212810461236
0.90,H2,26,0.46275,0.4536330449593966,0.4718669550406034
0.90,H2,27,0.46309999999999996,0.4539039870152336,0.4722960129847663
0.90,H2,28,0.4634499999999999,0.4541930601588507,0.47270693984114914
0.90,H2,29,0.46385,0.4545208584153591,0.47317914158464086
0.90,H2,30,0.46449999999999997,0.45489776197855925,0.4741022380214407
0.90,H2,31,0.4648,0.45506516290593246,0.4745348370940675
0.90,H2,32,0.46554999999999996,0.45549637356032935,0.4756036264396706
0.90,H2,33,0.4664500000000001,0.45573038041150926,0.4771696195884909
0.90,H2,34,0.46710000000000007,0.45591605220107434,0.4782839477989258
0.90,H2,35,0.46785000000000004,0.45577428209417503,0.47992571790582506
0.90,H2,36,0.4685,0.45586086771058704,0.481139132289413
0.90,H2,37,0.46915000000000007,0.4558461926199803,0.48245380738001986
0.90,H2,38,0.4696,0.4560103887233452,0.48318961127665483
0.90,H2,39,0.4701,0.4566251980644096,0.48357480193559044
0.90,H2,40,0.47095,0.45766121142945526,0.4842387885705447
0.90,H2,41,0.47180000000000005,0.4588286988493245,0.4847713011506756
0.90,H2,42,0.4728,0.45957017410467005,0.48602982589532995
0.90,H2,43,0.4734500000000001,0.46007493427780155,0.48682506572219864
0.90,H2,44,0.47415,0.4607236720698728,0.48757632793012723
0.90,H2,45,0.47485000000000005,0.4612598744203667,0.4884401255796334
0.90,H2,46,0.47625,0.46212891615724266,0.49037108384275735
0.90,H2,47,0.47765,0.46255081806248316,0.4927491819375169
0.90,H2,48,0.47855000000000003,0.4632151271934362,0.49388487280656385
0.90,H2,49,0.4795,0.46343173630126794,0.495568263698732
0.90,H2,50,0.4811,0.4638929334534042,0.49830706654659584
0.90,H2,51,0.4824,0.4645824122489083,0.5002175877510917
0.90,H2,52,0.4835499999999999,0.4656479381589622,0.5014520618410376
0.90,H2,53,0.48519999999999996,0.466511559503869,0.5038884404961309
0.90,H2,54,0.4869,0.4676782704721772,0.5061217295278229
0.90,H2,55,0.4888,0.46932786435996765,0.5082721356400324
0.90,H2,56,0.49080000000000007,0.4700435782345995,0.5115564217654006
0.90,H2,57,0.49305000000000004,0.47120170730568717,0.514898292694313
0.90,H2,58,0.4945,0.4722246084242904,0.5167753915757095
0.90,H2,59,0.4961,0.473828911946925,0.518371088053075
0.90,H2,60,0.49755000000000005,0.47507420517955107,0.5200257948204491
0.90,H2,61,0.49995,0.4775603759296215,0.5223396240703785
0.90,H2,62,0.50265,0.4798674602153255,0.5254325397846745
0.90,H2,63,0.50505,0.4814775560311458,0.5286224439688542
0.90,H2,64,0.5075000000000001,0.4837339717601112,0.5312660282398889
0.90,H2,65,0.50995,0.48608222495882,0.5338177750411801
0.90,H2,66,0.51235,0.48813601180227884,0.5365639881977211
0.90,H2,67,0.51485,0.4893970021038281,0.540302997896172
0.90,H2,68,0.5166,0.49090054825769514,0.5422994517423048
0.90,H2,69,0.5186499999999999,0.4927925569477026,0.5445074430522973
0.90,H2,70,0.5207,0.4942362730702143,0.5471637269297858
0.90,H2,71,0.52275,0.49571431910669295,0.5497856808933071
0.90,H2,72,0.52485,0.49690827754215056,0.5527917224578495
0.90,H2,73,0.52745,0.49926604960326204,0.5556339503967379
0.90,H2,74,0.53015,0.5013825837838942,0.5589174162161058
0.90,H2,75,0.5334,0.5043556589142036,0.5624443410857963
0.90,H2,76,0.53685,0.507281557968027,0.5664184420319731
0.90,H2,77,0.5404,0.5100695375710792,0.5707304624289208
0.90,H2,78,0.5432,0.512391879569078,0.5740081204309221
0.90,H2,79,0.5456999999999999,0.5146245598207382,0.5767754401792615
0.90,H2,80,0.5478000000000001,0.5164098595827706,0.5791901404172295
0.90,H2,81,0.5498000000000001,0.5185240689640196,0.5810759310359805
0.90,H2,82,0.55155,0.5194644985181834,0.5836355014818165
0.90,H2,83,0.55305,0.5208305922613992,0.5852694077386009
0.90,H2,84,0.5547500000000001,0.5229586153090343,0.5865413846909658
0.90,H2,85,0.5562499999999999,0.5242849689925249,0.588215031007475
0.90,H2,86,0.5578,0.525891463109366,0.589708536890634
0.90,H2,87,0.5600499999999999,0.5282189415839906,0.5918810584160092
0.90,H2,88,0.5619,0.5299310646796557,0.5938689353203442
0.90,H2,89,0.5642,0.5314489480457526,0.5969510519542475
0.90,H2,90,0.5665,0.5336448488320701,0.5993551511679299
0.90,H2,91,0.56905,0.535965565081741,0.6021344349182589
0.90,H2,92,0.5704500000000001,0.5375085629521218,0.6033914370478785
0.90,H2,93,0.5720000000000001,0.5388123611453524,0.6051876388546478
0.90,H2,94,0.5741,0.5404094089478075,0.6077905910521926
0.90,H2,95,0.5760000000000001,0.5422671145045557,0.6097328854954445
0.90,H2,96,0.57785,0.5440797511673732,0.6116202488326268
0.90,H2,97,0.58055,0.5469409785648804,0.6141590214351196
0.90,H2,98,0.58365,0.5498932362481753,0.6174067637518247
0.90,H2,99,0.5857500000000001,0.5517214983320494,0.6197785016679508
0.90,H2,100,0.588,0.5533393233022541,0.6226606766977458
0.90,H2,101,0.59045,0.5559693453245743,0.6249306546754257
0.90,H2,102,0.5927,0.5576899831069513,0.6277100168930487
0.90,H2,103,0.5947,0.5598266879288272,0.6295733120711728
0.90,H2,104,0.5962999999999999,0.5612566880078007,0.6313433119921992
0.90,H2,105,0.59765,0.5625794881918149,0.6327205118081851
0.90,H2,106,0.5991500000000001,0.5641862439955824,0.6341137560044178
0.90,H2,107,0.60205,0.5669517120438565,0.6371482879561434
0.90,H2,108,0.60405,0.5690570134699473,0.6390429865300526
0.90,H2,109,0.60635,0.5717080241410478,0.6409919758589521
0.90,H2,110,0.60855,0.5737559438975118,0.6433440561024882
0.90,H2,111,0.6107499999999999,0.5760444421247858,0.645455557875214
0.90,H2,112,0.61255,0.5778847432793925,0.6472152567206075
0.90,H2,113,0.6143000000000001,0.5793507255799673,0.6492492744200329
0.90,H2,114,0.61615,0.5812335670217696,0.6510664329782303
0.90,H2,115,0.6187,0.5833119147931112,0.6540880852068889
0.90,H2,116,0.6204,0.5851022049374158,0.6556977950625841
0.90,H2,117,0.62215,0.5871325973010914,0.6571674026989086
0.90,H2,118,0.6244500000000001,0.5894643188117846,0.6594356811882155
0.90,H2,119,0.6266499999999999,0.591571061954451,0.6617289380455489
0.90,H2,120,0.6286,0.5936871989117973,0.6635128010882028
0.90,H2,121,0.6308499999999999,0.5956880464744762,0.6660119535255237
0.90,H2,122,0.63405,0.5990063745913059,0.6690936254086941
0.90,H2,123,0.637,0.6017937476020724,0.6722062523979276
0.90,H2,124,0.63935,0.6045284060115446,0.6741715939884554
0.90,H2,125,0.6414,0.6063101051799437,0.6764898948200563
0.90,H2,126,0.6441,0.6087281703341518,0.6794718296658482
0.90,H2,127,0.64625,0.6105369319038029,0.6819630680961971
0.90,H2,128,0.6501000000000001,0.6135535210571974,0.6866464789428028
0.90,H2,129,0.65455,0.6183230667747835,0.6907769332252164
0.90,H2,130,0.65705,0.6205270516948134,0.6935729483051867
0.90,H2,131,0.65935,0.6223658695866724,0.6963341304133276
0.90,H2,132,0.6614999999999999,0.6246514015500314,0.6983485984499683
0.90,H2,133,0.664,0.6276286835724302,0.7003713164275699
0.90,H2,134,0.6676,0.631403921362797,0.703796078637203
0.90,H2,135,0.67025,0.6339666644915841,0.7065333355084159
0.90,H2,136,0.6730499999999999,0.6368914841888231,0.7092085158111767
0.90,H2,137,0.6759000000000001,0.639876131091467,0.7119238689085331
0.90,H2,138,0.6783999999999999,0.6421686296263089,0.7146313703736908
0.90,H2,139,0.6808,0.6436438914783843,0.7179561085216156
0.90,H2,140,0.68385,0.6462243611879814,0.7214756388120185
0.90,H2,141,0.687,0.6509777941486149,0.7230222058513852
0.90,H2,142,0.68955,0.6539675678419157,0.7251324321580843
0.90,H2,143,0.6927,0.6571035121386897,0.7282964878613103
0.90,H2,144,0.6958,0.6605769620881816,0.7310230379118183
0.90,H2,145,0.6990500000000001,0.6639628653955103,0.7341371346044898
0.90,H2,146,0.7018,0.6673232548058574,0.7362767451941425
0.90,H2,147,0.7041,0.6690475715820735,0.7391524284179264
0.90,H2,148,0.70605,0.6705736837950732,0.7415263162049267
0.90,H2,149,0.7078,0.6728643271661682,0.7427356728338318
0.90,H2,150,0.7102,0.6755679117139785,0.7448320882860217
0.90,H2,151,0.7125,0.6772929535123284,0.7477070464876716
0.90,H2,152,0.7142999999999999,0.6783782743856892,0.7502217256143107
0.90,H2,153,0.71615,0.6799724909055183,0.7523275090944817
0.90,H2,154,0.7186999999999999,0.682748934011257,0.7546510659887428
0.90,H2,155,0.7209999999999999,0.6854231523867232,0.7565768476132765
0.90,H2,156,0.72355,0.6875307046833888,0.7595692953166112
0.90,H2,157,0.7270000000000001,0.6908211385665795,0.7631788614334207
0.90,H2,158,0.7302500000000001,0.6933588573047796,0.7671411426952205
0.90,H2,159,0.73315,0.6952883907988446,0.7710116092011553
0.90,H2,160,0.7371,0.6995654137729593,0.7746345862270406
0.90,H2,161,0.74025,0.7034420960622432,0.7770579039377568
0.90,H2,162,0.7429,0.7059712826261044,0.7798287173738956
0.90,H2,163,0.7456500000000001,0.7090770023466394,0.7822229976533609
0.90,H2,164,0.74875,0.7125722701120347,0.7849277298879653
0.90,H2,165,0.7516999999999999,0.7153072771520276,0.7880927228479723
0.90,H2,166,0.7541500000000001,0.7173347183698034,0.7909652816301967
0.90,H2,167,0.7559499999999999,0.7189712694471808,0.792928730552819
0.90,H2,168,0.75825,0.7213670860983242,0.7951329139016757
0.90,H2,169,0.7602500000000001,0.7233982855693534,0.7971017144306468
0.90,H2,170,0.76185,0.7250994320716414,0.7986005679283587
0.90,H2,171,0.7644000000000001,0.7277168456268359,0.8010831543731642
0.90,H2,172,0.7666499999999999,0.729992140648326,0.8033078593516739
0.90,H2,173,0.76925,0.7328087202879283,0.8056912797120717
0.90,H2,174,0.7714,0.7349874188645288,0.8078125811354712
0.90,H2,175,0.77435,0.7384097393739952,0.8102902606260047
0.90,H2,176,0.7768000000000002,0.7407498649707802,0.8128501350292201
0.90,H2,177,0.77875,0.7424263993516236,0.8150736006483765
0.90,H2,178,0.78085,0.7443916270090754,0.8173083729909247
0.90,H2,179,0.78245,0.7459749797243819,0.8189250202756181
0.90,H2,180,0.78425,0.74753465986156,0.82096534013844
0.90,H2,181,0.7863000000000001,0.7489039969274474,0.8236960030725529
0.90,H2,182,0.789,0.751193045919582,0.826806954080418
0.90,H2,183,0.7914500000000001,0.7530660380426015,0.8298339619573987
0.90,H2,184,0.79325,0.7547639955555259,0.8317360044444742
0.90,H2,185,0.7951,0.756726938937382,0.8334730610626181
0.90,H2,186,0.7973,0.7594053615373735,0.8351946384626265
0.90,H2,187,0.80055,0.7627574419831885,0.8383425580168115
0.90,H2,188,0.8041999999999999,0.7662959825761412,0.8421040174238587
0.90,H2,189,0.80655,0.7688734445353618,0.8442265554646382
0.90,H2,190,0.8088000000000002,0.77198035212333,0.8456196478766703
0.90,H2,191,0.8114,0.7758204582255241,0.8469795417744759
0.90,H2,192,0.8142,0.7794688751676295,0.8489311248323705
0.90,H2,193,0.8164,0.7816725551893433,0.8511274448106567
0.90,H2,194,0.8201,0.7863274746127364,0.8538725253872637
0.90,H2,195,0.8231999999999999,0.7890781712434211,0.8573218287565788
0.90,H2,196,0.8263499999999999,0.7912594507276844,0.8614405492723154
0.90,H2,197,0.8290000000000001,0.7936041283252945,0.8643958716747057
0.90,H2,198,0.83165,0.7967058969878711,0.8665941030121289
0.90,H2,199,0.8338000000000001,0.7990716351473565,0.8685283648526437
0.90,H2,200,0.8368000000000001,0.8027475341514002,0.8708524658486
0.90,H2,201,0.84095,0.8068183698823299,0.87508163011767
0.90,H2,202,0.8447500000000001,0.8107353506939419,0.8787646493060584
0.90,H2,203,0.8472999999999999,0.8134967413624082,0.8811032586375916
0.90,H2,204,0.8499500000000001,0.8167039560524235,0.8831960439475767
0.90,H2,205,0.85175,0.8186621851465763,0.8848378148534237
0.90,H2,206,0.8534,0.8207314882027851,0.886068511797215
0.90,H2,207,0.8548999999999999,0.8223707892167298,0.88742921078327
0.90,H2,208,0.8567000000000001,0.8244945716915071,0.8889054283084932
0.90,H2,209,0.8586,0.8255962730589066,0.8916037269410935
0.90,H2,210,0.86005,0.8267031984205038,0.8933968015794962
0.90,H2,211,0.86195,0.8285275905385152,0.8953724094614848
0.90,H2,212,0.8641,0.8307722170691164,0.8974277829308835
0.90,H2,213,0.86565,0.832458299826453,0.898841700173547
0.90,H2,214,0.8674999999999999,0.8344127585041166,0.9005872414958833
0.90,H2,215,0.8695,0.8364630111507054,0.9025369888492947
0.90,H2,216,0.8710500000000001,0.8379337108286931,0.9041662891713071
0.90,H2,217,0.8727,0.8394528448562345,0.9059471551437656
0.90,H2,218,0.8745999999999999,0.8414885051059655,0.9077114948940344
0.90,H2,219,0.8764500000000001,0.8431746569194472,0.909725343080553
0.90,H2,220,0.8781999999999999,0.8451266428253308,0.911273357174669
0.90,H2,221,0.8803500000000001,0.84767638445213,0.9130236155478701
0.90,H2,222,0.88235,0.8505802306908786,0.9141197693091213
0.90,H2,223,0.88385,0.8525598019041507,0.9151401980958493
0.90,H2,224,0.8858999999999999,0.8546313486290679,0.917168651370932
0.90,H2,225,0.8886999999999999,0.8584588157919618,0.918941184208038
0.90,H2,226,0.8911,0.8619893172851703,0.9202106827148298
0.90,H2,227,0.89495,0.8679146145616629,0.9219853854383372
0.90,H2,228,0.8986999999999999,0.8733846333418283,0.9240153666581716
0.90,H2,229,0.9012499999999999,0.8769195134748825,0.9255804865251173
0.90,H2,230,0.9036499999999998,0.880945780833013,0.9263542191669867
0.90,H2,231,0.9058000000000002,0.8842668904539702,0.9273331095460301
0.90,H2,232,0.9081500000000001,0.8869594551278621,0.9293405448721381
0.90,H2,233,0.9100000000000001,0.8890048149034439,0.9309951850965564
0.90,H2,234,0.91225,0.8917741425504583,0.9327258574495417
0.90,H2,235,0.9152500000000001,0.8949429748693278,0.9355570251306724
0.90,H2,236,0.91705,0.8970134344616972,0.9370865655383028
0.90,H2,237,0.9192000000000001,0.9008157932156728,0.9375842067843274
0.90,H2,238,0.9212,0.9046254465949944,0.9377745534050056
0.90,H2,239,0.9233499999999999,0.9093962122453609,0.9373037877546389
0.90,H2,240,0.9251999999999999,0.9129991673525881,0.9374008326474117
0.90,H2,241,0.9263999999999999,0.915672093760397,0.9371279062396027
0.90,H2,242,0.92745,0.9176890433669967,0.9372109566330032
0.90,H2,243,0.92875,0.9196857661495572,0.9378142338504427
0.90,H2,244,0.9295,0.9209317031885141,0.9380682968114858
0.90,H2,245,0.93055,0.9224254053149572,0.9386745946850428
0.90,H2,246,0.93145,0.9238056150768724,0.9390943849231276
0.90,H2,247,0.93195,0.9244950020343659,0.939404997965634
0.90,H2,248,0.93245,0.9249950020343659,0.9399049979656341
0.90,H2,249,0.9328000000000001,0.925168033607567,0.9404319663924331
0.90,H2,250,0.9332,0.9256142247500434,0.9407857752499567
0.90,H2,251,0.9336,0.9261395127880497,0.9410604872119502
0.90,H2,252,0.9337,0.9262186636913813,0.9411813363086187
0.90,H2,253,0.9339,0.926465790688292,0.9413342093117079
0.90,H2,254,0.93415,0.9266639939847231,0.941636006015277
0.90,H2,255,0.9345499999999999,0.926998127973264,0.9421018720267358
0.90,H2,256,0.9348,0.9273781572982478,0.9422218427017521
0.90,H2,257,0.9350999999999999,0.9275930827545918,0.942606917245408
0.90,H2,258,0.9352999999999999,0.9277042278856572,0.9428957721143426
0.90,H2,259,0.9356500000000001,0.9281267406767012,0.943173259323299
0.90,H2,260,0.9361,0.9286571999481019,0.9435428000518982
0.90,H2,261,0.93645,0.9288675160731228,0.9440324839268772
0.90,H2,262,0.9367000000000001,0.929110540162743,0.9442894598372572
0.90,H2,263,0.9372,0.9295096461283648,0.9448903538716352
0.90,H2,264,0.9374,0.9298226533918129,0.9449773466081871
0.90,H2,265,0.93775,0.9304257968850813,0.9450742031149186
0.90,H2,266,0.9380000000000001,0.9305997136687878,0.9454002863312123
0.90,H2,267,0.9387000000000001,0.9311337302331234,0.9462662697668768
0.90,H2,268,0.9392,0.9318560563462602,0.9465439436537398
0.90,H2,269,0.9398,0.9320806179976084,0.9475193820023915
0.90,H2,270,0.94035,0.9326691298905799,0.9480308701094201
0.90,H2,271,0.9408500000000001,0.9329375892806724,0.9487624107193278
0.90,H2,272,0.94155,0.9336436487556113,0.9494563512443887
0.90,H2,273,0.9421499999999999,0.933842627065727,0.9504573729342729
0.90,H2,274,0.9424499999999999,0.934236424941792,0.9506635750582078
0.90,H2,275,0.94285,0.9346715102319136,0.9510284897680863
0.90,H2,276,0.9433499999999999,0.935086975791748,0.9516130242082518
0.90,H2,277,0.9440999999999998,0.9355074989120145,0.9526925010879852
0.90,H2,278,0.9447,0.9359984948629441,0.9534015051370559
0.90,H2,279,0.9452499999999999,0.936474112393896,0.9540258876061039
0.90,H2,280,0.9462,0.9372179843759866,0.9551820156240135
0.90,H2,281,0.94655,0.9375485517742672,0.9555514482257328
0.90,H2,282,0.9470000000000001,0.9380108727235471,0.955989127276453
0.90,H2,283,0.9475000000000001,0.9388500543357509,0.9561499456642494
0.90,H2,284,0.9479500000000002,0.9391941596155036,0.9567058403844968
0.90,H2,285,0.9486,0.9398376620276657,0.9573623379723343
0.90,H2,286,0.9490500000000001,0.9402006935829555,0.9578993064170446
0.90,H2,287,0.9495,0.9407399413342029,0.9582600586657971
0.90,H2,288,0.9500500000000001,0.9410423421958029,0.9590576578041973
0.90,H2,289,0.95045,0.9416124357589838,0.9592875642410162
0.90,H2,290,0.95075,0.9420417274133064,0.9594582725866936
0.90,H2,291,0.9511999999999999,0.9425810453906784,0.9598189546093214
0.90,H2,292,0.9519999999999998,0.9432540862932252,0.9607459137067745
0.90,H2,293,0.9522499999999999,0.9437131075989479,0.960786892401052
0.90,H2,294,0.9531,0.9445803180308712,0.9616196819691287
0.90,H2,295,0.9533499999999999,0.9451024573343536,0.9615975426656462
0.90,H2,296,0.9538,0.945475217589041,0.962124782410959
0.90,H2,297,0.95455,0.9457750226376539,0.9633249773623461
0.90,H2,298,0.9551,0.9465915762874829,0.963608423712517
0.90,H2,299,0.9556,0.9471608608244942,0.9640391391755058
0.90,H2,300,0.95605,0.9476062478183984,0.9644937521816015
0.90,H2,301,0.9563,0.9479202269008355,0.9646797730991645
0.90,H2,302,0.95655,0.947972036562242,0.965127963437758
0.90,H2,303,0.95695,0.9483144952789692,0.9655855047210308
0.90,H2,304,0.95705,0.9484590096814483,0.9656409903185517
0.90,H2,305,0.9574499999999999,0.9487573348831109,0.966142665116889
0.90,H2,306,0.9576499999999999,0.9488941596155033,0.9664058403844965
0.90,H2,307,0.95795,0.9492472327359355,0.9666527672640645
0.90,H2,308,0.9582999999999999,0.9497728207842601,0.9668271792157398
0.90,H2,309,0.9588999999999999,0.9504518737051504,0.9673481262948493
0.90,H2,310,0.95915,0.9507803610106308,0.9675196389893691
0.90,H2,311,0.95975,0.9515783498649463,0.9679216501350537
0.90,H2,312,0.96025,0.9519310967157645,0.9685689032842356
0.90,H2,313,0.9607500000000001,0.9523327774725611,0.9691672225274391
0.90,H2,314,0.9611000000000001,0.9524500543357508,0.9697499456642493
0.90,H2,315,0.96135,0.9526831025732097,0.9700168974267904
0.90,H2,316,0.96165,0.9530897476089096,0.9702102523910904
0.90,H2,317,0.96195,0.9534121719721922,0.9704878280278078
0.90,H2,318,0.9622999999999999,0.9539374024957301,0.9706625975042698
0.90,H2,319,0.9628499999999999,0.9543873489845127,0.971312651015487
0.90,H2,320,0.9635999999999999,0.9552617951510082,0.9719382048489916
0.90,H2,321,0.96395,0.955523293007987,0.972376706992013
0.90,H2,322,0.9644499999999999,0.9558860159236314,0.9730139840763684
0.90,H2,323,0.96485,0.9563459193864182,0.9733540806135818
0.90,H2,324,0.9652499999999998,0.9565087682907792,0.9739912317092204
0.90,H2,325,0.9657500000000001,0.9570481506283326,0.9744518493716676
0.90,H2,326,0.9659500000000001,0.9573990839469473,0.9745009160530529
0.90,H2,327,0.9665000000000001,0.9578796553488005,0.9751203446511998
0.90,H2,328,0.9668000000000001,0.958212613358071,0.9753873866419293
0.90,H2,329,0.9670500000000001,0.9585355934851342,0.975564406514866
0.90,H2,330,0.9673,0.9588518737051506,0.9757481262948495
0.90,H2,331,0.9678,0.9593438406945815,0.9762561593054185
0.90,H2,332,0.9682499999999999,0.9596441459634765,0.9768558540365234
0.90,H2,333,0.9686,0.9600107532071464,0.9771892467928537
0.90,H2,334,0.9687,0.960094494038061,0.977305505961939
0.90,H2,335,0.9691500000000001,0.9605860159236316,0.9777139840763686
0.90,H2,336,0.96945,0.9608034024859301,0.97809659751407
0.90,H2,337,0.9698,0.960995828105702,0.9786041718942979
0.90,H2,338,0.9701,0.9612636786323817,0.9789363213676182
0.90,H2,339,0.9705499999999999,0.961918196044521,0.9791818039554788
0.90,H2,340,0.9709999999999999,0.9623090580113846,0.9796909419886152
0.90,H2,341,0.9714999999999999,0.9627764912324821,0.9802235087675177
0.90,H2,342,0.9718499999999999,0.9632293078733521,0.9804706921266476
0.90,H2,343,0.9722999999999998,0.9635344719942324,0.9810655280057673
0.90,H2,344,0.9724999999999999,0.9636672952584894,0.9813327047415105
0.90,H2,345,0.9729000000000001,0.9638953355651257,0.9819046644348745
0.90,H2,346,0.9732500000000002,0.9642140098934034,0.9822859901065969
0.90,H2,347,0.9738,0.9649037676287641,0.9826962323712359
0.90,H2,348,0.9740500000000001,0.9651332521927088,0.9829667478072913
0.90,H2,349,0.9744,0.9655813236940659,0.9832186763059342
0.90,H2,350,0.9750500000000001,0.9662568356653984,0.9838431643346017
0.90,H2,351,0.9755,0.9665487180991872,0.9844512819008129
0.90,H2,352,0.9758,0.9667506493254272,0.9848493506745728
0.90,H2,353,0.9764499999999999,0.9675404216184723,0.9853595783815275
0.90,H2,354,0.97715,0.9681405688166189,0.986159431183381
0.90,H2,355,0.9774999999999999,0.9687035433020189,0.9862964566979809
0.90,H2,356,0.9776999999999999,0.9690629922959089,0.9863370077040909
0.90,H2,357,0.9783000000000002,0.9694636786323819,0.9871363213676184
0.90,H2,358,0.9786000000000001,0.9698962002226952,0.9873037997773051
0.90,H2,359,0.9788000000000001,0.9701311443037315,0.9874688556962687
0.90,H2,360,0.9791000000000001,0.9705205234988904,0.9876794765011098
0.90,H2,361,0.9793499999999999,0.9708524969476128,0.9878475030523871
0.90,H2,362,0.9796,0.9712273791167956,0.9879726208832045
0.90,H2,363,0.9798500000000001,0.9715657359106351,0.9881342640893651
0.90,H2,364,0.9800500000000001,0.9717860091583161,0.988313990841684
0.90,H2,365,0.9806999999999999,0.9725954619716097,0.9888045380283901
0.90,H2,366,0.98125,0.973142136274798,0.989357863725202
0.90,H2,367,0.98175,0.9740162738950022,0.9894837261049978
0.90,H2,368,0.9821500000000001,0.9743832930043601,0.98991670699564
0.90,H2,369,0.98255,0.9749496284886112,0.9901503715113888
0.90,H2,370,0.9828,0.9751910941273373,0.9904089058726627
0.90,H2,371,0.98295,0.9753896709310741,0.9905103290689259
0.90,H2,372,0.9833999999999999,0.975986772324601,0.9908132276753989
0.90,H2,373,0.98385,0.9765127213456243,0.9911872786543757
0.90,H2,374,0.9842,0.9769524032504173,0.9914475967495826
0.90,H2,375,0.9844499999999999,0.9774048538423248,0.9914951461576751
0.90,H2,376,0.9846999999999999,0.9775774718287376,0.9918225281712623
0.90,H2,377,0.98505,0.978157298483134,0.9919427015168659
0.90,H2,378,0.98525,0.9783168564860196,0.9921831435139803
0.90,H2,379,0.9855499999999999,0.9786747035902887,0.9924252964097111
0.90,H2,380,0.98575,0.9790883092682494,0.9924116907317506
0.90,H2,381,0.9859999999999999,0.9792879888190674,0.9927120111809323
0.90,H2,382,0.9863,0.9796219920273745,0.9929780079726254
0.90,H2,383,0.9865999999999999,0.9799381593871398,0.99326184061286
0.90,H2,384,0.9868499999999999,0.9802910213937998,0.9934089786062
0.90,H2,385,0.9870499999999999,0.9807052046870726,0.9933947953129272
0.90,H2,386,0.9872,0.9810571761221587,0.9933428238778412
0.90,H2,387,0.98735,0.981267450185524,0.9934325498144759
0.90,H2,388,0.9874999999999998,0.9814284584423432,0.9935715415576565
0.90,H2,389,0.9876499999999999,0.981677442731355,0.9936225572686448
0.90,H2,390,0.9878499999999999,0.9818734318356529,0.9938265681643469
0.90,H2,391,0.9883,0.9824454654061319,0.994154534593868
0.90,H2,392,0.9884499999999998,0.98269263072117,0.9942073692788297
0.90,H2,393,0.9888000000000001,0.9830744554881649,0.9945255445118354
0.90,H2,394,0.98925,0.9836558838553177,0.9948441161446823
0.90,H2,395,0.9895,0.9839049914952258,0.9950950085047743
0.90,H2,396,0.9901,0.9850197907807093,0.9951802092192906
0.90,H2,397,0.9905999999999999,0.9855759186765852,0.9956240813234146
0.90,H2,398,0.9908,0.9858560527025236,0.9957439472974764
0.90,H2,399,0.9909500000000001,0.9859708353742069,0.9959291646257933
0.90,H2,400,0.9912,0.986217427527173,0.9961825724728269
0.90,H2,401,0.9915,0.9864671818279089,0.9965328181720912
0.90,H2,402,0.99185,0.9868548187196498,0.9968451812803503
0.90,H2,403,0.9922499999999999,0.987283685889062,0.9972163141109377
0.90,H2,404,0.9924499999999998,0.9874500237281155,0.9974499762718841
0.90,H2,405,0.9928499999999998,0.9877613465066725,0.9979386534933271
0.90,H2,406,0.9928499999999998,0.9877613465066725,0.9979386534933271
0.90,H2,407,0.9930499999999998,0.9879066995848972,0.9981933004151023
0.90,H2,408,0.9933499999999998,0.9883997959440352,0.9983002040559645
0.90,H2,409,0.9937499999999999,0.98880625466528,0.9986937453347198
0.90,H2,410,0.9940499999999999,0.989278922178371,0.9988210778216288
0.90,H2,411,0.9942000000000001,0.9893837233480322,0.999016276651968
0.90,H2,412,0.9943500000000001,0.9896192738386914,0.9990807261613087
0.90,H2,413,0.9944500000000001,0.989818241454158,0.9990817585458421
0.90,H2,414,0.99465,0.9900824961618432,0.9992175038381569
0.90,H2,415,0.99475,0.99013898271055,0.99936101728945
0.90,H2,416,0.9950000000000001,0.9904148234592277,0.9995851765407725
0.90,H2,417,0.9950500000000002,0.9904337886595772,0.9996662113404232
0.90,H2,418,0.9950500000000002,0.9904337886595772,0.9996662113404232
0.90,H2,419,0.9951000000000001,0.9904602721829394,0.9997397278170608
0.90,H2,420,0.9951000000000001,0.9904602721829394,0.9997397278170608
0.90,H2,421,0.9951500000000002,0.9904941601035994,0.999805839896401
0.90,H2,422,0.9953000000000001,0.9908572743833417,0.9997427256166584
0.90,H2,423,0.9953000000000001,0.9908572743833417,0.9997427256166584
0.90,H2,424,0.9954000000000001,0.9911889576750972,0.9996110423249029
0.90,H2,425,0.9956500000000001,0.9918732046851274,0.9994267953148729
0.90,H2,426,0.9959499999999999,0.9924727157188111,0.9994272842811887
0.90,H2,427,0.9959499999999999,0.9924727157188111,0.9994272842811887
0.90,H2,428,0.9961,0.9928344694420055,0.9993655305579945
0.90,H2,429,0.9961500000000001,0.9929980474846152,0.999301952515385
0.90,H2,430,0.9962,0.9931612705397602,0.9992387294602397
0.90,H2,431,0.9963,0.9933533544953068,0.9992466455046931
0.90,H2,432,0.9964,0.9936773795177305,0.9991226204822694
0.90,H2,433,0.99655,0.9940543090107138,0.9990456909892863
0.90,H2,434,0.99655,0.9940543090107138,0.9990456909892863
0.90,H2,435,0.99675,0.9946929322194308,0.9988070677805693
0.90,H2,436,0.9967999999999999,0.9948500808896459,0.9987499191103539
0.90,H2,437,0.99685,0.9950058746085925,0.9986941253914076
0.90,H2,438,0.99685,0.9950058746085925,0.9986941253914076
0.90,H2,439,0.9968999999999999,0.9951600662021829,0.9986399337978169
0.90,H2,440,0.99695,0.9951630707594932,0.9987369292405068
0.90,H2,441,0.9969999999999999,0.9953136872709807,0.9986863127290191
0.90,H2,442,0.9970999999999999,0.995503722247743,0.9986962777522568
0.90,H2,443,0.9970999999999999,0.995503722247743,0.9986962777522568
0.90,H2,444,0.9970999999999999,0.995503722247743,0.9986962777522568
0.90,H2,445,0.9971999999999999,0.9957925306060634,0.9986074693939363
0.90,H2,446,0.99725,0.9959311597253686,0.9985688402746313
0.90,H2,447,0.99725,0.9959311597253686,0.9985688402746313
0.90,H2,448,0.99725,0.9959311597253686,0.9985688402746313
0.90,H2,449,0.9972999999999999,0.9960648212743274,0.9985351787256723
0.90,H2,450,0.9974000000000001,0.9961360551720431,0.9986639448279571
0.90,H2,451,0.9974000000000001,0.9961360551720431,0.9986639448279571
0.90,H2,452,0.99745,0.9961617989894492,0.9987382010105507
0.90,H2,453,0.99745,0.9961617989894492,0.9987382010105507
0.90,H2,454,0.99745,0.9961617989894492,0.9987382010105507
0.90,H2,455,0.9975,0.996290965582281,0.9987090344177191
0.90,H2,456,0.9975,0.996290965582281,0.9987090344177191
0.90,H2,457,0.9975,0.996290965582281,0.9987090344177191
0.90,H2,458,0.9975999999999999,0.9964554492789492,0.9987445507210506
0.90,H2,459,0.9975999999999999,0.9964554492789492,0.9987445507210506
0.90,H2,460,0.9975999999999999,0.9964554492789492,0.9987445507210506
0.90,H2,461,0.9977500000000001,0.9966346089715833,0.998865391028417
0.90,H2,462,0.9977500000000001,0.9966346089715833,0.998865391028417
0.90,H2,463,0.9978000000000001,0.9966554492789494,0.9989445507210508
0.90,H2,464,0.9978000000000001,0.9966554492789494,0.9989445507210508
0.90,H2,465,0.9978500000000001,0.9967346089715833,0.998965391028417
0.90,H2,466,0.9979000000000001,0.9968163930379665,0.9989836069620337
0.90,H2,467,0.9980500000000001,0.9969417935296203,0.9991582064703799
0.90,H2,468,0.9980500000000001,0.9969417935296203,0.9991582064703799
0.90,H2,469,0.9981500000000001,0.9971557726106299,0.9991442273893703
0.90,H2,470,0.9981500000000001,0.9971557726106299,0.9991442273893703
0.90,H2,471,0.9982500000000001,0.9973573739201663,0.9991426260798338
0.90,H2,472,0.9982500000000001,0.9973573739201663,0.9991426260798338
0.90,H2,473,0.9982500000000001,0.9973573739201663,0.9991426260798338
0.90,H2,474,0.9983000000000001,0.9973929489474229,0.9992070510525772
0.90,H2,475,0.9983000000000001,0.9973929489474229,0.9992070510525772
0.90,H2,476,0.9983000000000001,0.9973929489474229,0.9992070510525772
0.90,H2,477,0.9983500000000001,0.9974663678632383,0.9992336321367619
0.90,H2,478,0.9983500000000001,0.9974663678632383,0.9992336321367619
0.90,H2,479,0.9984000000000001,0.9975243133360059,0.9992756866639942
0.90,H2,480,0.9984000000000001,0.9975243133360059,0.9992756866639942
0.90,H2,481,0.9985,0.9977056229934049,0.9992943770065952
0.90,H2,482,0.99855,0.9978364026742357,0.9992635973257644
0.90,H2,483,0.9986,0.9978416331032258,0.9993583668967743
0.90,H2,484,0.9987,0.9979684390408723,0.9994315609591278
0.90,H2,485,0.9987,0.9979684390408723,0.9994315609591278
0.90,H2,486,0.9987500000000001,0.9980947570550308,0.9994052429449695
0.90,H2,487,0.9987500000000001,0.9980947570550308,0.9994052429449695
0.90,H2,488,0.9988000000000001,0.9981807960216952,0.9994192039783051
0.90,H2,489,0.9988000000000001,0.9981807960216952,0.9994192039783051
0.90,H2,490,0.9988500000000001,0.9981947570550308,0.9995052429449695
0.90,H2,491,0.9989000000000001,0.99823718174042,0.9995628182595803
0.90,H2,492,0.9989000000000001,0.99823718174042,0.9995628182595803
0.90,H2,493,0.9989000000000001,0.99823718174042,0.9995628182595803
0.90,H2,494,0.9989000000000001,0.99823718174042,0.9995628182595803
0.90,H2,495,0.9989000000000001,0.99823718174042,0.9995628182595803
0.90,H2,496,0.9989000000000001,0.99823718174042,0.9995628182595803
0.90,H2,497,0.9989000000000001,0.99823718174042,0.9995628182595803
0.90,H2,498,0.9989000000000001,0.99823718174042,0.9995628182595803
0.90,H2,499,0.9989500000000001,0.9983324106371638,0.9995675893628364
0.90,H2,500,0.9989500000000001,0.9983324106371638,0.9995675893628364
0.90,H2,501,0.9990000000000001,0.9984071573259404,0.9995928426740598
0.90,H2,502,0.9990000000000001,0.9984071573259404,0.9995928426740598
0.90,H2,503,0.9990000000000001,0.9984071573259404,0.9995928426740598
0.90,H2,504,0.9990500000000001,0.9984865158742577,0.9996134841257425
0.90,H2,505,0.9990500000000001,0.9984865158742577,0.9996134841257425
0.90,H2,506,0.9990500000000001,0.9984865158742577,0.9996134841257425
0.90,H2,507,0.9990500000000001,0.9984865158742577,0.9996134841257425
0.90,H2,508,0.9990500000000001,0.9984865158742577,0.9996134841257425
0.90,H2,509,0.9990500000000001,0.9984865158742577,0.9996134841257425
0.90,H2,510,0.9990500000000001,0.9984865158742577,0.9996134841257425
0.90,H2,511,0.9990500000000001,0.9984865158742577,0.9996134841257425
0.90,H2,512,0.9990500000000001,0.9984865158742577,0.9996134841257425
0.90,H2,513,0.9991000000000001,0.9985418570765627,0.9996581429234375
0.90,H2,514,0.9991000000000001,0.9985418570765627,0.9996581429234375
0.90,H2,515,0.9991000000000001,0.9985418570765627,0.9996581429234375
0.90,H2,516,0.9992000000000001,0.9986347466889759,0.9997652533110243
0.90,H2,517,0.9992500000000001,0.9986454827911406,0.9998545172088595
0.90,H2,518,0.9992500000000001,0.9986454827911406,0.9998545172088595
0.90,H2,519,0.9992500000000001,0.9986454827911406,0.9998545172088595
0.90,H2,520,0.9992500000000001,0.9986454827911406,0.9998545172088595
0.90,H2,521,0.9992500000000001,0.9986454827911406,0.9998545172088595
0.90,H2,522,0.9992500000000001,0.9986454827911406,0.9998545172088595
0.90,H2,523,0.9992500000000001,0.9986454827911406,0.9998545172088595
0.90,H2,524,0.9992500000000001,0.9986454827911406,0.9998545172088595
0.90,H2,525,0.9993000000000001,0.9986872800116628,0.9999127199883373
0.90,H2,526,0.9993500000000001,0.9987324106371639,0.9999675893628363
0.90,H2,527,0.9994000000000001,0.9988944220688173,0.9999055779311828
0.90,H2,528,0.9994000000000001,0.9988944220688173,0.9999055779311828
0.90,H2,529,0.9994000000000001,0.9988944220688173,0.9999055779311828
0.90,H2,530,0.9994500000000001,0.9989156188350987,0.9999843811649014
0.90,H2,531,0.9994500000000001,0.9989156188350987,0.9999843811649014
0.90,H2,532,0.9995,0.9989418570765627,1
0.90,H2,533,0.9995,0.9989418570765627,1
0.90,H2,534,0.9995,0.9989418570765627,1
0.90,H2,535,0.9995,0.9989418570765627,1
0.90,H2,536,0.9995,0.9989418570765627,1
0.90,H2,537,0.9995,0.9989418570765627,1
0.90,H2,538,0.9995,0.9989418570765627,1
0.90,H2,539,0.9995,0.9989418570765627,1
0.90,H2,540,0.9995,0.9989418570765627,1
0.90,H2,541,0.9995,0.9989418570765627,1
0.90,H2,542,0.9995,0.9989418570765627,1
0.90,H2,543,0.99955,0.9989725141341601,1
0.90,H2,544,0.99955,0.9989725141341601,1
0.90,H2,545,0.99955,0.9989725141341601,1
0.90,H2,546,0.9996,0.9990347466889758,1
0.90,H2,547,0.9996,0.9990347466889758,1
0.90,H2,548,0.99965,0.9990725141341601,1
0.90,H2,549,0.99965,0.9990725141341601,1
0.90,H2,550,0.99965,0.9990725141341601,1
0.90,H2,551,0.99965,0.9990725141341601,1
0.90,H2,552,0.99965,0.9990725141341601,1
0.90,H2,553,0.99965,0.9990725141341601,1
0.90,H2,554,0.99965,0.9990725141341601,1
0.90,H2,555,0.99965,0.9990725141341601,1
0.90,H2,556,0.99965,0.9990725141341601,1
0.90,H2,557,0.99965,0.9990725141341601,1
0.90,H2,558,0.99965,0.9990725141341601,1
0.90,H2,559,0.99965,0.9990725141341601,1
0.90,H2,560,0.9997,0.9991139328933086,1
0.90,H2,561,0.99975,0.9992791911552694,1
0.90,H2,562,0.99975,0.9992791911552694,1
0.90,H2,563,0.99975,0.9992791911552694,1
0.90,H2,564,0.9998,0.9994425024164424,1
0.90,H2,565,0.9998,0.9994425024164424,1
0.90,H2,566,0.9998,0.9994425024164424,1
0.90,H2,567,0.9998,0.9994425024164424,1
0.90,H2,568,0.9998,0.9994425024164424,1
0.90,H2,569,0.9998,0.9994425024164424,1
0.90,H2,570,0.9998,0.9994425024164424,1
0.90,H2,571,0.9998,0.9994425024164424,1
0.90,H2,572,0.9998,0.9994425024164424,1
0.90,H2,573,0.9998,0.9994425024164424,1
0.90,H2,574,0.9998,0.9994425024164424,1
0.90,H2,575,0.9998,0.9994425024164424,1
0.90,H2,576,0.9998,0.9994425024164424,1
0.90,H2,577,0.9998,0.9994425024164424,1
0.90,H2,578,0.9998,0.9994425024164424,1
0.90,H2,579,0.9998,0.9994425024164424,1
0.90,H2,580,0.9998,0.9994425024164424,1
0.90,H2,581,0.9998,0.9994425024164424,1
0.90,H2,582,0.99985,0.9996011922118088,1
0.90,H2,583,0.99985,0.9996011922118088,1
0.90,H2,584,0.99985,0.9996011922118088,1
0.90,H2,585,0.99985,0.9996011922118088,1
0.90,H2,586,0.9999,0.9996635375749,1
0.90,H2,587,0.9999,0.9996635375749,1
0.90,H2,588,0.9999,0.9996635375749,1
0.90,H2,589,0.9999,0.9996635375749,1
0.90,H2,590,0.9999,0.9996635375749,1
0.90,H2,591,0.9999,0.9996635375749,1
0.90,H2,592,0.9999,0.9996635375749,1
0.90,H2,593,0.9999,0.9996635375749,1
0.90,H2,594,0.9999,0.9996635375749,1
0.90,H2,595,0.9999,0.9996635375749,1
0.90,H2,596,0.9999,0.9996635375749,1
0.90,H2,597,0.9999,0.9996635375749,1
0.90,H2,598,0.9999,0.9996635375749,1
0.90,H2,599,0.9999,0.9996635375749,1
0.90,H2,600,0.9999,0.9996635375749,1
0.90,H2,601,0.9999,0.9996635375749,1
0.90,H2,602,0.9999,0.9996635375749,1
0.90,H2,603,0.9999,0.9996635375749,1
0.90,H2,604,0.9999,0.9996635375749,1
0.90,H2,605,0.9999,0.9996635375749,1
0.90,H2,606,0.9999,0.9996635375749,1
0.90,H2,607,0.9999,0.9996635375749,1
0.90,H2,608,0.9999,0.9996635375749,1
0.90,H2,609,0.9999,0.9996635375749,1
0.90,H2,610,0.9999,0.9996635375749,1
0.90,H2,611,0.9999,0.9996635375749,1
0.90,H2,612,0.9999,0.9996635375749,1
0.90,H2,613,0.9999,0.9996635375749,1
0.90,H2,614,0.9999,0.9996635375749,1
0.90,H2,615,0.9999,0.9996635375749,1
0.90,H2,616,0.9999,0.9996635375749,1
0.90,H2,617,0.9999,0.9996635375749,1
0.90,H2,618,0.9999,0.9996635375749,1
0.90,H2,619,0.9999,0.9996635375749,1
0.90,H2,620,0.9999,0.9996635375749,1
0.90,H2,621,0.9999,0.9996635375749,1
0.90,H2,622,0.9999,0.9996635375749,1
0.90,H2,623,0.9999,0.9996635375749,1
0.90,H2,624,0.9999,0.9996635375749,1
0.90,H2,625,0.9999,0.9996635375749,1
0.90,H2,626,0.9999,0.9996635375749,1
0.90,H2,627,0.9999,0.9996635375749,1
0.90,H2,628,0.9999,0.9996635375749,1
0.90,H2,629,0.9999,0.9996635375749,1
0.90,H2,630,0.9999,0.9996635375749,1
0.90,H2,631,0.9999,0.9996635375749,1
0.90,H2,632,0.9999,0.9996635375749,1
0.90,H2,633,0.9999,0.9996635375749,1
0.90,H2,634,0.9999,0.9996635375749,1
0.90,H2,635,0.9999,0.9996635375749,1
0.90,H2,636,0.9999,0.9996635375749,1
0.90,H2,637,0.9999,0.9996635375749,1
0.90,H2,638,0.9999,0.9996635375749,1
0.90,H2,639,0.9999,0.9996635375749,1
0.90,H2,640,0.9999,0.9996635375749,1
0.90,H2,641,0.9999,0.9996635375749,1
0.90,H2,642,0.9999,0.9996635375749,1
0.90,H2,643,0.9999,0.9996635375749,1
0.90,H2,644,0.9999,0.9996635375749,1
0.90,H2,645,0.9999,0.9996635375749,1
0.90,H2,646,0.9999,0.9996635375749,1
0.90,H2,647,0.9999,0.9996635375749,1
0.90,H2,648,0.9999,0.9996635375749,1
0.90,H2,649,0.9999,0.9996635375749,1
0.90,H2,650,0.9999,0.9996635375749,1
0.90,H2,651,0.9999,0.9996635375749,1
0.90,H2,652,0.9999,0.9996635375749,1
0.90,H2,653,0.9999,0.9996635375749,1
0.90,H2,654,0.9999,0.9996635375749,1
0.90,H2,655,0.9999,0.9996635375749,1
0.90,H2,656,0.9999,0.9996635375749,1
0.90,H2,657,0.9999,0.9996635375749,1
0.90,H2,658,0.9999,0.9996635375749,1
0.90,H2,659,0.99995,0.9998317687874501,1
0.90,H2,660,0.99995,0.9998317687874501,1
0.90,H2,661,0.99995,0.9998317687874501,1
0.90,H2,662,0.99995,0.9998317687874501,1
0.90,H2,663,0.99995,0.9998317687874501,1
0.90,H2,664,0.99995,0.9998317687874501,1
0.90,H2,665,0.99995,0.9998317687874501,1
0.90,H2,666,0.99995,0.9998317687874501,1
0.90,H2,667,0.99995,0.9998317687874501,1
0.90,H2,668,0.99995,0.9998317687874501,1
0.90,H2,669,0.99995,0.9998317687874501,1
0.90,H2,670,0.99995,0.9998317687874501,1
0.90,H2,671,0.99995,0.9998317687874501,1
0.90,H2,672,0.99995,0.9998317687874501,1
0.90,H2,673,0.99995,0.9998317687874501,1
0.90,H2,674,0.99995,0.9998317687874501,1
0.90,H2,675,0.99995,0.9998317687874501,1
0.90,H2,676,0.99995,0.9998317687874501,1
0.90,H2,677,0.99995,0.9998317687874501,1
0.90,H2,678,0.99995,0.9998317687874501,1
0.90,H2,679,0.99995,0.9998317687874501,1
0.90,H2,680,0.99995,0.9998317687874501,1
0.90,H2,681,0.99995,0.9998317687874501,1
0.90,H2,682,0.99995,0.9998317687874501,1
0.90,H2,683,0.99995,0.9998317687874501,1
0.90,H2,684,0.99995,0.9998317687874501,1
0.90,H2,685,0.99995,0.9998317687874501,1
0.90,H2,686,0.99995,0.9998317687874501,1
0.90,H2,687,0.99995,0.9998317687874501,1
0.90,H2,688,0.99995,0.9998317687874501,1
0.90,H2,689,0.99995,0.9998317687874501,1
0.90,H2,690,0.99995,0.9998317687874501,1
0.90,H2,691,0.99995,0.9998317687874501,1
0.90,H2,692,0.99995,0.9998317687874501,1
0.90,H2,693,0.99995,0.9998317687874501,1
0.90,H2,694,0.99995,0.9998317687874501,1
0.90,H2,695,0.99995,0.9998317687874501,1
0.90,H2,696,0.99995,0.9998317687874501,1
0.90,H2,697,0.99995,0.9998317687874501,1
0.90,H2,698,0.99995,0.9998317687874501,1
0.90,H2,699,1.0,1.0,1
0.90,H2,700,1.0,1.0,1
0.90,H2,701,1.0,1.0,1
0.90,H2,702,1.0,1.0,1
0.90,H2,703,1.0,1.0,1
0.90,H2,704,1.0,1.0,1
0.90,H2,705,1.0,1.0,1
0.90,H2,706,1.0,1.0,1
0.90,H2,707,1.0,1.0,1
0.90,H2,708,1.0,1.0,1
0.90,H2,709,1.0,1.0,1
0.90,H2,710,1.0,1.0,1
0.90,H2,711,1.0,1.0,1
0.90,H2,712,1.0,1.0,1
0.90,H2,713,1.0,1.0,1
0.90,H2,714,1.0,1.0,1
0.90,H2,715,1.0,1.0,1
0.90,H2,716,1.0,1.0,1
0.90,H2,717,1.0,1.0,1
0.90,H2,718,1.0,1.0,1
0.90,H2,719,1.0,1.0,1
0.90,H2,720,1.0,1.0,1
0.90,H2,721,1.0,1.0,1
0.90,H2,722,1.0,1.0,1
0.90,H2,723,1.0,1.0,1
0.90,H2,724,1.0,1.0,1
0.90,H2,725,1.0,1.0,1
0.90,H2,726,1.0,1.0,1
0.90,H2,727,1.0,1.0,1
0.90,H2,728,1.0,1.0,1
0.90,H2,729,1.0,1.0,1
0.90,H2,730,1.0,1.0,1
0.90,H2,731,1.0,1.0,1
0.90,H2,732,1.0,1.0,1
0.90,H2,733,1.0,1.0,1
0.90,H2,734,1.0,1.0,1
0.90,H2,735,1.0,1.0,1
0.90,H2,736,1.0,1.0,1
0.90,H2,737,1.0,1.0,1
0.90,H2,738,1.0,1.0,1
0.90,H2,739,1.0,1.0,1
0.90,H2,740,1.0,1.0,1
0.90,H2,741,1.0,1.0,1
0.90,H2,742,1.0,1.0,1
0.90,H2,743,1.0,1.0,1
0.90,H2,744,1.0,1.0,1
0.90,H2,745,1.0,1.0,1
0.90,H2,746,1.0,1.0,1
0.90,H2,747,1.0,1.0,1
0.90,H2,748,1.0,1.0,1
0.90,H2,749,1.0,1.0,1
0.90,H2,750,1.0,1.0,1
0.90,H2,751,1.0,1.0,1
0.90,H2,752,1.0,1.0,1
0.90,H2,753,1.0,1.0,1
0.90,H2,754,1.0,1.0,1
0.90,H2,755,1.0,1.0,1
0.90,H2,756,1.0,1.0,1
0.90,H2,757,1.0,1.0,1
0.90,H2,758,1.0,1.0,1
0.90,H2,759,1.0,1.0,1
0.90,H2,760,1.0,1.0,1
0.90,H2,761,1.0,1.0,1
0.90,H2,762,1.0,1.0,1
0.90,H2,763,1.0,1.0,1
0.90,H2,764,1.0,1.0,1
0.90,H2,765,1.0,1.0,1
0.90,H2,766,1.0,1.0,1
0.90,H2,767,1.0,1.0,1
0.90,H2,768,1.0,1.0,1
0.90,H2,769,1.0,1.0,1
0.90,H2,770,1.0,1.0,1
0.90,H2,771,1.0,1.0,1
0.90,H2,772,1.0,1.0,1
0.90,H2,773,1.0,1.0,1
0.90,H2,774,1.0,1.0,1
0.90,H2,775,1.0,1.0,1
0.90,H2,776,1.0,1.0,1
0.90,H2,777,1.0,1.0,1
0.90,H2,778,1.0,1.0,1
0.90,H2,779,1.0,1.0,1
0.90,H2,780,1.0,1.0,1
0.90,H2,781,1.0,1.0,1
0.90,H2,782,1.0,1.0,1
0.90,H2,783,1.0,1.0,1
0.90,H2,784,1.0,1.0,1
0.90,H2,785,1.0,1.0,1
0.90,H2,786,1.0,1.0,1
0.90,H2,787,1.0,1.0,1
0.90,H2,788,1.0,1.0,1
0.90,H2,789,1.0,1.0,1
0.90,H2,790,1.0,1.0,1
0.90,H2,791,1.0,1.0,1
0.90,H2,792,1.0,1.0,1
0.90,H2,793,1.0,1.0,1
0.90,H2,794,1.0,1.0,1
0.90,H2,795,1.0,1.0,1
0.90,H2,796,1.0,1.0,1
0.90,H2,797,1.0,1.0,1
0.90,H2,798,1.0,1.0,1
0.90,H2,799,1.0,1.0,1
0.90,H2,800,1.0,1.0,1
0.90,H2,801,1.0,1.0,1
0.90,H2,802,1.0,1.0,1
0.90,H2,803,1.0,1.0,1
0.90,H2,804,1.0,1.0,1
0.90,H2,805,1.0,1.0,1
0.90,H2,806,1.0,1.0,1
0.90,H2,807,1.0,1.0,1
0.90,H2,808,1.0,1.0,1
0.90,H2,809,1.0,1.0,1
0.90,H2,810,1.0,1.0,1
0.90,H2,811,1.0,1.0,1
0.90,H2,812,1.0,1.0,1
0.90,H2,813,1.0,1.0,1
0.90,H2,814,1.0,1.0,1
0.90,H2,815,1.0,1.0,1
0.90,H2,816,1.0,1.0,1
0.90,H2,817,1.0,1.0,1
0.90,H2,818,1.0,1.0,1
0.90,H2,819,1.0,1.0,1
0.90,H2,820,1.0,1.0,1
0.90,H2,821,1.0,1.0,1
0.90,H2,822,1.0,1.0,1
0.90,H2,823,1.0,1.0,1
0.90,H2,824,1.0,1.0,1
0.90,H2,825,1.0,1.0,1
0.90,H2,826,1.0,1.0,1
0.90,H2,827,1.0,1.0,1
0.90,H2,828,1.0,1.0,1
0.90,H2,829,1.0,1.0,1
0.90,H2,830,1.0,1.0,1
0.90,H2,831,1.0,1.0,1
0.90,H2,832,1.0,1.0,1
0.90,H2,833,1.0,1.0,1
0.90,H2,834,1.0,1.0,1
0.90,H2,835,1.0,1.0,1
0.90,H2,836,1.0,1.0,1
0.90,H2,837,1.0,1.0,1
0.90,H2,838,1.0,1.0,1
0.90,H2,839,1.0,1.0,1
0.90,H2,840,1.0,1.0,1
0.90,H2,841,1.0,1.0,1
0.90,H2,842,1.0,1.0,1
0.90,H2,843,1.0,1.0,1
0.90,H2,844,1.0,1.0,1
0.90,H2,845,1.0,1.0,1
0.90,H2,846,1.0,1.0,1
0.90,H2,847,1.0,1.0,1
0.90,H2,848,1.0,1.0,1
0.90,H2,849,1.0,1.0,1
0.90,H2,850,1.0,1.0,1
0.90,H2,851,1.0,1.0,1
0.90,H2,852,1.0,1.0,1
0.90,H2,853,1.0,1.0,1
0.90,H2,854,1.0,1.0,1
0.90,H2,855,1.0,1.0,1
0.90,H2,856,1.0,1.0,1
0.90,H2,857,1.0,1.0,1
0.90,H2,858,1.0,1.0,1
0.90,H2,859,1.0,1.0,1
0.90,H2,860,1.0,1.0,1
0.90,H2,861,1.0,1.0,1
0.90,H2,862,1.0,1.0,1
0.90,H2,863,1.0,1.0,1
0.90,H2,864,1.0,1.0,1
0.90,H2,865,1.0,1.0,1
0.90,H2,866,1.0,1.0,1
0.90,H2,867,1.0,1.0,1
0.90,H2,868,1.0,1.0,1
0.90,H2,869,1.0,1.0,1
0.90,H2,870,1.0,1.0,1
0.90,H2,871,1.0,1.0,1
0.90,H2,872,1.0,1.0,1
0.90,H2,873,1.0,1.0,1
0.90,H2,874,1.0,1.0,1
0.90,H2,875,1.0,1.0,1
0.90,H2,876,1.0,1.0,1
0.90,H2,877,1.0,1.0,1
0.90,H2,878,1.0,1.0,1
0.90,H2,879,1.0,1.0,1
0.90,H2,880,1.0,1.0,1
0.90,H2,881,1.0,1.0,1
0.90,H2,882,1.0,1.0,1
0.90,H2,883,1.0,1.0,1
0.90,H2,884,1.0,1.0,1
0.90,H2,885,1.0,1.0,1
0.90,H2,886,1.0,1.0,1
0.90,H2,887,1.0,1.0,1
0.90,H2,888,1.0,1.0,1
0.90,H2,889,1.0,1.0,1
0.90,H2,890,1.0,1.0,1
0.90,H2,891,1.0,1.0,1
0.90,H2,892,1.0,1.0,1
0.90,H2,893,1.0,1.0,1
0.90,H2,894,1.0,1.0,1
0.90,H2,895,1.0,1.0,1
0.90,H2,896,1.0,1.0,1
0.90,H2,897,1.0,1.0,1
0.90,H2,898,1.0,1.0,1
0.90,H2,899,1.0,1.0,1
0.90,H2,900,1.0,1.0,1
0.90,H2,901,1.0,1.0,1
0.90,H2,902,1.0,1.0,1
0.90,H2,903,1.0,1.0,1
0.90,H2,904,1.0,1.0,1
0.90,H2,905,1.0,1.0,1
0.90,H2,906,1.0,1.0,1
0.90,H2,907,1.0,1.0,1
0.90,H2,908,1.0,1.0,1
0.90,H2,909,1.0,1.0,1
0.90,H2,910,1.0,1.0,1
0.90,H2,911,1.0,1.0,1
0.90,H2,912,1.0,1.0,1
0.90,H2,913,1.0,1.0,1
0.90,H2,914,1.0,1.0,1
0.90,H2,915,1.0,1.0,1
0.90,H2,916,1.0,1.0,1
0.90,H2,917,1.0,1.0,1
0.90,H2,918,1.0,1.0,1
0.90,H2,919,1.0,1.0,1
0.90,H2,920,1.0,1.0,1
0.90,H2,921,1.0,1.0,1
0.90,H2,922,1.0,1.0,1
0.90,H2,923,1.0,1.0,1
0.90,H2,924,1.0,1.0,1
0.90,H2,925,1.0,1.0,1
0.90,H2,926,1.0,1.0,1
0.90,H2,927,1.0,1.0,1
0.90,H2,928,1.0,1.0,1
0.90,H2,929,1.0,1.0,1
0.90,H2,930,1.0,1.0,1
0.90,H2,931,1.0,1.0,1
0.90,H2,932,1.0,1.0,1
0.90,H2,933,1.0,1.0,1
0.90,H2,934,1.0,1.0,1
0.90,H2,935,1.0,1.0,1
0.90,H2,936,1.0,1.0,1
0.90,H2,937,1.0,1.0,1
0.90,H2,938,1.0,1.0,1
0.90,H2,939,1.0,1.0,1
0.90,F2,0,0.0,0,0.0
0.90,F2,1,0.14840728291316527,0.14259041800603434,0.1542241478202962
0.90,F2,2,0.14855730292116845,0.14283171457290716,0.15428289126942973
0.90,F2,3,0.45452192877150865,0.44329175018058675,0.46575210736243056
0.90,F2,4,0.45512194877951184,0.4438523427417551,0.46639155481726857
0.90,F2,5,0.455471968787515,0.44431172628341575,0.46663221129161425
0.90,F2,6,0.45572196878751503,0.4444981526497812,0.46694578492524885
0.90,F2,7,0.45597198879551826,0.4446604999092188,0.4672834776818177
0.90,F2,8,0.45612198879551824,0.4447877171210523,0.4674562604699842
0.90,F2,9,0.45662200880352144,0.44527629275275915,0.46796772485428373
0.90,F2,10,0.4568220088035214,0.44544707080875473,0.4681969467982881
0.90,F2,11,0.4570720088035214,0.4455510150932878,0.46859300251375496
0.90,F2,12,0.4571220288115246,0.4456591698754824,0.4685848877475668
0.90,F2,13,0.45737202881152456,0.4458481328773618,0.4688959247456873
0.90,F2,14,0.45757204881952773,0.44618944605306016,0.4689546515859953
0.90,F2,15,0.4576220488195277,0.4462191030217862,0.46902499461726926
0.90,F2,16,0.45792208883553415,0.44678812951072316,0.46905604816034513
0.90,F2,17,0.45817208883553423,0.4469553431124962,0.4693888345585723
0.90,F2,18,0.4583220888355342,0.44712437764723817,0.46951980002383026
0.90,F2,19,0.4585721088435375,0.44749295941666134,0.46965125827041365
0.90,F2,20,0.4586721088435375,0.4477017995854473,0.46964241810162766
0.90,F2,21,0.45882210884353747,0.4478461264880966,0.46979809119897836
0.90,F2,22,0.4589721088435375,0.44789359703137965,0.47005062065569536
0.90,F2,23,0.45942210884353746,0.44830104501055107,0.47054317267652385
0.90,F2,24,0.45957210884353744,0.4484592768644915,0.4706849408225834
0.90,F2,25,0.4597221088435374,0.4485074643296156,0.47093675335745927
0.90,F2,26,0.45992210884353746,0.44866228541125536,0.47118193227581956
0.90,F2,27,0.46007212885154064,0.4489107095060089,0.47123354819707236
0.90,F2,28,0.4602721288515406,0.44898223121230324,0.471562026490778
0.90,F2,29,0.4604221288515406,0.44928194868570026,0.47156230901738094
0.90,F2,30,0.46062212885154064,0.44958021475882587,0.4716640429442554
0.90,F2,31,0.4608721288515406,0.4496591367457453,0.4720851209573359
0.90,F2,32,0.46112218887555023,0.4501172702985745,0.47212710745252595
0.90,F2,33,0.4614222088835534,0.45057175292898666,0.47227266483812014
0.90,F2,34,0.4615222088835534,0.45060769064455597,0.4724367271225508
0.90,F2,35,0.4616222288915566,0.4507317915206968,0.47251266626241634
0.90,F2,36,0.46182222889155666,0.4507979816266322,0.4728464761564811
0.90,F2,37,0.46202222889155664,0.450880105302126,0.47316435248098726
0.90,F2,38,0.4624722488995598,0.45128524541487114,0.47365925238424844
0.90,F2,39,0.4626722488995598,0.451400912223728,0.4739435855753916
0.90,F2,40,0.46297224889955985,0.45158434693588767,0.474360150863232
0.90,F2,41,0.4631722488995599,0.4516597848477335,0.47468471295138626
0.90,F2,42,0.463372268907563,0.45188243999236344,0.47486209782276256
0.90,F2,43,0.4636222889155662,0.4523440660617008,0.47490051176943165
0.90,F2,44,0.4636722889155662,0.452359582073062,0.47498499575807046
0.90,F2,45,0.46372228891556627,0.4523866478427547,0.47505792998837787
0.90,F2,46,0.46382228891556626,0.4525047882711357,0.4751397895599968
0.90,F2,47,0.46387228891556626,0.4525323920205369,0.4752121858105956
0.90,F2,48,0.46407228891556623,0.45286520591766716,0.4752793719134653
0.90,F2,49,0.4643222889155662,0.45305544643050955,0.47558913140062287
0.90,F2,50,0.4644222889155662,0.4531495797865364,0.475694998044596
0.90,F2,51,0.46462228891556634,0.4532820727000706,0.4759625051310621
0.90,F2,52,0.46472228891556633,0.4533151591486929,0.47612941868243974
0.90,F2,53,0.46507234893957583,0.45383584174134733,0.4763088561378043
0.90,F2,54,0.46527236894757906,0.45400646192748956,0.47653827596766857
0.90,F2,55,0.46537236894757905,0.4542113349756236,0.4765334029195345
0.90,F2,56,0.4655223889555823,0.45446334175503533,0.47658143615612925
0.90,F2,57,0.4658724489795919,0.454949906189996,0.4767949917691878
0.90,F2,58,0.46622248899559826,0.455458274984837,0.47698670300635954
0.90,F2,59,0.4665224889955983,0.45567045669339545,0.4773745212978011
0.90,F2,60,0.4669725490196079,0.4561973646568929,0.47774773338232285
0.90,F2,61,0.4677725690276111,0.4566766727823526,0.47886846527286964
0.90,F2,62,0.4681725690276111,0.457122048391951,0.47922308966327126
0.90,F2,63,0.46857258903561433,0.4577765725079817,0.47936860556324695
0.90,F2,64,0.4688725890356143,0.45830666985434104,0.47943850821688755
0.90,F2,65,0.46922258903561426,0.4587003550841963,0.4797448229870322
0.90,F2,66,0.4698225890356142,0.45940668163573867,0.4802384964354897
0.90,F2,67,0.4701726090436174,0.4595727766822244,0.4807724414050104
0.90,F2,68,0.4704726090436175,0.45996791177706486,0.4809773063101701
0.90,F2,69,0.47082266906762704,0.46059151988265506,0.481053818252599
0.90,F2,70,0.47137268907563024,0.4611014110859426,0.48164396706531787
0.90,F2,71,0.47167268907563026,0.46146200061252834,0.48188337753873217
0.90,F2,72,0.4720226890756302,0.46168269929034367,0.48236267886091677
0.90,F2,73,0.4723726890756302,0.4618488676894309,0.48289651046182946
0.90,F2,74,0.47292270908363343,0.4622121206130883,0.48363329755417855
0.90,F2,75,0.4736727290916366,0.46293641067611513,0.4844090475071581
0.90,F2,76,0.47397274909963977,0.4631577147899871,0.48478778340929246
0.90,F2,77,0.4745727891156462,0.4635722049272374,0.48557337330405503
0.90,F2,78,0.4751727891156463,0.46398526790295674,0.4863603103283359
0.90,F2,79,0.4759727891156463,0.46467430936488197,0.4872712688664106
0.90,F2,80,0.4769227891156463,0.46542357150520564,0.48842200672608693
0.90,F2,81,0.47767282913165265,0.4660098673488788,0.4893357909144265
0.90,F2,82,0.4782728291316527,0.46654727913940874,0.48999837912389665
0.90,F2,83,0.47927284913965584,0.46734361932695995,0.49120207895235174
0.90,F2,84,0.4802728491396559,0.4680651595447392,0.4924805387345726
0.90,F2,85,0.48107286914765907,0.4687940402505225,0.4933516980447956
0.90,F2,86,0.4820228891556622,0.46960767321093727,0.49443810510038716
0.90,F2,87,0.4829729091636654,0.4703379484781834,0.49560786984914745
0.90,F2,88,0.4840729091636655,0.4711946942642216,0.49695112406310943
0.90,F2,89,0.4854229291716686,0.4723606386204614,0.49848521972287585
0.90,F2,90,0.4863229891956783,0.47329251869140443,0.49935345969995215
0.90,F2,91,0.48727298919567835,0.47406401293159817,0.5004819654597585
0.90,F2,92,0.48807298919567826,0.47487480509070273,0.5012711733006537
0.90,F2,93,0.48877300920368144,0.4753211033324085,0.5022249150749544
0.90,F2,94,0.48997300920368153,0.47616870180362814,0.5037773166037349
0.90,F2,95,0.49127312925170075,0.4774999958569527,0.5050462626464488
0.90,F2,96,0.49237316926770713,0.47835675371431047,0.5063895848211037
0.90,F2,97,0.4930731892757103,0.4788260186530914,0.5073203598983292
0.90,F2,98,0.4939232693077231,0.47993801444450873,0.5079085241709376
0.90,F2,99,0.4950733493397359,0.48140747876685075,0.508739219912621
0.90,F2,100,0.49617340936374554,0.4825602075298989,0.5097866111975922
0.90,F2,101,0.49712348939575834,0.4837931568176848,0.5104538219738318
0.90,F2,102,0.49807354941976795,0.4847397420320825,0.5114073568074534
0.90,F2,103,0.4990735894357743,0.48563332243472207,0.5125138564368265
0.90,F2,104,0.49987362945178065,0.4864572212068578,0.5132900376967036
0.90,F2,105,0.5006236694677871,0.4872824089447212,0.5139649299908531
0.90,F2,106,0.5017236694677871,0.48811394839475103,0.5153333905408233
0.90,F2,107,0.5029237094837935,0.4890691350047285,0.5167782839628585
0.90,F2,108,0.5037237294917967,0.4897881031286196,0.5176593558549737
0.90,F2,109,0.5045737494997999,0.4905802089945223,0.5185672900050776
0.90,F2,110,0.5057737895158063,0.4917728702412732,0.5197747087903395
0.90,F2,111,0.5068238295318127,0.492684722721949,0.5209629363416763
0.90,F2,112,0.5075238695478191,0.49330161171647086,0.5217461273791675
0.90,F2,113,0.5082739295718287,0.4940745652051186,0.5224732939385388
0.90,F2,114,0.509323949579832,0.49496904457948704,0.5236788545801769
0.90,F2,115,0.5110240096038414,0.4962203221601584,0.5258276970475244
0.90,F2,116,0.5122740896358543,0.49720701723622196,0.5273411620354866
0.90,F2,117,0.5131741096438576,0.4979321838674626,0.5284160354202526
0.90,F2,118,0.5138241096438576,0.49829170626562164,0.5293565130220935
0.90,F2,119,0.5147741496598639,0.499240519199465,0.5303077801202628
0.90,F2,120,0.51572424969988,0.500495537521571,0.5309529618781889
0.90,F2,121,0.5166242897158864,0.5013243389204822,0.5319242405112905
0.90,F2,122,0.5178243097238896,0.5022737288762952,0.533374890571484
0.90,F2,123,0.5185743297318928,0.5029637861923061,0.5341848732714795
0.90,F2,124,0.5193743897559024,0.5040547497529578,0.5346940297588471
0.90,F2,125,0.520474449779912,0.5051845302111925,0.5357643693486315
0.90,F2,126,0.5214245098039215,0.506052503704519,0.536796515903324
0.90,F2,127,0.5223245498199279,0.5069602728276965,0.5376888268121593
0.90,F2,128,0.5235745698279312,0.507818493524889,0.5393306461309734
0.90,F2,129,0.5245246298519408,0.5087305528502297,0.5403187068536519
0.90,F2,130,0.5255746698679471,0.5094866425785887,0.5416626971573055
0.90,F2,131,0.5262747098839535,0.510356831732984,0.5421925880349231
0.90,F2,132,0.5271247098839535,0.5110056100525318,0.5432438097153753
0.90,F2,133,0.5278247098839537,0.5114456749932307,0.5442037447746767
0.90,F2,134,0.5287747699079632,0.5123853543548029,0.5451641854611236
0.90,F2,135,0.5301747899159664,0.5132348918148621,0.5471146880170707
0.90,F2,136,0.5309248099239696,0.513716058914765,0.5481335609331742
0.90,F2,137,0.5319248899559824,0.5147629838385703,0.5490867960733945
0.90,F2,138,0.5327249299719888,0.5154194029576946,0.5500304569862831
0.90,F2,139,0.533374949979992,0.5161407988986877,0.5506091010612963
0.90,F2,140,0.5343249699879952,0.5169605237142005,0.5516894162617898
0.90,F2,141,0.5349750100040016,0.5176840396628742,0.552265980345129
0.90,F2,142,0.5359250300120049,0.5184858602112754,0.5533641998127343
0.90,F2,143,0.5368750900360144,0.5192982327322392,0.5544519473397896
0.90,F2,144,0.5373751100440176,0.5197018654211781,0.5550483546668571
0.90,F2,145,0.537975150060024,0.5203891875181367,0.5555611126019114
0.90,F2,146,0.5386751700680272,0.5209660134883837,0.5563843266476708
0.90,F2,147,0.5395252100840336,0.5218560811444207,0.5571943390236466
0.90,F2,148,0.5401752300920368,0.5225279618760353,0.5578224983080383
0.90,F2,149,0.5408752300920369,0.5229935891835298,0.5587568710005439
0.90,F2,150,0.54177525010004,0.523587264514708,0.559963235685372
0.90,F2,151,0.5427252901160464,0.5243402588911965,0.5611103213408963
0.90,F2,152,0.5438752901160464,0.5250135383164268,0.562737041915666
0.90,F2,153,0.5455253901560624,0.5263986442680667,0.5646521360440581
0.90,F2,154,0.5464254701880752,0.5272112313610801,0.5656397090150703
0.90,F2,155,0.5475755102040816,0.5281488336414588,0.5670021867667043
0.90,F2,156,0.5484255702280912,0.5291782560729863,0.5676728843831962
0.90,F2,157,0.5493756702681073,0.5304151043511913,0.5683362361850233
0.90,F2,158,0.5502257102841137,0.5312180811060603,0.5692333394621671
0.90,F2,159,0.5512257302921169,0.5322827667871357,0.570168693797098
0.90,F2,160,0.5523257703081232,0.533254805212823,0.5713967354034235
0.90,F2,161,0.5531758303321328,0.5341585288618461,0.5721931318024195
0.90,F2,162,0.554275850340136,0.5351483517333311,0.573403348946941
0.90,F2,163,0.5549758703481392,0.535837037345167,0.5741147033511115
0.90,F2,164,0.5561259703881553,0.5373046879631006,0.5749472528132099
0.90,F2,165,0.5571759903961585,0.5386396814415523,0.5757122993507647
0.90,F2,166,0.5578760304121648,0.5395158979440676,0.576236162880262
0.90,F2,167,0.5585760704281713,0.540112635448694,0.5770395054076485
0.90,F2,168,0.5595761104441777,0.541248008746849,0.5779042121415063
0.90,F2,169,0.5606261304521809,0.5418530728890069,0.579399188015355
0.90,F2,170,0.5614261504601841,0.5426688946904283,0.5801834062299398
0.90,F2,171,0.5625262104841937,0.5440031302594895,0.5810492907088979
0.90,F2,172,0.5638762505002002,0.5453744086981281,0.5823780923022722
0.90,F2,173,0.5651762905162064,0.5466427308865465,0.5837098501458664
0.90,F2,174,0.5662263905562225,0.5478802950701708,0.5845724860422742
0.90,F2,175,0.5671264305722289,0.5489539725733703,0.5852988885710875
0.90,F2,176,0.5681265106042417,0.5500584024527676,0.5861946187557158
0.90,F2,177,0.5686765306122449,0.5504132312257434,0.5869398299987464
0.90,F2,178,0.5698765706282514,0.5514353484980423,0.5883177927584604
0.90,F2,179,0.5712265906362545,0.5526062557469837,0.5898469255255252
0.90,F2,180,0.5721265906362545,0.5532535387242435,0.5909996425482654
0.90,F2,181,0.5733766706682674,0.5543724536890697,0.592380887647465
0.90,F2,182,0.5749267106842737,0.5553170219506879,0.5945363994178595
0.90,F2,183,0.5760767707082833,0.5563099636522136,0.595843577764353
0.90,F2,184,0.5770767907162866,0.5571926130296132,0.59696096840296
0.90,F2,185,0.5780768107242897,0.5582952110325874,0.5978584104159921
0.90,F2,186,0.5792768507402961,0.5590311744127155,0.5995225270678767
0.90,F2,187,0.5806268707482993,0.5596958399598112,0.6015579015367875
0.90,F2,188,0.5819269107643058,0.5606379314603438,0.6032158900682678
0.90,F2,189,0.5831769907963186,0.5617802358812104,0.6045737457114267
0.90,F2,190,0.5852270708283314,0.5633790450816069,0.6070750965750559
0.90,F2,191,0.5871271508603441,0.5649307970797829,0.6093235046409052
0.90,F2,192,0.5885772108843537,0.5658209698638998,0.6113334519048075
0.90,F2,193,0.5893772909163665,0.566957767648745,0.611796814183988
0.90,F2,194,0.5906273709483794,0.5681969000984364,0.6130578417983223
0.90,F2,195,0.5917274509803921,0.5695007021088101,0.6139541998519742
0.90,F2,196,0.5929274709883954,0.5703365243509664,0.6155184176258244
0.90,F2,197,0.5940775110044018,0.5716468686397369,0.6165081533690666
0.90,F2,198,0.5953275110044017,0.5724005342779339,0.6182544877308696
0.90,F2,199,0.596277531012405,0.573273071723463,0.619281990301347
0.90,F2,200,0.5968775310124049,0.5735567183708855,0.6201983436539243
0.90,F2,201,0.5976775510204082,0.574192631594536,0.6211624704462804
0.90,F2,202,0.5986276510604243,0.575586513794311,0.6216687883265375
0.90,F2,203,0.5995277110844338,0.5764270027899382,0.6226284193789294
0.90,F2,204,0.6006277511004402,0.5771751298188825,0.6240803723819979
0.90,F2,205,0.6017777711084434,0.5780052333443655,0.6255503088725214
0.90,F2,206,0.6025777911164466,0.5788979050102737,0.6262576772226195
0.90,F2,207,0.6036278111244497,0.579762373935303,0.6274932483135964
0.90,F2,208,0.604877831132453,0.5808175849926113,0.6289380772722947
0.90,F2,209,0.6059778511404561,0.5815172502737556,0.6304384520071566
0.90,F2,210,0.6073778711484594,0.5828813378608896,0.6318744044360293
0.90,F2,211,0.6083278911564627,0.5835925315277246,0.6330632507852008
0.90,F2,212,0.6095779511804722,0.5848629664437188,0.6342929359172256
0.90,F2,213,0.6109280112044817,0.58625446215365,0.6356015602553134
0.90,F2,214,0.6119280312124851,0.5872130083177193,0.6366430541072509
0.90,F2,215,0.6130280712284915,0.5884162167398688,0.6376399257171141
0.90,F2,216,0.6144781712685075,0.5897956959519565,0.6391606465850584
0.90,F2,217,0.6165782913165266,0.591829486361057,0.6413270962719962
0.90,F2,218,0.6180282913165266,0.5930219698423684,0.6430346127906847
0.90,F2,219,0.6191783713485394,0.5944438502328108,0.643912892464268
0.90,F2,220,0.6205784513805521,0.5955699295155331,0.6455869732455711
0.90,F2,221,0.621828531412565,0.5967343293636144,0.6469227334615156
0.90,F2,222,0.6230285914365745,0.5978963186654329,0.6481608642077161
0.90,F2,223,0.6240286514605842,0.5987834008037812,0.6492739021173871
0.90,F2,224,0.6260287114845938,0.600840669775804,0.6512167531933837
0.90,F2,225,0.627378731492597,0.6019065486587563,0.6528509143264378
0.90,F2,226,0.6284287915166067,0.6029051567985352,0.6539524262346782
0.90,F2,227,0.6296288715486195,0.604279606479935,0.654978136617304
0.90,F2,228,0.6309788715486195,0.605374399523796,0.6565833435734431
0.90,F2,229,0.6323789115646259,0.6066533542764451,0.6581044688528067
0.90,F2,230,0.6332789915966387,0.6076107555722973,0.6589472276209801
0.90,F2,231,0.634329011604642,0.6082910543466225,0.6603669688626614
0.90,F2,232,0.6351790116046419,0.6087353130522232,0.6616227101570605
0.90,F2,233,0.6364290516206482,0.6095897052433227,0.6632683979979738
0.90,F2,234,0.6375290716286515,0.6103404101264374,0.6647177331308656
0.90,F2,235,0.6385790916366546,0.6111283473738336,0.6660298358994756
0.90,F2,236,0.6399291316526611,0.6120568439492782,0.667801419356044
0.90,F2,237,0.641379231692677,0.6135621922992024,0.6691962710861515
0.90,F2,238,0.6426792517006803,0.6143575919217337,0.6710009114796269
0.90,F2,239,0.6445792917166868,0.6157670322325359,0.6733915512008377
0.90,F2,240,0.6456793317326931,0.6170406218062198,0.6743180416591664
0.90,F2,241,0.6467793517406962,0.617875828847818,0.6756828746335745
0.90,F2,242,0.648129411764706,0.6190886356933624,0.6771701878360495
0.90,F2,243,0.6493794517807122,0.6200483468884425,0.678710556672982
0.90,F2,244,0.6504294717887155,0.6208796590106356,0.6799792845667954
0.90,F2,245,0.6515794917967188,0.621872626289585,0.6812863573038527
0.90,F2,246,0.6528795718287316,0.6233944531725271,0.6823646904849361
0.90,F2,247,0.653579611844738,0.623955020428037,0.683204203261439
0.90,F2,248,0.6544796518607444,0.6249903321769074,0.6839689715445815
0.90,F2,249,0.6556796918767507,0.6262770245827337,0.6850823591707677
0.90,F2,250,0.657029731892757,0.6274182835091344,0.6866411802763797
0.90,F2,251,0.6581297719087634,0.6283455496699042,0.6879139941476227
0.90,F2,252,0.659129831932773,0.6295987231987183,0.6886609406668276
0.90,F2,253,0.6599798519407765,0.6303520922583146,0.6896076116232384
0.90,F2,254,0.6615799319727891,0.6320468209172115,0.6911130430283666
0.90,F2,255,0.6633299719887956,0.6331500781877637,0.6935098657898275
0.90,F2,256,0.6645800520208084,0.6344173892054494,0.6947427148361673
0.90,F2,257,0.6657800720288115,0.6353286856169307,0.6962314584406923
0.90,F2,258,0.6675801520608243,0.6369405134057109,0.6982197907159378
0.90,F2,259,0.6688302320928371,0.6383731937237771,0.6992872704618971
0.90,F2,260,0.6702303921568629,0.6403044948260125,0.7001562894877132
0.90,F2,261,0.6711804521808724,0.6412803872286696,0.7010805171330752
0.90,F2,262,0.6728804921968787,0.6428070140164572,0.7029539703773002
0.90,F2,263,0.6741305522208884,0.6438986323757238,0.704362472066053
0.90,F2,264,0.6757806322529012,0.6457273974080412,0.7058338670977612
0.90,F2,265,0.6764807122849139,0.6465929182308979,0.7063685063389299
0.90,F2,266,0.6780808723489394,0.648490158359338,0.7076715863385409
0.90,F2,267,0.6792810324129652,0.6500807372652018,0.7084813275607287
0.90,F2,268,0.6804811324529811,0.6515579180075561,0.7094043468984061
0.90,F2,269,0.6815811924769909,0.6527287744375934,0.7104336105163884
0.90,F2,270,0.6825811924769909,0.6536552590947204,0.7115071258592613
0.90,F2,271,0.6835812525010004,0.6547041629550047,0.7124583420469962
0.90,F2,272,0.6846812925170068,0.6559690294365667,0.713393555597447
0.90,F2,273,0.6856813725490196,0.6570737894126029,0.7142889556854364
0.90,F2,274,0.6869314525810324,0.6581204112637258,0.715742493898339
0.90,F2,275,0.6879814925970388,0.6589466514894429,0.7170163337046347
0.90,F2,276,0.6892315526210483,0.6603338702803266,0.71812923496177
0.90,F2,277,0.6901315926370548,0.6612325417198511,0.7190306435542585
0.90,F2,278,0.6912816526610643,0.6623132570972325,0.7202500482248961
0.90,F2,279,0.6925816926770709,0.6634650018532541,0.7216983835008878
0.90,F2,280,0.6935817326930773,0.6646002940009069,0.7225631713852477
0.90,F2,281,0.6949817727090837,0.6655455894897901,0.7244179559283772
0.90,F2,282,0.6962818327330932,0.6672078840966719,0.7253557813695145
0.90,F2,283,0.697481912765106,0.668763787294006,0.7262000382362059
0.90,F2,284,0.6986820128051221,0.6704214730862685,0.7269425525239757
0.90,F2,285,0.6994820728291317,0.6711856787276423,0.727778466930621
0.90,F2,286,0.7003320928371348,0.6719550604898917,0.7287091251843779
0.90,F2,287,0.7016821328531412,0.6733717862301865,0.7299924794760959
0.90,F2,288,0.7030322128851539,0.6747417767530431,0.7313226490172647
0.90,F2,289,0.7044322328931573,0.6756339867365577,0.7332304790497568
0.90,F2,290,0.7060823129251701,0.6770183966272234,0.7351462292231168
0.90,F2,291,0.7071823329331732,0.6779803330560514,0.736384332810295
0.90,F2,292,0.7084323929571827,0.6793069192292539,0.7375578666851116
0.90,F2,293,0.7094824129651861,0.680217500216386,0.7387473257139862
0.90,F2,294,0.7111825130052021,0.6819959419703476,0.7403690840400565
0.90,F2,295,0.7127325930372148,0.6835755121361329,0.7418896739382967
0.90,F2,296,0.7139326330532213,0.6851787412000054,0.7426865249064372
0.90,F2,297,0.7149827330932373,0.6865352542644887,0.743430211921986
0.90,F2,298,0.7163327731092437,0.6880498696264676,0.7446156765920198
0.90,F2,299,0.7175829131652661,0.6896616720779305,0.7455041542526017
0.90,F2,300,0.7185829731892758,0.690593926047675,0.7465720203308766
0.90,F2,301,0.7197330332132853,0.6914777183346525,0.747988348091918
0.90,F2,302,0.7210331132452982,0.692831839941013,0.7492343865495833
0.90,F2,303,0.7219831732693077,0.6940885187830677,0.7498778277555478
0.90,F2,304,0.7229832332933173,0.6952438393714999,0.7507226272151346
0.90,F2,305,0.7244332733093237,0.696733147554037,0.7521333990646104
0.90,F2,306,0.7259834133653462,0.6984701373136468,0.7534966894170456
0.90,F2,307,0.727183493397359,0.6998096717513966,0.7545573150433214
0.90,F2,308,0.7284835734293716,0.701058282664306,0.7559088641944373
0.90,F2,309,0.7295836934773909,0.7023807472651523,0.7567866396896296
0.90,F2,310,0.7306837735094038,0.7037398017354487,0.757627745283359
0.90,F2,311,0.7317338135254102,0.704511259008167,0.7589563680426534
0.90,F2,312,0.7326338135254102,0.7052937152541148,0.7599739117967057
0.90,F2,313,0.7336338135254102,0.7061734277010485,0.761094199349772
0.90,F2,314,0.7346838535414166,0.7069500025719997,0.7624177045108336
0.90,F2,315,0.7359838935574231,0.7080860489812533,0.763881738133593
0.90,F2,316,0.7370339535814325,0.7094432238939266,0.7646246832689385
0.90,F2,317,0.7384840536214485,0.7110174646777679,0.7659506425651291
0.90,F2,318,0.7397841336534614,0.7124430097129284,0.7671252575939944
0.90,F2,319,0.7410342136854742,0.7137653863627961,0.7683030410081523
0.90,F2,320,0.7424342537014806,0.715121605210807,0.7697469021921542
0.90,F2,321,0.7434843137254903,0.7162589436721553,0.7707096837788253
0.90,F2,322,0.744784393757503,0.7177564389797694,0.7718123485352367
0.90,F2,323,0.7466344737895159,0.7196693027804473,0.7735996447985845
0.90,F2,324,0.7477345338135254,0.7208062675192245,0.7746628001078263
0.90,F2,325,0.7494847739095639,0.7234279911204872,0.7755415566986407
0.90,F2,326,0.7505349139655862,0.7247038184141382,0.7763660095170343
0.90,F2,327,0.7518350340136054,0.7262426153551255,0.7774274526720854
0.90,F2,328,0.7528851340536215,0.7276074838569377,0.7781627842503052
0.90,F2,329,0.7539352541016406,0.7290882598767793,0.778782248326502
0.90,F2,330,0.7547352941176471,0.7299817673990728,0.7794888208362213
0.90,F2,331,0.7554852941176471,0.7306358784873457,0.7803347097479485
0.90,F2,332,0.7565353141256502,0.7319758545455962,0.7810947737057042
0.90,F2,333,0.7578354341736695,0.7338466421758237,0.7818242261715153
0.90,F2,334,0.7585354541816728,0.7348865996943202,0.7821843086690253
0.90,F2,335,0.759535574229692,0.7365289591711303,0.7825421892882537
0.90,F2,336,0.7605356542617047,0.7380367709518472,0.7830345375715622
0.90,F2,337,0.7611357142857142,0.7388065156154363,0.7834649129559922
0.90,F2,338,0.7618857342937175,0.739730702081003,0.7840407665064321
0.90,F2,339,0.7628858343337336,0.7410605871107769,0.7847110815566902
0.90,F2,340,0.7641359543817527,0.742918586077582,0.7853533226859235
0.90,F2,341,0.7651861344537816,0.7447317511115086,0.7856405177960546
0.90,F2,342,0.7657861944777911,0.745537903351207,0.7860344856043752
0.90,F2,343,0.7663362545018008,0.7462282055897742,0.7864443034138273
0.90,F2,344,0.7671363345338136,0.7474731222520723,0.7867995468155549
0.90,F2,345,0.76808637454982,0.7485762292674516,0.7875965198321884
0.90,F2,346,0.768986474589836,0.7498430906247624,0.7881298585549097
0.90,F2,347,0.7699366146458583,0.7516739459769181,0.7881992833147985
0.90,F2,348,0.7707367146858743,0.753180512430139,0.7882929169416097
0.90,F2,349,0.7713367947178871,0.7541654556599674,0.7885081337758068
0.90,F2,350,0.7721368947579031,0.7556528591577262,0.7886209303580801
0.90,F2,351,0.772736974789916,0.7564197882850853,0.7890541612947467
0.90,F2,352,0.7736370748299319,0.7573668306337538,0.7899073190261101
0.90,F2,353,0.774337174869948,0.7584002540471513,0.7902740956927448
0.90,F2,354,0.7748372749099639,0.7592102173439829,0.7904643324759449
0.90,F2,355,0.7752873149259705,0.7598225916532316,0.7907520381987093
0.90,F2,356,0.7758373549419767,0.760470073237464,0.7912046366464894
0.90,F2,357,0.7761373749499799,0.7607131173130491,0.7915616325869107
0.90,F2,358,0.7769874349739896,0.7617028513267908,0.7922720186211883
0.90,F2,359,0.7774874549819928,0.7624051145680003,0.7925697953959853
0.90,F2,360,0.777987474989996,0.7629239112232867,0.7930510387567052
0.90,F2,361,0.7786375550220088,0.7636620271866006,0.793613082857417
0.90,F2,362,0.7790875750300121,0.7640313855611375,0.7941437644988868
0.90,F2,363,0.7796376350540217,0.7647176626088488,0.7945576074991947
0.90,F2,364,0.7800876350540216,0.7649343598551988,0.7952409102528444
0.90,F2,365,0.7804376350540216,0.7651448858347736,0.7957303842732697
0.90,F2,366,0.7809876350540217,0.7654216412512878,0.7965536288567556
0.90,F2,367,0.7811876350540217,0.76546222599179,0.7969130441162533
0.90,F2,368,0.7817876350540216,0.7660101241586585,0.7975651459493847
0.90,F2,369,0.7822376350540217,0.7662987228212907,0.7981765472867526
0.90,F2,370,0.782687675070028,0.7668356608296206,0.7985396893104354
0.90,F2,371,0.7830876950780312,0.7671904241346273,0.7989849660214351
0.90,F2,372,0.7833876950780312,0.7674668915626274,0.799308498593435
0.90,F2,373,0.7838376950780311,0.7680628442162107,0.7996125459398515
0.90,F2,374,0.7843877150860344,0.7687838016753967,0.7999916284966722
0.90,F2,375,0.7848377150860344,0.7693419703754142,0.8003334597966546
0.90,F2,376,0.7852877350940377,0.7699982021538395,0.8005772680342359
0.90,F2,377,0.7858877751100442,0.7705973890001055,0.8011781612199828
0.90,F2,378,0.7861377951180474,0.7709227525321898,0.801352837703905
0.90,F2,379,0.7868377951180473,0.7712555650422382,0.8024200251938564
0.90,F2,380,0.7872878151260505,0.7715939138717125,0.8029817163803885
0.90,F2,381,0.7877378551420569,0.7720532067336571,0.8034225035504566
0.90,F2,382,0.78823787515006,0.7725481043057021,0.803927645994418
0.90,F2,383,0.78903787515006,0.7731784853743175,0.8048972649258024
0.90,F2,384,0.7893878951580633,0.7735063589920412,0.8052694313240853
0.90,F2,385,0.7895878951580633,0.7735730096139417,0.8056027807021848
0.90,F2,386,0.7897378951580633,0.7736453611452078,0.8058304291709187
0.90,F2,387,0.7900379151660664,0.7738805793143337,0.806195251017799
0.90,F2,388,0.7906379351740697,0.774310843812277,0.8069650265358623
0.90,F2,389,0.791387975190076,0.7750188944007025,0.8077570559794495
0.90,F2,390,0.791687975190076,0.7753717495189809,0.8080042008611712
0.90,F2,391,0.792237975190076,0.775810977460329,0.808664972919823
0.90,F2,392,0.7930879951980792,0.7766901504126669,0.8094858399834914
0.90,F2,393,0.7933379951980791,0.7768039921344044,0.8098719982617538
0.90,F2,394,0.7940879951980793,0.7773568376768505,0.810819152719308
0.90,F2,395,0.7948380352140857,0.7780538828804092,0.8116221875477622
0.90,F2,396,0.7952880752300922,0.7786453549835607,0.8119307954766236
0.90,F2,397,0.7955880752300921,0.7788941466914,0.8122820037687842
0.90,F2,398,0.7960880952380953,0.7794202401223014,0.8127559503538893
0.90,F2,399,0.7967880952380952,0.7800021283617435,0.8135740621144469
0.90,F2,400,0.7974381552621048,0.7808816878137287,0.813994622710481
0.90,F2,401,0.7981881752701081,0.7815256799587631,0.8148506705814531
0.90,F2,402,0.7988882152861144,0.7820828788734715,0.8156935516987573
0.90,F2,403,0.7992882352941176,0.7826309305506945,0.8159455400375407
0.90,F2,404,0.7997382953181272,0.7832200178945906,0.8162565727416639
0.90,F2,405,0.8001883353341337,0.7837993969734123,0.8165772736948551
0.90,F2,406,0.8006383553421368,0.7843354885971794,0.8169412220870942
0.90,F2,407,0.8013884353741496,0.7853061355415983,0.8174707352067009
0.90,F2,408,0.8018384353741497,0.7855182972853179,0.8181585734629815
0.90,F2,409,0.8020884553821528,0.7857725341268383,0.8184043766374672
0.90,F2,410,0.802438475390156,0.7860633007073881,0.818813650072924
0.90,F2,411,0.8028885354141655,0.7866733757761833,0.8191036950521476
0.90,F2,412,0.803138575430172,0.787082512992753,0.819194637867591
0.90,F2,413,0.8037385954381753,0.7875264988147037,0.8199506920616468
0.90,F2,414,0.8042886154461785,0.7880727096333523,0.8205045212590046
0.90,F2,415,0.8045386154461784,0.788350979539469,0.8207262513528879
0.90,F2,416,0.8051386354541817,0.7889672111659549,0.8213100597424086
0.90,F2,417,0.8056386754701881,0.7893758676548938,0.8219014832854824
0.90,F2,418,0.8061887154861945,0.7902209700979865,0.8221564608744025
0.90,F2,419,0.8065387154861945,0.7903571612164424,0.8227202697559466
0.90,F2,420,0.8068387354941976,0.7907280135048298,0.8229494574835654
0.90,F2,421,0.8071887555022008,0.791192972331731,0.8231845386726706
0.90,F2,422,0.8076887555022009,0.7914766791460682,0.8239008318583335
0.90,F2,423,0.8080887555022007,0.7917997778347936,0.8243777331696078
0.90,F2,424,0.8084888555422168,0.792579999368861,0.8243977117155726
0.90,F2,425,0.8090889155662264,0.7932307783950934,0.8249470527373595
0.90,F2,426,0.809638955582233,0.7937491290434687,0.8255287821209972
0.90,F2,427,0.8100389755902362,0.7940180140159261,0.8260599371645463
0.90,F2,428,0.8106889755902361,0.7942334874191609,0.8271444637613113
0.90,F2,429,0.8111389955982393,0.7948173632105612,0.8274606279859175
0.90,F2,430,0.8114890156062425,0.7952181110772341,0.827759920135251
0.90,F2,431,0.8124390756302521,0.796174596234358,0.8287035550261461
0.90,F2,432,0.812889075630252,0.7965339347781011,0.829244216482403
0.90,F2,433,0.813189075630252,0.7968393921781963,0.8295387590823077
0.90,F2,434,0.8138390956382553,0.7972989651608753,0.8303792261156353
0.90,F2,435,0.8144391356542617,0.79802570269778,0.8308525686107435
0.90,F2,436,0.8148891556622648,0.7985710856941081,0.8312072256304216
0.90,F2,437,0.8155391756702681,0.7992281649019931,0.8318501864385431
0.90,F2,438,0.8158891956782713,0.799598517467198,0.8321798738893447
0.90,F2,439,0.8168391956782713,0.8004077145478803,0.8332706768086624
0.90,F2,440,0.8171892356942778,0.8008393792312141,0.8335390921573416
0.90,F2,441,0.817689255702281,0.8011366642649002,0.8342418471396619
0.90,F2,442,0.8181393357342938,0.8018470195976002,0.8344316518709873
0.90,F2,443,0.8185893757503002,0.80236405801009,0.8348146934905104
0.90,F2,444,0.8189893957583033,0.8027071014455509,0.8352716900710557
0.90,F2,445,0.8197394357743096,0.8034024365361891,0.8360764350124301
0.90,F2,446,0.8199894557823129,0.8036769684062045,0.8363019431584212
0.90,F2,447,0.8206394957983193,0.8043272072830656,0.836951784313573
0.90,F2,448,0.8211895358143257,0.8049411578429014,0.83743791378575
0.90,F2,449,0.8216896158463385,0.8056260936829529,0.8377531380097241
0.90,F2,450,0.8223896358543419,0.8061162711105626,0.8386630005981212
0.90,F2,451,0.8232396758703483,0.8071893066854088,0.8392900450552878
0.90,F2,452,0.8236897358943578,0.8078166820805922,0.8395627897081234
0.90,F2,453,0.8244397959183675,0.8084990802611329,0.840380511575602
0.90,F2,454,0.8251398359343737,0.8093037994663925,0.8409758724023548
0.90,F2,455,0.8255398359343739,0.8095589877439939,0.8415206841247538
0.90,F2,456,0.8259398759503802,0.8101584668538705,0.8417212850468899
0.90,F2,457,0.8264899159663865,0.810773296065316,0.8422065358674571
0.90,F2,458,0.8272899959983993,0.8117733828577959,0.8428066091390026
0.90,F2,459,0.8283900160064025,0.8123633201536845,0.8444167118591205
0.90,F2,460,0.8291900360144057,0.8130459757025549,0.8453340963262564
0.90,F2,461,0.8298900760304122,0.8135437852262165,0.8462363668346079
0.90,F2,462,0.8303900960384154,0.8140035197453691,0.8467766723314617
0.90,F2,463,0.831140156062425,0.8144472664728055,0.8478330456520444
0.90,F2,464,0.8325902160864346,0.8152314975923245,0.8499489345805447
0.90,F2,465,0.833540236094438,0.8158364430184972,0.8512440291703787
0.90,F2,466,0.834290256102441,0.8161924869115561,0.8523880252933259
0.90,F2,467,0.834840256102441,0.8164535299235159,0.853226982281366
0.90,F2,468,0.8356402961184473,0.8172753561102934,0.8540052361266011
0.90,F2,469,0.8364903361344537,0.8178608722581543,0.855119800010753
0.90,F2,470,0.8372403361344537,0.8182793377578388,0.8562013345110686
0.90,F2,471,0.8383903561424569,0.8189313020154022,0.8578494102695117
0.90,F2,472,0.8395404161664667,0.819625859014142,0.8594549733187914
0.90,F2,473,0.840540456182473,0.8202196874080953,0.8608612249568507
0.90,F2,474,0.841190456182473,0.8207995464048384,0.8615813659601076
0.90,F2,475,0.8425404761904762,0.8215409970397562,0.8635399553411962
0.90,F2,476,0.8439904961984794,0.822674995247629,0.8653059971493299
0.90,F2,477,0.8459404961984794,0.8240311609120388,0.8678498314849201
0.90,F2,478,0.8470905162064827,0.8247789945649665,0.8694020378479989
0.90,F2,479,0.8486905362144859,0.8258283634161555,0.8715527090128162
0.90,F2,480,0.8496905762304923,0.8265388343864053,0.8728423180745792
0.90,F2,481,0.8506905962384954,0.827332593680982,0.8740485987960088
0.90,F2,482,0.8519905962384954,0.8282366216167596,0.8757445708602312
0.90,F2,483,0.8531906762705082,0.8295535723010754,0.8768277802399409
0.90,F2,484,0.8543406962785114,0.8304556683679332,0.8782257241890896
0.90,F2,485,0.8558407162865146,0.8317379856325606,0.8799434469404686
0.90,F2,486,0.8579907362945176,0.8330618318635362,0.882919640725499
0.90,F2,487,0.8601407362945177,0.8343705421579988,0.8859109304310366
0.90,F2,488,0.8623407763105242,0.8356484802648894,0.889033072356159
0.90,F2,489,0.8649407963185275,0.836830891620571,0.893050701016484
0.90,F2,490,0.8664407963185274,0.8372676635330869,0.895613929103968
0.90,F2,491,0.8674407963185274,0.8376596013652674,0.8972219912717875
0.90,F2,492,0.8688408763505403,0.8384889149452392,0.8991928377558414
0.90,F2,493,0.87094093637455,0.8392824183450799,0.90259945440402
0.90,F2,494,0.8719409363745498,0.8397723419079886,0.9041095308411111
0.90,F2,495,0.8728910164065626,0.8407965993849831,0.9049854334281422
0.90,F2,496,0.8748411764705882,0.8426470048441956,0.9070353480969808
0.90,F2,497,0.8767412765106042,0.8442779362839636,0.9092046167372447
0.90,F2,498,0.8778413365346138,0.8454793803730324,0.9102032926961953
0.90,F2,499,0.8793414165666266,0.8470181105411179,0.9116647225921353
0.90,F2,500,0.880541456582633,0.8480785472729367,0.9130043658923294
0.90,F2,501,0.881741556622649,0.8496307450513996,0.9138523681938984
0.90,F2,502,0.882941656662665,0.8510117465614994,0.9148715667638306
0.90,F2,503,0.8838916966786716,0.8517564226072915,0.9160269707500518
0.90,F2,504,0.8851417366946779,0.853090203006441,0.9171932703829148
0.90,F2,505,0.885991756702681,0.8538224613113912,0.9181610520939709
0.90,F2,506,0.8870917967186874,0.855199424886614,0.9189841685507608
0.90,F2,507,0.8878418367346937,0.8561388420299013,0.9195448314394862
0.90,F2,508,0.8890418967587035,0.8578300684036531,0.9202537251137539
0.90,F2,509,0.8901919167667066,0.859208018113714,0.9211758154196993
0.90,F2,510,0.8917920168067227,0.861341947402868,0.9222420862105775
0.90,F2,511,0.8930920768307322,0.8630526187452964,0.9231315349161681
0.90,F2,512,0.8940920768307323,0.8639494123979629,0.9242347412635018
0.90,F2,513,0.8956920768307324,0.8652274963956293,0.9261566572658354
0.90,F2,514,0.8966421368547419,0.8661980532860855,0.9270862204233984
0.90,F2,515,0.8981422368947579,0.8675465960913126,0.9287378776982033
0.90,F2,516,0.8997422769107642,0.869421898465391,0.9300626553561375
0.90,F2,517,0.9009423169267707,0.8706714829885374,0.9312131508650041
0.90,F2,518,0.902742356942777,0.8722277464118314,0.9332569674737227
0.90,F2,519,0.904092356942777,0.873885130770946,0.934299583114608
0.90,F2,520,0.9055923969587836,0.8755754199890143,0.9356093739285528
0.90,F2,521,0.9067924769907965,0.8767751706675081,0.9368097833140848
0.90,F2,522,0.9079925170068028,0.8778726503258735,0.9381123836877322
0.90,F2,523,0.9093925770308123,0.879314693579385,0.9394704604822397
0.90,F2,524,0.9110925970388156,0.8804427114023733,0.941742482675258
0.90,F2,525,0.9130925970388155,0.881841512916828,0.944343681160803
0.90,F2,526,0.9148426170468187,0.8835608122702338,0.9461244218234036
0.90,F2,527,0.9165926170468187,0.8850214567030874,0.94816377739055
0.90,F2,528,0.9175926570628251,0.8863378526172759,0.9488474615083743
0.90,F2,529,0.9188428371348539,0.8883031107939363,0.9493825634757715
0.90,F2,530,0.920643137254902,0.891082606827664,0.9502036676821399
0.90,F2,531,0.9220932973189275,0.8932722737743632,0.9509143208634918
0.90,F2,532,0.9237933573429372,0.8950421231869549,0.9525445914989196
0.90,F2,533,0.9252434773909562,0.8965290575555006,0.9539578972264119
0.90,F2,534,0.9266435374149661,0.897893311702058,0.9553937631278742
0.90,F2,535,0.9276935974389756,0.8990014438776315,0.9563857510003198
0.90,F2,536,0.9287936574629853,0.9000730931801404,0.9575142217458301
0.90,F2,537,0.9298936774709885,0.9011787230840426,0.9586086318579344
0.90,F2,538,0.9307436974789917,0.9020427815988974,0.9594446133590859
0.90,F2,539,0.9315437174869948,0.9028761800303141,0.9602112549436755
0.90,F2,540,0.9324437174869948,0.903657014327841,0.9612304206461487
0.90,F2,541,0.9338438175270108,0.9053521890080617,0.96233544604596
0.90,F2,542,0.9348938975590236,0.9064890789895289,0.9632987161285184
0.90,F2,543,0.9362439575830332,0.9080162576863865,0.96447165747968
0.90,F2,544,0.9372439975990395,0.9088912466755072,0.9655967485225718
0.90,F2,545,0.9377940176070427,0.9093863545666937,0.9662016806473918
0.90,F2,546,0.9387940776310524,0.9102446195801434,0.9673435356819614
0.90,F2,547,0.9394441176470587,0.9108690543726083,0.9680191809215091
0.90,F2,548,0.9397441176470587,0.9110217890711109,0.9684664462230065
0.90,F2,549,0.9404441576630652,0.9121080102172489,0.9687803051088816
0.90,F2,550,0.9410941976790717,0.913063490864544,0.9691249044935993
0.90,F2,551,0.9418442176870749,0.9140434341084165,0.9696450012657334
0.90,F2,552,0.9423942376950781,0.9149258338884798,0.9698626415016764
0.90,F2,553,0.9428942376950782,0.9155944950960884,0.970193980294068
0.90,F2,554,0.9435942977190876,0.9165096214250736,0.9706789740131017
0.90,F2,555,0.9443943977591037,0.9178167882722467,0.9709720072459608
0.90,F2,556,0.9450944177671069,0.9187657576450043,0.9714230778892095
0.90,F2,557,0.9459944977991197,0.9201670531059731,0.9718219424922663
0.90,F2,558,0.9468945578231294,0.9214431453279621,0.9723459703182966
0.90,F2,559,0.9478945978391357,0.9229869596140446,0.9728022360642267
0.90,F2,560,0.9489948179271709,0.924966143974328,0.9730234918800138
0.90,F2,561,0.9497449379751901,0.9260677475897856,0.9734221283605946
0.90,F2,562,0.9504950580232092,0.9273846045119687,0.9736055115344497
0.90,F2,563,0.9509450580232093,0.9279730668380946,0.973917049208324
0.90,F2,564,0.9515450980392156,0.9287487842839514,0.9743414117944799
0.90,F2,565,0.9523952180872348,0.9302048096059911,0.9745856265684786
0.90,F2,566,0.9531453181272509,0.9313809477344406,0.9749096885200612
0.90,F2,567,0.9537953181272508,0.9326280345278745,0.9749626017266272
0.90,F2,568,0.9544453781512605,0.9339030525368078,0.9749877037657132
0.90,F2,569,0.9549954181672669,0.9350814234092821,0.9749094129252516
0.90,F2,570,0.9554954781912764,0.9360815727150423,0.9749093836675106
0.90,F2,571,0.956645638255302,0.9385685722826252,0.9747227042279788
0.90,F2,572,0.957095638255302,0.9393189701759297,0.9748723063346743
0.90,F2,573,0.9576957182873148,0.9404846849065394,0.9749067516680903
0.90,F2,574,0.9584457583033212,0.941664670441114,0.9752268461655285
0.90,F2,575,0.9589458183273308,0.942624930800605,0.9752667058540566
0.90,F2,576,0.9594958783513404,0.9435517387928596,0.9754400179098213
0.90,F2,577,0.9603460184073629,0.9453733197536832,0.9753187170610426
0.90,F2,578,0.9611461184473788,0.9469832112518718,0.9753090256428859
0.90,F2,579,0.9617462585034012,0.9483725783489214,0.975119938657881
0.90,F2,580,0.9621963385354141,0.949156882927863,0.9752357941429651
0.90,F2,581,0.9626963985594239,0.9498587992504379,0.9755339978684099
0.90,F2,582,0.9630964585834333,0.9504661710354875,0.9757267461313791
0.90,F2,583,0.9635465386154461,0.9513822826159771,0.9757107946149152
0.90,F2,584,0.9637465386154462,0.9515147884055998,0.9759782888252927
0.90,F2,585,0.9639965586234496,0.9518315956629327,0.9761615215839664
0.90,F2,586,0.9642966186474591,0.9524395694514174,0.9761536678435008
0.90,F2,587,0.9645466386554622,0.9526934565009223,0.9763998208100021
0.90,F2,588,0.9649466786714687,0.9531220095497148,0.9767713477932225
0.90,F2,589,0.9654467386954781,0.9537077769392105,0.9771857004517458
0.90,F2,590,0.9664469987995199,0.9559930087564176,0.9769009888426222
0.90,F2,591,0.9671471388555423,0.9573763918040445,0.97691788590704
0.90,F2,592,0.9675471988795519,0.9580419687281397,0.977052429030964
0.90,F2,593,0.9678971988795518,0.9585046366389369,0.9772897611201667
0.90,F2,594,0.9681471988795518,0.95869153777899,0.9776028599801136
0.90,F2,595,0.9685472388955582,0.9592107707089547,0.9778837070821617
0.90,F2,596,0.9687972789115646,0.9597018670141639,0.9778926908089653
0.90,F2,597,0.9689973589435774,0.9603066375912274,0.9776880802959275
0.90,F2,598,0.9692473989595838,0.9607512782380362,0.9777435196811314
0.90,F2,599,0.9695474789915967,0.9613757979322525,0.9777191600509408
0.90,F2,600,0.9696975390156062,0.9618162035862753,0.9775788744449371
0.90,F2,601,0.970147619047619,0.962629427892995,0.9776658102022431
0.90,F2,602,0.9704476390556221,0.9629326988378022,0.9779625792734421
0.90,F2,603,0.9705976790716286,0.9632603215296658,0.9779350366135915
0.90,F2,604,0.9708476990796319,0.9634985865692779,0.9781968115899858
0.90,F2,605,0.970947719087635,0.9636784958723382,0.9782169423029318
0.90,F2,606,0.9710477390956382,0.9639229114079271,0.9781725667833494
0.90,F2,607,0.971347819127651,0.9645211864528009,0.9781744518025011
0.90,F2,608,0.9714478391356542,0.9646729978218077,0.9782226804495008
0.90,F2,609,0.9719479391756702,0.9655533445246066,0.9783425338267339
0.90,F2,610,0.9721479991996798,0.9659529836007492,0.9783430147986103
0.90,F2,611,0.9724480792316926,0.9665345457221773,0.9783616127412079
0.90,F2,612,0.9725480792316926,0.9666711033801885,0.9784250550831968
0.90,F2,613,0.972748119247699,0.9670437879219606,0.9784524505734374
0.90,F2,614,0.9730981792717086,0.9675264460283752,0.978669912515042
0.90,F2,615,0.9734982993197279,0.968463455536443,0.9785331431030128
0.90,F2,616,0.9738482993197279,0.9687874493189804,0.9789091493204755
0.90,F2,617,0.9741483193277312,0.9690686156236241,0.9792280230318382
0.90,F2,618,0.974298319327731,0.9691349403802717,0.9794616982751904
0.90,F2,619,0.9744983193277311,0.96943170960313,0.9795649290523323
0.90,F2,620,0.9745483193277311,0.9694309100929864,0.9796657285624758
0.90,F2,621,0.9746983193277311,0.9695379312597573,0.9798587073957049
0.90,F2,622,0.9747983193277312,0.9697182472911356,0.9798783913643268
0.90,F2,623,0.9748983193277312,0.9698379136297777,0.9799587250256847
0.90,F2,624,0.9750483193277312,0.9698718059025566,0.9802248327529057
0.90,F2,625,0.9751483193277312,0.9698875954394841,0.9804090432159782
0.90,F2,626,0.9753983193277312,0.9699186941477935,0.980877944507669
0.90,F2,627,0.9756483193277312,0.9701557109768002,0.9811409276786622
0.90,F2,628,0.9759983193277312,0.9704432646485581,0.9815533740069042
0.90,F2,629,0.9761483393357344,0.9706108346376863,0.9816858440337826
0.90,F2,630,0.9763483393357343,0.970763387900297,0.9819332907711715
0.90,F2,631,0.9763983393357344,0.9708174894509712,0.9819791892204975
0.90,F2,632,0.9766483393357343,0.9709039753749046,0.9823927032965639
0.90,F2,633,0.9767983393357343,0.9709709345850956,0.982625744086373
0.90,F2,634,0.9769483593437375,0.9711652411688827,0.9827314775185922
0.90,F2,635,0.9770983593437375,0.9713545328913061,0.9828421857961688
0.90,F2,636,0.9773483793517407,0.9716994423239181,0.9829973163795632
0.90,F2,637,0.9777983993597439,0.9720179144775302,0.9835788842419576
0.90,F2,638,0.9779983993597439,0.9721655965706171,0.9838312021488707
0.90,F2,639,0.9781983993597438,0.9723737752166925,0.9840230235027951
0.90,F2,640,0.9783483993597438,0.9725006461468483,0.9841961525726394
0.90,F2,641,0.9785483993597438,0.9727156471925851,0.9843811515269025
0.90,F2,642,0.9786483993597438,0.9727502572210428,0.9845465414984448
0.90,F2,643,0.9786983993597439,0.9727980460790016,0.9845987526404862
0.90,F2,644,0.978898419367747,0.9731740461197925,0.9846227926157015
0.90,F2,645,0.978898419367747,0.9731740461197925,0.9846227926157015
0.90,F2,646,0.9790984193677471,0.9733544997978273,0.9848423389376669
0.90,F2,647,0.9791484193677471,0.9734109241569647,0.9848859145785295
0.90,F2,648,0.9792484393757502,0.9735529593770007,0.9849439193744998
0.90,F2,649,0.9793984393757502,0.9735792737440071,0.9852176050074933
0.90,F2,650,0.9796484593837534,0.9737980387700045,0.9854988799975024
0.90,F2,651,0.9797484793917567,0.9739351311351575,0.9855618276483559
0.90,F2,652,0.9797984793917567,0.974056841387979,0.9855401173955344
0.90,F2,653,0.9799484793917567,0.9741529792877645,0.9857439794957489
0.90,F2,654,0.9799984793917567,0.9742014184614923,0.985795540322021
0.90,F2,655,0.9801484793917566,0.9743213235410549,0.9859756352424583
0.90,F2,656,0.9803984793917566,0.9744008739701018,0.9863960848134115
0.90,F2,657,0.9805984993997598,0.9747193331287578,0.9864776656707619
0.90,F2,658,0.98069849939976,0.9747685820757575,0.9866284167237624
0.90,F2,659,0.9808984993997598,0.9749928378150443,0.9868041609844753
0.90,F2,660,0.9811984993997598,0.9751610205284514,0.9872359782710681
0.90,F2,661,0.9813984993997599,0.9753161643383055,0.9874808344612143
0.90,F2,662,0.9816985194077631,0.9756011496842355,0.9877958891312907
0.90,F2,663,0.9820485394157662,0.9758635743336801,0.9882335044978523
0.90,F2,664,0.9820485394157662,0.9758635743336801,0.9882335044978523
0.90,F2,665,0.9822985394157664,0.9760818059726193,0.9885152728589135
0.90,F2,666,0.9823985394157664,0.9761940055759393,0.9886030732555935
0.90,F2,667,0.9826985794317729,0.9765647637404428,0.988832395123103
0.90,F2,668,0.983048599439776,0.9769640166847534,0.9891331821947985
0.90,F2,669,0.9832485994397759,0.9770922002577858,0.9894049986217661
0.90,F2,670,0.983548599439776,0.9771478783347569,0.9899493205447951
0.90,F2,671,0.9836986194477791,0.9773021835449115,0.9900950553506468
0.90,F2,672,0.9841986194477791,0.9776582334981688,0.9907390053973893
0.90,F2,673,0.9844486194477791,0.9778415127517873,0.9910557261437708
0.90,F2,674,0.9848986194477791,0.9782305151921323,0.9915667237034259
0.90,F2,675,0.9851486394557823,0.9784933296887235,0.9918039492228412
0.90,F2,676,0.9853486394557823,0.9786347444980438,0.9920625344135209
0.90,F2,677,0.9856486394557823,0.9789573389971948,0.9923399399143698
0.90,F2,678,0.9861486394557823,0.9792492000832672,0.9930480788282975
0.90,F2,679,0.9864986394557823,0.9794552060043563,0.9935420729072083
0.90,F2,680,0.9867986594637856,0.9797162545459065,0.9938810643816648
0.90,F2,681,0.9869986994797919,0.9800118264070217,0.9939855725525621
0.90,F2,682,0.987098699479792,0.9801513657395536,0.9940460332200304
0.90,F2,683,0.9873987795118048,0.9806945789236275,0.994102980099982
0.90,F2,684,0.9876987995198078,0.9809076331732858,0.9944899658663298
0.90,F2,685,0.9877487995198079,0.9809548332109848,0.994542765828631
0.90,F2,686,0.9879987995198077,0.9811624572990036,0.9948351417406118
0.90,F2,687,0.9880988395358142,0.9814001563661567,0.9947975227054717
0.90,F2,688,0.9883988795518207,0.9816830487007997,0.9951147104028417
0.90,F2,689,0.9884488795518208,0.9816964193263513,0.9952013397772903
0.90,F2,690,0.9885988995598239,0.9818309891119775,0.9953668100076704
0.90,F2,691,0.9888489195678272,0.982103663369961,0.9955941757656933
0.90,F2,692,0.9888989395758303,0.9822148682629659,0.9955830108886947
0.90,F2,693,0.98914899959984,0.9827391781920441,0.9955588210076359
0.90,F2,694,0.9894990396158464,0.9831410882423807,0.9958569909893121
0.90,F2,695,0.9896490596238496,0.9834497099023501,0.9958484093453491
0.90,F2,696,0.9898490596238495,0.9837340105081849,0.9959641087395141
0.90,F2,697,0.9900490796318527,0.9839223321251858,0.9961758271385197
0.90,F2,698,0.9903490996398558,0.9842773908908928,0.9964208083888189
0.90,F2,699,0.990449099639856,0.984414327470007,0.9964838718097049
0.90,F2,700,0.9906491196478591,0.984752303528863,0.9965459357668551
0.90,F2,701,0.9907491196478593,0.9847970125286105,0.996701226767108
0.90,F2,702,0.9909991396558624,0.985244780796858,0.9967534985148668
0.90,F2,703,0.9912491596638657,0.9857028296007373,0.9967954897269942
0.90,F2,704,0.9914491596638656,0.9861127245400355,0.9967855947876957
0.90,F2,705,0.9915491596638657,0.9862052330264856,0.9968930863012458
0.90,F2,706,0.9917491796718688,0.9865955327052097,0.9969028266385279
0.90,F2,707,0.991999199679872,0.9871029174212251,0.996895481938519
0.90,F2,708,0.992149199679872,0.9873653271528228,0.9969330722069213
0.90,F2,709,0.992299199679872,0.9876480123895515,0.9969503869701926
0.90,F2,710,0.992399199679872,0.9877368491739971,0.9970615501857469
0.90,F2,711,0.9924492196878753,0.9878579440333037,0.9970404953424468
0.90,F2,712,0.9925992196878752,0.9879955445225537,0.9972028948531968
0.90,F2,713,0.9928992196878752,0.9883557582317366,0.9974426811440138
0.90,F2,714,0.9929492196878752,0.9883770534382149,0.9975213859375355
0.90,F2,715,0.9931492196878752,0.9886456759180077,0.9976527634577427
0.90,F2,716,0.9931492196878752,0.9886456759180077,0.9976527634577427
0.90,F2,717,0.9931992396958784,0.9887724746073543,0.9976260047844026
0.90,F2,718,0.9932492396958784,0.988820889156452,0.9976775902353048
0.90,F2,719,0.9932492396958784,0.988820889156452,0.9976775902353048
0.90,F2,720,0.9933492396958784,0.9889190720322115,0.9977794073595453
0.90,F2,721,0.9933492396958784,0.9889190720322115,0.9977794073595453
0.90,F2,722,0.9934992396958784,0.989164513927053,0.9978339654647038
0.90,F2,723,0.9935492396958784,0.9892156587869696,0.9978828206047872
0.90,F2,724,0.9935992396958784,0.9892268870062998,0.997971592385457
0.90,F2,725,0.9937492396958784,0.9893990734338428,0.9980994059579139
0.90,F2,726,0.9937492396958784,0.9893990734338428,0.9980994059579139
0.90,F2,727,0.9938492396958784,0.9894917208799283,0.9982067585118284
0.90,F2,728,0.9939992797118847,0.9897757267474986,0.9982228326762709
0.90,F2,729,0.9940992797118848,0.9900073133763304,0.9981912460474393
0.90,F2,730,0.9941492797118847,0.9901195131213311,0.9981790463024384
0.90,F2,731,0.994249299719888,0.9903649504819113,0.9981336489578646
0.90,F2,732,0.994249299719888,0.9903649504819113,0.9981336489578646
0.90,F2,733,0.9942993197278911,0.9904989893044958,0.9980996501512864
0.90,F2,734,0.9943493197278912,0.9905168022808546,0.9981818371749278
0.90,F2,735,0.9943493197278912,0.9905168022808546,0.9981818371749278
0.90,F2,736,0.9944493397358944,0.9907613482992388,0.9981373311725501
0.90,F2,737,0.9946493397358944,0.9911320434344663,0.9981666360373226
0.90,F2,738,0.9947493397358944,0.9912434017834262,0.9982552776883626
0.90,F2,739,0.9947493397358944,0.9912434017834262,0.9982552776883626
0.90,F2,740,0.9948993397358944,0.9914889482430548,0.998309731228734
0.90,F2,741,0.9949493597438976,0.9916331689606208,0.9982655505271745
0.90,F2,742,0.9950493597438976,0.9916428519901552,0.99845586749764
0.90,F2,743,0.995249399759904,0.9921141278628329,0.9983846716569751
0.90,F2,744,0.9953494197679073,0.9923469764157861,0.9983518631200284
0.90,F2,745,0.9954494197679072,0.9924522865297126,0.9984465530061019
0.90,F2,746,0.9955994397759104,0.9926776185040546,0.9985212610477662
0.90,F2,747,0.9956994397759104,0.9928175162260817,0.998581363325739
0.90,F2,748,0.9957994797919167,0.993105400963434,0.9984935586203995
0.90,F2,749,0.9959495198079232,0.9934117225848201,0.9984873170310263
0.90,F2,750,0.9960495198079232,0.9935180103119059,0.9985810293039405
0.90,F2,751,0.9960995198079232,0.993534696409278,0.9986643432065684
0.90,F2,752,0.9961495398159264,0.9936723328269376,0.9986267468049151
0.90,F2,753,0.9961995398159263,0.9937413423505523,0.9986577372813004
0.90,F2,754,0.9962995798319327,0.9940115340598309,0.9985876256040346
0.90,F2,755,0.9963495798319327,0.9940290286168426,0.9986701310470228
0.90,F2,756,0.9963995798319327,0.9940208042940963,0.9987783553697691
0.90,F2,757,0.9965495798319327,0.9942050284575175,0.998894131206348
0.90,F2,758,0.9966496198479391,0.994467578738699,0.9988316609571792
0.90,F2,759,0.9966996398559423,0.9945935857356323,0.9988056939762524
0.90,F2,760,0.9970497799119648,0.9953357153970225,0.998763844426907
0.90,F2,761,0.9970497799119648,0.9953357153970225,0.998763844426907
0.90,F2,762,0.9972498199279711,0.9956267931164233,0.9988728467395189
0.90,F2,763,0.9972998399359744,0.9956935455072246,0.9989061343647242
0.90,F2,764,0.9974498399359744,0.9959232090241252,0.9989764708478235
0.90,F2,765,0.9974998399359744,0.9959751682042237,0.999024511667725
0.90,F2,766,0.9975498599439776,0.9960390365556145,0.9990606833323407
0.90,F2,767,0.9975498599439776,0.9960390365556145,0.9990606833323407
0.90,F2,768,0.9975998599439776,0.9960830966107127,0.9991166232772425
0.90,F2,769,0.9975998599439776,0.9960830966107127,0.9991166232772425
0.90,F2,770,0.9976998599439776,0.996123689780381,0.9992760301075742
0.90,F2,771,0.9977998799519807,0.996283133487415,0.9993166264165464
0.90,F2,772,0.9977998799519807,0.996283133487415,0.9993166264165464
0.90,F2,773,0.9977998799519807,0.996283133487415,0.9993166264165464
0.90,F2,774,0.9978498799519807,0.9963765409010363,0.9993232190029251
0.90,F2,775,0.9979998799519807,0.9967486077227928,0.9992511521811686
0.90,F2,776,0.9979998799519807,0.9967486077227928,0.9992511521811686
0.90,F2,777,0.9980998799519807,0.9968517959855562,0.9993479639184052
0.90,F2,778,0.9980998799519807,0.9968517959855562,0.9993479639184052
0.90,F2,779,0.9980998799519807,0.9968517959855562,0.9993479639184052
0.90,F2,780,0.9980998799519807,0.9968517959855562,0.9993479639184052
0.90,F2,781,0.9980998799519807,0.9968517959855562,0.9993479639184052
0.90,F2,782,0.9981498999599839,0.9969122888133669,0.999387511106601
0.90,F2,783,0.9981498999599839,0.9969122888133669,0.999387511106601
0.90,F2,784,0.9981498999599839,0.9969122888133669,0.999387511106601
0.90,F2,785,0.9981998999599839,0.996987553464239,0.9994122464557289
0.90,F2,786,0.9981998999599839,0.996987553464239,0.9994122464557289
0.90,F2,787,0.9982998999599839,0.9970518352113632,0.9995479647086046
0.90,F2,788,0.9983998999599839,0.9970985645291291,0.9997012353908387
0.90,F2,789,0.9983998999599839,0.9970985645291291,0.9997012353908387
0.90,F2,790,0.9983998999599839,0.9970985645291291,0.9997012353908387
0.90,F2,791,0.9983998999599839,0.9970985645291291,0.9997012353908387
0.90,F2,792,0.9984498999599839,0.9971678866008206,0.9997319133191472
0.90,F2,793,0.9984498999599839,0.9971678866008206,0.9997319133191472
0.90,F2,794,0.9984498999599839,0.9971678866008206,0.9997319133191472
0.90,F2,795,0.9984998999599839,0.9972264794317253,0.9997733204882425
0.90,F2,796,0.9984998999599839,0.9972264794317253,0.9997733204882425
0.90,F2,797,0.9985498999599839,0.9972616648105207,0.9998381351094471
0.90,F2,798,0.9986999399759904,0.9975312221903327,0.999868657761648
0.90,F2,799,0.9986999399759904,0.9975312221903327,0.999868657761648
0.90,F2,800,0.9988999399759904,0.9979249754927648,0.9998749044592159
0.90,F2,801,0.9988999399759904,0.9979249754927648,0.9998749044592159
0.90,F2,802,0.9988999399759904,0.9979249754927648,0.9998749044592159
0.90,F2,803,0.9988999399759904,0.9979249754927648,0.9998749044592159
0.90,F2,804,0.9988999399759904,0.9979249754927648,0.9998749044592159
0.90,F2,805,0.9988999399759904,0.9979249754927648,0.9998749044592159
0.90,F2,806,0.9988999399759904,0.9979249754927648,0.9998749044592159
0.90,F2,807,0.9989499399759905,0.9979557053428775,0.9999441746091035
0.90,F2,808,0.9989499399759905,0.9979557053428775,0.9999441746091035
0.90,F2,809,0.9989499399759905,0.9979557053428775,0.9999441746091035
0.90,F2,810,0.9989499399759905,0.9979557053428775,0.9999441746091035
0.90,F2,811,0.9989999399759903,0.9980046991780279,0.9999951807739528
0.90,F2,812,0.9989999399759903,0.9980046991780279,0.9999951807739528
0.90,F2,813,0.9989999399759903,0.9980046991780279,0.9999951807739528
0.90,F2,814,0.9989999399759903,0.9980046991780279,0.9999951807739528
0.90,F2,815,0.9989999399759903,0.9980046991780279,0.9999951807739528
0.90,F2,816,0.9989999399759903,0.9980046991780279,0.9999951807739528
0.90,F2,817,0.9989999399759903,0.9980046991780279,0.9999951807739528
0.90,F2,818,0.9990499599839935,0.9980557374125577,1
0.90,F2,819,0.9990499599839935,0.9980557374125577,1
0.90,F2,820,0.9990499599839935,0.9980557374125577,1
0.90,F2,821,0.9991499799919967,0.9981638267812993,1
0.90,F2,822,0.9991999799919968,0.998324300627064,1
0.90,F2,823,0.9991999799919968,0.998324300627064,1
0.90,F2,824,0.9991999799919968,0.998324300627064,1
0.90,F2,825,0.9991999799919968,0.998324300627064,1
0.90,F2,826,0.9992499799919968,0.9984824594485507,1
0.90,F2,827,0.9992499799919968,0.9984824594485507,1
0.90,F2,828,0.9992499799919968,0.9984824594485507,1
0.90,F2,829,0.9992999799919968,0.9986371689644058,0.9999627910195878
0.90,F2,830,0.9992999799919968,0.9986371689644058,0.9999627910195878
0.90,F2,831,0.9993499799919969,0.9987070493869468,0.9999929105970471
0.90,F2,832,0.9993499799919969,0.9987070493869468,0.9999929105970471
0.90,F2,833,0.9993499799919969,0.9987070493869468,0.9999929105970471
0.90,F2,834,0.9993499799919969,0.9987070493869468,0.9999929105970471
0.90,F2,835,0.9993499799919969,0.9987070493869468,0.9999929105970471
0.90,F2,836,0.9993499799919969,0.9987070493869468,0.9999929105970471
0.90,F2,837,0.9993499799919969,0.9987070493869468,0.9999929105970471
0.90,F2,838,0.9993999799919969,0.9988637395752838,0.99993622040871
0.90,F2,839,0.9993999799919969,0.9988637395752838,0.99993622040871
0.90,F2,840,0.9993999799919969,0.9988637395752838,0.99993622040871
0.90,F2,841,0.9993999799919969,0.9988637395752838,0.99993622040871
0.90,F2,842,0.9993999799919969,0.9988637395752838,0.99993622040871
0.90,F2,843,0.9993999799919969,0.9988637395752838,0.99993622040871
0.90,F2,844,0.9993999799919969,0.9988637395752838,0.99993622040871
0.90,F2,845,0.9993999799919969,0.9988637395752838,0.99993622040871
0.90,F2,846,0.9993999799919969,0.9988637395752838,0.99993622040871
0.90,F2,847,0.9993999799919969,0.9988637395752838,0.99993622040871
0.90,F2,848,0.9994499799919968,0.9989156033111318,0.9999843566728618
0.90,F2,849,0.9994499799919968,0.9989156033111318,0.9999843566728618
0.90,F2,850,0.9994499799919968,0.9989156033111318,0.9999843566728618
0.90,F2,851,0.9994499799919968,0.9989156033111318,0.9999843566728618
0.90,F2,852,0.9995,0.9989418570765627,1
0.90,F2,853,0.99955,0.9990964744737114,1
0.90,F2,854,0.99955,0.9990964744737114,1
0.90,F2,855,0.99955,0.9990964744737114,1
0.90,F2,856,0.99955,0.9990964744737114,1
0.90,F2,857,0.9996,0.9991270751498,1
0.90,F2,858,0.99965,0.9992734589771743,1
0.90,F2,859,0.99965,0.9992734589771743,1
0.90,F2,860,0.99965,0.9992734589771743,1
0.90,F2,861,0.99965,0.9992734589771743,1
0.90,F2,862,0.99965,0.9992734589771743,1
0.90,F2,863,0.99965,0.9992734589771743,1
0.90,F2,864,0.99965,0.9992734589771743,1
0.90,F2,865,0.99965,0.9992734589771743,1
0.90,F2,866,0.99965,0.9992734589771743,1
0.90,F2,867,0.9997,0.9993104260401782,1
0.90,F2,868,0.9997,0.9993104260401782,1
0.90,F2,869,0.99975,0.9994436400058314,1
0.90,F2,870,0.99975,0.9994436400058314,1
0.90,F2,871,0.99975,0.9994436400058314,1
0.90,F2,872,0.9998,0.9995472110344086,1
0.90,F2,873,0.9998,0.9995472110344086,1
0.90,F2,874,0.9998,0.9995472110344086,1
0.90,F2,875,0.9998,0.9995472110344086,1
0.90,F2,876,0.9998,0.9995472110344086,1
0.90,F2,877,0.9998,0.9995472110344086,1
0.90,F2,878,0.9998,0.9995472110344086,1
0.90,F2,879,0.9998,0.9995472110344086,1
0.90,F2,880,0.9998,0.9995472110344086,1
0.90,F2,881,0.99985,0.9996011922118088,1
0.90,F2,882,0.99985,0.9996011922118088,1
0.90,F2,883,0.99985,0.9996011922118088,1
0.90,F2,884,0.99985,0.9996011922118088,1
0.90,F2,885,0.99985,0.9996011922118088,1
0.90,F2,886,0.99985,0.9996011922118088,1
0.90,F2,887,0.99985,0.9996011922118088,1
0.90,F2,888,0.99985,0.9996011922118088,1
0.90,F2,889,0.99985,0.9996011922118088,1
0.90,F2,890,0.9999,0.9997451990054238,1
0.90,F2,891,0.9999,0.9997451990054238,1
0.90,F2,892,0.99995,0.9998317687874501,1
0.90,F2,893,0.99995,0.9998317687874501,1
0.90,F2,894,0.99995,0.9998317687874501,1
0.90,F2,895,0.99995,0.9998317687874501,1
0.90,F2,896,0.99995,0.9998317687874501,1
0.90,F2,897,0.99995,0.9998317687874501,1
0.90,F2,898,0.99995,0.9998317687874501,1
0.90,F2,899,0.99995,0.9998317687874501,1
0.90,F2,900,0.99995,0.9998317687874501,1
0.90,F2,901,0.99995,0.9998317687874501,1
0.90,F2,902,0.99995,0.9998317687874501,1
0.90,F2,903,0.99995,0.9998317687874501,1
0.90,F2,904,0.99995,0.9998317687874501,1
0.90,F2,905,0.99995,0.9998317687874501,1
0.90,F2,906,0.99995,0.9998317687874501,1
0.90,F2,907,0.99995,0.9998317687874501,1
0.90,F2,908,0.99995,0.9998317687874501,1
0.90,F2,909,0.99995,0.9998317687874501,1
0.90,F2,910,0.99995,0.9998317687874501,1
0.90,F2,911,0.99995,0.9998317687874501,1
0.90,F2,912,0.99995,0.9998317687874501,1
0.90,F2,913,0.99995,0.9998317687874501,1
0.90,F2,914,0.99995,0.9998317687874501,1
0.90,F2,915,0.99995,0.9998317687874501,1
0.90,F2,916,0.99995,0.9998317687874501,1
0.90,F2,917,0.99995,0.9998317687874501,1
0.90,F2,918,0.99995,0.9998317687874501,1
0.90,F2,919,0.99995,0.9998317687874501,1
0.90,F2,920,0.99995,0.9998317687874501,1
0.90,F2,921,0.99995,0.9998317687874501,1
0.90,F2,922,0.99995,0.9998317687874501,1
0.90,F2,923,0.99995,0.9998317687874501,1
0.90,F2,924,0.99995,0.9998317687874501,1
0.90,F2,925,0.99995,0.9998317687874501,1
0.90,F2,926,0.99995,0.9998317687874501,1
0.90,F2,927,0.99995,0.9998317687874501,1
0.90,F2,928,0.99995,0.9998317687874501,1
0.90,F2,929,0.99995,0.9998317687874501,1
0.90,F2,930,0.99995,0.9998317687874501,1
0.90,F2,931,0.99995,0.9998317687874501,1
0.90,F2,932,0.99995,0.9998317687874501,1
0.90,F2,933,0.99995,0.9998317687874501,1
0.90,F2,934,0.99995,0.9998317687874501,1
0.90,F2,935,0.99995,0.9998317687874501,1
0.90,F2,936,0.99995,0.9998317687874501,1
0.90,F2,937,0.99995,0.9998317687874501,1
0.90,F2,938,0.99995,0.9998317687874501,1
0.90,F2,939,1.0,1.0,1
0.90,H3,0,0.0,0,0.0
0.90,H3,1,0.08925,0.08212144641502832,0.09637855358497167
0.90,H3,2,0.08935,0.08216230348625404,0.09653769651374595
0.90,H3,3,0.3127,0.3018128191617937,0.32358718083820626
0.90,H3,4,0.31299999999999994,0.30225721248505144,0.32374278751494845
0.90,H3,5,0.5821500000000001,0.5728191461357046,0.5914808538642955
0.90,H3,6,0.5826,0.5733050628275018,0.5918949371724982
0.90,H3,7,0.5841000000000001,0.5735481422381048,0.5946518577618953
0.90,H3,8,0.58505,0.5742199213599876,0.5958800786400124
0.90,H3,9,0.58605,0.5744472377565104,0.5976527622434895
0.90,H3,10,0.58675,0.5754711955691894,0.5980288044308106
0.90,H3,11,0.5878,0.5768846087625257,0.5987153912374743
0.90,H3,12,0.58865,0.5778346825269329,0.5994653174730671
0.90,H3,13,0.58965,0.5787427529732119,0.6005572470267881
0.90,H3,14,0.59085,0.5794024865120865,0.6022975134879135
0.90,H3,15,0.59115,0.5794567170437013,0.6028432829562986
0.90,H3,16,0.5921499999999998,0.580393359584166,0.6039066404158336
0.90,H3,17,0.5944999999999999,0.581993012055223,0.6070069879447768
0.90,H3,18,0.59615,0.5828564035643138,0.6094435964356861
0.90,H3,19,0.59785,0.583760628926796,0.611939371073204
0.90,H3,20,0.6005499999999999,0.5845842828948697,0.6165157171051301
0.90,H3,21,0.60395,0.5856778533864798,0.6222221466135202
0.90,H3,22,0.60755,0.5871237462685093,0.6279762537314908
0.90,H3,23,0.6125,0.5889568433464498,0.6360431566535503
0.90,H3,24,0.6165499999999999,0.5904031771777585,0.6426968228222414
0.90,H3,25,0.62025,0.5920722854452388,0.6484277145547611
0.90,H3,26,0.624,0.5939457413833146,0.6540542586166854
0.90,H3,27,0.62865,0.5969494485615399,0.6603505514384602
0.90,H3,28,0.6335999999999999,0.60054548653041,0.6666545134695899
0.90,H3,29,0.638,0.603375293200349,0.672624706799651
0.90,H3,30,0.6413,0.6054642105861852,0.6771357894138148
0.90,H3,31,0.6444,0.6077783028061765,0.6810216971938234
0.90,H3,32,0.6462,0.6093755796760062,0.6830244203239938
0.90,H3,33,0.6487,0.6112442367040651,0.686155763295935
0.90,H3,34,0.65185,0.6126656972471153,0.6910343027528848
0.90,H3,35,0.65505,0.6146603122545122,0.6954396877454878
0.90,H3,36,0.6576000000000001,0.6168303824629618,0.6983696175370383
0.90,H3,37,0.6607000000000001,0.6191426357744458,0.7022573642255543
0.90,H3,38,0.6636,0.6209479013314644,0.7062520986685356
0.90,H3,39,0.66605,0.6222224738803448,0.7098775261196553
0.90,H3,40,0.6698500000000001,0.6246898553273869,0.7150101446726133
0.90,H3,41,0.6734000000000001,0.6265459897268087,0.7202540102731915
0.90,H3,42,0.6768,0.6287581238157331,0.7248418761842668
0.90,H3,43,0.68065,0.6311624236850242,0.7301375763149758
0.90,H3,44,0.6842999999999999,0.6329979289888539,0.7356020710111459
0.90,H3,45,0.6888500000000001,0.635175801199202,0.7425241988007981
0.90,H3,46,0.6915,0.6365191990352581,0.7464808009647419
0.90,H3,47,0.6940000000000001,0.6379546282512333,0.7500453717487668
0.90,H3,48,0.6974999999999999,0.639613603680857,0.7553863963191428
0.90,H3,49,0.7022,0.6429834091821292,0.7614165908178709
0.90,H3,50,0.7069,0.6458519227624195,0.7679480772375804
0.90,H3,51,0.71145,0.6485705708865993,0.7743294291134007
0.90,H3,52,0.71585,0.6497040253010389,0.7819959746989611
0.90,H3,53,0.7196999999999999,0.6515046418728173,0.7878953581271825
0.90,H3,54,0.72305,0.6537173695505893,0.7923826304494106
0.90,H3,55,0.72655,0.6558888283706095,0.7972111716293906
0.90,H3,56,0.7303499999999999,0.6582407705883491,0.8024592294116508
0.90,H3,57,0.7350500000000001,0.6613198745029694,0.8087801254970308
0.90,H3,58,0.7390000000000001,0.6647551018721537,0.8132448981278465
0.90,H3,59,0.74275,0.6672431932685546,0.8182568067314454
0.90,H3,60,0.7468499999999999,0.6700378281242512,0.8236621718757486
0.90,H3,61,0.7508000000000001,0.6731024420543473,0.8284975579456529
0.90,H3,62,0.75435,0.6766404275207338,0.8320595724792661
0.90,H3,63,0.758,0.6804121107509147,0.8355878892490853
0.90,H3,64,0.7610499999999999,0.6836214501152323,0.8384785498847674
0.90,H3,65,0.7646,0.6865997536651479,0.842600246334852
0.90,H3,66,0.7685500000000001,0.6898205542673291,0.847279445732671
0.90,H3,67,0.77325,0.6942791484315974,0.8522208515684025
0.90,H3,68,0.7785500000000001,0.7005276496543928,0.8565723503456073
0.90,H3,69,0.7828,0.7042125087430822,0.8613874912569179
0.90,H3,70,0.7884000000000001,0.7092786690513361,0.8675213309486641
0.90,H3,71,0.7939499999999999,0.7147700478809772,0.8731299521190227
0.90,H3,72,0.79855,0.719177095145231,0.877922904854769
0.90,H3,73,0.80355,0.7238558103848295,0.8832441896151705
0.90,H3,74,0.8075499999999999,0.7271435484964303,0.8879564515035695
0.90,H3,75,0.8128500000000001,0.7317373439005749,0.8939626560994253
0.90,H3,76,0.8190500000000001,0.7387498159148418,0.8993501840851583
0.90,H3,77,0.8256,0.7454463629710912,0.9057536370289088
0.90,H3,78,0.8311499999999999,0.750447258829355,0.9118527411706449
0.90,H3,79,0.8365,0.7553681799544935,0.9176318200455066
0.90,H3,80,0.8412000000000001,0.7595229502713192,0.9228770497286809
0.90,H3,81,0.8449,0.7630910794733949,0.926708920526605
0.90,H3,82,0.8481000000000001,0.7666384371560419,0.9295615628439583
0.90,H3,83,0.85215,0.7717416610099659,0.932558338990034
0.90,H3,84,0.85745,0.777942156149902,0.9369578438500981
0.90,H3,85,0.8618499999999999,0.7826354531259428,0.9410645468740569
0.90,H3,86,0.866,0.7862557985654146,0.9457442014345854
0.90,H3,87,0.8708,0.7907820097716793,0.9508179902283207
0.90,H3,88,0.8735999999999999,0.793889061134833,0.9533109388651668
0.90,H3,89,0.8757500000000001,0.7975117258157715,0.9539882741842288
0.90,H3,90,0.87945,0.8022812384047726,0.9566187615952273
0.90,H3,91,0.8839000000000001,0.8078030157425223,0.9599969842574779
0.90,H3,92,0.8872,0.8114221065494538,0.9629778934505462
0.90,H3,93,0.8901499999999999,0.8147406877954991,0.9655593122045006
0.90,H3,94,0.8934000000000001,0.8181531276524351,0.9686468723475651
0.90,H3,95,0.89715,0.8228359690936871,0.971464030906313
0.90,H3,96,0.9017999999999999,0.8287446449737587,0.9748553550262412
0.90,H3,97,0.90505,0.8332933379638218,0.9768066620361783
0.90,H3,98,0.9086500000000001,0.8381599572894652,0.9791400427105349
0.90,H3,99,0.91305,0.8433698467679291,0.9827301532320709
0.90,H3,100,0.9172999999999999,0.8477479401257296,0.9868520598742702
0.90,H3,101,0.9208,0.8513701863816592,0.9902298136183407
0.90,H3,102,0.9243499999999999,0.8554680363520087,0.993231963647991
0.90,H3,103,0.92775,0.8596073271983323,0.9958926728016676
0.90,H3,104,0.92985,0.8629399225353526,0.9967600774646473
0.90,H3,105,0.93155,0.8655961919549463,0.9975038080450537
0.90,H3,106,0.933,0.8682189125393388,0.9977810874606613
0.90,H3,107,0.9344,0.8712715546462206,0.9975284453537794
0.90,H3,108,0.9359999999999999,0.8734353693753591,0.9985646306246407
0.90,H3,109,0.93715,0.8752173644251902,0.9990826355748099
0.90,H3,110,0.9385999999999999,0.8776346068254249,0.9995653931745748
0.90,H3,111,0.9392999999999999,0.87923648266088,0.9993635173391199
0.90,H3,112,0.93995,0.8807432739050708,0.9991567260949291
0.90,H3,113,0.9408,0.8825402321428184,0.9990597678571815
0.90,H3,114,0.94175,0.8846913424374611,0.9988086575625389
0.90,H3,115,0.94295,0.8875263615835084,0.9983736384164915
0.90,H3,116,0.94465,0.8923046935562245,0.9969953064437754
0.90,H3,117,0.94645,0.8967496586403372,0.9961503413596628
0.90,H3,118,0.9477,0.900521576747577,0.9948784232524229
0.90,H3,119,0.9492,0.9046761193895614,0.9937238806104387
0.90,H3,120,0.9507000000000001,0.9089198835780451,0.9924801164219551
0.90,H3,121,0.9519500000000001,0.9122756446221878,0.9916243553778123
0.90,H3,122,0.9531499999999999,0.9148174737210999,0.9914825262789
0.90,H3,123,0.954,0.9167567122829597,0.9912432877170402
0.90,H3,124,0.9548,0.9188594893417458,0.9907405106582542
0.90,H3,125,0.9558499999999999,0.9213269776049022,0.9903730223950975
0.90,H3,126,0.9575499999999999,0.9264197611866412,0.9886802388133586
0.90,H3,127,0.9597,0.9328122659293789,0.9865877340706211
0.90,H3,128,0.9616,0.9378964004644963,0.9853035995355037
0.90,H3,129,0.96295,0.9409552262821504,0.9849447737178495
0.90,H3,130,0.9644999999999999,0.9446277080846612,0.9843722919153386
0.90,H3,131,0.96595,0.94835487332701,0.98354512667299
0.90,H3,132,0.96685,0.9506928122708714,0.9830071877291285
0.90,H3,133,0.96795,0.9531209184657325,0.9827790815342674
0.90,H3,134,0.9689500000000001,0.9550156889843111,0.9828843110156891
0.90,H3,135,0.9697,0.9563311318136748,0.9830688681863252
0.90,H3,136,0.9703499999999999,0.9574052826493288,0.9832947173506711
0.90,H3,137,0.97105,0.9585734655791651,0.9835265344208348
0.90,H3,138,0.9713999999999999,0.9590637430770659,0.983736256922934
0.90,H3,139,0.9719499999999999,0.9596585833233684,0.9842414166766313
0.90,H3,140,0.9723,0.9601152178541937,0.9844847821458064
0.90,H3,141,0.9727,0.9602711734871514,0.9851288265128486
0.90,H3,142,0.9732000000000001,0.9609065526576116,0.9854934473423885
0.90,H3,143,0.9736500000000001,0.9611638659051934,0.9861361340948068
0.90,H3,144,0.9738000000000001,0.9613144256834588,0.9862855743165414
0.90,H3,145,0.9740500000000001,0.9615958935941018,0.9865041064058984
0.90,H3,146,0.9742500000000001,0.9618466659033863,0.9866533340966138
0.90,H3,147,0.97495,0.9623448036373454,0.9875551963626545
0.90,H3,148,0.9753,0.9627318497097708,0.9878681502902291
0.90,H3,149,0.9756499999999999,0.9630924202990787,0.9882075797009211
0.90,H3,150,0.9759499999999999,0.9633530442966395,0.9885469557033603
0.90,H3,151,0.9761,0.9635394787156577,0.9886605212843422
0.90,H3,152,0.9763,0.9637611194393257,0.9888388805606741
0.90,H3,153,0.9769,0.9643853504150468,0.9894146495849532
0.90,H3,154,0.97725,0.9648370096192964,0.9896629903807035
0.90,H3,155,0.9776999999999999,0.965425084768131,0.9899749152318688
0.90,H3,156,0.9780499999999999,0.9657183574100604,0.9903816425899393
0.90,H3,157,0.9784499999999999,0.9662368163002093,0.9906631836997906
0.90,H3,158,0.9785999999999999,0.9663808497382991,0.9908191502617008
0.90,H3,159,0.9787000000000001,0.966457665023146,0.9909423349768542
0.90,H3,160,0.9789,0.9667862245814778,0.9910137754185222
0.90,H3,161,0.9791500000000001,0.9670168702668881,0.9912831297331121
0.90,H3,162,0.9794,0.9672070261828062,0.9915929738171939
0.90,H3,163,0.9797,0.9674668030437024,0.9919331969562977
0.90,H3,164,0.98,0.9677808497382991,0.9922191502617008
0.90,H3,165,0.9801500000000001,0.9680109466098853,0.9922890533901149
0.90,H3,166,0.9804500000000002,0.9685039660258633,0.992396033974137
0.90,H3,167,0.9808000000000001,0.9688118314463967,0.9927881685536035
0.90,H3,168,0.9810500000000001,0.9692920008080551,0.9928079991919451
0.90,H3,169,0.9814,0.9697730815170378,0.9930269184829623
0.90,H3,170,0.9816,0.9699607219474526,0.9932392780525474
0.90,H3,171,0.9818,0.9701895814096692,0.9934104185903309
0.90,H3,172,0.98215,0.9706808759018102,0.9936191240981898
0.90,H3,173,0.98245,0.9709523565129108,0.9939476434870893
0.90,H3,174,0.98265,0.9711655640096754,0.9941344359903247
0.90,H3,175,0.98275,0.9712495779200356,0.9942504220799644
0.90,H3,176,0.9828,0.9713252185620994,0.9942747814379006
0.90,H3,177,0.9832,0.9716323150632779,0.9947676849367221
0.90,H3,178,0.9834499999999999,0.9719363887612238,0.9949636112387761
0.90,H3,179,0.9835999999999999,0.9722020485671039,0.9949979514328959
0.90,H3,180,0.98375,0.9725600722197002,0.9949399277802998
0.90,H3,181,0.9841000000000001,0.9728179205649891,0.9953820794350111
0.90,H3,182,0.9843500000000001,0.9732022681510213,0.9954977318489788
0.90,H3,183,0.9845999999999999,0.9735956924419825,0.9956043075580173
0.90,H3,184,0.9849,0.9738612670934435,0.9959387329065565
0.90,H3,185,0.9852,0.9742437051188424,0.9961562948811575
0.90,H3,186,0.98555,0.9747976435608594,0.9963023564391407
0.90,H3,187,0.98595,0.9754959651261833,0.9964040348738167
0.90,H3,188,0.9862,0.9758680724349748,0.9965319275650252
0.90,H3,189,0.9866,0.9767720669675619,0.9964279330324382
0.90,H3,190,0.9869,0.9770319171987915,0.9967680828012085
0.90,H3,191,0.9871,0.97749443508785,0.9967055649121499
0.90,H3,192,0.9873,0.9780020555218277,0.9965979444781722
0.90,H3,193,0.9874499999999999,0.9780441144180049,0.996855885581995
0.90,H3,194,0.9874499999999999,0.9780441144180049,0.996855885581995
0.90,H3,195,0.9876500000000001,0.9782619652370331,0.9970380347629672
0.90,H3,196,0.9877,0.9782672956776118,0.9971327043223882
0.90,H3,197,0.9878499999999999,0.9784322326692829,0.9972677673307169
0.90,H3,198,0.9882,0.9789584973087028,0.9974415026912972
0.90,H3,199,0.9884000000000001,0.9790947561115217,0.9977052438884784
0.90,H3,200,0.98855,0.9791509107324522,0.9979490892675479
0.90,H3,201,0.9887499999999999,0.9793619652370329,0.9981380347629669
0.90,H3,202,0.9888500000000001,0.9794415670657954,0.9982584329342048
0.90,H3,203,0.9890500000000001,0.9797827111836294,0.9983172888163708
0.90,H3,204,0.9893000000000001,0.9800987768091586,0.9985012231908416
0.90,H3,205,0.9894000000000001,0.980219200338556,0.9985807996614441
0.90,H3,206,0.9895,0.9804088181746129,0.9985911818253872
0.90,H3,207,0.98955,0.9804558532827389,0.9986441467172612
0.90,H3,208,0.98975,0.9809713822289149,0.9985286177710851
0.90,H3,209,0.9900000000000001,0.9812778648331365,0.9987221351668637
0.90,H3,210,0.9900000000000001,0.9812778648331365,0.9987221351668637
0.90,H3,211,0.9901000000000001,0.9813271848450943,0.9988728151549059
0.90,H3,212,0.9904000000000001,0.9818368320908281,0.9989631679091721
0.90,H3,213,0.99055,0.982063784627883,0.9990362153721171
0.90,H3,214,0.9908,0.9822892295892248,0.9993107704107752
0.90,H3,215,0.9909,0.9823821933736122,0.9994178066263878
0.90,H3,216,0.991,0.9824592487992024,0.9995407512007976
0.90,H3,217,0.99115,0.9828455121546692,0.9994544878453308
0.90,H3,218,0.9912,0.9829156153850752,0.9994843846149247
0.90,H3,219,0.9914,0.9831581492627183,0.9996418507372816
0.90,H3,220,0.9914999999999999,0.9832586338636734,0.9997413661363265
0.90,H3,221,0.99155,0.983305363359989,0.9997946366400111
0.90,H3,222,0.9917,0.9835208998285269,0.9998791001714732
0.90,H3,223,0.9917,0.9835208998285269,0.9998791001714732
0.90,H3,224,0.99175,0.9835666282796699,0.9999333717203301
0.90,H3,225,0.99185,0.9837707572883784,0.9999292427116216
0.90,H3,226,0.99195,0.9838579146604879,1
0.90,H3,227,0.99205,0.9840872729762102,1
0.90,H3,228,0.99215,0.9841402638480654,1
0.90,H3,229,0.9922500000000001,0.9843446591196607,1
0.90,H3,230,0.9923500000000001,0.9845453325841824,1
0.90,H3,231,0.99265,0.9850139790249967,1
0.90,H3,232,0.99285,0.9851338523305121,1
0.90,H3,233,0.99295,0.9853643563755476,1
0.90,H3,234,0.99325,0.9856192111479687,1
0.90,H3,235,0.99325,0.9856192111479687,1
0.90,H3,236,0.9933,0.985641391253635,1
0.90,H3,237,0.9934,0.9857596652208508,1
0.90,H3,238,0.9935999999999999,0.9860289810310026,1
0.90,H3,239,0.99365,0.9861885760032488,1
0.90,H3,240,0.9937999999999999,0.9863095937848773,1
0.90,H3,241,0.9941500000000001,0.9871059877329946,1
0.90,H3,242,0.9943500000000001,0.987419161100207,1
0.90,H3,243,0.9943500000000001,0.987419161100207,1
0.90,H3,244,0.9944500000000001,0.9877393277846388,1
0.90,H3,245,0.9946000000000002,0.9880104942192697,1
0.90,H3,246,0.99475,0.9881764235655189,1
0.90,H3,247,0.9948999999999999,0.9885405862291136,1
0.90,H3,248,0.99505,0.9887532265339891,1
0.90,H3,249,0.99515,0.9889826809723463,1
0.90,H3,250,0.99515,0.9889826809723463,1
0.90,H3,251,0.9953000000000001,0.9892760065956023,1
0.90,H3,252,0.99535,0.9893387828420197,1
0.90,H3,253,0.9954000000000001,0.9895012898712993,1
0.90,H3,254,0.9954000000000001,0.9895012898712993,1
0.90,H3,255,0.9956499999999999,0.9900701810255722,1
0.90,H3,256,0.9957,0.9902320689082843,1
0.90,H3,257,0.9958,0.9904584309803008,1
0.90,H3,258,0.9958500000000001,0.990502639444766,1
0.90,H3,259,0.9958500000000001,0.990502639444766,1
0.90,H3,260,0.9959,0.9905651645247071,1
0.90,H3,261,0.9959500000000001,0.9906041334339144,1
0.90,H3,262,0.99605,0.9906832554321703,1
0.90,H3,263,0.9961500000000001,0.9907847440237163,1
0.90,H3,264,0.9962500000000001,0.9908787921328465,1
0.90,H3,265,0.9963000000000001,0.9909174645716501,1
0.90,H3,266,0.99635,0.9909506102481377,1
0.90,H3,267,0.9966,0.9915600447623917,1
0.90,H3,268,0.9967,0.9917795356739789,1
0.90,H3,269,0.9968000000000001,0.9919837233480322,1
0.90,H3,270,0.9968000000000001,0.9919837233480322,1
0.90,H3,271,0.9968500000000001,0.9920124173194368,1
0.90,H3,272,0.9968500000000001,0.9920124173194368,1
0.90,H3,273,0.9968500000000001,0.9920124173194368,1
0.90,H3,274,0.9968500000000001,0.9920124173194368,1
0.90,H3,275,0.9968500000000001,0.9920124173194368,1
0.90,H3,276,0.9969500000000001,0.9920745877925294,1
0.90,H3,277,0.997,0.99224044628471,1
0.90,H3,278,0.997,0.99224044628471,1
0.90,H3,279,0.9971,0.9924602721829393,1
0.90,H3,280,0.9972000000000001,0.9926568259615881,1
0.90,H3,281,0.9973,0.9928500884091885,1
0.90,H3,282,0.9973,0.9928500884091885,1
0.90,H3,283,0.9973,0.9928500884091885,1
0.90,H3,284,0.99735,0.9928779299215695,1
0.90,H3,285,0.9974000000000001,0.9930435138524201,1
0.90,H3,286,0.9974000000000001,0.9930435138524201,1
0.90,H3,287,0.9974500000000001,0.9930827551018883,1
0.90,H3,288,0.9974500000000001,0.9930827551018883,1
0.90,H3,289,0.9974500000000001,0.9930827551018883,1
0.90,H3,290,0.9974500000000001,0.9930827551018883,1
0.90,H3,291,0.9974500000000001,0.9930827551018883,1
0.90,H3,292,0.9974999999999999,0.9931371011892847,1
0.90,H3,293,0.99755,0.9933033052550476,1
0.90,H3,294,0.99755,0.9933033052550476,1
0.90,H3,295,0.9976,0.9933549513975474,1
0.90,H3,296,0.9976,0.9933549513975474,1
0.90,H3,297,0.99765,0.9933920345646667,1
0.90,H3,298,0.9977,0.9935587720022486,1
0.90,H3,299,0.99785,0.9939259143758821,1
0.90,H3,300,0.9979000000000001,0.9940923989845729,1
0.90,H3,301,0.9979000000000001,0.9940923989845729,1
0.90,H3,302,0.9979000000000001,0.9940923989845729,1
0.90,H3,303,0.9979000000000001,0.9940923989845729,1
0.90,H3,304,0.99795,0.9941437103677753,1
0.90,H3,305,0.9980000000000001,0.9941746088046356,1
0.90,H3,306,0.9980000000000001,0.9941746088046356,1
0.90,H3,307,0.9980000000000001,0.9941746088046356,1
0.90,H3,308,0.99805,0.9943415010096474,1
0.90,H3,309,0.9981000000000001,0.9945083055580183,1
0.90,H3,310,0.99815,0.9946750136105416,1
0.90,H3,311,0.99825,0.9950080985503312,1
0.90,H3,312,0.99825,0.9950080985503312,1
0.90,H3,313,0.9983000000000001,0.9950393652926719,1
0.90,H3,314,0.99835,0.9952056593754177,1
0.90,H3,315,0.99835,0.9952056593754177,1
0.90,H3,316,0.99835,0.9952056593754177,1
0.90,H3,317,0.9984000000000001,0.9953718034292002,1
0.90,H3,318,0.9984500000000001,0.9955377795037716,1
0.90,H3,319,0.9985,0.9957035666993216,1
0.90,H3,320,0.9985,0.9957035666993216,1
0.90,H3,321,0.99855,0.9958691405424983,1
0.90,H3,322,0.9987,0.9962572815077203,1
0.90,H3,323,0.9987,0.9962572815077203,1
0.90,H3,324,0.99875,0.9963093261372677,1
0.90,H3,325,0.99875,0.9963093261372677,1
0.90,H3,326,0.9988,0.9964762657068755,1
0.90,H3,327,0.9988,0.9964762657068755,1
0.90,H3,328,0.9988,0.9964762657068755,1
0.90,H3,329,0.99885,0.9966430676346785,1
0.90,H3,330,0.99885,0.9966430676346785,1
0.90,H3,331,0.99885,0.9966430676346785,1
0.90,H3,332,0.9989,0.9968097088469771,1
0.90,H3,333,0.99905,0.997192925646325,1
0.90,H3,334,0.99905,0.997192925646325,1
0.90,H3,335,0.99905,0.997192925646325,1
0.90,H3,336,0.99905,0.997192925646325,1
0.90,H3,337,0.99915,0.9975270485756694,1
0.90,H3,338,0.99915,0.9975270485756694,1
0.90,H3,339,0.99915,0.9975270485756694,1
0.90,H3,340,0.99915,0.9975270485756694,1
0.90,H3,341,0.9992,0.9976938359086974,1
0.90,H3,342,0.9992500000000001,0.9978603790252865,1
0.90,H3,343,0.99935,0.9980617989894492,1
0.90,H3,344,0.99935,0.9980617989894492,1
0.90,H3,345,0.99935,0.9980617989894492,1
0.90,H3,346,0.9994000000000001,0.9981110241316286,1
0.90,H3,347,0.9994000000000001,0.9981110241316286,1
0.90,H3,348,0.9994000000000001,0.9981110241316286,1
0.90,H3,349,0.9995499999999999,0.9986136992231096,1
0.90,H3,350,0.9995499999999999,0.9986136992231096,1
0.90,H3,351,0.9996,0.9986541502996,1
0.90,H3,352,0.9996,0.9986541502996,1
0.90,H3,353,0.9996499999999999,0.99882238151215,1
0.90,H3,354,0.9996499999999999,0.99882238151215,1
0.90,H3,355,0.9996499999999999,0.99882238151215,1
0.90,H3,356,0.9996499999999999,0.99882238151215,1
0.90,H3,357,0.9996499999999999,0.99882238151215,1
0.90,H3,358,0.9996499999999999,0.99882238151215,1
0.90,H3,359,0.9997,0.9989906127247,1
0.90,H3,360,0.9997,0.9989906127247,1
0.90,H3,361,0.9997,0.9989906127247,1
0.90,H3,362,0.9998,0.9993270751498,1
0.90,H3,363,0.9998,0.9993270751498,1
0.90,H3,364,0.9998,0.9993270751498,1
0.90,H3,365,0.9998,0.9993270751498,1
0.90,H3,366,0.9998,0.9993270751498,1
0.90,H3,367,0.9998,0.9993270751498,1
0.90,H3,368,0.99985,0.9994953063623501,1
0.90,H3,369,0.99985,0.9994953063623501,1
0.90,H3,370,0.99985,0.9994953063623501,1
0.90,H3,371,0.99985,0.9994953063623501,1
0.90,H3,372,0.99985,0.9994953063623501,1
0.90,H3,373,0.99985,0.9994953063623501,1
0.90,H3,374,0.99985,0.9994953063623501,1
0.90,H3,375,0.99985,0.9994953063623501,1
0.90,H3,376,0.99985,0.9994953063623501,1
0.90,H3,377,0.99985,0.9994953063623501,1
0.90,H3,378,0.99985,0.9994953063623501,1
0.90,H3,379,0.99985,0.9994953063623501,1
0.90,H3,380,0.99985,0.9994953063623501,1
0.90,H3,381,0.99985,0.9994953063623501,1
0.90,H3,382,0.99985,0.9994953063623501,1
0.90,H3,383,0.99985,0.9994953063623501,1
0.90,H3,384,0.99985,0.9994953063623501,1
0.90,H3,385,0.99985,0.9994953063623501,1
0.90,H3,386,0.99985,0.9994953063623501,1
0.90,H3,387,0.99985,0.9994953063623501,1
0.90,H3,388,0.99985,0.9994953063623501,1
0.90,H3,389,0.99985,0.9994953063623501,1
0.90,H3,390,0.99985,0.9994953063623501,1
0.90,H3,391,0.99985,0.9994953063623501,1
0.90,H3,392,0.99985,0.9994953063623501,1
0.90,H3,393,0.99985,0.9994953063623501,1
0.90,H3,394,0.99985,0.9994953063623501,1
0.90,H3,395,0.99985,0.9994953063623501,1
0.90,H3,396,0.99985,0.9994953063623501,1
0.90,H3,397,0.99985,0.9994953063623501,1
0.90,H3,398,0.99985,0.9994953063623501,1
0.90,H3,399,0.99985,0.9994953063623501,1
0.90,H3,400,0.99985,0.9994953063623501,1
0.90,H3,401,0.99985,0.9994953063623501,1
0.90,H3,402,0.99985,0.9994953063623501,1
0.90,H3,403,0.99985,0.9994953063623501,1
0.90,H3,404,0.99985,0.9994953063623501,1
0.90,H3,405,0.99985,0.9994953063623501,1
0.90,H3,406,0.99985,0.9994953063623501,1
0.90,H3,407,0.99985,0.9994953063623501,1
0.90,H3,408,0.99985,0.9994953063623501,1
0.90,H3,409,0.99985,0.9994953063623501,1
0.90,H3,410,0.99985,0.9994953063623501,1
0.90,H3,411,0.99985,0.9994953063623501,1
0.90,H3,412,0.99985,0.9994953063623501,1
0.90,H3,413,0.99985,0.9994953063623501,1
0.90,H3,414,0.99985,0.9994953063623501,1
0.90,H3,415,0.99985,0.9994953063623501,1
0.90,H3,416,0.99985,0.9994953063623501,1
0.90,H3,417,0.99985,0.9994953063623501,1
0.90,H3,418,0.99985,0.9994953063623501,1
0.90,H3,419,0.99985,0.9994953063623501,1
0.90,H3,420,0.99985,0.9994953063623501,1
0.90,H3,421,0.99985,0.9994953063623501,1
0.90,H3,422,0.99985,0.9994953063623501,1
0.90,H3,423,0.99985,0.9994953063623501,1
0.90,H3,424,0.99985,0.9994953063623501,1
0.90,H3,425,0.99985,0.9994953063623501,1
0.90,H3,426,0.99985,0.9994953063623501,1
0.90,H3,427,0.99985,0.9994953063623501,1
0.90,H3,428,0.99985,0.9994953063623501,1
0.90,H3,429,0.99985,0.9994953063623501,1
0.90,H3,430,0.99985,0.9994953063623501,1
0.90,H3,431,0.99985,0.9994953063623501,1
0.90,H3,432,0.99985,0.9994953063623501,1
0.90,H3,433,0.99985,0.9994953063623501,1
0.90,H3,434,0.99985,0.9994953063623501,1
0.90,H3,435,0.99985,0.9994953063623501,1
0.90,H3,436,0.99985,0.9994953063623501,1
0.90,H3,437,0.99985,0.9994953063623501,1
0.90,H3,438,0.99985,0.9994953063623501,1
0.90,H3,439,0.99985,0.9994953063623501,1
0.90,H3,440,0.99985,0.9994953063623501,1
0.90,H3,441,0.99985,0.9994953063623501,1
0.90,H3,442,0.99985,0.9994953063623501,1
0.90,H3,443,0.99985,0.9994953063623501,1
0.90,H3,444,0.9999,0.9996635375749,1
0.90,H3,445,0.9999,0.9996635375749,1
0.90,H3,446,0.9999,0.9996635375749,1
0.90,H3,447,0.9999,0.9996635375749,1
0.90,H3,448,0.9999,0.9996635375749,1
0.90,H3,449,0.9999,0.9996635375749,1
0.90,H3,450,0.9999,0.9996635375749,1
0.90,H3,451,0.9999,0.9996635375749,1
0.90,H3,452,0.9999,0.9996635375749,1
0.90,H3,453,0.99995,0.9998317687874501,1
0.90,H3,454,1.0,1.0,1
0.90,H3,455,1.0,1.0,1
0.90,H3,456,1.0,1.0,1
0.90,H3,457,1.0,1.0,1
0.90,H3,458,1.0,1.0,1
0.90,H3,459,1.0,1.0,1
0.90,H3,460,1.0,1.0,1
0.90,H3,461,1.0,1.0,1
0.90,H3,462,1.0,1.0,1
0.90,H3,463,1.0,1.0,1
0.90,H3,464,1.0,1.0,1
0.90,H3,465,1.0,1.0,1
0.90,H3,466,1.0,1.0,1
0.90,H3,467,1.0,1.0,1
0.90,H3,468,1.0,1.0,1
0.90,H3,469,1.0,1.0,1
0.90,H3,470,1.0,1.0,1
0.90,H3,471,1.0,1.0,1
0.90,H3,472,1.0,1.0,1
0.90,H3,473,1.0,1.0,1
0.90,H3,474,1.0,1.0,1
0.90,H3,475,1.0,1.0,1
0.90,H3,476,1.0,1.0,1
0.90,H3,477,1.0,1.0,1
0.90,H3,478,1.0,1.0,1
0.90,H3,479,1.0,1.0,1
0.90,H3,480,1.0,1.0,1
0.90,H3,481,1.0,1.0,1
0.90,H3,482,1.0,1.0,1
0.90,H3,483,1.0,1.0,1
0.90,H3,484,1.0,1.0,1
0.90,H3,485,1.0,1.0,1
0.90,H3,486,1.0,1.0,1
0.90,H3,487,1.0,1.0,1
0.90,H3,488,1.0,1.0,1
0.90,H3,489,1.0,1.0,1
0.90,H3,490,1.0,1.0,1
0.90,H3,491,1.0,1.0,1
0.90,H3,492,1.0,1.0,1
0.90,H3,493,1.0,1.0,1
0.90,H3,494,1.0,1.0,1
0.90,H3,495,1.0,1.0,1
0.90,H3,496,1.0,1.0,1
0.90,H3,497,1.0,1.0,1
0.90,H3,498,1.0,1.0,1
0.90,H3,499,1.0,1.0,1
0.90,H3,500,1.0,1.0,1
0.90,H3,501,1.0,1.0,1
0.90,H3,502,1.0,1.0,1
0.90,H3,503,1.0,1.0,1
0.90,H3,504,1.0,1.0,1
0.90,H3,505,1.0,1.0,1
0.90,H3,506,1.0,1.0,1
0.90,H3,507,1.0,1.0,1
0.90,H3,508,1.0,1.0,1
0.90,H3,509,1.0,1.0,1
0.90,H3,510,1.0,1.0,1
0.90,H3,511,1.0,1.0,1
0.90,H3,512,1.0,1.0,1
0.90,H3,513,1.0,1.0,1
0.90,H3,514,1.0,1.0,1
0.90,H3,515,1.0,1.0,1
0.90,H3,516,1.0,1.0,1
0.90,H3,517,1.0,1.0,1
0.90,H3,518,1.0,1.0,1
0.90,H3,519,1.0,1.0,1
0.90,H3,520,1.0,1.0,1
0.90,H3,521,1.0,1.0,1
0.90,H3,522,1.0,1.0,1
0.90,H3,523,1.0,1.0,1
0.90,H3,524,1.0,1.0,1
0.90,H3,525,1.0,1.0,1
0.90,H3,526,1.0,1.0,1
0.90,H3,527,1.0,1.0,1
0.90,H3,528,1.0,1.0,1
0.90,H3,529,1.0,1.0,1
0.90,H3,530,1.0,1.0,1
0.90,H3,531,1.0,1.0,1
0.90,H3,532,1.0,1.0,1
0.90,H3,533,1.0,1.0,1
0.90,H3,534,1.0,1.0,1
0.90,H3,535,1.0,1.0,1
0.90,H3,536,1.0,1.0,1
0.90,H3,537,1.0,1.0,1
0.90,H3,538,1.0,1.0,1
0.90,H3,539,1.0,1.0,1
0.90,H3,540,1.0,1.0,1
0.90,H3,541,1.0,1.0,1
0.90,H3,542,1.0,1.0,1
0.90,H3,543,1.0,1.0,1
0.90,H3,544,1.0,1.0,1
0.90,H3,545,1.0,1.0,1
0.90,H3,546,1.0,1.0,1
0.90,H3,547,1.0,1.0,1
0.90,H3,548,1.0,1.0,1
0.90,H3,549,1.0,1.0,1
0.90,H3,550,1.0,1.0,1
0.90,H3,551,1.0,1.0,1
0.90,H3,552,1.0,1.0,1
0.90,H3,553,1.0,1.0,1
0.90,H3,554,1.0,1.0,1
0.90,H3,555,1.0,1.0,1
0.90,H3,556,1.0,1.0,1
0.90,H3,557,1.0,1.0,1
0.90,H3,558,1.0,1.0,1
0.90,H3,559,1.0,1.0,1
0.90,H3,560,1.0,1.0,1
0.90,H3,561,1.0,1.0,1
0.90,H3,562,1.0,1.0,1
0.90,H3,563,1.0,1.0,1
0.90,H3,564,1.0,1.0,1
0.90,H3,565,1.0,1.0,1
0.90,H3,566,1.0,1.0,1
0.90,H3,567,1.0,1.0,1
0.90,H3,568,1.0,1.0,1
0.90,H3,569,1.0,1.0,1
0.90,H3,570,1.0,1.0,1
0.90,H3,571,1.0,1.0,1
0.90,H3,572,1.0,1.0,1
0.90,H3,573,1.0,1.0,1
0.90,H3,574,1.0,1.0,1
0.90,H3,575,1.0,1.0,1
0.90,H3,576,1.0,1.0,1
0.90,H3,577,1.0,1.0,1
0.90,H3,578,1.0,1.0,1
0.90,H3,579,1.0,1.0,1
0.90,H3,580,1.0,1.0,1
0.90,H3,581,1.0,1.0,1
0.90,H3,582,1.0,1.0,1
0.90,H3,583,1.0,1.0,1
0.90,H3,584,1.0,1.0,1
0.90,H3,585,1.0,1.0,1
0.90,H3,586,1.0,1.0,1
0.90,H3,587,1.0,1.0,1
0.90,H3,588,1.0,1.0,1
0.90,H3,589,1.0,1.0,1
0.90,H3,590,1.0,1.0,1
0.90,H3,591,1.0,1.0,1
0.90,H3,592,1.0,1.0,1
0.90,H3,593,1.0,1.0,1
0.90,H3,594,1.0,1.0,1
0.90,H3,595,1.0,1.0,1
0.90,H3,596,1.0,1.0,1
0.90,H3,597,1.0,1.0,1
0.90,H3,598,1.0,1.0,1
0.90,H3,599,1.0,1.0,1
0.90,H3,600,1.0,1.0,1
0.90,H3,601,1.0,1.0,1
0.90,H3,602,1.0,1.0,1
0.90,H3,603,1.0,1.0,1
0.90,H3,604,1.0,1.0,1
0.90,H3,605,1.0,1.0,1
0.90,H3,606,1.0,1.0,1
0.90,H3,607,1.0,1.0,1
0.90,H3,608,1.0,1.0,1
0.90,H3,609,1.0,1.0,1
0.90,H3,610,1.0,1.0,1
0.90,H3,611,1.0,1.0,1
0.90,H3,612,1.0,1.0,1
0.90,H3,613,1.0,1.0,1
0.90,H3,614,1.0,1.0,1
0.90,H3,615,1.0,1.0,1
0.90,H3,616,1.0,1.0,1
0.90,H3,617,1.0,1.0,1
0.90,H3,618,1.0,1.0,1
0.90,H3,619,1.0,1.0,1
0.90,H3,620,1.0,1.0,1
0.90,H3,621,1.0,1.0,1
0.90,H3,622,1.0,1.0,1
0.90,H3,623,1.0,1.0,1
0.90,H3,624,1.0,1.0,1
0.90,H3,625,1.0,1.0,1
0.90,H3,626,1.0,1.0,1
0.90,H3,627,1.0,1.0,1
0.90,H3,628,1.0,1.0,1
0.90,H3,629,1.0,1.0,1
0.90,H3,630,1.0,1.0,1
0.90,H3,631,1.0,1.0,1
0.90,H3,632,1.0,1.0,1
0.90,H3,633,1.0,1.0,1
0.90,H3,634,1.0,1.0,1
0.90,H3,635,1.0,1.0,1
0.90,H3,636,1.0,1.0,1
0.90,H3,637,1.0,1.0,1
0.90,H3,638,1.0,1.0,1
0.90,H3,639,1.0,1.0,1
0.90,H3,640,1.0,1.0,1
0.90,H3,641,1.0,1.0,1
0.90,H3,642,1.0,1.0,1
0.90,H3,643,1.0,1.0,1
0.90,H3,644,1.0,1.0,1
0.90,H3,645,1.0,1.0,1
0.90,H3,646,1.0,1.0,1
0.90,H3,647,1.0,1.0,1
0.90,H3,648,1.0,1.0,1
0.90,H3,649,1.0,1.0,1
0.90,H3,650,1.0,1.0,1
0.90,H3,651,1.0,1.0,1
0.90,H3,652,1.0,1.0,1
0.90,H3,653,1.0,1.0,1
0.90,H3,654,1.0,1.0,1
0.90,H3,655,1.0,1.0,1
0.90,H3,656,1.0,1.0,1
0.90,H3,657,1.0,1.0,1
0.90,H3,658,1.0,1.0,1
0.90,H3,659,1.0,1.0,1
0.90,H3,660,1.0,1.0,1
0.90,H3,661,1.0,1.0,1
0.90,H3,662,1.0,1.0,1
0.90,H3,663,1.0,1.0,1
0.90,H3,664,1.0,1.0,1
0.90,H3,665,1.0,1.0,1
0.90,H3,666,1.0,1.0,1
0.90,H3,667,1.0,1.0,1
0.90,H3,668,1.0,1.0,1
0.90,H3,669,1.0,1.0,1
0.90,H3,670,1.0,1.0,1
0.90,H3,671,1.0,1.0,1
0.90,H3,672,1.0,1.0,1
0.90,H3,673,1.0,1.0,1
0.90,H3,674,1.0,1.0,1
0.90,H3,675,1.0,1.0,1
0.90,H3,676,1.0,1.0,1
0.90,H3,677,1.0,1.0,1
0.90,H3,678,1.0,1.0,1
0.90,H3,679,1.0,1.0,1
0.90,H3,680,1.0,1.0,1
0.90,H3,681,1.0,1.0,1
0.90,H3,682,1.0,1.0,1
0.90,H3,683,1.0,1.0,1
0.90,H3,684,1.0,1.0,1
0.90,H3,685,1.0,1.0,1
0.90,H3,686,1.0,1.0,1
0.90,H3,687,1.0,1.0,1
0.90,H3,688,1.0,1.0,1
0.90,H3,689,1.0,1.0,1
0.90,H3,690,1.0,1.0,1
0.90,H3,691,1.0,1.0,1
0.90,H3,692,1.0,1.0,1
0.90,H3,693,1.0,1.0,1
0.90,H3,694,1.0,1.0,1
0.90,H3,695,1.0,1.0,1
0.90,H3,696,1.0,1.0,1
0.90,H3,697,1.0,1.0,1
0.90,H3,698,1.0,1.0,1
0.90,H3,699,1.0,1.0,1
0.90,H3,700,1.0,1.0,1
0.90,H3,701,1.0,1.0,1
0.90,H3,702,1.0,1.0,1
0.90,H3,703,1.0,1.0,1
0.90,H3,704,1.0,1.0,1
0.90,H3,705,1.0,1.0,1
0.90,H3,706,1.0,1.0,1
0.90,H3,707,1.0,1.0,1
0.90,H3,708,1.0,1.0,1
0.90,H3,709,1.0,1.0,1
0.90,H3,710,1.0,1.0,1
0.90,H3,711,1.0,1.0,1
0.90,H3,712,1.0,1.0,1
0.90,H3,713,1.0,1.0,1
0.90,H3,714,1.0,1.0,1
0.90,H3,715,1.0,1.0,1
0.90,H3,716,1.0,1.0,1
0.90,H3,717,1.0,1.0,1
0.90,H3,718,1.0,1.0,1
0.90,H3,719,1.0,1.0,1
0.90,H3,720,1.0,1.0,1
0.90,H3,721,1.0,1.0,1
0.90,H3,722,1.0,1.0,1
0.90,H3,723,1.0,1.0,1
0.90,H3,724,1.0,1.0,1
0.90,H3,725,1.0,1.0,1
0.90,H3,726,1.0,1.0,1
0.90,H3,727,1.0,1.0,1
0.90,H3,728,1.0,1.0,1
0.90,H3,729,1.0,1.0,1
0.90,H3,730,1.0,1.0,1
0.90,H3,731,1.0,1.0,1
0.90,H3,732,1.0,1.0,1
0.90,H3,733,1.0,1.0,1
0.90,H3,734,1.0,1.0,1
0.90,H3,735,1.0,1.0,1
0.90,H3,736,1.0,1.0,1
0.90,H3,737,1.0,1.0,1
0.90,H3,738,1.0,1.0,1
0.90,H3,739,1.0,1.0,1
0.90,H3,740,1.0,1.0,1
0.90,H3,741,1.0,1.0,1
0.90,H3,742,1.0,1.0,1
0.90,H3,743,1.0,1.0,1
0.90,H3,744,1.0,1.0,1
0.90,H3,745,1.0,1.0,1
0.90,H3,746,1.0,1.0,1
0.90,H3,747,1.0,1.0,1
0.90,H3,748,1.0,1.0,1
0.90,H3,749,1.0,1.0,1
0.90,H3,750,1.0,1.0,1
0.90,H3,751,1.0,1.0,1
0.90,H3,752,1.0,1.0,1
0.90,H3,753,1.0,1.0,1
0.90,H3,754,1.0,1.0,1
0.90,H3,755,1.0,1.0,1
0.90,H3,756,1.0,1.0,1
0.90,H3,757,1.0,1.0,1
0.90,H3,758,1.0,1.0,1
0.90,H3,759,1.0,1.0,1
0.90,H3,760,1.0,1.0,1
0.90,H3,761,1.0,1.0,1
0.90,H3,762,1.0,1.0,1
0.90,H3,763,1.0,1.0,1
0.90,H3,764,1.0,1.0,1
0.90,H3,765,1.0,1.0,1
0.90,H3,766,1.0,1.0,1
0.90,H3,767,1.0,1.0,1
0.90,H3,768,1.0,1.0,1
0.90,H3,769,1.0,1.0,1
0.90,H3,770,1.0,1.0,1
0.90,H3,771,1.0,1.0,1
0.90,H3,772,1.0,1.0,1
0.90,H3,773,1.0,1.0,1
0.90,H3,774,1.0,1.0,1
0.90,H3,775,1.0,1.0,1
0.90,H3,776,1.0,1.0,1
0.90,H3,777,1.0,1.0,1
0.90,H3,778,1.0,1.0,1
0.90,H3,779,1.0,1.0,1
0.90,H3,780,1.0,1.0,1
0.90,H3,781,1.0,1.0,1
0.90,H3,782,1.0,1.0,1
0.90,H3,783,1.0,1.0,1
0.90,H3,784,1.0,1.0,1
0.90,H3,785,1.0,1.0,1
0.90,H3,786,1.0,1.0,1
0.90,H3,787,1.0,1.0,1
0.90,H3,788,1.0,1.0,1
0.90,H3,789,1.0,1.0,1
0.90,H3,790,1.0,1.0,1
0.90,H3,791,1.0,1.0,1
0.90,H3,792,1.0,1.0,1
0.90,H3,793,1.0,1.0,1
0.90,H3,794,1.0,1.0,1
0.90,H3,795,1.0,1.0,1
0.90,H3,796,1.0,1.0,1
0.90,H3,797,1.0,1.0,1
0.90,H3,798,1.0,1.0,1
0.90,H3,799,1.0,1.0,1
0.90,H3,800,1.0,1.0,1
0.90,H3,801,1.0,1.0,1
0.90,H3,802,1.0,1.0,1
0.90,H3,803,1.0,1.0,1
0.90,H3,804,1.0,1.0,1
0.90,H3,805,1.0,1.0,1
0.90,H3,806,1.0,1.0,1
0.90,H3,807,1.0,1.0,1
0.90,H3,808,1.0,1.0,1
0.90,H3,809,1.0,1.0,1
0.90,H3,810,1.0,1.0,1
0.90,H3,811,1.0,1.0,1
0.90,H3,812,1.0,1.0,1
0.90,H3,813,1.0,1.0,1
0.90,H3,814,1.0,1.0,1
0.90,H3,815,1.0,1.0,1
0.90,H3,816,1.0,1.0,1
0.90,H3,817,1.0,1.0,1
0.90,H3,818,1.0,1.0,1
0.90,H3,819,1.0,1.0,1
0.90,H3,820,1.0,1.0,1
0.90,H3,821,1.0,1.0,1
0.90,H3,822,1.0,1.0,1
0.90,H3,823,1.0,1.0,1
0.90,H3,824,1.0,1.0,1
0.90,H3,825,1.0,1.0,1
0.90,H3,826,1.0,1.0,1
0.90,H3,827,1.0,1.0,1
0.90,H3,828,1.0,1.0,1
0.90,H3,829,1.0,1.0,1
0.90,H3,830,1.0,1.0,1
0.90,H3,831,1.0,1.0,1
0.90,H3,832,1.0,1.0,1
0.90,H3,833,1.0,1.0,1
0.90,H3,834,1.0,1.0,1
0.90,H3,835,1.0,1.0,1
0.90,H3,836,1.0,1.0,1
0.90,H3,837,1.0,1.0,1
0.90,H3,838,1.0,1.0,1
0.90,H3,839,1.0,1.0,1
0.90,H3,840,1.0,1.0,1
0.90,H3,841,1.0,1.0,1
0.90,H3,842,1.0,1.0,1
0.90,H3,843,1.0,1.0,1
0.90,H3,844,1.0,1.0,1
0.90,H3,845,1.0,1.0,1
0.90,H3,846,1.0,1.0,1
0.90,H3,847,1.0,1.0,1
0.90,H3,848,1.0,1.0,1
0.90,H3,849,1.0,1.0,1
0.90,H3,850,1.0,1.0,1
0.90,H3,851,1.0,1.0,1
0.90,H3,852,1.0,1.0,1
0.90,H3,853,1.0,1.0,1
0.90,H3,854,1.0,1.0,1
0.90,H3,855,1.0,1.0,1
0.90,H3,856,1.0,1.0,1
0.90,H3,857,1.0,1.0,1
0.90,H3,858,1.0,1.0,1
0.90,H3,859,1.0,1.0,1
0.90,H3,860,1.0,1.0,1
0.90,H3,861,1.0,1.0,1
0.90,H3,862,1.0,1.0,1
0.90,H3,863,1.0,1.0,1
0.90,H3,864,1.0,1.0,1
0.90,H3,865,1.0,1.0,1
0.90,H3,866,1.0,1.0,1
0.90,H3,867,1.0,1.0,1
0.90,H3,868,1.0,1.0,1
0.90,H3,869,1.0,1.0,1
0.90,H3,870,1.0,1.0,1
0.90,H3,871,1.0,1.0,1
0.90,H3,872,1.0,1.0,1
0.90,H3,873,1.0,1.0,1
0.90,H3,874,1.0,1.0,1
0.90,H3,875,1.0,1.0,1
0.90,H3,876,1.0,1.0,1
0.90,H3,877,1.0,1.0,1
0.90,H3,878,1.0,1.0,1
0.90,H3,879,1.0,1.0,1
0.90,H3,880,1.0,1.0,1
0.90,H3,881,1.0,1.0,1
0.90,H3,882,1.0,1.0,1
0.90,H3,883,1.0,1.0,1
0.90,H3,884,1.0,1.0,1
0.90,H3,885,1.0,1.0,1
0.90,H3,886,1.0,1.0,1
0.90,H3,887,1.0,1.0,1
0.90,H3,888,1.0,1.0,1
0.90,H3,889,1.0,1.0,1
0.90,H3,890,1.0,1.0,1
0.90,H3,891,1.0,1.0,1
0.90,H3,892,1.0,1.0,1
0.90,H3,893,1.0,1.0,1
0.90,H3,894,1.0,1.0,1
0.90,H3,895,1.0,1.0,1
0.90,H3,896,1.0,1.0,1
0.90,H3,897,1.0,1.0,1
0.90,H3,898,1.0,1.0,1
0.90,H3,899,1.0,1.0,1
0.90,H3,900,1.0,1.0,1
0.90,H3,901,1.0,1.0,1
0.90,H3,902,1.0,1.0,1
0.90,H3,903,1.0,1.0,1
0.90,H3,904,1.0,1.0,1
0.90,H3,905,1.0,1.0,1
0.90,H3,906,1.0,1.0,1
0.90,H3,907,1.0,1.0,1
0.90,H3,908,1.0,1.0,1
0.90,H3,909,1.0,1.0,1
0.90,H3,910,1.0,1.0,1
0.90,H3,911,1.0,1.0,1
0.90,H3,912,1.0,1.0,1
0.90,H3,913,1.0,1.0,1
0.90,H3,914,1.0,1.0,1
0.90,H3,915,1.0,1.0,1
0.90,H3,916,1.0,1.0,1
0.90,H3,917,1.0,1.0,1
0.90,H3,918,1.0,1.0,1
0.90,H3,919,1.0,1.0,1
0.90,H3,920,1.0,1.0,1
0.90,H3,921,1.0,1.0,1
0.90,H3,922,1.0,1.0,1
0.90,H3,923,1.0,1.0,1
0.90,H3,924,1.0,1.0,1
0.90,H3,925,1.0,1.0,1
0.90,H3,926,1.0,1.0,1
0.90,H3,927,1.0,1.0,1
0.90,H3,928,1.0,1.0,1
0.90,H3,929,1.0,1.0,1
0.90,H3,930,1.0,1.0,1
0.90,H3,931,1.0,1.0,1
0.90,H3,932,1.0,1.0,1
0.90,H3,933,1.0,1.0,1
0.90,H3,934,1.0,1.0,1
0.90,H3,935,1.0,1.0,1
0.90,H3,936,1.0,1.0,1
0.90,H3,937,1.0,1.0,1
0.90,H3,938,1.0,1.0,1
0.90,H3,939,1.0,1.0,1
0.90,F3,0,0.0,0,0.0
0.90,F3,1,0.09159999999999999,0.0825031088740946,0.10069689112590538
0.90,F3,2,0.09190000000000001,0.08271963537538242,0.1010803646246176
0.90,F3,3,0.31615,0.3044779126214568,0.3278220873785432
0.90,F3,4,0.31665,0.30504792621495336,0.3282520737850466
0.90,F3,5,0.5788,0.5699091565635571,0.5876908434364428
0.90,F3,6,0.5797500000000001,0.5707983834697414,0.5887016165302588
0.90,F3,7,0.5804,0.5717662298153099,0.5890337701846902
0.90,F3,8,0.5809,0.5722685430726417,0.5895314569273582
0.90,F3,9,0.5815,0.5726817765958101,0.5903182234041899
0.90,F3,10,0.5817,0.5729874861013835,0.5904125138986165
0.90,F3,11,0.582,0.573279696637245,0.5907203033627549
0.90,F3,12,0.5822499999999999,0.5733592688677657,0.5911407311322342
0.90,F3,13,0.5827,0.5736669938739261,0.5917330061260739
0.90,F3,14,0.58275,0.5737246240841093,0.5917753759158907
0.90,F3,15,0.5831999999999999,0.5740523221010528,0.592347677898947
0.90,F3,16,0.5835999999999999,0.5742878913050634,0.5929121086949364
0.90,F3,17,0.58415,0.574458027708059,0.5938419722919409
0.90,F3,18,0.5844499999999999,0.5746034925610195,0.5942965074389803
0.90,F3,19,0.5848499999999999,0.5747314328612444,0.5949685671387553
0.90,F3,20,0.5851,0.5747021810921487,0.5954978189078513
0.90,F3,21,0.58555,0.5750578303765601,0.5960421696234399
0.90,F3,22,0.5860999999999998,0.5756561897777993,0.5965438102222004
0.90,F3,23,0.5864,0.5756275116058276,0.5971724883941725
0.90,F3,24,0.5867500000000001,0.5756741538089132,0.597825846191087
0.90,F3,25,0.5869,0.5757131956917885,0.5980868043082115
0.90,F3,26,0.5872,0.575896347001125,0.5985036529988751
0.90,F3,27,0.58765,0.5761315334043701,0.59916846659563
0.90,F3,28,0.5883,0.5763094996039327,0.6002905003960674
0.90,F3,29,0.5885,0.5762641914843075,0.6007358085156925
0.90,F3,30,0.5891000000000001,0.5764798415988212,0.601720158401179
0.90,F3,31,0.5896,0.5769554969518699,0.6022445030481302
0.90,F3,32,0.5901500000000001,0.5771087626722803,0.6031912373277198
0.90,F3,33,0.5909,0.5777942268400243,0.6040057731599756
0.90,F3,34,0.59145,0.5781552018696992,0.6047447981303009
0.90,F3,35,0.59175,0.5781311044512052,0.6053688955487948
0.90,F3,36,0.5921,0.5782026406656885,0.6059973593343114
0.90,F3,37,0.5922499999999999,0.5783800410898063,0.6061199589101935
0.90,F3,38,0.5928000000000001,0.5786359204746228,0.6069640795253775
0.90,F3,39,0.5935,0.5789456876546514,0.6080543123453487
0.90,F3,40,0.59425,0.5795209070349552,0.6089790929650447
0.90,F3,41,0.5948500000000001,0.5797645788761162,0.609935421123884
0.90,F3,42,0.59555,0.5800354311969019,0.6110645688030981
0.90,F3,43,0.5961,0.5799930079659819,0.6122069920340181
0.90,F3,44,0.5970500000000001,0.5808075097935093,0.6132924902064909
0.90,F3,45,0.5981,0.5817557222597798,0.6144442777402201
0.90,F3,46,0.5994,0.5828331592773129,0.6159668407226871
0.90,F3,47,0.6002500000000001,0.5837712056962882,0.616728794303712
0.90,F3,48,0.6012,0.5842518241761587,0.6181481758238412
0.90,F3,49,0.60295,0.5857140023490547,0.6201859976509453
0.90,F3,50,0.60385,0.5863436226646193,0.6213563773353807
0.90,F3,51,0.6049500000000001,0.5871154406333413,0.6227845593666589
0.90,F3,52,0.60585,0.5877937728383554,0.6239062271616446
0.90,F3,53,0.6071499999999999,0.5886450210792689,0.6256549789207309
0.90,F3,54,0.6082000000000001,0.5895929462091927,0.6268070537908075
0.90,F3,55,0.6088,0.5900033087550269,0.6275966912449731
0.90,F3,56,0.61,0.5906984409345409,0.629301559065459
0.90,F3,57,0.6111,0.5915233347243928,0.6306766652756072
0.90,F3,58,0.6122,0.5919626683688622,0.6324373316311377
0.90,F3,59,0.6135999999999999,0.5927246204887104,0.6344753795112894
0.90,F3,60,0.61575,0.5940808556283561,0.6374191443716439
0.90,F3,61,0.6172500000000001,0.5947941161128053,0.6397058838871948
0.90,F3,62,0.6184999999999999,0.5958992315060261,0.6411007684939738
0.90,F3,63,0.6196499999999999,0.597027550158364,0.6422724498416359
0.90,F3,64,0.62105,0.597938163123709,0.644161836876291
0.90,F3,65,0.6219,0.5984356889283241,0.6453643110716759
0.90,F3,66,0.6229999999999999,0.5993537574899999,0.6466462425099999
0.90,F3,67,0.62415,0.6000859127875791,0.6482140872124209
0.90,F3,68,0.6258,0.6011061277483034,0.6504938722516966
0.90,F3,69,0.6269,0.6019738350897398,0.6518261649102602
0.90,F3,70,0.62795,0.6028853414597919,0.6530146585402081
0.90,F3,71,0.6287,0.6033612948067887,0.6540387051932114
0.90,F3,72,0.6302,0.6052672665713974,0.6551327334286026
0.90,F3,73,0.6316999999999999,0.6065753010219347,0.6568246989780652
0.90,F3,74,0.6331500000000001,0.6077032793744085,0.6585967206255917
0.90,F3,75,0.6346,0.6090345481795424,0.6601654518204577
0.90,F3,76,0.63585,0.6098766641774969,0.6618233358225032
0.90,F3,77,0.6368999999999999,0.610605238590408,0.6631947614095918
0.90,F3,78,0.6377999999999999,0.611398373831353,0.6642016261686469
0.90,F3,79,0.63875,0.6120652314169127,0.6654347685830874
0.90,F3,80,0.6396,0.6128461362256113,0.6663538637743885
0.90,F3,81,0.6407500000000002,0.6141293669616453,0.667370633038355
0.90,F3,82,0.64195,0.6155154543443816,0.6683845456556184
0.90,F3,83,0.64285,0.6165536058317733,0.6691463941682267
0.90,F3,84,0.6443,0.6180599756890977,0.6705400243109023
0.90,F3,85,0.64575,0.6192379098467089,0.6722620901532912
0.90,F3,86,0.64705,0.6202818462152061,0.6738181537847939
0.90,F3,87,0.64795,0.6206871832386708,0.6752128167613293
0.90,F3,88,0.6491,0.621926802920634,0.6762731970793661
0.90,F3,89,0.6504,0.6228019737961911,0.6779980262038089
0.90,F3,90,0.65185,0.6243819822310658,0.6793180177689343
0.90,F3,91,0.6534,0.6257181654459523,0.6810818345540477
0.90,F3,92,0.6547,0.626888761608451,0.6825112383915489
0.90,F3,93,0.6557,0.6275899409080006,0.6838100590919993
0.90,F3,94,0.65715,0.6289397042281203,0.6853602957718797
0.90,F3,95,0.6588999999999999,0.6302779979764359,0.687522002023564
0.90,F3,96,0.6607000000000001,0.6311508458966048,0.6902491541033954
0.90,F3,97,0.6624999999999999,0.6319691255407845,0.6930308744592152
0.90,F3,98,0.66355,0.6329805921847071,0.6941194078152928
0.90,F3,99,0.66505,0.6341740565222015,0.6959259434777986
0.90,F3,100,0.6667,0.6356399863422759,0.697760013657724
0.90,F3,101,0.6684,0.6372187090868039,0.6995812909131961
0.90,F3,102,0.6697,0.638267773361287,0.7011322266387129
0.90,F3,103,0.6712,0.6398970085760608,0.7025029914239392
0.90,F3,104,0.6723,0.6410855524040986,0.7035144475959014
0.90,F3,105,0.67385,0.6419830769336196,0.7057169230663803
0.90,F3,106,0.6758,0.6433134213311692,0.7082865786688307
0.90,F3,107,0.6771,0.6448296543148797,0.7093703456851204
0.90,F3,108,0.6787499999999999,0.6466595198439586,0.7108404801560411
0.90,F3,109,0.68035,0.6482575285905319,0.7124424714094681
0.90,F3,110,0.6816500000000001,0.6495669881450192,0.713733011854981
0.90,F3,111,0.6830999999999999,0.6507925465963449,0.715407453403655
0.90,F3,112,0.6840499999999999,0.6515509146207188,0.7165490853792811
0.90,F3,113,0.6855,0.6526317229110999,0.7183682770889
0.90,F3,114,0.6865,0.6535346566087173,0.7194653433912827
0.90,F3,115,0.6877999999999999,0.6542166267667819,0.7213833732332178
0.90,F3,116,0.689,0.6550339666380282,0.7229660333619717
0.90,F3,117,0.6902999999999999,0.6556671044593542,0.7249328955406457
0.90,F3,118,0.6922500000000001,0.6569843820546898,0.7275156179453105
0.90,F3,119,0.6942,0.6584788529000063,0.7299211470999938
0.90,F3,120,0.6973,0.6608783161989119,0.7337216838010882
0.90,F3,121,0.6994,0.6633596155576467,0.7354403844423534
0.90,F3,122,0.701,0.6647100330735839,0.737289966926416
0.90,F3,123,0.7025499999999999,0.6661738797538146,0.7389261202461852
0.90,F3,124,0.7038499999999999,0.6671207386725604,0.7405792613274393
0.90,F3,125,0.70505,0.6680037199542112,0.7420962800457888
0.90,F3,126,0.7066,0.6695998636325959,0.7436001363674041
0.90,F3,127,0.7085,0.6717099768265757,0.7452900231734243
0.90,F3,128,0.7103499999999999,0.673845646426016,0.7468543535739839
0.90,F3,129,0.71175,0.6752231152015615,0.7482768847984385
0.90,F3,130,0.7137000000000001,0.6773797805658264,0.7500202194341739
0.90,F3,131,0.7155,0.6797052476066736,0.7512947523933264
0.90,F3,132,0.718,0.6826954166822687,0.7533045833177312
0.90,F3,133,0.7202500000000001,0.6848401677536592,0.7556598322463409
0.90,F3,134,0.7218500000000001,0.6861123371633715,0.7575876628366287
0.90,F3,135,0.7229,0.6872322249387514,0.7585677750612486
0.90,F3,136,0.7243499999999999,0.6888363272061502,0.7598636727938497
0.90,F3,137,0.7257,0.6899700212011258,0.7614299787988742
0.90,F3,138,0.7273999999999999,0.6915297891315477,0.7632702108684521
0.90,F3,139,0.72915,0.6928004596897579,0.765499540310242
0.90,F3,140,0.73125,0.6943664363899815,0.7681335636100184
0.90,F3,141,0.7335,0.6960668489950246,0.7709331510049755
0.90,F3,142,0.73555,0.6980185262667064,0.7730814737332937
0.90,F3,143,0.7372,0.6993124236354942,0.7750875763645058
0.90,F3,144,0.7385499999999999,0.7003609000161775,0.7767390999838224
0.90,F3,145,0.7398500000000001,0.7020113938591106,0.7776886061408896
0.90,F3,146,0.7408000000000001,0.7030607154817576,0.7785392845182426
0.90,F3,147,0.74255,0.7047346221425143,0.7803653778574858
0.90,F3,148,0.7434499999999999,0.7055043058852759,0.781395694114724
0.90,F3,149,0.74475,0.7070605141828372,0.7824394858171628
0.90,F3,150,0.7463500000000001,0.708445798181629,0.7842542018183711
0.90,F3,151,0.7474999999999999,0.709693574118602,0.7853064258813979
0.90,F3,152,0.7484000000000001,0.7105254972609697,0.7862745027390304
0.90,F3,153,0.7496500000000001,0.711841170872656,0.7874588291273443
0.90,F3,154,0.7514500000000001,0.7129737516572644,0.7899262483427357
0.90,F3,155,0.75335,0.7142906536629496,0.7924093463370503
0.90,F3,156,0.7549,0.7160527631492289,0.7937472368507711
0.90,F3,157,0.75685,0.7178903742832955,0.7958096257167045
0.90,F3,158,0.7583500000000001,0.7196479195875255,0.7970520804124747
0.90,F3,159,0.7601000000000001,0.7215823312134403,0.7986176687865599
0.90,F3,160,0.76195,0.7230137543984574,0.8008862456015426
0.90,F3,161,0.7634500000000001,0.7242363536045139,0.8026636463954863
0.90,F3,162,0.76555,0.7260398701026427,0.8050601298973572
0.90,F3,163,0.76715,0.727760953597886,0.806539046402114
0.90,F3,164,0.7686499999999999,0.7289714168408719,0.808328583159128
0.90,F3,165,0.7699,0.7302235055098608,0.8095764944901392
0.90,F3,166,0.77115,0.7311368374160433,0.8111631625839567
0.90,F3,167,0.7725500000000002,0.7323828207122718,0.8127171792877286
0.90,F3,168,0.774,0.7336538198987586,0.8143461801012415
0.90,F3,169,0.7757000000000001,0.7349912625951559,0.8164087374048442
0.90,F3,170,0.7765500000000001,0.7357494625466142,0.8173505374533859
0.90,F3,171,0.7782,0.7372306365459048,0.8191693634540952
0.90,F3,172,0.7800499999999999,0.739168296071753,0.8209317039282468
0.90,F3,173,0.78265,0.7412612827327781,0.8240387172672218
0.90,F3,174,0.7847500000000001,0.7428253339669002,0.8266746660330999
0.90,F3,175,0.78635,0.7444280014303585,0.8282719985696415
0.90,F3,176,0.7877000000000001,0.7459321212885534,0.8294678787114468
0.90,F3,177,0.7891,0.7476411646093212,0.8305588353906789
0.90,F3,178,0.7908999999999999,0.7497707808399885,0.8320292191600114
0.90,F3,179,0.79265,0.7515090569691687,0.8337909430308312
0.90,F3,180,0.7947500000000001,0.7544194881986488,0.8350805118013513
0.90,F3,181,0.79695,0.7569334438690692,0.8369665561309308
0.90,F3,182,0.7982,0.7582597434211024,0.8381402565788977
0.90,F3,183,0.79935,0.7594986644181444,0.8392013355818556
0.90,F3,184,0.8004,0.7605626725917307,0.8402373274082693
0.90,F3,185,0.80145,0.7616624552416431,0.8412375447583569
0.90,F3,186,0.8026499999999999,0.76285924319716,0.8424407568028397
0.90,F3,187,0.80375,0.7642125865057031,0.8432874134942968
0.90,F3,188,0.8052,0.765488390221906,0.8449116097780941
0.90,F3,189,0.8063,0.7666537154296412,0.8459462845703588
0.90,F3,190,0.80795,0.7681108931051972,0.8477891068948027
0.90,F3,191,0.8093,0.7694539513612281,0.849146048638772
0.90,F3,192,0.8107499999999999,0.7711828990964039,0.8503171009035958
0.90,F3,193,0.8122,0.7723189853656537,0.8520810146343464
0.90,F3,194,0.81425,0.774342981133567,0.854157018866433
0.90,F3,195,0.81605,0.776086775797618,0.8560132242023821
0.90,F3,196,0.8181499999999999,0.7783447922044991,0.8579552077955007
0.90,F3,197,0.8193499999999999,0.7796126771588981,0.8590873228411017
0.90,F3,198,0.8208499999999999,0.7816956748987623,0.8600043251012374
0.90,F3,199,0.82165,0.7824858837548082,0.8608141162451918
0.90,F3,200,0.8223999999999999,0.7830760783115633,0.8617239216884365
0.90,F3,201,0.8235999999999999,0.7845717250278651,0.8626282749721347
0.90,F3,202,0.8250500000000001,0.7859117948230099,0.8641882051769902
0.90,F3,203,0.8260000000000001,0.7870216956580722,0.8649783043419279
0.90,F3,204,0.82715,0.7883168764097905,0.8659831235902096
0.90,F3,205,0.82805,0.7891059594671491,0.8669940405328508
0.90,F3,206,0.8291,0.7905810869553305,0.8676189130446694
0.90,F3,207,0.8304,0.79208516416818,0.8687148358318201
0.90,F3,208,0.83135,0.7935494112091526,0.8691505887908475
0.90,F3,209,0.8322,0.7946572214334305,0.8697427785665696
0.90,F3,210,0.8329500000000001,0.7953443223319132,0.870555677668087
0.90,F3,211,0.83395,0.7969669494956998,0.8709330505043001
0.90,F3,212,0.83475,0.7982579022499571,0.8712420977500429
0.90,F3,213,0.8355999999999999,0.7991199158573628,0.872080084142637
0.90,F3,214,0.8362,0.799980536742928,0.8724194632570721
0.90,F3,215,0.8369,0.8006414123073194,0.8731585876926805
0.90,F3,216,0.83755,0.8016328609842613,0.8734671390157387
0.90,F3,217,0.838,0.8020648237403886,0.8739351762596114
0.90,F3,218,0.83885,0.8031161370627977,0.8745838629372022
0.90,F3,219,0.8397000000000001,0.804377886394669,0.8750221136053312
0.90,F3,220,0.84035,0.8054621748132231,0.875237825186777
0.90,F3,221,0.841,0.806397447107261,0.8756025528927389
0.90,F3,222,0.8418,0.8080780088392481,0.8755219911607519
0.90,F3,223,0.8425000000000001,0.8095909201927501,0.8754090798072501
0.90,F3,224,0.8430000000000001,0.81033099918615,0.8756690008138501
0.90,F3,225,0.84415,0.8120527998587436,0.8762472001412563
0.90,F3,226,0.8450000000000001,0.8132968974057597,0.8767031025942404
0.90,F3,227,0.8457,0.8145901348752111,0.8768098651247889
0.90,F3,228,0.84695,0.8168479723971362,0.8770520276028637
0.90,F3,229,0.84795,0.8184118297640721,0.8774881702359278
0.90,F3,230,0.8485,0.8193586014159413,0.8776413985840588
0.90,F3,231,0.84925,0.8203272316699557,0.8781727683300442
0.90,F3,232,0.85,0.8213834405227687,0.8786165594772313
0.90,F3,233,0.8504499999999999,0.8220000436199639,0.8788999563800359
0.90,F3,234,0.8516499999999999,0.8234215883600416,0.8798784116399582
0.90,F3,235,0.8524999999999998,0.8244195092036044,0.8805804907963952
0.90,F3,236,0.8532,0.8250041132316563,0.8813958867683436
0.90,F3,237,0.8537500000000001,0.8256824907018723,0.881817509298128
0.90,F3,238,0.8544,0.8265903413314274,0.8822096586685727
0.90,F3,239,0.8550000000000001,0.8273505026995757,0.8826494973004245
0.90,F3,240,0.8555,0.8276285118879416,0.8833714881120585
0.90,F3,241,0.8562500000000001,0.8286792301474183,0.8838207698525818
0.90,F3,242,0.85685,0.8290280290485388,0.8846719709514612
0.90,F3,243,0.85775,0.8297411779656378,0.8857588220343622
0.90,F3,244,0.85835,0.8301527321973564,0.8865472678026435
0.90,F3,245,0.8592,0.8307901863938463,0.8876098136061537
0.90,F3,246,0.86005,0.8314354294036885,0.8886645705963114
0.90,F3,247,0.8603000000000001,0.8316116542063886,0.8889883457936115
0.90,F3,248,0.8609,0.8322094268287287,0.8895905731712713
0.90,F3,249,0.86185,0.8328640562975292,0.8908359437024708
0.90,F3,250,0.8623500000000002,0.8334101138060144,0.891289886193986
0.90,F3,251,0.8626,0.8337272282677403,0.8914727717322598
0.90,F3,252,0.8632000000000001,0.8342382825177146,0.8921617174822856
0.90,F3,253,0.86385,0.8346493523295682,0.8930506476704319
0.90,F3,254,0.86445,0.8350799702006907,0.8938200297993094
0.90,F3,255,0.865,0.8353115529592074,0.8946884470407925
0.90,F3,256,0.8657,0.8358592556897282,0.8955407443102719
0.90,F3,257,0.8668999999999999,0.8372348352221477,0.8965651647778521
0.90,F3,258,0.8678,0.8379350404378482,0.8976649595621519
0.90,F3,259,0.8686499999999999,0.8384515369337125,0.8988484630662873
0.90,F3,260,0.8700499999999999,0.8395250454860308,0.900574954513969
0.90,F3,261,0.8711,0.840273865207048,0.9019261347929519
0.90,F3,262,0.8716999999999999,0.8406348433172528,0.902765156682747
0.90,F3,263,0.8721999999999999,0.8408322607497983,0.9035677392502014
0.90,F3,264,0.87315,0.841455748591102,0.904844251408898
0.90,F3,265,0.8735500000000002,0.8418602853879156,0.9052397146120847
0.90,F3,266,0.8744500000000001,0.8426857625698554,0.9062142374301447
0.90,F3,267,0.8751500000000001,0.8428323185478469,0.9074676814521533
0.90,F3,268,0.87585,0.8437766995362049,0.9079233004637951
0.90,F3,269,0.8768,0.8445602383953459,0.9090397616046542
0.90,F3,270,0.8782,0.846176017773224,0.9102239822267759
0.90,F3,271,0.8794999999999998,0.8474272910300152,0.9115727089699844
0.90,F3,272,0.8808499999999999,0.8481842084914352,0.9135157915085647
0.90,F3,273,0.8818999999999999,0.8487245179884326,0.9150754820115672
0.90,F3,274,0.8831,0.8492075368526244,0.9169924631473756
0.90,F3,275,0.88365,0.8498133506377841,0.917486649362216
0.90,F3,276,0.88515,0.8509433291455496,0.9193566708544504
0.90,F3,277,0.88585,0.8514749121507594,0.9202250878492406
0.90,F3,278,0.8865,0.851980303788395,0.921019696211605
0.90,F3,279,0.8874,0.8527268808776763,0.9220731191223236
0.90,F3,280,0.88825,0.8533582827755227,0.9231417172244772
0.90,F3,281,0.8894,0.85434153325552,0.92445846674448
0.90,F3,282,0.8903,0.8549570875343615,0.9256429124656385
0.90,F3,283,0.8912,0.8553761376988921,0.9270238623011079
0.90,F3,284,0.89225,0.856011162112597,0.928488837887403
0.90,F3,285,0.89365,0.8568318978780907,0.9304681021219094
0.90,F3,286,0.89445,0.8578289844254069,0.931071015574593
0.90,F3,287,0.8952,0.8584402772896154,0.9319597227103846
0.90,F3,288,0.8963000000000001,0.8588826430338742,0.933717356966126
0.90,F3,289,0.89725,0.8592658028873235,0.9352341971126765
0.90,F3,290,0.8979,0.8599396522594839,0.9358603477405162
0.90,F3,291,0.89845,0.860531892151686,0.9363681078483139
0.90,F3,292,0.8994,0.8611231258860111,0.9376768741139888
0.90,F3,293,0.9004000000000001,0.8617981234130007,0.9390018765869995
0.90,F3,294,0.90165,0.8629570018817192,0.9403429981182807
0.90,F3,295,0.9031499999999999,0.8644830220710765,0.9418169779289233
0.90,F3,296,0.9056,0.8664340226944343,0.9447659773055657
0.90,F3,297,0.9071,0.8676342461763051,0.9465657538236949
0.90,F3,298,0.9094,0.8696473778665484,0.9491526221334515
0.90,F3,299,0.9108,0.8713685675309999,0.9502314324690002
0.90,F3,300,0.9128999999999999,0.8734812304386952,0.9523187695613047
0.90,F3,301,0.9154500000000001,0.8756696832899973,0.9552303167100029
0.90,F3,302,0.9171499999999999,0.877731762369832,0.9565682376301679
0.90,F3,303,0.9180999999999999,0.8789565653226941,0.9572434346773058
0.90,F3,304,0.9193,0.8801398356146253,0.9584601643853747
0.90,F3,305,0.92045,0.8812023506050084,0.9596976493949916
0.90,F3,306,0.9216000000000001,0.8823785883469684,0.9608214116530318
0.90,F3,307,0.9224500000000001,0.8832858837548083,0.9616141162451919
0.90,F3,308,0.92335,0.8844418701413173,0.9622581298586828
0.90,F3,309,0.9242999999999999,0.8855738566527136,0.9630261433472862
0.90,F3,310,0.9254,0.8866444752763282,0.9641555247236718
0.90,F3,311,0.9263,0.887458520945875,0.9651414790541251
0.90,F3,312,0.9272499999999999,0.8882268676139027,0.9662731323860971
0.90,F3,313,0.9279499999999999,0.8890297594116928,0.9668702405883071
0.90,F3,314,0.9282499999999999,0.8893394066367075,0.9671605933632923
0.90,F3,315,0.929,0.8902197503303437,0.9677802496696564
0.90,F3,316,0.9297500000000001,0.8910539054055776,0.9684460945944225
0.90,F3,317,0.93045,0.8916699820535119,0.9692300179464881
0.90,F3,318,0.93105,0.8923712488648241,0.969728751135176
0.90,F3,319,0.9318,0.8929958645243383,0.9706041354756616
0.90,F3,320,0.93265,0.8937476189254148,0.9715523810745852
0.90,F3,321,0.9335999999999999,0.8944972973688144,0.9727027026311853
0.90,F3,322,0.9339500000000001,0.8947932268832484,0.9731067731167518
0.90,F3,323,0.9345,0.8954779678571261,0.9735220321428739
0.90,F3,324,0.9355999999999999,0.8964572795547111,0.9747427204452886
0.90,F3,325,0.9362499999999999,0.8972512337508682,0.9752487662491316
0.90,F3,326,0.9369999999999999,0.8985303695704191,0.9754696304295808
0.90,F3,327,0.9378499999999999,0.8997270531182918,0.9759729468817079
0.90,F3,328,0.9389499999999998,0.9007562986866868,0.9771437013133129
0.90,F3,329,0.9400999999999999,0.9019746174459596,0.9782253825540402
0.90,F3,330,0.9415500000000001,0.9031891443291368,0.9799108556708634
0.90,F3,331,0.9424000000000001,0.9035637653962519,0.9812362346037483
0.90,F3,332,0.9430500000000002,0.9040541013561623,0.9820458986438381
0.90,F3,333,0.9441,0.9048208935334091,0.983379106466591
0.90,F3,334,0.94515,0.905992818895542,0.9843071811044581
0.90,F3,335,0.9465,0.9073206664448461,0.9856793335551539
0.90,F3,336,0.9481499999999998,0.9091754101721231,0.9871245898278765
0.90,F3,337,0.9497,0.9107361458269382,0.9886638541730618
0.90,F3,338,0.9511999999999999,0.9122532675013852,0.9901467324986146
0.90,F3,339,0.95235,0.9132789986883025,0.9914210013116975
0.90,F3,340,0.9539,0.9151243850568163,0.9926756149431837
0.90,F3,341,0.9549,0.9163864790307935,0.9934135209692064
0.90,F3,342,0.95625,0.9182756879097667,0.9942243120902334
0.90,F3,343,0.9574999999999999,0.9195110453228947,0.9954889546771051
0.90,F3,344,0.95855,0.9212518736698401,0.99584812633016
0.90,F3,345,0.9594,0.9228023034444084,0.9959976965555917
0.90,F3,346,0.9601999999999999,0.9238216564868134,0.9965783435131865
0.90,F3,347,0.9610000000000001,0.9248865503268462,0.997113449673154
0.90,F3,348,0.9615500000000001,0.9254682214336026,0.9976317785663976
0.90,F3,349,0.9622,0.9259990667088988,0.9984009332911014
0.90,F3,350,0.96285,0.9269212983191638,0.9987787016808362
0.90,F3,351,0.9635,0.9276459374789363,0.9993540625210637
0.90,F3,352,0.9637,0.92805417875231,0.99934582124769
0.90,F3,353,0.96415,0.928518887528584,0.9997811124714159
0.90,F3,354,0.96445,0.9288684658000312,1
0.90,F3,355,0.96475,0.9293566389919172,1
0.90,F3,356,0.96535,0.9300957090441385,1
0.90,F3,357,0.96565,0.9304585266120095,1
0.90,F3,358,0.96605,0.9310287196637913,1
0.90,F3,359,0.9663999999999999,0.9316757755282673,1
0.90,F3,360,0.9669,0.9322523465483263,1
0.90,F3,361,0.9672,0.9327464312058429,1
0.90,F3,362,0.9679,0.9340551777370687,1
0.90,F3,363,0.9684499999999999,0.9349941479954474,1
0.90,F3,364,0.9686,0.9353748354265868,1
0.90,F3,365,0.96885,0.9359410718948239,1
0.90,F3,366,0.9693999999999999,0.9367794473950906,1
0.90,F3,367,0.96965,0.9371243806893677,1
0.90,F3,368,0.96995,0.9375972402303485,1
0.90,F3,369,0.9703499999999999,0.9380481409472325,1
0.90,F3,370,0.9705999999999999,0.9383760990544759,1
0.90,F3,371,0.9709499999999999,0.9388801863939475,1
0.90,F3,372,0.97125,0.9393347360998239,1
0.90,F3,373,0.97155,0.939769169821618,1
0.90,F3,374,0.9718,0.9403315810768957,1
0.90,F3,375,0.9718499999999999,0.9404985944087831,1
0.90,F3,376,0.97215,0.9409697658153987,1
0.90,F3,377,0.97265,0.9418522847449801,1
0.90,F3,378,0.9727,0.9418925277639824,1
0.90,F3,379,0.9729,0.9424298840812981,1
0.90,F3,380,0.9731,0.9427112596697071,1
0.90,F3,381,0.9733,0.9431127476078539,1
0.90,F3,382,0.9735,0.9433932958439213,1
0.90,F3,383,0.9738,0.9438698505253051,1
0.90,F3,384,0.9743499999999999,0.9454377282734003,1
0.90,F3,385,0.975,0.9470465234893103,1
0.90,F3,386,0.9753999999999999,0.9481087412430326,1
0.90,F3,387,0.9758,0.9491736289357946,1
0.90,F3,388,0.9763,0.9504469979992287,1
0.90,F3,389,0.97665,0.9509599132747483,1
0.90,F3,390,0.97685,0.9514951045055438,1
0.90,F3,391,0.9772,0.9522659851110399,1
0.90,F3,392,0.97755,0.9531801489052013,1
0.90,F3,393,0.9778,0.9538870456932859,1
0.90,F3,394,0.9782000000000001,0.9548030189997655,1
0.90,F3,395,0.97865,0.9553605089046286,1
0.90,F3,396,0.9788000000000001,0.9558594884212878,1
0.90,F3,397,0.9791000000000001,0.9565991194148117,1
0.90,F3,398,0.97935,0.9570479540732475,1
0.90,F3,399,0.97955,0.9573157500535585,1
0.90,F3,400,0.9798500000000001,0.9580544175976904,1
0.90,F3,401,0.9800500000000001,0.9587193160487533,1
0.90,F3,402,0.9803000000000001,0.9592859906795472,1
0.90,F3,403,0.98065,0.9603150661473236,1
0.90,F3,404,0.98105,0.961381997031393,1
0.90,F3,405,0.98165,0.9628801533250676,1
0.90,F3,406,0.98185,0.9632859784179123,1
0.90,F3,407,0.98205,0.9634314126719847,1
0.90,F3,408,0.9827,0.9654632492819275,0.9999367507180725
0.90,F3,409,0.9833,0.9674479447991589,0.999152055200841
0.90,F3,410,0.98355,0.968273055402101,0.9988269445978991
0.90,F3,411,0.9837,0.9686280210152776,0.9987719789847225
0.90,F3,412,0.9839,0.9690254044975377,0.9987745955024623
0.90,F3,413,0.98405,0.9692781264143594,0.9988218735856406
0.90,F3,414,0.9841,0.9694428715595845,0.9987571284404154
0.90,F3,415,0.9845,0.9703983742484195,0.9986016257515806
0.90,F3,416,0.9847,0.9709366332127006,0.9984633667872994
0.90,F3,417,0.9853,0.9726671891735659,0.997932810826434
0.90,F3,418,0.9856000000000001,0.9736505396572358,0.9975494603427645
0.90,F3,419,0.98575,0.9741410434678014,0.9973589565321986
0.90,F3,420,0.986,0.9748299881447641,0.9971700118552359
0.90,F3,421,0.9863999999999999,0.9753811844494491,0.9974188155505508
0.90,F3,422,0.98685,0.9760428097627026,0.9976571902372974
0.90,F3,423,0.98725,0.9772075029661689,0.997292497033831
0.90,F3,424,0.9876500000000001,0.977742030898955,0.9975579691010453
0.90,F3,425,0.9878000000000001,0.9780914555591977,0.9975085444408025
0.90,F3,426,0.98805,0.9786432652239545,0.9974567347760455
0.90,F3,427,0.9883500000000001,0.9792663995171684,0.9974336004828317
0.90,F3,428,0.98865,0.9799941693510599,0.9973058306489402
0.90,F3,429,0.9889000000000001,0.9807915205547066,0.9970084794452936
0.90,F3,430,0.9890500000000001,0.9808803050975474,0.9972196949024528
0.90,F3,431,0.98925,0.9810656522386705,0.9974343477613294
0.90,F3,432,0.9894000000000001,0.9813068042373307,0.9974931957626694
0.90,F3,433,0.9895499999999999,0.9814460779911623,0.9976539220088375
0.90,F3,434,0.9896499999999999,0.9815559406801957,0.9977440593198041
0.90,F3,435,0.9898999999999999,0.9817365405268051,0.9980634594731946
0.90,F3,436,0.98995,0.9818974958844655,0.9980025041155345
0.90,F3,437,0.9901,0.9819954619716098,0.9982045380283902
0.90,F3,438,0.9902,0.9820478008139055,0.9983521991860944
0.90,F3,439,0.99035,0.9821539488128883,0.9985460511871116
0.90,F3,440,0.9904,0.9821892213836547,0.9986107786163452
0.90,F3,441,0.9904,0.9821892213836547,0.9986107786163452
0.90,F3,442,0.9904999999999999,0.9822683318737829,0.9987316681262169
0.90,F3,443,0.9905999999999999,0.9823523362721727,0.9988476637278272
0.90,F3,444,0.9908499999999999,0.982512872941306,0.9991871270586938
0.90,F3,445,0.9910499999999999,0.9828063322628496,0.9992936677371501
0.90,F3,446,0.9912,0.9829156153850752,0.9994843846149247
0.90,F3,447,0.9913499999999998,0.9831666282796698,0.9995333717203299
0.90,F3,448,0.9914999999999999,0.9834349820804678,0.9995650179195321
0.90,F3,449,0.9917499999999999,0.9837263143669791,0.9997736856330207
0.90,F3,450,0.9920999999999999,0.9839013909154894,1
0.90,F3,451,0.9922,0.9841008845517195,1
0.90,F3,452,0.9922500000000001,0.9841293389102179,1
0.90,F3,453,0.9923500000000001,0.984236227290703,1
0.90,F3,454,0.9925499999999999,0.9844077276530879,1
0.90,F3,455,0.9927,0.9845345838011124,1
0.90,F3,456,0.9927999999999999,0.9846009037874129,1
0.90,F3,457,0.99295,0.9847354524895101,1
0.90,F3,458,0.9930000000000001,0.9847736706526465,1
0.90,F3,459,0.9931500000000002,0.984884076230572,1
0.90,F3,460,0.9931500000000002,0.984884076230572,1
0.90,F3,461,0.9933000000000002,0.985016097497836,1
0.90,F3,462,0.9935000000000002,0.9851507857193338,1
0.90,F3,463,0.9936000000000001,0.985375612886022,1
0.90,F3,464,0.9937500000000001,0.9854985842255538,1
0.90,F3,465,0.9939500000000001,0.986051735286951,1
0.90,F3,466,0.9940000000000001,0.98608039967587,1
0.90,F3,467,0.9941500000000001,0.9863361268528945,1
0.90,F3,468,0.9943000000000001,0.9864987875340624,1
0.90,F3,469,0.9945,0.9867832053554831,1
0.90,F3,470,0.99455,0.9869496284886112,1
0.90,F3,471,0.9947,0.9871994698095589,1
0.90,F3,472,0.99475,0.987248005629169,1
0.90,F3,473,0.99475,0.987248005629169,1
0.90,F3,474,0.9948500000000001,0.9875816303451709,1
0.90,F3,475,0.9948500000000001,0.9875816303451709,1
0.90,F3,476,0.9949000000000001,0.9876199630618826,1
0.90,F3,477,0.9950000000000001,0.9877040707571324,1
0.90,F3,478,0.9951000000000001,0.9879171671274065,1
0.90,F3,479,0.9952500000000001,0.9881528907021282,1
0.90,F3,480,0.9953500000000001,0.9884874953913827,1
0.90,F3,481,0.9954500000000001,0.9885665757301794,1
0.90,F3,482,0.9956,0.9889357617478278,1
0.90,F3,483,0.9956,0.9889357617478278,1
0.90,F3,484,0.9959,0.989413733649624,1
0.90,F3,485,0.9959,0.989413733649624,1
0.90,F3,486,0.996,0.9894836319535029,1
0.90,F3,487,0.99605,0.9896512988138189,1
0.90,F3,488,0.99605,0.9896512988138189,1
0.90,F3,489,0.99605,0.9896512988138189,1
0.90,F3,490,0.9961000000000001,0.9898189444786801,1
0.90,F3,491,0.9961000000000001,0.9898189444786801,1
0.90,F3,492,0.9961500000000001,0.9898506899415237,1
0.90,F3,493,0.9961500000000001,0.9898506899415237,1
0.90,F3,494,0.9961500000000001,0.9898506899415237,1
0.90,F3,495,0.9961500000000001,0.9898506899415237,1
0.90,F3,496,0.9961500000000001,0.9898506899415237,1
0.90,F3,497,0.9961500000000001,0.9898506899415237,1
0.90,F3,498,0.9961500000000001,0.9898506899415237,1
0.90,F3,499,0.9962500000000001,0.9900503860506571,1
0.90,F3,500,0.9963500000000001,0.9902608875792948,1
0.90,F3,501,0.9964000000000001,0.9904286130834101,1
0.90,F3,502,0.9964500000000001,0.9905963182028319,1
0.90,F3,503,0.9965,0.9907640016826523,1
0.90,F3,504,0.9965,0.9907640016826523,1
0.90,F3,505,0.99655,0.9909316621630615,1
0.90,F3,506,0.9966,0.9909616159309983,1
0.90,F3,507,0.99665,0.9909948178855773,1
0.90,F3,508,0.9968,0.9913606299169143,1
0.90,F3,509,0.99685,0.9914034756237107,1
0.90,F3,510,0.99685,0.9914034756237107,1
0.90,F3,511,0.99685,0.9914034756237107,1
0.90,F3,512,0.9969,0.9915711570404713,1
0.90,F3,513,0.99695,0.9917388135676828,1
0.90,F3,514,0.997,0.9919064434805672,1
0.90,F3,515,0.9971,0.991975954572836,1
0.90,F3,516,0.9971,0.991975954572836,1
0.90,F3,517,0.9972000000000001,0.9923112940709568,1
0.90,F3,518,0.99725,0.9924789221783711,1
0.90,F3,519,0.99725,0.9924789221783711,1
0.90,F3,520,0.9973000000000001,0.9926465197176032,1
0.90,F3,521,0.9975,0.9933165526457781,1
0.90,F3,522,0.9975,0.9933165526457781,1
0.90,F3,523,0.9975499999999999,0.9933524946028033,1
0.90,F3,524,0.9975499999999999,0.9933524946028033,1
0.90,F3,525,0.9976,0.993519982962903,1
0.90,F3,526,0.9977,0.9937200787726009,1
0.90,F3,527,0.9977,0.9937200787726009,1
0.90,F3,528,0.9977,0.9937200787726009,1
0.90,F3,529,0.9978,0.9940547968924387,1
0.90,F3,530,0.99785,0.994096541377296,1
0.90,F3,531,0.99795,0.9944316102905926,1
0.90,F3,532,0.9980000000000001,0.9945990722936848,1
0.90,F3,533,0.9980000000000001,0.9945990722936848,1
0.90,F3,534,0.9980000000000001,0.9945990722936848,1
0.90,F3,535,0.99805,0.9947664790819694,1
0.90,F3,536,0.99805,0.9947664790819694,1
0.90,F3,537,0.99805,0.9947664790819694,1
0.90,F3,538,0.9981000000000001,0.994933824513084,1
0.90,F3,539,0.9982000000000001,0.995140313536524,1
0.90,F3,540,0.9982000000000001,0.995140313536524,1
0.90,F3,541,0.9982500000000001,0.9951802139210943,1
0.90,F3,542,0.9983000000000001,0.9953479378629694,1
0.90,F3,543,0.9983000000000001,0.9953479378629694,1
0.90,F3,544,0.9983000000000001,0.9953479378629694,1
0.90,F3,545,0.9983000000000001,0.9953479378629694,1
0.90,F3,546,0.9983000000000001,0.9953479378629694,1
0.90,F3,547,0.9983500000000001,0.9953834296697572,1
0.90,F3,548,0.9983500000000001,0.9953834296697572,1
0.90,F3,549,0.9984000000000001,0.9954143065417052,1
0.90,F3,550,0.9984500000000001,0.9955820008413262,1
0.90,F3,551,0.9984500000000001,0.9955820008413262,1
0.90,F3,552,0.99855,0.9956570431628377,1
0.90,F3,553,0.9986,0.9958250725296803,1
0.90,F3,554,0.99875,0.9960602167138002,1
0.90,F3,555,0.99875,0.9960602167138002,1
0.90,F3,556,0.9988,0.9962282527288994,1
0.90,F3,557,0.99885,0.996396269948558,1
0.90,F3,558,0.99885,0.996396269948558,1
0.90,F3,559,0.99885,0.996396269948558,1
0.90,F3,560,0.99885,0.996396269948558,1
0.90,F3,561,0.9989,0.9965642655237533,1
0.90,F3,562,0.99895,0.9967322359997179,1
0.90,F3,563,0.999,0.9969001771461361,1
0.90,F3,564,0.99905,0.9970680837269165,1
0.90,F3,565,0.9991,0.9972359491829192,1
0.90,F3,566,0.9991,0.9972359491829192,1
0.90,F3,567,0.99915,0.9974037651867381,1
0.90,F3,568,0.9992,0.9975715210051468,1
0.90,F3,569,0.99925,0.9977392025650172,1
0.90,F3,570,0.99925,0.9977392025650172,1
0.90,F3,571,0.99925,0.9977392025650172,1
0.90,F3,572,0.99925,0.9977392025650172,1
0.90,F3,573,0.99925,0.9977392025650172,1
0.90,F3,574,0.99925,0.9977392025650172,1
0.90,F3,575,0.99925,0.9977392025650172,1
0.90,F3,576,0.99925,0.9977392025650172,1
0.90,F3,577,0.99925,0.9977392025650172,1
0.90,F3,578,0.99925,0.9977392025650172,1
0.90,F3,579,0.99935,0.9980742607190254,1
0.90,F3,580,0.9994,0.9981110241316284,1
0.90,F3,581,0.9994,0.9981110241316284,1
0.90,F3,582,0.9994,0.9981110241316284,1
0.90,F3,583,0.9994,0.9981110241316284,1
0.90,F3,584,0.9994,0.9981110241316284,1
0.90,F3,585,0.9995,0.9983176878745,1
0.90,F3,586,0.9995,0.9983176878745,1
0.90,F3,587,0.9995,0.9983176878745,1
0.90,F3,588,0.9995,0.9983176878745,1
0.90,F3,589,0.9995,0.9983176878745,1
0.90,F3,590,0.9995,0.9983176878745,1
0.90,F3,591,0.9995,0.9983176878745,1
0.90,F3,592,0.9995,0.9983176878745,1
0.90,F3,593,0.9995,0.9983176878745,1
0.90,F3,594,0.9995,0.9983176878745,1
0.90,F3,595,0.9995499999999999,0.99848591908705,1
0.90,F3,596,0.9995499999999999,0.99848591908705,1
0.90,F3,597,0.9995499999999999,0.99848591908705,1
0.90,F3,598,0.9995499999999999,0.99848591908705,1
0.90,F3,599,0.9995499999999999,0.99848591908705,1
0.90,F3,600,0.9995499999999999,0.99848591908705,1
0.90,F3,601,0.9995499999999999,0.99848591908705,1
0.90,F3,602,0.9995499999999999,0.99848591908705,1
0.90,F3,603,0.9996,0.9986541502996,1
0.90,F3,604,0.9996,0.9986541502996,1
0.90,F3,605,0.9996,0.9986541502996,1
0.90,F3,606,0.9996,0.9986541502996,1
0.90,F3,607,0.9996,0.9986541502996,1
0.90,F3,608,0.9996,0.9986541502996,1
0.90,F3,609,0.9996,0.9986541502996,1
0.90,F3,610,0.9996,0.9986541502996,1
0.90,F3,611,0.9996499999999999,0.99882238151215,1
0.90,F3,612,0.9996499999999999,0.99882238151215,1
0.90,F3,613,0.9996499999999999,0.99882238151215,1
0.90,F3,614,0.9996499999999999,0.99882238151215,1
0.90,F3,615,0.9996499999999999,0.99882238151215,1
0.90,F3,616,0.9996499999999999,0.99882238151215,1
0.90,F3,617,0.9996499999999999,0.99882238151215,1
0.90,F3,618,0.9996499999999999,0.99882238151215,1
0.90,F3,619,0.9996499999999999,0.99882238151215,1
0.90,F3,620,0.9996499999999999,0.99882238151215,1
0.90,F3,621,0.9997,0.9989906127247,1
0.90,F3,622,0.9997,0.9989906127247,1
0.90,F3,623,0.99975,0.9991588439372501,1
0.90,F3,624,0.99975,0.9991588439372501,1
0.90,F3,625,0.99975,0.9991588439372501,1
0.90,F3,626,0.99975,0.9991588439372501,1
0.90,F3,627,0.99975,0.9991588439372501,1
0.90,F3,628,0.9998,0.9993270751498,1
0.90,F3,629,0.9998,0.9993270751498,1
0.90,F3,630,0.9998,0.9993270751498,1
0.90,F3,631,0.9998,0.9993270751498,1
0.90,F3,632,0.9998,0.9993270751498,1
0.90,F3,633,0.9998,0.9993270751498,1
0.90,F3,634,0.9998,0.9993270751498,1
0.90,F3,635,0.9998,0.9993270751498,1
0.90,F3,636,0.9998,0.9993270751498,1
0.90,F3,637,0.9998,0.9993270751498,1
0.90,F3,638,0.9998,0.9993270751498,1
0.90,F3,639,0.9998,0.9993270751498,1
0.90,F3,640,0.9998,0.9993270751498,1
0.90,F3,641,0.9998,0.9993270751498,1
0.90,F3,642,0.9998,0.9993270751498,1
0.90,F3,643,0.9998,0.9993270751498,1
0.90,F3,644,0.9998,0.9993270751498,1
0.90,F3,645,0.9998,0.9993270751498,1
0.90,F3,646,0.9998,0.9993270751498,1
0.90,F3,647,0.9998,0.9993270751498,1
0.90,F3,648,0.9998,0.9993270751498,1
0.90,F3,649,0.9998,0.9993270751498,1
0.90,F3,650,0.9998,0.9993270751498,1
0.90,F3,651,0.9998,0.9993270751498,1
0.90,F3,652,0.9998,0.9993270751498,1
0.90,F3,653,0.9998,0.9993270751498,1
0.90,F3,654,0.9998,0.9993270751498,1
0.90,F3,655,0.9998,0.9993270751498,1
0.90,F3,656,0.9998,0.9993270751498,1
0.90,F3,657,0.9998,0.9993270751498,1
0.90,F3,658,0.9998,0.9993270751498,1
0.90,F3,659,0.9998,0.9993270751498,1
0.90,F3,660,0.9998,0.9993270751498,1
0.90,F3,661,0.9998,0.9993270751498,1
0.90,F3,662,0.9998,0.9993270751498,1
0.90,F3,663,0.9998,0.9993270751498,1
0.90,F3,664,0.9998,0.9993270751498,1
0.90,F3,665,0.9998,0.9993270751498,1
0.90,F3,666,0.9998,0.9993270751498,1
0.90,F3,667,0.9998,0.9993270751498,1
0.90,F3,668,0.9998,0.9993270751498,1
0.90,F3,669,0.9998,0.9993270751498,1
0.90,F3,670,0.9998,0.9993270751498,1
0.90,F3,671,0.9998,0.9993270751498,1
0.90,F3,672,0.9998,0.9993270751498,1
0.90,F3,673,0.9998,0.9993270751498,1
0.90,F3,674,0.9998,0.9993270751498,1
0.90,F3,675,0.9998,0.9993270751498,1
0.90,F3,676,0.9998,0.9993270751498,1
0.90,F3,677,0.9998,0.9993270751498,1
0.90,F3,678,0.9998,0.9993270751498,1
0.90,F3,679,0.9998,0.9993270751498,1
0.90,F3,680,0.9998,0.9993270751498,1
0.90,F3,681,0.99985,0.9994953063623501,1
0.90,F3,682,0.99985,0.9994953063623501,1
0.90,F3,683,0.99985,0.9994953063623501,1
0.90,F3,684,0.99985,0.9994953063623501,1
0.90,F3,685,0.99985,0.9994953063623501,1
0.90,F3,686,0.99985,0.9994953063623501,1
0.90,F3,687,0.99985,0.9994953063623501,1
0.90,F3,688,0.99985,0.9994953063623501,1
0.90,F3,689,0.99985,0.9994953063623501,1
0.90,F3,690,0.99985,0.9994953063623501,1
0.90,F3,691,0.99985,0.9994953063623501,1
0.90,F3,692,0.99985,0.9994953063623501,1
0.90,F3,693,0.99985,0.9994953063623501,1
0.90,F3,694,0.99985,0.9994953063623501,1
0.90,F3,695,0.99985,0.9994953063623501,1
0.90,F3,696,0.99985,0.9994953063623501,1
0.90,F3,697,0.99985,0.9994953063623501,1
0.90,F3,698,0.99985,0.9994953063623501,1
0.90,F3,699,0.99985,0.9994953063623501,1
0.90,F3,700,0.99985,0.9994953063623501,1
0.90,F3,701,0.99985,0.9994953063623501,1
0.90,F3,702,0.99985,0.9994953063623501,1
0.90,F3,703,0.99985,0.9994953063623501,1
0.90,F3,704,0.99985,0.9994953063623501,1
0.90,F3,705,0.99985,0.9994953063623501,1
0.90,F3,706,0.99985,0.9994953063623501,1
0.90,F3,707,0.99985,0.9994953063623501,1
0.90,F3,708,0.99985,0.9994953063623501,1
0.90,F3,709,0.99985,0.9994953063623501,1
0.90,F3,710,0.99985,0.9994953063623501,1
0.90,F3,711,0.99985,0.9994953063623501,1
0.90,F3,712,0.99985,0.9994953063623501,1
0.90,F3,713,0.99985,0.9994953063623501,1
0.90,F3,714,0.99985,0.9994953063623501,1
0.90,F3,715,0.99985,0.9994953063623501,1
0.90,F3,716,0.99985,0.9994953063623501,1
0.90,F3,717,0.99985,0.9994953063623501,1
0.90,F3,718,0.99985,0.9994953063623501,1
0.90,F3,719,0.99985,0.9994953063623501,1
0.90,F3,720,0.99985,0.9994953063623501,1
0.90,F3,721,0.99985,0.9994953063623501,1
0.90,F3,722,0.99985,0.9994953063623501,1
0.90,F3,723,0.99985,0.9994953063623501,1
0.90,F3,724,0.99985,0.9994953063623501,1
0.90,F3,725,0.99985,0.9994953063623501,1
0.90,F3,726,0.99985,0.9994953063623501,1
0.90,F3,727,0.99985,0.9994953063623501,1
0.90,F3,728,0.99985,0.9994953063623501,1
0.90,F3,729,0.99985,0.9994953063623501,1
0.90,F3,730,0.99985,0.9994953063623501,1
0.90,F3,731,0.99985,0.9994953063623501,1
0.90,F3,732,0.99985,0.9994953063623501,1
0.90,F3,733,0.99985,0.9994953063623501,1
0.90,F3,734,0.99985,0.9994953063623501,1
0.90,F3,735,0.99985,0.9994953063623501,1
0.90,F3,736,0.99985,0.9994953063623501,1
0.90,F3,737,0.99985,0.9994953063623501,1
0.90,F3,738,0.99985,0.9994953063623501,1
0.90,F3,739,0.9999,0.9996635375749,1
0.90,F3,740,0.9999,0.9996635375749,1
0.90,F3,741,0.9999,0.9996635375749,1
0.90,F3,742,0.9999,0.9996635375749,1
0.90,F3,743,0.9999,0.9996635375749,1
0.90,F3,744,0.9999,0.9996635375749,1
0.90,F3,745,0.9999,0.9996635375749,1
0.90,F3,746,0.9999,0.9996635375749,1
0.90,F3,747,0.9999,0.9996635375749,1
0.90,F3,748,0.99995,0.9998317687874501,1
0.90,F3,749,0.99995,0.9998317687874501,1
0.90,F3,750,0.99995,0.9998317687874501,1
0.90,F3,751,0.99995,0.9998317687874501,1
0.90,F3,752,0.99995,0.9998317687874501,1
0.90,F3,753,0.99995,0.9998317687874501,1
0.90,F3,754,0.99995,0.9998317687874501,1
0.90,F3,755,0.99995,0.9998317687874501,1
0.90,F3,756,0.99995,0.9998317687874501,1
0.90,F3,757,0.99995,0.9998317687874501,1
0.90,F3,758,0.99995,0.9998317687874501,1
0.90,F3,759,0.99995,0.9998317687874501,1
0.90,F3,760,0.99995,0.9998317687874501,1
0.90,F3,761,0.99995,0.9998317687874501,1
0.90,F3,762,1.0,1.0,1
0.90,F3,763,1.0,1.0,1
0.90,F3,764,1.0,1.0,1
0.90,F3,765,1.0,1.0,1
0.90,F3,766,1.0,1.0,1
0.90,F3,767,1.0,1.0,1
0.90,F3,768,1.0,1.0,1
0.90,F3,769,1.0,1.0,1
0.90,F3,770,1.0,1.0,1
0.90,F3,771,1.0,1.0,1
0.90,F3,772,1.0,1.0,1
0.90,F3,773,1.0,1.0,1
0.90,F3,774,1.0,1.0,1
0.90,F3,775,1.0,1.0,1
0.90,F3,776,1.0,1.0,1
0.90,F3,777,1.0,1.0,1
0.90,F3,778,1.0,1.0,1
0.90,F3,779,1.0,1.0,1
0.90,F3,780,1.0,1.0,1
0.90,F3,781,1.0,1.0,1
0.90,F3,782,1.0,1.0,1
0.90,F3,783,1.0,1.0,1
0.90,F3,784,1.0,1.0,1
0.90,F3,785,1.0,1.0,1
0.90,F3,786,1.0,1.0,1
0.90,F3,787,1.0,1.0,1
0.90,F3,788,1.0,1.0,1
0.90,F3,789,1.0,1.0,1
0.90,F3,790,1.0,1.0,1
0.90,F3,791,1.0,1.0,1
0.90,F3,792,1.0,1.0,1
0.90,F3,793,1.0,1.0,1
0.90,F3,794,1.0,1.0,1
0.90,F3,795,1.0,1.0,1
0.90,F3,796,1.0,1.0,1
0.90,F3,797,1.0,1.0,1
0.90,F3,798,1.0,1.0,1
0.90,F3,799,1.0,1.0,1
0.90,F3,800,1.0,1.0,1
0.90,F3,801,1.0,1.0,1
0.90,F3,802,1.0,1.0,1
0.90,F3,803,1.0,1.0,1
0.90,F3,804,1.0,1.0,1
0.90,F3,805,1.0,1.0,1
0.90,F3,806,1.0,1.0,1
0.90,F3,807,1.0,1.0,1
0.90,F3,808,1.0,1.0,1
0.90,F3,809,1.0,1.0,1
0.90,F3,810,1.0,1.0,1
0.90,F3,811,1.0,1.0,1
0.90,F3,812,1.0,1.0,1
0.90,F3,813,1.0,1.0,1
0.90,F3,814,1.0,1.0,1
0.90,F3,815,1.0,1.0,1
0.90,F3,816,1.0,1.0,1
0.90,F3,817,1.0,1.0,1
0.90,F3,818,1.0,1.0,1
0.90,F3,819,1.0,1.0,1
0.90,F3,820,1.0,1.0,1
0.90,F3,821,1.0,1.0,1
0.90,F3,822,1.0,1.0,1
0.90,F3,823,1.0,1.0,1
0.90,F3,824,1.0,1.0,1
0.90,F3,825,1.0,1.0,1
0.90,F3,826,1.0,1.0,1
0.90,F3,827,1.0,1.0,1
0.90,F3,828,1.0,1.0,1
0.90,F3,829,1.0,1.0,1
0.90,F3,830,1.0,1.0,1
0.90,F3,831,1.0,1.0,1
0.90,F3,832,1.0,1.0,1
0.90,F3,833,1.0,1.0,1
0.90,F3,834,1.0,1.0,1
0.90,F3,835,1.0,1.0,1
0.90,F3,836,1.0,1.0,1
0.90,F3,837,1.0,1.0,1
0.90,F3,838,1.0,1.0,1
0.90,F3,839,1.0,1.0,1
0.90,F3,840,1.0,1.0,1
0.90,F3,841,1.0,1.0,1
0.90,F3,842,1.0,1.0,1
0.90,F3,843,1.0,1.0,1
0.90,F3,844,1.0,1.0,1
0.90,F3,845,1.0,1.0,1
0.90,F3,846,1.0,1.0,1
0.90,F3,847,1.0,1.0,1
0.90,F3,848,1.0,1.0,1
0.90,F3,849,1.0,1.0,1
0.90,F3,850,1.0,1.0,1
0.90,F3,851,1.0,1.0,1
0.90,F3,852,1.0,1.0,1
0.90,F3,853,1.0,1.0,1
0.90,F3,854,1.0,1.0,1
0.90,F3,855,1.0,1.0,1
0.90,F3,856,1.0,1.0,1
0.90,F3,857,1.0,1.0,1
0.90,F3,858,1.0,1.0,1
0.90,F3,859,1.0,1.0,1
0.90,F3,860,1.0,1.0,1
0.90,F3,861,1.0,1.0,1
0.90,F3,862,1.0,1.0,1
0.90,F3,863,1.0,1.0,1
0.90,F3,864,1.0,1.0,1
0.90,F3,865,1.0,1.0,1
0.90,F3,866,1.0,1.0,1
0.90,F3,867,1.0,1.0,1
0.90,F3,868,1.0,1.0,1
0.90,F3,869,1.0,1.0,1
0.90,F3,870,1.0,1.0,1
0.90,F3,871,1.0,1.0,1
0.90,F3,872,1.0,1.0,1
0.90,F3,873,1.0,1.0,1
0.90,F3,874,1.0,1.0,1
0.90,F3,875,1.0,1.0,1
0.90,F3,876,1.0,1.0,1
0.90,F3,877,1.0,1.0,1
0.90,F3,878,1.0,1.0,1
0.90,F3,879,1.0,1.0,1
0.90,F3,880,1.0,1.0,1
0.90,F3,881,1.0,1.0,1
0.90,F3,882,1.0,1.0,1
0.90,F3,883,1.0,1.0,1
0.90,F3,884,1.0,1.0,1
0.90,F3,885,1.0,1.0,1
0.90,F3,886,1.0,1.0,1
0.90,F3,887,1.0,1.0,1
0.90,F3,888,1.0,1.0,1
0.90,F3,889,1.0,1.0,1
0.90,F3,890,1.0,1.0,1
0.90,F3,891,1.0,1.0,1
0.90,F3,892,1.0,1.0,1
0.90,F3,893,1.0,1.0,1
0.90,F3,894,1.0,1.0,1
0.90,F3,895,1.0,1.0,1
0.90,F3,896,1.0,1.0,1
0.90,F3,897,1.0,1.0,1
0.90,F3,898,1.0,1.0,1
0.90,F3,899,1.0,1.0,1
0.90,F3,900,1.0,1.0,1
0.90,F3,901,1.0,1.0,1
0.90,F3,902,1.0,1.0,1
0.90,F3,903,1.0,1.0,1
0.90,F3,904,1.0,1.0,1
0.90,F3,905,1.0,1.0,1
0.90,F3,906,1.0,1.0,1
0.90,F3,907,1.0,1.0,1
0.90,F3,908,1.0,1.0,1
0.90,F3,909,1.0,1.0,1
0.90,F3,910,1.0,1.0,1
0.90,F3,911,1.0,1.0,1
0.90,F3,912,1.0,1.0,1
0.90,F3,913,1.0,1.0,1
0.90,F3,914,1.0,1.0,1
0.90,F3,915,1.0,1.0,1
0.90,F3,916,1.0,1.0,1
0.90,F3,917,1.0,1.0,1
0.90,F3,918,1.0,1.0,1
0.90,F3,919,1.0,1.0,1
0.90,F3,920,1.0,1.0,1
0.90,F3,921,1.0,1.0,1
0.90,F3,922,1.0,1.0,1
0.90,F3,923,1.0,1.0,1
0.90,F3,924,1.0,1.0,1
0.90,F3,925,1.0,1.0,1
0.90,F3,926,1.0,1.0,1
0.90,F3,927,1.0,1.0,1
0.90,F3,928,1.0,1.0,1
0.90,F3,929,1.0,1.0,1
0.90,F3,930,1.0,1.0,1
0.90,F3,931,1.0,1.0,1
0.90,F3,932,1.0,1.0,1
0.90,F3,933,1.0,1.0,1
0.90,F3,934,1.0,1.0,1
0.90,F3,935,1.0,1.0,1
0.90,F3,936,1.0,1.0,1
0.90,F3,937,1.0,1.0,1
0.90,F3,938,1.0,1.0,1
0.90,F3,939,1.0,1.0,1
