scheme,seed,metric,rho070,rho090,difference_070_minus_090,relative_change
Legacy-20,9101,correct_delivery_probability,1.0,0.9992,0.0008000000000000229,0.0008006405124099509
Legacy-20,9101,terminal_failure_probability,0.0,0.0008,-0.0008,-1.0
Legacy-20,9101,mean_latency,4.0348,36.81585268214572,-32.78105268214572,-0.8904059065306744
Legacy-20,9101,p95_latency,7.0,208.0,-201.0,-0.9663461538461539
Legacy-20,9101,p99_latency,29.0,333.1200000000008,-304.1200000000008,-0.912944284341979
Legacy-20,9101,scheduled_attempts_per_packet,0.042,0.4912,-0.44920000000000004,-0.9144951140065147
Legacy-20,9101,mean_queue,0.15934065934065933,69.75062972292191,-69.59128906358126,-0.997715566727159
Legacy-20,9101,mean_wait,0.41904761904761906,37.692996742671006,-37.27394912362339,-0.9888826133430451
Legacy-20,9101,scheduled_prb_slots,105.0,1228.0,-1123.0,-0.9144951140065146
Legacy-20,9101,total_occupied_prb_slots,3391.0,3706.0,-315.0,-0.08499730167296277
Legacy-20,9101,rlc_retransmissions_per_packet,0.0248,0.4412,-0.4164,-0.9437896645512239
Legacy-20,9101,first_scheduled_success_probability,0.3709677419354839,0.5196969696969697,-0.14872922776148578,-0.2861845198909056
Legacy-20,9101,scheduled_attempts_per_rescued_packet,1.6935483870967742,1.8606060606060606,-0.16705767350928635,-0.0897866974887044
Legacy-20,9101,rescue_admission_rate,0.0,0.0,0.0,
Legacy-20,9101,eligible_stage_population,0.0,0.0,0.0,
Legacy-20,9101,rescue_trigger_to_first_tx_mean,0.0,0.0,0.0,
Legacy-20,9101,phy_attempts_per_packet,2.276,3.6384,-1.3624,-0.37445030782761657
Legacy-20,9101,harq_episodes_per_packet,1.0248,1.4412,-0.4164000000000001,-0.2889258950874272
Legacy-20,9101,final_harq_failure_probability,0.0248,0.264,-0.23920000000000002,-0.9060606060606061
Legacy-20,9101,cb_attempts_per_slot,7.6717032967032965,9.909319899244332,-2.237616602541036,-0.2258093012732057
Legacy-20,9101,cb_overlap_probability,0.5961538461538461,0.8449612403100775,-0.24880739415623132,-0.2944601270289343
Legacy-20,9101,scheduled_attempts_per_slot,0.14423076923076922,1.5465994962216625,-1.4023687269908933,-0.9067432974191932
Legacy-20,9101,p95_queue,1.0,192.0,-191.0,-0.9947916666666666
Legacy-20,9101,max_queue,3.0,221.0,-218.0,-0.9864253393665159
Legacy-20,9101,p95_wait,1.0,88.0,-87.0,-0.9886363636363636
Legacy-20,9101,fraction_at_cap2,0.016483516483516484,0.756926952141058,-0.7404434356575414,-0.9782231080068018
Legacy-20,9101,mean_residual_cb_prbs,5.842032967032967,4.419395465994962,1.4226375010380048,0.32190771610834307
Legacy-20,9101,cb_prb_slots,3276.0,2451.0,825.0,0.33659730722154224
Legacy-20,9102,correct_delivery_probability,1.0,0.9996,0.00039999999999995595,0.00040016006402556614
Legacy-20,9102,terminal_failure_probability,0.0,0.0,0.0,
Legacy-20,9102,mean_latency,3.8544,20.496598639455783,-16.642198639455785,-0.8119492864254897
Legacy-20,9102,p95_latency,7.0,125.0,-118.0,-0.944
Legacy-20,9102,p99_latency,29.0,211.1199999999999,-182.1199999999999,-0.8626373626373626
Legacy-20,9102,scheduled_attempts_per_packet,0.0356,0.3476,-0.312,-0.8975834292289988
Legacy-20,9102,mean_queue,0.1589310829817159,34.9859943977591,-34.827063314777384,-0.9954572941053265
Legacy-20,9102,mean_wait,0.42696629213483145,22.352128883774455,-21.925162591639623,-0.9808981822557059
Legacy-20,9102,scheduled_prb_slots,89.0,869.0,-780.0,-0.8975834292289988
Legacy-20,9102,total_occupied_prb_slots,3344.0,3475.0,-131.0,-0.037697841726618705
Legacy-20,9102,rlc_retransmissions_per_packet,0.0208,0.2968,-0.276,-0.9299191374663073
Legacy-20,9102,first_scheduled_success_probability,0.40384615384615385,0.4925373134328358,-0.08869115958668194,-0.18006993006993002
Legacy-20,9102,scheduled_attempts_per_rescued_packet,1.7115384615384615,1.8528784648187633,-0.14134000328030183,-0.0762813136230858
Legacy-20,9102,rescue_admission_rate,0.0,0.0,0.0,
Legacy-20,9102,eligible_stage_population,0.0,0.0,0.0,
Legacy-20,9102,rescue_trigger_to_first_tx_mean,0.0,0.0,0.0,
Legacy-20,9102,phy_attempts_per_packet,2.2236,3.208,-0.9844000000000004,-0.3068578553615961
Legacy-20,9102,harq_episodes_per_packet,1.0208,1.2968,-0.276,-0.21283158544108577
Legacy-20,9102,final_harq_failure_probability,0.0208,0.1876,-0.1668,-0.8891257995735609
Legacy-20,9102,cb_attempts_per_slot,7.693389592123769,10.015406162464986,-2.3220165703412166,-0.2318444736713227
Legacy-20,9102,cb_overlap_probability,0.6014851485148515,0.8076622361219703,-0.20617708760711884,-0.25527637468490316
Legacy-20,9102,scheduled_attempts_per_slot,0.12517580872011252,1.2170868347338935,-1.091911026013781,-0.8971512917995854
Legacy-20,9102,p95_queue,1.0,110.0,-109.0,-0.990909090909091
Legacy-20,9102,max_queue,3.0,128.0,-125.0,-0.9765625
Legacy-20,9102,p95_wait,1.0,47.0,-46.0,-0.9787234042553191
Legacy-20,9102,fraction_at_cap2,0.014064697609001406,0.5840336134453782,-0.5699689158363768,-0.9759179997773932
Legacy-20,9102,mean_residual_cb_prbs,5.842475386779184,4.715686274509804,1.12678911226938,0.2389448845145047
Legacy-20,9102,cb_prb_slots,3232.0,2558.0,674.0,0.26348709929632524
Legacy-20,9103,correct_delivery_probability,1.0,1.0,0.0,0.0
Legacy-20,9103,terminal_failure_probability,0.0,0.0,0.0,
Legacy-20,9103,mean_latency,3.864,20.1396,-16.2756,-0.8081391884645176
Legacy-20,9103,p95_latency,7.0,91.05000000000018,-84.05000000000018,-0.9231191652937948
Legacy-20,9103,p99_latency,28.0,182.01000000000022,-154.01000000000022,-0.8461622987747928
Legacy-20,9103,scheduled_attempts_per_packet,0.0336,0.3936,-0.36,-0.9146341463414633
Legacy-20,9103,mean_queue,0.13722826086956522,30.710893854748605,-30.57366559387904,-0.995531609678357
Legacy-20,9103,mean_wait,0.4523809523809524,18.338414634146343,-17.88603368176539,-0.9753315124886197
Legacy-20,9103,scheduled_prb_slots,84.0,984.0,-900.0,-0.9146341463414634
Legacy-20,9103,total_occupied_prb_slots,3425.0,3541.0,-116.0,-0.03275910759672409
Legacy-20,9103,rlc_retransmissions_per_packet,0.0192,0.3128,-0.2936,-0.9386189258312021
Legacy-20,9103,first_scheduled_success_probability,0.375,0.5460636515912898,-0.17106365159128978,-0.31326687116564417
Legacy-20,9103,scheduled_attempts_per_rescued_packet,1.75,1.6482412060301508,0.10175879396984921,0.06173780487804876
Legacy-20,9103,rescue_admission_rate,0.0,0.0,0.0,
Legacy-20,9103,eligible_stage_population,0.0,0.0,0.0,
Legacy-20,9103,rescue_trigger_to_first_tx_mean,0.0,0.0,0.0,
Legacy-20,9103,phy_attempts_per_packet,2.2336,3.4276,-1.194,-0.34834869879799274
Legacy-20,9103,harq_episodes_per_packet,1.0192,1.3128,-0.29359999999999986,-0.22364411943936613
Legacy-20,9103,final_harq_failure_probability,0.0192,0.2388,-0.21960000000000002,-0.9195979899497487
Legacy-20,9103,cb_attempts_per_slot,7.4728260869565215,10.593575418994414,-3.1207493320378923,-0.29458886245736726
Legacy-20,9103,cb_overlap_probability,0.576668671076368,0.8252581413820492,-0.24858947030568124,-0.3012263167611672
Legacy-20,9103,scheduled_attempts_per_slot,0.11413043478260869,1.3743016759776536,-1.260171241195045,-0.9169538706256628
Legacy-20,9103,p95_queue,1.0,113.0,-112.0,-0.9911504424778761
Legacy-20,9103,max_queue,3.0,140.0,-137.0,-0.9785714285714285
Legacy-20,9103,p95_wait,1.0,52.0,-51.0,-0.9807692307692307
Legacy-20,9103,fraction_at_cap2,0.009510869565217392,0.6689944134078212,-0.6594835438426038,-0.9857833348461469
Legacy-20,9103,mean_residual_cb_prbs,5.865489130434782,4.57122905027933,1.2942600801554525,0.28313174989040757
Legacy-20,9103,cb_prb_slots,3326.0,2518.0,808.0,0.32088959491660046
Legacy-20,9104,correct_delivery_probability,0.9996,0.9984,0.0012000000000000899,0.001201923076923167
Legacy-20,9104,terminal_failure_probability,0.0,0.0016,-0.0016,-1.0
Legacy-20,9104,mean_latency,3.8299319727891157,72.30809294871794,-68.47816097592883,-0.947033149173145
Legacy-20,9104,p95_latency,7.0,354.0,-347.0,-0.980225988700565
Legacy-20,9104,p99_latency,30.0,484.15000000000055,-454.15000000000055,-0.9380357327274605
Legacy-20,9104,scheduled_attempts_per_packet,0.032,0.5536,-0.5216,-0.9421965317919074
Legacy-20,9104,mean_queue,0.12606232294617564,150.76848484848486,-150.64242252553868,-0.9991638682110995
Legacy-20,9104,mean_wait,0.4,79.67919075144509,-79.27919075144509,-0.9949798686930973
Legacy-20,9104,scheduled_prb_slots,80.0,1384.0,-1304.0,-0.9421965317919075
Legacy-20,9104,total_occupied_prb_slots,3334.0,3873.0,-539.0,-0.13916860315001292
Legacy-20,9104,rlc_retransmissions_per_packet,0.0192,0.5408,-0.5216,-0.9644970414201184
Legacy-20,9104,first_scheduled_success_probability,0.4166666666666667,0.5116918844566712,-0.09502521779000456,-0.18570788530465945
Legacy-20,9104,scheduled_attempts_per_rescued_packet,1.6666666666666667,1.903713892709766,-0.23704722604309936,-0.12451830443159916
Legacy-20,9104,rescue_admission_rate,0.0,0.0,0.0,
Legacy-20,9104,eligible_stage_population,0.0,0.0,0.0,
Legacy-20,9104,rescue_trigger_to_first_tx_mean,0.0,0.0,0.0,
Legacy-20,9104,phy_attempts_per_packet,2.224,3.724,-1.5,-0.4027926960257787
Legacy-20,9104,harq_episodes_per_packet,1.0192,1.5408,-0.5215999999999998,-0.33852544132917955
Legacy-20,9104,final_harq_failure_probability,0.0192,0.2908,-0.2716,-0.9339752407152683
Legacy-20,9104,cb_attempts_per_slot,7.762039660056657,9.607272727272727,-1.8452330672160704,-0.19206627308267196
Legacy-20,9104,cb_overlap_probability,0.5941448382126349,0.8680137575236457,-0.27386891931101087,-0.31551218737860887
Legacy-20,9104,scheduled_attempts_per_slot,0.11331444759206799,1.6775757575757575,-1.5642613099836895,-0.9324534542894103
Legacy-20,9104,p95_queue,1.0,264.0,-263.0,-0.9962121212121212
Legacy-20,9104,max_queue,2.0,277.0,-275.0,-0.9927797833935018
Legacy-20,9104,p95_wait,1.0,123.0,-122.0,-0.991869918699187
Legacy-20,9104,fraction_at_cap2,0.012747875354107648,0.9272727272727272,-0.9145248519186197,-0.986252291284786
Legacy-20,9104,mean_residual_cb_prbs,5.873937677053824,4.124848484848485,1.7490891922053393,0.42403719764014247
Legacy-20,9104,cb_prb_slots,3245.0,2326.0,919.0,0.39509888220120376
Legacy-20,9105,correct_delivery_probability,1.0,1.0,0.0,0.0
Legacy-20,9105,terminal_failure_probability,0.0,0.0,0.0,
Legacy-20,9105,mean_latency,3.7876,25.46,-21.6724,-0.8512333071484681
Legacy-20,9105,p95_latency,7.0,148.0,-141.0,-0.9527027027027027
Legacy-20,9105,p99_latency,29.0,258.0400000000009,-229.04000000000087,-0.8876143233607197
Legacy-20,9105,scheduled_attempts_per_packet,0.0276,0.4148,-0.3872,-0.9334619093539055
Legacy-20,9105,mean_queue,0.1115702479338843,44.62154696132597,-44.509976713392085,-0.9974996329008812
Legacy-20,9105,mean_wait,0.34782608695652173,25.215043394406944,-24.86721730745042,-0.9862056122007834
Legacy-20,9105,scheduled_prb_slots,69.0,1037.0,-968.0,-0.9334619093539055
Legacy-20,9105,total_occupied_prb_slots,3328.0,3571.0,-243.0,-0.06804816577989359
Legacy-20,9105,rlc_retransmissions_per_packet,0.018,0.3552,-0.3372,-0.9493243243243242
Legacy-20,9105,first_scheduled_success_probability,0.5111111111111111,0.5294117647058824,-0.018300653594771288,-0.03456790123456799
Legacy-20,9105,scheduled_attempts_per_rescued_packet,1.5333333333333334,1.7428571428571429,-0.20952380952380945,-0.12021857923497263
Legacy-20,9105,rescue_admission_rate,0.0,0.0,0.0,
Legacy-20,9105,eligible_stage_population,0.0,0.0,0.0,
Legacy-20,9105,rescue_trigger_to_first_tx_mean,0.0,0.0,0.0,
Legacy-20,9105,phy_attempts_per_packet,2.2088,3.4684,-1.2595999999999998,-0.36316457156037363
Legacy-20,9105,harq_episodes_per_packet,1.018,1.3552,-0.33719999999999994,-0.24881936245572606
Legacy-20,9105,final_harq_failure_probability,0.018,0.238,-0.22,-0.9243697478991597
Legacy-20,9105,cb_attempts_per_slot,7.511019283746556,10.544198895027625,-3.033179611281069,-0.2876633532312672
Legacy-20,9105,cb_overlap_probability,0.5990144748999076,0.833939393939394,-0.23492491903948642,-0.2817050264645004
Legacy-20,9105,scheduled_attempts_per_slot,0.09504132231404959,1.4323204419889504,-1.3372791196749008,-0.9336452098791014
Legacy-20,9105,p95_queue,1.0,136.0,-135.0,-0.9926470588235294
Legacy-20,9105,max_queue,2.0,159.0,-157.0,-0.9874213836477987
Legacy-20,9105,p95_wait,1.0,60.0,-59.0,-0.9833333333333333
Legacy-20,9105,fraction_at_cap2,0.011019283746556474,0.7002762430939227,-0.6892569593473662,-0.9842643758727675
Legacy-20,9105,mean_residual_cb_prbs,5.8884297520661155,4.486187845303867,1.4022419067622485,0.31256870089158495
Legacy-20,9105,cb_prb_slots,3247.0,2475.0,772.0,0.31191919191919193
Legacy-20,9106,correct_delivery_probability,1.0,1.0,0.0,0.0
Legacy-20,9106,terminal_failure_probability,0.0,0.0,0.0,
Legacy-20,9106,mean_latency,3.6712,30.1356,-26.4644,-0.8781773052469505
Legacy-20,9106,p95_latency,7.0,170.0,-163.0,-0.9588235294117647
Legacy-20,9106,p99_latency,25.0,274.0400000000009,-249.04000000000087,-0.9087724419792734
Legacy-20,9106,scheduled_attempts_per_packet,0.024,0.4568,-0.43279999999999996,-0.9474605954465849
Legacy-20,9106,mean_queue,0.10957004160887657,57.91745602165088,-57.807885980042,-0.9981081689505161
Legacy-20,9106,mean_wait,0.4166666666666667,30.76707530647986,-30.350408639813192,-0.9864573846387371
Legacy-20,9106,scheduled_prb_slots,60.0,1142.0,-1082.0,-0.9474605954465849
Legacy-20,9106,total_occupied_prb_slots,3369.0,3621.0,-252.0,-0.0695940347970174
Legacy-20,9106,rlc_retransmissions_per_packet,0.014,0.4008,-0.3868,-0.9650698602794411
Legacy-20,9106,first_scheduled_success_probability,0.42857142857142855,0.495253164556962,-0.06668173598553345,-0.1346417161113647
Legacy-20,9106,scheduled_attempts_per_rescued_packet,1.7142857142857142,1.8069620253164558,-0.09267631103074159,-0.05128846634976242
Legacy-20,9106,rescue_admission_rate,0.0,0.0,0.0,
Legacy-20,9106,eligible_stage_population,0.0,0.0,0.0,
Legacy-20,9106,rescue_trigger_to_first_tx_mean,0.0,0.0,0.0,
Legacy-20,9106,phy_attempts_per_packet,2.2044,3.5456,-1.3411999999999997,-0.37827166064981943
Legacy-20,9106,harq_episodes_per_packet,1.014,1.4008,-0.38680000000000003,-0.2761279268989149
Legacy-20,9106,final_harq_failure_probability,0.014,0.2528,-0.2388,-0.9446202531645569
Legacy-20,9106,cb_attempts_per_slot,7.560332871012482,10.449255751014885,-2.8889228800024025,-0.27647164054931045
Legacy-20,9106,cb_overlap_probability,0.5820668693009119,0.8524319868095631,-0.2703651175086512,-0.31716913688393994
Legacy-20,9106,scheduled_attempts_per_slot,0.08321775312066575,1.5453315290933693,-1.4621137759727036,-0.9461489320874151
Legacy-20,9106,p95_queue,1.0,164.10000000000002,-163.10000000000002,-0.9939061547836685
Legacy-20,9106,max_queue,2.0,175.0,-173.0,-0.9885714285714285
Legacy-20,9106,p95_wait,1.0,74.0,-73.0,-0.9864864864864865
Legacy-20,9106,fraction_at_cap2,0.004160887656033287,0.7713125845737483,-0.767151696917715,-0.9946054456529674
Legacy-20,9106,mean_residual_cb_prbs,5.890429958391123,4.382949932341002,1.5074800260501213,0.3439418768913367
Legacy-20,9106,cb_prb_slots,3290.0,2426.0,864.0,0.35614179719703215
Legacy-20,9107,correct_delivery_probability,1.0,1.0,0.0,0.0
Legacy-20,9107,terminal_failure_probability,0.0,0.0,0.0,
Legacy-20,9107,mean_latency,3.8612,26.0892,-22.228,-0.8520000613280592
Legacy-20,9107,p95_latency,7.0,151.0,-144.0,-0.9536423841059603
Legacy-20,9107,p99_latency,29.01000000000022,233.01000000000022,-204.0,-0.8754989056263671
Legacy-20,9107,scheduled_attempts_per_packet,0.0324,0.4232,-0.39080000000000004,-0.9234404536862004
Legacy-20,9107,mean_queue,0.125,46.640054127198916,-46.515054127198916,-0.9973199001943889
Legacy-20,9107,mean_wait,0.37037037037037035,26.41304347826087,-26.0426731078905,-0.9859777472946197
Legacy-20,9107,scheduled_prb_slots,81.0,1058.0,-977.0,-0.9234404536862004
Legacy-20,9107,total_occupied_prb_slots,3373.0,3585.0,-212.0,-0.05913528591352859
Legacy-20,9107,rlc_retransmissions_per_packet,0.0208,0.3636,-0.3428,-0.9427942794279428
Legacy-20,9107,first_scheduled_success_probability,0.5,0.5127334465195246,-0.012733446519524572,-0.024834437086092627
Legacy-20,9107,scheduled_attempts_per_rescued_packet,1.5576923076923077,1.7962648556876062,-0.23857254799529848,-0.132815908099462
Legacy-20,9107,rescue_admission_rate,0.0,0.0,0.0,
Legacy-20,9107,eligible_stage_population,0.0,0.0,0.0,
Legacy-20,9107,rescue_trigger_to_first_tx_mean,0.0,0.0,0.0,
Legacy-20,9107,phy_attempts_per_packet,2.2276,3.4432,-1.2156000000000002,-0.35304368029739785
Legacy-20,9107,harq_episodes_per_packet,1.0208,1.3636,-0.3428,-0.25139337048987975
Legacy-20,9107,final_harq_failure_probability,0.0208,0.2356,-0.2148,-0.9117147707979626
Legacy-20,9107,cb_attempts_per_slot,7.456521739130435,10.216508795669824,-2.75998705653939,-0.2701497264612727
Legacy-20,9107,cb_overlap_probability,0.5883607556368068,0.8424242424242424,-0.2540634867874356,-0.3015861533807689
Legacy-20,9107,scheduled_attempts_per_slot,0.11005434782608696,1.4316644113667119,-1.321610063540625,-0.9231283903180735
Legacy-20,9107,p95_queue,1.0,139.0,-138.0,-0.9928057553956835
Legacy-20,9107,max_queue,3.0,160.0,-157.0,-0.98125
Legacy-20,9107,p95_wait,1.0,63.0,-62.0,-0.9841269841269841
Legacy-20,9107,fraction_at_cap2,0.009510869565217392,0.7077131258457375,-0.6982022562805201,-0.9865611231191288
Legacy-20,9107,mean_residual_cb_prbs,5.876358695652174,4.497970230040595,1.3783884656115788,0.30644677379270663
Legacy-20,9107,cb_prb_slots,3282.0,2475.0,807.0,0.32606060606060605
Legacy-20,9108,correct_delivery_probability,1.0,0.9996,0.00039999999999995595,0.00040016006402556614
Legacy-20,9108,terminal_failure_probability,0.0,0.0004,-0.0004,-1.0
Legacy-20,9108,mean_latency,3.7568,42.17166866746699,-38.41486866746699,-0.9109164963420536
Legacy-20,9108,p95_latency,7.0,223.0,-216.0,-0.968609865470852
Legacy-20,9108,p99_latency,30.0,335.0799999999999,-305.0799999999999,-0.910469141697505
Legacy-20,9108,scheduled_attempts_per_packet,0.0268,0.5032,-0.4764,-0.9467408585055644
Legacy-20,9108,mean_queue,0.1199442119944212,83.62583222370174,-83.50588801170731,-0.9985657038165723
Legacy-20,9108,mean_wait,0.31343283582089554,41.04451510333863,-40.731082267517735,-0.9923635878013966
Legacy-20,9108,scheduled_prb_slots,67.0,1258.0,-1191.0,-0.9467408585055644
Legacy-20,9108,total_occupied_prb_slots,3344.0,3714.0,-370.0,-0.0996230479267636
Legacy-20,9108,rlc_retransmissions_per_packet,0.0184,0.4796,-0.46120000000000005,-0.9616346955796498
Legacy-20,9108,first_scheduled_success_probability,0.5869565217391305,0.5206106870229008,0.06634583471622968,0.12743848017340303
Legacy-20,9108,scheduled_attempts_per_rescued_packet,1.4565217391304348,1.9206106870229007,-0.4640889478924659,-0.24163613741618853
Legacy-20,9108,rescue_admission_rate,0.0,0.0,0.0,
Legacy-20,9108,eligible_stage_population,0.0,0.0,0.0,
Legacy-20,9108,rescue_trigger_to_first_tx_mean,0.0,0.0,0.0,
Legacy-20,9108,phy_attempts_per_packet,2.1812,3.6756,-1.4944000000000002,-0.4065730765045163
Legacy-20,9108,harq_episodes_per_packet,1.0184,1.4796,-0.46120000000000005,-0.31170586645039206
Legacy-20,9108,final_harq_failure_probability,0.0184,0.262,-0.2436,-0.9297709923664123
Legacy-20,9108,cb_attempts_per_slot,7.511854951185495,10.560585885486018,-3.048730934300523,-0.2886895639465002
Legacy-20,9108,cb_overlap_probability,0.578268876611418,0.8839285714285714,-0.3056596948171534,-0.3457968264598099
Legacy-20,9108,scheduled_attempts_per_slot,0.09344490934449093,1.6750998668442076,-1.5816549574997167,-0.9442153204151728
Legacy-20,9108,p95_queue,1.0,162.0,-161.0,-0.9938271604938271
Legacy-20,9108,max_queue,2.0,177.0,-175.0,-0.9887005649717514
Legacy-20,9108,p95_wait,1.0,72.0,-71.0,-0.9861111111111112
Legacy-20,9108,fraction_at_cap2,0.011157601115760111,0.8908122503328895,-0.8796546492171293,-0.987474800541202
Legacy-20,9108,mean_residual_cb_prbs,5.880055788005579,4.186418109187749,1.6936376788178293,0.4045553106845388
Legacy-20,9108,cb_prb_slots,3258.0,2352.0,906.0,0.3852040816326531
Legacy-15,9101,correct_delivery_probability,1.0,0.9988,0.0011999999999999789,0.00120144173007607
Legacy-15,9101,terminal_failure_probability,0.0,0.0008,-0.0008,-1.0
Legacy-15,9101,mean_latency,3.8472,53.931918301962355,-50.084718301962354,-0.9286656191522856
Legacy-15,9101,p95_latency,7.0,289.59999999999945,-282.59999999999945,-0.9758287292817679
Legacy-15,9101,p99_latency,25.0,422.03999999999996,-397.03999999999996,-0.9407639086342526
Legacy-15,9101,scheduled_attempts_per_packet,0.036,0.5444,-0.5084,-0.9338721528288023
Legacy-15,9101,mean_queue,0.14030261348005502,108.31917475728156,-108.1788721438015,-0.998704729667721
Legacy-15,9101,mean_wait,0.3888888888888889,59.03967670830272,-58.650787819413836,-0.9934130925070903
Legacy-15,9101,scheduled_prb_slots,90.0,1361.0,-1271.0,-0.9338721528288023
Legacy-15,9101,total_occupied_prb_slots,3379.0,3823.0,-444.0,-0.11613915772953178
Legacy-15,9101,rlc_retransmissions_per_packet,0.022,0.5168,-0.4948,-0.9574303405572755
Legacy-15,9101,first_scheduled_success_probability,0.41818181818181815,0.5,-0.08181818181818185,-0.1636363636363637
Legacy-15,9101,scheduled_attempts_per_rescued_packet,1.6363636363636365,1.9223163841807909,-0.2859527478171544,-0.1487542582325829
Legacy-15,9101,rescue_admission_rate,0.0,0.0,0.0,
Legacy-15,9101,eligible_stage_population,0.0,0.0,0.0,
Legacy-15,9101,rescue_trigger_to_first_tx_mean,0.0,0.0,0.0,
Legacy-15,9101,phy_attempts_per_packet,2.264,3.7396,-1.4756,-0.3945876564338432
Legacy-15,9101,harq_episodes_per_packet,1.022,1.5168,-0.4947999999999999,-0.3262130801687763
Legacy-15,9101,final_harq_failure_probability,0.022,0.2832,-0.2612,-0.9223163841807909
Legacy-15,9101,cb_attempts_per_slot,7.66162310866575,9.694174757281553,-2.0325516486158035,-0.20966732078861067
Legacy-15,9101,cb_overlap_probability,0.5935306682941714,0.8407878539187525,-0.2472571856245811,-0.2940779704085428
Legacy-15,9101,scheduled_attempts_per_slot,0.12379642365887207,1.6516990291262137,-1.5279026054673417,-0.9250490425459879
Legacy-15,9101,p95_queue,1.0,231.70000000000005,-230.70000000000005,-0.9956840742339231
Legacy-15,9101,max_queue,2.0,262.0,-260.0,-0.9923664122137404
Legacy-15,9101,p95_wait,1.0,113.0,-112.0,-0.9911504424778761
Legacy-15,9101,fraction_at_cap2,0.009628610729023384,0.8216019417475728,-0.8119733310185494,-0.9882806864982049
Legacy-15,9101,mean_residual_cb_prbs,5.859697386519945,4.317961165048544,1.5417362214714005,0.3570518961473957
Legacy-15,9101,cb_prb_slots,3277.0,2437.0,840.0,0.344686089454247
Legacy-15,9102,correct_delivery_probability,1.0,0.9996,0.00039999999999995595,0.00040016006402556614
Legacy-15,9102,terminal_failure_probability,0.0,0.0,0.0,
Legacy-15,9102,mean_latency,3.6332,10.544617847138856,-6.911417847138855,-0.6554450760881939
Legacy-15,9102,p95_latency,7.0,42.0,-35.0,-0.8333333333333334
Legacy-15,9102,p99_latency,23.0,92.0,-69.0,-0.75
Legacy-15,9102,scheduled_attempts_per_packet,0.0304,0.274,-0.2436,-0.8890510948905109
Legacy-15,9102,mean_queue,0.14627285513361463,11.474842767295597,-11.328569912161981,-0.9872527355624857
Legacy-15,9102,mean_wait,0.3684210526315789,8.064233576642335,-7.695812524010757,-0.954314188802927
Legacy-15,9102,scheduled_prb_slots,76.0,685.0,-609.0,-0.8890510948905109
Legacy-15,9102,total_occupied_prb_slots,3343.0,3298.0,45.0,0.01364463311097635
Legacy-15,9102,rlc_retransmissions_per_packet,0.0192,0.202,-0.18280000000000002,-0.904950495049505
Legacy-15,9102,first_scheduled_success_probability,0.4791666666666667,0.4950980392156863,-0.015931372549019607,-0.03217821782178217
Legacy-15,9102,scheduled_attempts_per_rescued_packet,1.5833333333333333,1.678921568627451,-0.09558823529411775,-0.056934306569343125
Legacy-15,9102,rescue_admission_rate,0.0,0.0,0.0,
Legacy-15,9102,eligible_stage_population,0.0,0.0,0.0,
Legacy-15,9102,rescue_trigger_to_first_tx_mean,0.0,0.0,0.0,
Legacy-15,9102,phy_attempts_per_packet,2.1832,3.1,-0.9168000000000003,-0.29574193548387107
Legacy-15,9102,harq_episodes_per_packet,1.0192,1.202,-0.18279999999999985,-0.15207986688851902
Legacy-15,9102,final_harq_failure_probability,0.0192,0.1632,-0.14400000000000002,-0.8823529411764707
Legacy-15,9102,cb_attempts_per_slot,7.569620253164557,11.108490566037736,-3.538870312873178,-0.31857346340939013
Legacy-15,9102,cb_overlap_probability,0.5901234567901235,0.8211350293542075,-0.231011572564084,-0.28133201520554557
Legacy-15,9102,scheduled_attempts_per_slot,0.10689170182841069,1.0770440251572326,-0.970152323328822,-0.9007545658936216
Legacy-15,9102,p95_queue,1.0,52.0,-51.0,-0.9807692307692307
Legacy-15,9102,max_queue,3.0,71.0,-68.0,-0.9577464788732394
Legacy-15,9102,p95_wait,1.0,23.0,-22.0,-0.9565217391304348
Legacy-15,9102,fraction_at_cap2,0.012658227848101266,0.5094339622641509,-0.49677573441604966,-0.9751523675574308
Legacy-15,9102,mean_residual_cb_prbs,5.855133614627285,4.831761006289308,1.0233726083379775,0.21180116462836113
Legacy-15,9102,cb_prb_slots,3240.0,2555.0,685.0,0.26810176125244617
Legacy-15,9103,correct_delivery_probability,1.0,0.9984,0.0016000000000000458,0.0016025641025641485
Legacy-15,9103,terminal_failure_probability,0.0,0.0016,-0.0016,-1.0
Legacy-15,9103,mean_latency,3.7764,26.24639423076923,-22.46999423076923,-0.8561173787608188
Legacy-15,9103,p95_latency,7.0,154.0,-147.0,-0.9545454545454546
Legacy-15,9103,p99_latency,24.0,251.05000000000018,-227.05000000000018,-0.9044015136427007
Legacy-15,9103,scheduled_attempts_per_packet,0.0324,0.4384,-0.406,-0.926094890510949
Legacy-15,9103,mean_queue,0.13487738419618528,49.48468708388815,-49.34980969969196,-0.9972743611782866
Legacy-15,9103,mean_wait,0.3950617283950617,28.781934306569344,-28.386872578174284,-0.9862739687962915
Legacy-15,9103,scheduled_prb_slots,81.0,1096.0,-1015.0,-0.926094890510949
Legacy-15,9103,total_occupied_prb_slots,3425.0,3618.0,-193.0,-0.05334438916528469
Legacy-15,9103,rlc_retransmissions_per_packet,0.0204,0.3876,-0.36719999999999997,-0.9473684210526315
Legacy-15,9103,first_scheduled_success_probability,0.49019607843137253,0.513776337115073,-0.02358025868370045,-0.045895960908022636
Legacy-15,9103,scheduled_attempts_per_rescued_packet,1.588235294117647,1.7763371150729335,-0.1881018209552865,-0.10589308716187205
Legacy-15,9103,rescue_admission_rate,0.0,0.0,0.0,
Legacy-15,9103,eligible_stage_population,0.0,0.0,0.0,
Legacy-15,9103,rescue_trigger_to_first_tx_mean,0.0,0.0,0.0,
Legacy-15,9103,phy_attempts_per_packet,2.2344,3.5112,-1.2768000000000002,-0.36363636363636365
Legacy-15,9103,harq_episodes_per_packet,1.0204,1.3876,-0.36719999999999997,-0.264629576246757
Legacy-15,9103,final_harq_failure_probability,0.0204,0.2468,-0.2264,-0.9173419773095624
Legacy-15,9103,cb_attempts_per_slot,7.5,10.229027962716378,-2.729027962716378,-0.2667925019526165
Legacy-15,9103,cb_overlap_probability,0.5766225961538461,0.8295819935691319,-0.2529593974152857,-0.30492392479129404
Legacy-15,9103,scheduled_attempts_per_slot,0.11035422343324251,1.459387483355526,-1.3490332599222836,-0.9243831917898129
Legacy-15,9103,p95_queue,1.0,162.0,-161.0,-0.9938271604938271
Legacy-15,9103,max_queue,3.0,182.0,-179.0,-0.9835164835164835
Legacy-15,9103,p95_wait,1.0,76.0,-75.0,-0.9868421052631579
Legacy-15,9103,fraction_at_cap2,0.01226158038147139,0.7070572569906791,-0.6947956766092077,-0.9826582921535122
Legacy-15,9103,mean_residual_cb_prbs,5.867847411444142,4.495339547270306,1.3725078641738362,0.305317952012604
Legacy-15,9103,cb_prb_slots,3328.0,2488.0,840.0,0.33762057877813506
Legacy-15,9104,correct_delivery_probability,1.0,0.9984,0.0016000000000000458,0.0016025641025641485
Legacy-15,9104,terminal_failure_probability,0.0,0.0016,-0.0016,-1.0
Legacy-15,9104,mean_latency,3.764,67.57652243589743,-63.81252243589743,-0.9443001820111341
Legacy-15,9104,p95_latency,7.0,338.25,-331.25,-0.9793052475979305
Legacy-15,9104,p99_latency,24.0,481.2000000000007,-457.2000000000007,-0.9501246882793019
Legacy-15,9104,scheduled_attempts_per_packet,0.0384,0.5476,-0.5092,-0.9298758217677137
Legacy-15,9104,mean_queue,0.15155807365439095,141.0479704797048,-140.8964124060504,-0.9989254856121719
Legacy-15,9104,mean_wait,0.4479166666666667,75.72023374726078,-75.2723170805941,-0.9940845842055674
Legacy-15,9104,scheduled_prb_slots,96.0,1369.0,-1273.0,-0.9298758217677137
Legacy-15,9104,total_occupied_prb_slots,3350.0,3860.0,-510.0,-0.13212435233160622
Legacy-15,9104,rlc_retransmissions_per_packet,0.0212,0.5368,-0.5156000000000001,-0.9605067064083458
Legacy-15,9104,first_scheduled_success_probability,0.33962264150943394,0.5159500693481276,-0.17632742783869365,-0.3417528910529519
Legacy-15,9104,scheduled_attempts_per_rescued_packet,1.8113207547169812,1.89875173370319,-0.08743097898620888,-0.04604655650040658
Legacy-15,9104,rescue_admission_rate,0.0,0.0,0.0,
Legacy-15,9104,eligible_stage_population,0.0,0.0,0.0,
Legacy-15,9104,rescue_trigger_to_first_tx_mean,0.0,0.0,0.0,
Legacy-15,9104,phy_attempts_per_packet,2.2348,3.6984,-1.4636,-0.3957386978152715
Legacy-15,9104,harq_episodes_per_packet,1.0212,1.5368,-0.5155999999999998,-0.3355023425299322
Legacy-15,9104,final_harq_failure_probability,0.0212,0.2884,-0.2672,-0.926490984743412
Legacy-15,9104,cb_attempts_per_slot,7.777620396600566,9.68880688806888,-1.9111864914683139,-0.19725715596848284
Legacy-15,9104,cb_overlap_probability,0.6006783842121493,0.8578138343296328,-0.2571354501174835,-0.299756706906494
Legacy-15,9104,scheduled_attempts_per_slot,0.1359773371104816,1.6838868388683887,-1.5479095017579072,-0.9192479363982312
Legacy-15,9104,p95_queue,1.0,246.0,-245.0,-0.9959349593495935
Legacy-15,9104,max_queue,2.0,258.0,-256.0,-0.9922480620155039
Legacy-15,9104,p95_wait,1.0,116.0,-115.0,-0.9913793103448276
Legacy-15,9104,fraction_at_cap2,0.012747875354107648,0.923739237392374,-0.9109913620382664,-0.9861997035114655
Legacy-15,9104,mean_residual_cb_prbs,5.848441926345609,4.132841328413284,1.7156005979323252,0.41511407324969657
Legacy-15,9104,cb_prb_slots,3243.0,2342.0,901.0,0.3847139197267293
Legacy-15,9105,correct_delivery_probability,1.0,1.0,0.0,0.0
Legacy-15,9105,terminal_failure_probability,0.0,0.0,0.0,
Legacy-15,9105,mean_latency,3.5792,29.136,-25.5568,-0.8771554091158704
Legacy-15,9105,p95_latency,7.0,159.0,-152.0,-0.9559748427672956
Legacy-15,9105,p99_latency,20.0,285.0100000000002,-265.0100000000002,-0.9298270236132066
Legacy-15,9105,scheduled_attempts_per_packet,0.0236,0.4236,-0.39999999999999997,-0.9442870632672332
Legacy-15,9105,mean_queue,0.10344827586206896,57.12158469945355,-57.01813642359148,-0.9981889809884238
Legacy-15,9105,mean_wait,0.3898305084745763,33.88385269121813,-33.49402218274356,-0.9884950949342426
Legacy-15,9105,scheduled_prb_slots,59.0,1059.0,-1000.0,-0.9442870632672332
Legacy-15,9105,total_occupied_prb_slots,3312.0,3592.0,-280.0,-0.0779510022271715
Legacy-15,9105,rlc_retransmissions_per_packet,0.0148,0.3828,-0.368,-0.961337513061651
Legacy-15,9105,first_scheduled_success_probability,0.4864864864864865,0.4834782608695652,0.003008225616921323,0.006222049387517125
Legacy-15,9105,scheduled_attempts_per_rescued_packet,1.5945945945945945,1.8417391304347825,-0.24714453584018803,-0.1341908480718679
Legacy-15,9105,rescue_admission_rate,0.0,0.0,0.0,
Legacy-15,9105,eligible_stage_population,0.0,0.0,0.0,
Legacy-15,9105,rescue_trigger_to_first_tx_mean,0.0,0.0,0.0,
Legacy-15,9105,phy_attempts_per_packet,2.1896,3.4724,-1.2828,-0.369427485312752
Legacy-15,9105,harq_episodes_per_packet,1.0148,1.3828,-0.3680000000000001,-0.2661266994503906
Legacy-15,9105,final_harq_failure_probability,0.0148,0.23,-0.2152,-0.9356521739130435
Legacy-15,9105,cb_attempts_per_slot,7.468965517241379,10.412568306010929,-2.9436027887695495,-0.28269709280757155
Legacy-15,9105,cb_overlap_probability,0.6031500926497838,0.8433346757954088,-0.24018458314562496,-0.28480340016742445
Legacy-15,9105,scheduled_attempts_per_slot,0.08137931034482758,1.4467213114754098,-1.3653420011305824,-0.9437491452573997
Legacy-15,9105,p95_queue,1.0,156.45000000000005,-155.45000000000005,-0.9936081815276446
Legacy-15,9105,max_queue,3.0,177.0,-174.0,-0.9830508474576272
Legacy-15,9105,p95_wait,1.0,74.0,-73.0,-0.9864864864864865
Legacy-15,9105,fraction_at_cap2,0.012413793103448275,0.703551912568306,-0.6911381194648577,-0.9823555406762638
Legacy-15,9105,mean_residual_cb_prbs,5.897931034482759,4.4849726775956285,1.4129583568871302,0.3150428014746815
Legacy-15,9105,cb_prb_slots,3238.0,2483.0,755.0,0.3040676600886025
Legacy-15,9106,correct_delivery_probability,1.0,0.9968,0.0031999999999999806,0.003210272873194202
Legacy-15,9106,terminal_failure_probability,0.0,0.0032,-0.0032,-1.0
Legacy-15,9106,mean_latency,3.7108,35.463081861958266,-31.752281861958267,-0.8953616040917012
Legacy-15,9106,p95_latency,7.0,194.0,-187.0,-0.9639175257731959
Legacy-15,9106,p99_latency,23.0,328.09000000000015,-305.09000000000015,-0.929897284281752
Legacy-15,9106,scheduled_attempts_per_packet,0.0268,0.4824,-0.4556,-0.9444444444444444
Legacy-15,9106,mean_queue,0.12205270457697642,75.78071334214003,-75.65866063756306,-0.9983893962039402
Legacy-15,9106,mean_wait,0.34328358208955223,41.53897180762852,-41.195688225538966,-0.9917358671351005
Legacy-15,9106,scheduled_prb_slots,67.0,1206.0,-1139.0,-0.9444444444444444
Legacy-15,9106,total_occupied_prb_slots,3360.0,3684.0,-324.0,-0.08794788273615635
Legacy-15,9106,rlc_retransmissions_per_packet,0.0176,0.4412,-0.4236,-0.9601087941976428
Legacy-15,9106,first_scheduled_success_probability,0.5227272727272727,0.496875,0.025852272727272696,0.05202973127501423
Legacy-15,9106,scheduled_attempts_per_rescued_packet,1.5227272727272727,1.884375,-0.3616477272727272,-0.19191919191919188
Legacy-15,9106,rescue_admission_rate,0.0,0.0,0.0,
Legacy-15,9106,eligible_stage_population,0.0,0.0,0.0,
Legacy-15,9106,rescue_trigger_to_first_tx_mean,0.0,0.0,0.0,
Legacy-15,9106,phy_attempts_per_packet,2.2308,3.5772,-1.3464,-0.3763837638376384
Legacy-15,9106,harq_episodes_per_packet,1.0176,1.4412,-0.4236,-0.2939217318900916
Legacy-15,9106,final_harq_failure_probability,0.0176,0.256,-0.2384,-0.93125
Legacy-15,9106,cb_attempts_per_slot,7.6421636615811375,10.220607661822985,-2.5784440002418476,-0.2522789334603953
Legacy-15,9106,cb_overlap_probability,0.5874083129584352,0.8544251447477254,-0.26701683178929014,-0.3125105030331576
Legacy-15,9106,scheduled_attempts_per_slot,0.09292649098474341,1.5931307793923382,-1.5002042884075948,-0.9416705193404222
Legacy-15,9106,p95_queue,1.0,193.0,-192.0,-0.9948186528497409
Legacy-15,9106,max_queue,2.0,198.0,-196.0,-0.98989898989899
Legacy-15,9106,p95_wait,1.0,89.0,-88.0,-0.9887640449438202
Legacy-15,9106,fraction_at_cap2,0.011095700416088766,0.808454425363276,-0.7973587249471873,-0.9862754163153935
Legacy-15,9106,mean_residual_cb_prbs,5.877947295423024,4.327608982826948,1.5503383125960752,0.3582436210730247
Legacy-15,9106,cb_prb_slots,3272.0,2418.0,854.0,0.3531844499586435
Legacy-15,9107,correct_delivery_probability,0.9996,1.0,-0.00039999999999995595,-0.00039999999999995595
Legacy-15,9107,terminal_failure_probability,0.0,0.0,0.0,
Legacy-15,9107,mean_latency,3.697078831532613,22.9152,-19.218121168467384,-0.8386625981212202
Legacy-15,9107,p95_latency,7.0,134.05000000000018,-127.05000000000018,-0.947780678851175
Legacy-15,9107,p99_latency,23.0,206.01000000000022,-183.01000000000022,-0.888354934226494
Legacy-15,9107,scheduled_attempts_per_packet,0.0316,0.42,-0.38839999999999997,-0.9247619047619047
Legacy-15,9107,mean_queue,0.12859097127222982,41.65663474692202,-41.52804377564979,-0.9969130734622836
Legacy-15,9107,mean_wait,0.4050632911392405,23.98190476190476,-23.576841470765523,-0.9831096280649616
Legacy-15,9107,scheduled_prb_slots,79.0,1050.0,-971.0,-0.9247619047619048
Legacy-15,9107,total_occupied_prb_slots,3377.0,3573.0,-196.0,-0.05485586342009516
Legacy-15,9107,rlc_retransmissions_per_packet,0.02,0.3648,-0.3448,-0.9451754385964912
Legacy-15,9107,first_scheduled_success_probability,0.44,0.4956521739130435,-0.0556521739130435,-0.11228070175438601
Legacy-15,9107,scheduled_attempts_per_rescued_packet,1.58,1.826086956521739,-0.24608695652173895,-0.13476190476190467
Legacy-15,9107,rescue_admission_rate,0.0,0.0,0.0,
Legacy-15,9107,eligible_stage_population,0.0,0.0,0.0,
Legacy-15,9107,rescue_trigger_to_first_tx_mean,0.0,0.0,0.0,
Legacy-15,9107,phy_attempts_per_packet,2.2104,3.446,-1.2356000000000003,-0.3585606500290192
Legacy-15,9107,harq_episodes_per_packet,1.02,1.3648,-0.3448,-0.25263774912075027
Legacy-15,9107,final_harq_failure_probability,0.02,0.23,-0.21000000000000002,-0.9130434782608696
Legacy-15,9107,cb_attempts_per_slot,7.451436388508892,10.348837209302326,-2.8974008207934343,-0.27997356245869137
Legacy-15,9107,cb_overlap_probability,0.5800365185636032,0.8416599516518937,-0.2616234330882905,-0.31084220245339256
Legacy-15,9107,scheduled_attempts_per_slot,0.10807113543091655,1.4363885088919288,-1.3283173734610123,-0.9247619047619048
Legacy-15,9107,p95_queue,1.0,131.0,-130.0,-0.9923664122137404
Legacy-15,9107,max_queue,4.0,152.0,-148.0,-0.9736842105263158
Legacy-15,9107,p95_wait,1.0,61.549999999999955,-60.549999999999955,-0.983753046303818
Legacy-15,9107,fraction_at_cap2,0.019151846785225718,0.707250341997264,-0.6880984952120383,-0.9729206963249516
Legacy-15,9107,mean_residual_cb_prbs,5.875512995896033,4.507523939808482,1.3679890560875512,0.3034901365705614
Legacy-15,9107,cb_prb_slots,3286.0,2482.0,804.0,0.32393231265108785
Legacy-15,9108,correct_delivery_probability,1.0,1.0,0.0,0.0
Legacy-15,9108,terminal_failure_probability,0.0,0.0,0.0,
Legacy-15,9108,mean_latency,3.6828,37.1676,-33.4848,-0.9009136990281859
Legacy-15,9108,p95_latency,7.0,191.0,-184.0,-0.9633507853403142
Legacy-15,9108,p99_latency,24.0,304.0500000000011,-280.0500000000011,-0.9210656142081898
Legacy-15,9108,scheduled_attempts_per_packet,0.03,0.4936,-0.4636,-0.9392220421393842
Legacy-15,9108,mean_queue,0.13668061366806136,77.48285322359396,-77.3461726099259,-0.9982359888932634
Legacy-15,9108,mean_wait,0.4266666666666667,39.09319286871961,-38.66652620205294,-0.9890859089432916
Legacy-15,9108,scheduled_prb_slots,75.0,1234.0,-1159.0,-0.9392220421393841
Legacy-15,9108,total_occupied_prb_slots,3351.0,3684.0,-333.0,-0.09039087947882736
Legacy-15,9108,rlc_retransmissions_per_packet,0.0192,0.4744,-0.4552,-0.9595278246205734
Legacy-15,9108,first_scheduled_success_probability,0.5208333333333334,0.5,0.02083333333333337,0.04166666666666674
Legacy-15,9108,scheduled_attempts_per_rescued_packet,1.5625,1.8984615384615384,-0.3359615384615384,-0.17696515397082657
Legacy-15,9108,rescue_admission_rate,0.0,0.0,0.0,
Legacy-15,9108,eligible_stage_population,0.0,0.0,0.0,
Legacy-15,9108,rescue_trigger_to_first_tx_mean,0.0,0.0,0.0,
Legacy-15,9108,phy_attempts_per_packet,2.1968,3.6604,-1.4636,-0.39984701125560046
Legacy-15,9108,harq_episodes_per_packet,1.0192,1.4744,-0.4551999999999998,-0.30873575691806826
Legacy-15,9108,final_harq_failure_probability,0.0192,0.26,-0.24080000000000001,-0.9261538461538462
Legacy-15,9108,cb_attempts_per_slot,7.5550906555090656,10.860082304526749,-3.3049916490176834,-0.3043247331228863
Legacy-15,9108,cb_overlap_probability,0.5794966236955187,0.8779045204900718,-0.29840789679455315,-0.3399092837885983
Legacy-15,9108,scheduled_attempts_per_slot,0.10460251046025104,1.6927297668038408,-1.5881272563435898,-0.9382048378237253
Legacy-15,9108,p95_queue,1.0,155.0,-154.0,-0.9935483870967742
Legacy-15,9108,max_queue,4.0,165.0,-161.0,-0.9757575757575757
Legacy-15,9108,p95_wait,1.0,70.0,-69.0,-0.9857142857142858
Legacy-15,9108,fraction_at_cap2,0.016736401673640166,0.8861454046639232,-0.869409002990283,-0.9811132556964648
Legacy-15,9108,mean_residual_cb_prbs,5.870292887029288,4.193415637860082,1.6768772491692063,0.3998833871914791
Legacy-15,9108,cb_prb_slots,3258.0,2367.0,891.0,0.376425855513308
Fast-CB,9101,correct_delivery_probability,1.0,0.9996,0.00039999999999995595,0.00040016006402556614
Fast-CB,9101,terminal_failure_probability,0.0,0.0,0.0,
Fast-CB,9101,mean_latency,3.606,5.116446578631453,-1.510446578631453,-0.29521398404504934
Fast-CB,9101,p95_latency,7.0,13.0,-6.0,-0.46153846153846156
Fast-CB,9101,p99_latency,12.010000000000218,19.0,-6.989999999999782,-0.3678947368420938
Fast-CB,9101,scheduled_attempts_per_packet,0.0,0.0,0.0,
Fast-CB,9101,mean_queue,0.0,0.0,0.0,
Fast-CB,9101,mean_wait,0.0,0.0,0.0,
Fast-CB,9101,scheduled_prb_slots,0.0,0.0,0.0,
Fast-CB,9101,total_occupied_prb_slots,3369.0,3045.0,324.0,0.10640394088669951
Fast-CB,9101,rlc_retransmissions_per_packet,0.0256,0.1232,-0.0976,-0.7922077922077922
Fast-CB,9101,first_scheduled_success_probability,0.0,0.0,0.0,
Fast-CB,9101,scheduled_attempts_per_rescued_packet,0.0,0.0,0.0,
Fast-CB,9101,rescue_admission_rate,0.0,0.0,0.0,
Fast-CB,9101,eligible_stage_population,0.0,0.0,0.0,
Fast-CB,9101,rescue_trigger_to_first_tx_mean,0.0,0.0,0.0,
Fast-CB,9101,phy_attempts_per_packet,2.296,3.0356,-0.7396000000000003,-0.2436421135854527
Fast-CB,9101,harq_episodes_per_packet,1.0256,1.1232,-0.09759999999999991,-0.08689458689458682
Fast-CB,9101,final_harq_failure_probability,0.0244,0.1052,-0.0808,-0.768060836501901
Fast-CB,9101,cb_attempts_per_slot,8.084507042253522,13.551785714285714,-5.467278672032192,-0.40343603325049776
Fast-CB,9101,cb_overlap_probability,0.5924606708222024,0.7931034482758621,-0.20064277745365966,-0.25298437157200565
Fast-CB,9101,scheduled_attempts_per_slot,0.0,0.0,0.0,
Fast-CB,9101,p95_queue,0.0,0.0,0.0,
Fast-CB,9101,max_queue,0.0,0.0,0.0,
Fast-CB,9101,p95_wait,0.0,0.0,0.0,
Fast-CB,9101,fraction_at_cap2,0.0,0.0,0.0,
Fast-CB,9101,mean_residual_cb_prbs,6.0,6.0,0.0,0.0
Fast-CB,9101,cb_prb_slots,3369.0,3045.0,324.0,0.10640394088669951
Fast-CB,9102,correct_delivery_probability,1.0,0.8128,0.18720000000000003,0.23031496062992132
Fast-CB,9102,terminal_failure_probability,0.0,0.1872,-0.1872,-1.0
Fast-CB,9102,mean_latency,3.4316,5.9763779527559056,-2.5447779527559056,-0.42580606060606063
Fast-CB,9102,p95_latency,7.0,15.0,-8.0,-0.5333333333333333
Fast-CB,9102,p99_latency,11.0,53.0,-42.0,-0.7924528301886793
Fast-CB,9102,scheduled_attempts_per_packet,0.0,0.0,0.0,
Fast-CB,9102,mean_queue,0.0,0.0,0.0,
Fast-CB,9102,mean_wait,0.0,0.0,0.0,
Fast-CB,9102,scheduled_prb_slots,0.0,0.0,0.0,
Fast-CB,9102,total_occupied_prb_slots,3316.0,3208.0,108.0,0.03366583541147132
Fast-CB,9102,rlc_retransmissions_per_packet,0.0196,1.268,-1.2484,-0.9845425867507885
Fast-CB,9102,first_scheduled_success_probability,0.0,0.0,0.0,
Fast-CB,9102,scheduled_attempts_per_rescued_packet,0.0,0.0,0.0,
Fast-CB,9102,rescue_admission_rate,0.0,0.0,0.0,
Fast-CB,9102,eligible_stage_population,0.0,0.0,0.0,
Fast-CB,9102,rescue_trigger_to_first_tx_mean,0.0,0.0,0.0,
Fast-CB,9102,phy_attempts_per_packet,2.2124,7.822,-5.6096,-0.7171567374073128
Fast-CB,9102,harq_episodes_per_packet,1.0196,2.268,-1.2483999999999997,-0.5504409171075837
Fast-CB,9102,final_harq_failure_probability,0.0192,0.2604,-0.24120000000000003,-0.9262672811059908
Fast-CB,9102,cb_attempts_per_slot,7.779184247538678,32.646076794657766,-24.866892547119086,-0.7617115129493394
Fast-CB,9102,cb_overlap_probability,0.5934861278648975,0.8120324189526185,-0.21854629108772095,-0.2691349335160878
Fast-CB,9102,scheduled_attempts_per_slot,0.0,0.0,0.0,
Fast-CB,9102,p95_queue,0.0,0.0,0.0,
Fast-CB,9102,max_queue,0.0,0.0,0.0,
Fast-CB,9102,p95_wait,0.0,0.0,0.0,
Fast-CB,9102,fraction_at_cap2,0.0,0.0,0.0,
Fast-CB,9102,mean_residual_cb_prbs,6.0,6.0,0.0,0.0
Fast-CB,9102,cb_prb_slots,3316.0,3208.0,108.0,0.03366583541147132
Fast-CB,9103,correct_delivery_probability,1.0,0.618,0.382,0.6181229773462783
Fast-CB,9103,terminal_failure_probability,0.0,0.3812,-0.3812,-1.0
Fast-CB,9103,mean_latency,3.474,8.950809061488673,-5.476809061488673,-0.6118786607853062
Fast-CB,9103,p95_latency,7.0,44.59999999999991,-37.59999999999991,-0.8430493273542597
Fast-CB,9103,p99_latency,11.0,55.0,-44.0,-0.8
Fast-CB,9103,scheduled_attempts_per_packet,0.0,0.0,0.0,
Fast-CB,9103,mean_queue,0.0,0.0,0.0,
Fast-CB,9103,mean_wait,0.0,0.0,0.0,
Fast-CB,9103,scheduled_prb_slots,0.0,0.0,0.0,
Fast-CB,9103,total_occupied_prb_slots,3383.0,3310.0,73.0,0.022054380664652568
Fast-CB,9103,rlc_retransmissions_per_packet,0.02,2.4752,-2.4552,-0.9919198448610214
Fast-CB,9103,first_scheduled_success_probability,0.0,0.0,0.0,
Fast-CB,9103,scheduled_attempts_per_rescued_packet,0.0,0.0,0.0,
Fast-CB,9103,rescue_admission_rate,0.0,0.0,0.0,
Fast-CB,9103,eligible_stage_population,0.0,0.0,0.0,
Fast-CB,9103,rescue_trigger_to_first_tx_mean,0.0,0.0,0.0,
Fast-CB,9103,phy_attempts_per_packet,2.2272,13.032,-10.8048,-0.829097605893186
Fast-CB,9103,harq_episodes_per_packet,1.02,3.4752,-2.4552,-0.7064917127071824
Fast-CB,9103,final_harq_failure_probability,0.02,0.4728,-0.4528,-0.9576988155668358
Fast-CB,9103,cb_attempts_per_slot,7.658872077028886,53.32242225859247,-45.66355018156358,-0.8563667636873956
Fast-CB,9103,cb_overlap_probability,0.5719775347324859,0.8564954682779456,-0.28451793354545973,-0.33218848678499885
Fast-CB,9103,scheduled_attempts_per_slot,0.0,0.0,0.0,
Fast-CB,9103,p95_queue,0.0,0.0,0.0,
Fast-CB,9103,max_queue,0.0,0.0,0.0,
Fast-CB,9103,p95_wait,0.0,0.0,0.0,
Fast-CB,9103,fraction_at_cap2,0.0,0.0,0.0,
Fast-CB,9103,mean_residual_cb_prbs,6.0,6.0,0.0,0.0
Fast-CB,9103,cb_prb_slots,3383.0,3310.0,73.0,0.022054380664652568
Fast-CB,9104,correct_delivery_probability,1.0,0.1624,0.8376,5.157635467980296
Fast-CB,9104,terminal_failure_probability,0.0,0.8372,-0.8372,-1.0
Fast-CB,9104,mean_latency,3.4668,19.90394088669951,-16.43714088669951,-0.8258234376933549
Fast-CB,9104,p95_latency,7.0,55.0,-48.0,-0.8727272727272727
Fast-CB,9104,p99_latency,11.0,84.89999999999998,-73.89999999999998,-0.8704358068315665
Fast-CB,9104,scheduled_attempts_per_packet,0.0,0.0,0.0,
Fast-CB,9104,mean_queue,0.0,0.0,0.0,
Fast-CB,9104,mean_wait,0.0,0.0,0.0,
Fast-CB,9104,scheduled_prb_slots,0.0,0.0,0.0,
Fast-CB,9104,total_occupied_prb_slots,3310.0,3513.0,-203.0,-0.05778536863079989
Fast-CB,9104,rlc_retransmissions_per_packet,0.0208,5.246,-5.2252,-0.996035074342356
Fast-CB,9104,first_scheduled_success_probability,0.0,0.0,0.0,
Fast-CB,9104,scheduled_attempts_per_rescued_packet,0.0,0.0,0.0,
Fast-CB,9104,rescue_admission_rate,0.0,0.0,0.0,
Fast-CB,9104,eligible_stage_population,0.0,0.0,0.0,
Fast-CB,9104,rescue_trigger_to_first_tx_mean,0.0,0.0,0.0,
Fast-CB,9104,phy_attempts_per_packet,2.2296,24.86,-22.630399999999998,-0.9103137570394207
Fast-CB,9104,harq_episodes_per_packet,1.0208,6.246,-5.225200000000001,-0.8365674031380084
Fast-CB,9104,final_harq_failure_probability,0.0204,0.9156,-0.8952,-0.9777195281782438
Fast-CB,9104,cb_attempts_per_slot,7.895184135977337,104.45378151260505,-96.55859737662772,-0.9244145686097102
Fast-CB,9104,cb_overlap_probability,0.5918429003021148,0.9746655280387133,-0.3828226277365985,-0.39277333272157433
Fast-CB,9104,scheduled_attempts_per_slot,0.0,0.0,0.0,
Fast-CB,9104,p95_queue,0.0,0.0,0.0,
Fast-CB,9104,max_queue,0.0,0.0,0.0,
Fast-CB,9104,p95_wait,0.0,0.0,0.0,
Fast-CB,9104,fraction_at_cap2,0.0,0.0,0.0,
Fast-CB,9104,mean_residual_cb_prbs,6.0,6.0,0.0,0.0
Fast-CB,9104,cb_prb_slots,3310.0,3513.0,-203.0,-0.05778536863079989
Fast-CB,9105,correct_delivery_probability,1.0,0.912,0.08799999999999997,0.0964912280701754
Fast-CB,9105,terminal_failure_probability,0.0,0.088,-0.088,-1.0
Fast-CB,9105,mean_latency,3.3964,6.306140350877193,-2.9097403508771933,-0.4614138266796495
Fast-CB,9105,p95_latency,7.0,15.0,-8.0,-0.5333333333333333
Fast-CB,9105,p99_latency,11.0,53.0,-42.0,-0.7924528301886793
Fast-CB,9105,scheduled_attempts_per_packet,0.0,0.0,0.0,
Fast-CB,9105,mean_queue,0.0,0.0,0.0,
Fast-CB,9105,mean_wait,0.0,0.0,0.0,
Fast-CB,9105,scheduled_prb_slots,0.0,0.0,0.0,
Fast-CB,9105,total_occupied_prb_slots,3300.0,3218.0,82.0,0.0254816656308266
Fast-CB,9105,rlc_retransmissions_per_packet,0.0152,0.7352,-0.72,-0.9793253536452666
Fast-CB,9105,first_scheduled_success_probability,0.0,0.0,0.0,
Fast-CB,9105,scheduled_attempts_per_rescued_packet,0.0,0.0,0.0,
Fast-CB,9105,rescue_admission_rate,0.0,0.0,0.0,
Fast-CB,9105,eligible_stage_population,0.0,0.0,0.0,
Fast-CB,9105,rescue_trigger_to_first_tx_mean,0.0,0.0,0.0,
Fast-CB,9105,phy_attempts_per_packet,2.1968,5.6704,-3.4736,-0.6125846501128668
Fast-CB,9105,harq_episodes_per_packet,1.0152,1.7352,-0.72,-0.41493775933609955
Fast-CB,9105,final_harq_failure_probability,0.0148,0.2008,-0.186,-0.9262948207171314
Fast-CB,9105,cb_attempts_per_slot,7.713483146067416,23.548172757475083,-15.834689611407667,-0.6724381451796991
Fast-CB,9105,cb_overlap_probability,0.5948484848484848,0.8067122436295836,-0.21186375878109875,-0.26262618480646216
Fast-CB,9105,scheduled_attempts_per_slot,0.0,0.0,0.0,
Fast-CB,9105,p95_queue,0.0,0.0,0.0,
Fast-CB,9105,max_queue,0.0,0.0,0.0,
Fast-CB,9105,p95_wait,0.0,0.0,0.0,
Fast-CB,9105,fraction_at_cap2,0.0,0.0,0.0,
Fast-CB,9105,mean_residual_cb_prbs,6.0,6.0,0.0,0.0
Fast-CB,9105,cb_prb_slots,3300.0,3218.0,82.0,0.0254816656308266
Fast-CB,9106,correct_delivery_probability,1.0,0.9996,0.00039999999999995595,0.00040016006402556614
Fast-CB,9106,terminal_failure_probability,0.0,0.0,0.0,
Fast-CB,9106,mean_latency,3.4096,5.287715086034414,-1.8781150860344136,-0.35518462237021337
Fast-CB,9106,p95_latency,7.0,13.099999999999909,-6.099999999999909,-0.46564885496182834
Fast-CB,9106,p99_latency,11.0,23.0,-12.0,-0.5217391304347826
Fast-CB,9106,scheduled_attempts_per_packet,0.0,0.0,0.0,
Fast-CB,9106,mean_queue,0.0,0.0,0.0,
Fast-CB,9106,mean_wait,0.0,0.0,0.0,
Fast-CB,9106,scheduled_prb_slots,0.0,0.0,0.0,
Fast-CB,9106,total_occupied_prb_slots,3333.0,3082.0,251.0,0.08144062297209605
Fast-CB,9106,rlc_retransmissions_per_packet,0.0152,0.1404,-0.1252,-0.8917378917378918
Fast-CB,9106,first_scheduled_success_probability,0.0,0.0,0.0,
Fast-CB,9106,scheduled_attempts_per_rescued_packet,0.0,0.0,0.0,
Fast-CB,9106,rescue_admission_rate,0.0,0.0,0.0,
Fast-CB,9106,eligible_stage_population,0.0,0.0,0.0,
Fast-CB,9106,rescue_trigger_to_first_tx_mean,0.0,0.0,0.0,
Fast-CB,9106,phy_attempts_per_packet,2.2004,3.1316,-0.9312,-0.297355984161451
Fast-CB,9106,harq_episodes_per_packet,1.0152,1.1404,-0.12519999999999998,-0.10978603998596981
Fast-CB,9106,final_harq_failure_probability,0.0148,0.1084,-0.09359999999999999,-0.8634686346863468
Fast-CB,9106,cb_attempts_per_slot,7.629680998613037,13.856637168141592,-6.226956169528555,-0.44938437039004137
Fast-CB,9106,cb_overlap_probability,0.5814581458145814,0.7764438676184295,-0.1949857218038481,-0.2511266170495027
Fast-CB,9106,scheduled_attempts_per_slot,0.0,0.0,0.0,
Fast-CB,9106,p95_queue,0.0,0.0,0.0,
Fast-CB,9106,max_queue,0.0,0.0,0.0,
Fast-CB,9106,p95_wait,0.0,0.0,0.0,
Fast-CB,9106,fraction_at_cap2,0.0,0.0,0.0,
Fast-CB,9106,mean_residual_cb_prbs,6.0,6.0,0.0,0.0
Fast-CB,9106,cb_prb_slots,3333.0,3082.0,251.0,0.08144062297209605
Fast-CB,9107,correct_delivery_probability,0.9996,0.7984,0.20120000000000005,0.2520040080160321
Fast-CB,9107,terminal_failure_probability,0.0,0.2016,-0.2016,-1.0
Fast-CB,9107,mean_latency,3.501800720288115,6.9579158316633265,-3.4561151113752113,-0.49671700477425995
Fast-CB,9107,p95_latency,7.0,23.0,-16.0,-0.6956521739130435
Fast-CB,9107,p99_latency,13.0,53.0,-40.0,-0.7547169811320755
Fast-CB,9107,scheduled_attempts_per_packet,0.0,0.0,0.0,
Fast-CB,9107,mean_queue,0.0,0.0,0.0,
Fast-CB,9107,mean_wait,0.0,0.0,0.0,
Fast-CB,9107,scheduled_prb_slots,0.0,0.0,0.0,
Fast-CB,9107,total_occupied_prb_slots,3336.0,3298.0,38.0,0.011522134627046696
Fast-CB,9107,rlc_retransmissions_per_packet,0.0224,1.4228,-1.4004,-0.9842563958391903
Fast-CB,9107,first_scheduled_success_probability,0.0,0.0,0.0,
Fast-CB,9107,scheduled_attempts_per_rescued_packet,0.0,0.0,0.0,
Fast-CB,9107,rescue_admission_rate,0.0,0.0,0.0,
Fast-CB,9107,eligible_stage_population,0.0,0.0,0.0,
Fast-CB,9107,rescue_trigger_to_first_tx_mean,0.0,0.0,0.0,
Fast-CB,9107,phy_attempts_per_packet,2.2492,8.526,-6.2768,-0.7361951677222613
Fast-CB,9107,harq_episodes_per_packet,1.0224,2.4228,-1.4004,-0.5780089153046063
Fast-CB,9107,final_harq_failure_probability,0.0212,0.3132,-0.292,-0.9323116219667944
Fast-CB,9107,cb_attempts_per_slot,7.745179063360881,34.65853658536585,-26.913357522004972,-0.7765289643928247
Fast-CB,9107,cb_overlap_probability,0.5902278177458034,0.8220133414190418,-0.23178552367323846,-0.2819729461727556
Fast-CB,9107,scheduled_attempts_per_slot,0.0,0.0,0.0,
Fast-CB,9107,p95_queue,0.0,0.0,0.0,
Fast-CB,9107,max_queue,0.0,0.0,0.0,
Fast-CB,9107,p95_wait,0.0,0.0,0.0,
Fast-CB,9107,fraction_at_cap2,0.0,0.0,0.0,
Fast-CB,9107,mean_residual_cb_prbs,6.0,6.0,0.0,0.0
Fast-CB,9107,cb_prb_slots,3336.0,3298.0,38.0,0.011522134627046696
Fast-CB,9108,correct_delivery_probability,1.0,0.5572,0.44279999999999997,0.7946877243359655
Fast-CB,9108,terminal_failure_probability,0.0,0.4424,-0.4424,-1.0
Fast-CB,9108,mean_latency,3.3772,8.405599425699927,-5.028399425699927,-0.5982202066786232
Fast-CB,9108,p95_latency,7.0,42.40000000000009,-35.40000000000009,-0.8349056603773588
Fast-CB,9108,p99_latency,11.0,55.0,-44.0,-0.8
Fast-CB,9108,scheduled_attempts_per_packet,0.0,0.0,0.0,
Fast-CB,9108,mean_queue,0.0,0.0,0.0,
Fast-CB,9108,mean_wait,0.0,0.0,0.0,
Fast-CB,9108,scheduled_prb_slots,0.0,0.0,0.0,
Fast-CB,9108,total_occupied_prb_slots,3318.0,3350.0,-32.0,-0.00955223880597015
Fast-CB,9108,rlc_retransmissions_per_packet,0.0164,2.7968,-2.7804,-0.9941361556064073
Fast-CB,9108,first_scheduled_success_probability,0.0,0.0,0.0,
Fast-CB,9108,scheduled_attempts_per_rescued_packet,0.0,0.0,0.0,
Fast-CB,9108,rescue_admission_rate,0.0,0.0,0.0,
Fast-CB,9108,eligible_stage_population,0.0,0.0,0.0,
Fast-CB,9108,rescue_trigger_to_first_tx_mean,0.0,0.0,0.0,
Fast-CB,9108,phy_attempts_per_packet,2.1816,14.4332,-12.2516,-0.8488484882077433
Fast-CB,9108,harq_episodes_per_packet,1.0164,3.7968,-2.7804,-0.7323008849557522
Fast-CB,9108,final_harq_failure_probability,0.016,0.5116,-0.49560000000000004,-0.9687255668491008
Fast-CB,9108,cb_attempts_per_slot,7.606694560669456,59.54290429042904,-51.93620972975959,-0.8722485130458751
Fast-CB,9108,cb_overlap_probability,0.5750452079566004,0.8832835820895523,-0.30823837413295185,-0.34896875746718103
Fast-CB,9108,scheduled_attempts_per_slot,0.0,0.0,0.0,
Fast-CB,9108,p95_queue,0.0,0.0,0.0,
Fast-CB,9108,max_queue,0.0,0.0,0.0,
Fast-CB,9108,p95_wait,0.0,0.0,0.0,
Fast-CB,9108,fraction_at_cap2,0.0,0.0,0.0,
Fast-CB,9108,mean_residual_cb_prbs,6.0,6.0,0.0,0.0
Fast-CB,9108,cb_prb_slots,3318.0,3350.0,-32.0,-0.00955223880597015
B,9101,correct_delivery_probability,1.0,0.9996,0.00039999999999995595,0.00040016006402556614
B,9101,terminal_failure_probability,0.0,0.0,0.0,
B,9101,mean_latency,3.56,41.324929971988794,-37.76492997198879,-0.9138534535348742
B,9101,p95_latency,7.0,188.0,-181.0,-0.9627659574468085
B,9101,p99_latency,11.0,234.01999999999998,-223.01999999999998,-0.9529954704726091
B,9101,scheduled_attempts_per_packet,0.0376,0.4812,-0.4436,-0.9218620116375726
B,9101,mean_queue,0.17489421720733428,107.4211956521739,-107.24630143496657,-0.9983718835361539
B,9101,mean_wait,1.1808510638297873,65.67996674979219,-64.4991156859624,-0.9820211379167069
B,9101,scheduled_prb_slots,94.0,1203.0,-1109.0,-0.9218620116375728
B,9101,total_occupied_prb_slots,3384.0,3611.0,-227.0,-0.0628634727222376
B,9101,rlc_retransmissions_per_packet,0.0244,0.3096,-0.2852,-0.9211886304909561
B,9101,first_scheduled_success_probability,0.4918032786885246,0.5064599483204134,-0.01465666963188883,-0.02893944463031111
B,9101,scheduled_attempts_per_rescued_packet,1.540983606557377,1.554263565891473,-0.013279959334095981,-0.008544213237398412
B,9101,rescue_admission_rate,0.0,0.0,0.0,
B,9101,eligible_stage_population,0.0,0.0,0.0,
B,9101,rescue_trigger_to_first_tx_mean,0.0,0.0,0.0,
B,9101,phy_attempts_per_packet,2.2692,3.7048,-1.4356,-0.3874973007989635
B,9101,harq_episodes_per_packet,1.0244,1.3096,-0.2852000000000001,-0.21777642028100191
B,9101,final_harq_failure_probability,0.0244,0.3096,-0.2852,-0.9211886304909561
B,9101,cb_attempts_per_slot,7.8688293370945,10.949728260869565,-3.080898923775065,-0.28136761482794986
B,9101,cb_overlap_probability,0.5859017393957888,0.8640982218458934,-0.27819648245010453,-0.3219500693518603
B,9101,scheduled_attempts_per_slot,0.1325811001410437,1.6345108695652173,-1.5019297694241736,-0.9188863759735593
B,9101,p95_queue,1.0,220.5,-219.5,-0.9954648526077098
B,9101,max_queue,5.0,254.0,-249.0,-0.9803149606299213
B,9101,p95_wait,2.0,113.0,-111.0,-0.9823008849557522
B,9101,fraction_at_cap2,0.031029619181946404,0.8206521739130435,-0.7896225547310971,-0.9621890733147144
B,9101,mean_residual_cb_prbs,5.849083215796897,4.302989130434782,1.5460940853621148,0.3593069929985843
B,9101,cb_prb_slots,3277.0,2362.0,915.0,0.38738357324301437
B,9102,correct_delivery_probability,1.0,0.9996,0.00039999999999995595,0.00040016006402556614
B,9102,terminal_failure_probability,0.0,0.0,0.0,
B,9102,mean_latency,3.4208,21.558623449379752,-18.137823449379752,-0.8413256761020882
B,9102,p95_latency,7.0,124.0,-117.0,-0.9435483870967742
B,9102,p99_latency,11.0,150.01999999999998,-139.01999999999998,-0.9266764431409146
B,9102,scheduled_attempts_per_packet,0.0332,0.3748,-0.3416,-0.9114194236926361
B,9102,mean_queue,0.15752461322081576,55.956586826347305,-55.79906221312649,-0.9971848780964845
B,9102,mean_wait,1.036144578313253,39.732123799359655,-38.6959792210464,-0.9739217419248565
B,9102,scheduled_prb_slots,83.0,937.0,-854.0,-0.9114194236926361
B,9102,total_occupied_prb_slots,3344.0,3433.0,-89.0,-0.025924847072531315
B,9102,rlc_retransmissions_per_packet,0.0192,0.2392,-0.22,-0.919732441471572
B,9102,first_scheduled_success_probability,0.3958333333333333,0.5016722408026756,-0.10583890746934227,-0.21097222222222226
B,9102,scheduled_attempts_per_rescued_packet,1.7291666666666667,1.5668896321070234,0.16227703455964337,0.10356634649590901
B,9102,rescue_admission_rate,0.0,0.0,0.0,
B,9102,eligible_stage_population,0.0,0.0,0.0,
B,9102,rescue_trigger_to_first_tx_mean,0.0,0.0,0.0,
B,9102,phy_attempts_per_packet,2.2064,3.366,-1.1596000000000002,-0.344503862150921
B,9102,harq_episodes_per_packet,1.0192,1.2392,-0.21999999999999997,-0.17753389283408647
B,9102,final_harq_failure_probability,0.0192,0.2392,-0.22,-0.919732441471572
B,9102,cb_attempts_per_slot,7.641350210970464,11.194610778443113,-3.553260567472649,-0.317408138415583
B,9102,cb_overlap_probability,0.5903614457831325,0.8543487307532251,-0.2639872849700926,-0.3089924236644581
B,9102,scheduled_attempts_per_slot,0.11673699015471167,1.402694610778443,-1.2859576206237313,-0.9167766174777509
B,9102,p95_queue,1.0,140.0,-139.0,-0.9928571428571429
B,9102,max_queue,3.0,157.0,-154.0,-0.9808917197452229
B,9102,p95_wait,1.0,74.0,-73.0,-0.9864864864864865
B,9102,fraction_at_cap2,0.02390998593530239,0.7275449101796407,-0.7036349242443384,-0.9671360687144404
B,9102,mean_residual_cb_prbs,5.849507735583685,4.458083832335329,1.3914239032483557,0.3121125478072202
B,9102,cb_prb_slots,3237.0,2403.0,834.0,0.3470661672908864
B,9103,correct_delivery_probability,1.0,1.0,0.0,0.0
B,9103,terminal_failure_probability,0.0,0.0,0.0,
B,9103,mean_latency,3.5408,31.2544,-27.7136,-0.8867103511825535
B,9103,p95_latency,7.0,160.05000000000018,-153.05000000000018,-0.9562636676038738
B,9103,p99_latency,11.0,187.0,-176.0,-0.9411764705882353
B,9103,scheduled_attempts_per_packet,0.0428,0.4636,-0.4208,-0.907679033649698
B,9103,mean_queue,0.171939477303989,80.38333333333334,-80.21139385602935,-0.9978610058805226
B,9103,mean_wait,1.0841121495327102,49.90422778257118,-48.820115633038476,-0.97827614617631
B,9103,scheduled_prb_slots,107.0,1159.0,-1052.0,-0.907679033649698
B,9103,total_occupied_prb_slots,3422.0,3582.0,-160.0,-0.0446677833612507
B,9103,rlc_retransmissions_per_packet,0.0276,0.2924,-0.2648,-0.9056087551299589
B,9103,first_scheduled_success_probability,0.5362318840579711,0.4746922024623803,0.061539681595590756,0.12964123125757016
B,9103,scheduled_attempts_per_rescued_packet,1.5507246376811594,1.585499316005472,-0.03477467832431258,-0.021932950694626828
B,9103,rescue_admission_rate,0.0,0.0,0.0,
B,9103,eligible_stage_population,0.0,0.0,0.0,
B,9103,rescue_trigger_to_first_tx_mean,0.0,0.0,0.0,
B,9103,phy_attempts_per_packet,2.2568,3.6284,-1.3716,-0.3780178591114541
B,9103,harq_episodes_per_packet,1.0276,1.2924,-0.2647999999999999,-0.20489012689569788
B,9103,final_harq_failure_probability,0.0276,0.2924,-0.2648,-0.9056087551299589
B,9103,cb_attempts_per_slot,7.6134800550206325,10.988888888888889,-3.3754088338682564,-0.3071656168333095
B,9103,cb_overlap_probability,0.5695704779189352,0.8476349937212223,-0.2780645158022871,-0.3280474707415624
B,9103,scheduled_attempts_per_slot,0.14718019257221457,1.6097222222222223,-1.4625420296500078,-0.9085679562968124
B,9103,p95_queue,1.0,197.04999999999995,-196.04999999999995,-0.9949251459020553
B,9103,max_queue,4.0,216.0,-212.0,-0.9814814814814815
B,9103,p95_wait,2.0,101.0,-99.0,-0.9801980198019802
B,9103,fraction_at_cap2,0.033012379642365884,0.8138888888888889,-0.780876509246523,-0.959438714432588
B,9103,mean_residual_cb_prbs,5.8404401650618984,4.343055555555556,1.4973846095063426,0.3447767569058416
B,9103,cb_prb_slots,3306.0,2389.0,917.0,0.3838426119715362
B,9104,correct_delivery_probability,1.0,1.0,0.0,0.0
B,9104,terminal_failure_probability,0.0,0.0,0.0,
B,9104,mean_latency,3.5188,57.488,-53.9692,-0.9387907041469524
B,9104,p95_latency,7.0,239.05000000000018,-232.05000000000018,-0.9707174231332357
B,9104,p99_latency,10.0,316.0500000000011,-306.0500000000011,-0.9683594367979751
B,9104,scheduled_attempts_per_packet,0.0336,0.4628,-0.42919999999999997,-0.9273984442523768
B,9104,mean_queue,0.1529745042492918,162.48614958448752,-162.33317508023822,-0.9990585381914675
B,9104,mean_wait,1.0714285714285714,96.80034572169404,-95.72891715026547,-0.988931562553413
B,9104,scheduled_prb_slots,84.0,1157.0,-1073.0,-0.9273984442523768
B,9104,total_occupied_prb_slots,3344.0,3621.0,-277.0,-0.07649820491576913
B,9104,rlc_retransmissions_per_packet,0.0236,0.3024,-0.2788,-0.921957671957672
B,9104,first_scheduled_success_probability,0.6101694915254238,0.5264550264550265,0.08371446507039726,0.15901541606336764
B,9104,scheduled_attempts_per_rescued_packet,1.423728813559322,1.5304232804232805,-0.10669446686395845,-0.06971565855587951
B,9104,rescue_admission_rate,0.0,0.0,0.0,
B,9104,eligible_stage_population,0.0,0.0,0.0,
B,9104,rescue_trigger_to_first_tx_mean,0.0,0.0,0.0,
B,9104,phy_attempts_per_packet,2.2548,3.6856,-1.4308,-0.38821358801823314
B,9104,harq_episodes_per_packet,1.0236,1.3024,-0.27879999999999994,-0.214066339066339
B,9104,final_harq_failure_probability,0.0236,0.3024,-0.2788,-0.921957671957672
B,9104,cb_attempts_per_slot,7.86543909348442,11.159279778393351,-3.2938406849089317,-0.2951660636098112
B,9104,cb_overlap_probability,0.5987045033929673,0.8931433659839715,-0.29443886259100416,-0.32966584515423497
B,9104,scheduled_attempts_per_slot,0.11898016997167139,1.6024930747922437,-1.4835129048205722,-0.9257530832156035
B,9104,p95_queue,1.0,247.0,-246.0,-0.9959514170040485
B,9104,max_queue,4.0,252.0,-248.0,-0.9841269841269841
B,9104,p95_wait,2.0,124.0,-122.0,-0.9838709677419355
B,9104,fraction_at_cap2,0.028328611898016998,0.945983379501385,-0.917654767603368,-0.9700537953288897
B,9104,mean_residual_cb_prbs,5.855524079320113,4.095567867036011,1.7599562122841022,0.42972214584684537
B,9104,cb_prb_slots,3242.0,2246.0,996.0,0.44345503116651824
B,9105,correct_delivery_probability,1.0,1.0,0.0,0.0
B,9105,terminal_failure_probability,0.0,0.0,0.0,
B,9105,mean_latency,3.38,32.8884,-29.508399999999998,-0.8972282020408412
B,9105,p95_latency,7.0,157.0,-150.0,-0.9554140127388535
B,9105,p99_latency,9.0,191.01000000000022,-182.01000000000022,-0.9528820480603111
B,9105,scheduled_attempts_per_packet,0.0224,0.4544,-0.43200000000000005,-0.9507042253521127
B,9105,mean_queue,0.09410112359550561,90.7027417027417,-90.6086405791462,-0.9989625327544794
B,9105,mean_wait,1.0535714285714286,53.50704225352113,-52.4534708249497,-0.9803096679577332
B,9105,scheduled_prb_slots,56.0,1136.0,-1080.0,-0.9507042253521126
B,9105,total_occupied_prb_slots,3309.0,3573.0,-264.0,-0.07388748950461797
B,9105,rlc_retransmissions_per_packet,0.0152,0.2972,-0.28200000000000003,-0.9488559892328399
B,9105,first_scheduled_success_probability,0.5526315789473685,0.5289367429340511,0.023694836013317344,0.044797107271996914
B,9105,scheduled_attempts_per_rescued_packet,1.4736842105263157,1.5289367429340512,-0.05525253240773553,-0.036137879911045334
B,9105,rescue_admission_rate,0.0,0.0,0.0,
B,9105,eligible_stage_population,0.0,0.0,0.0,
B,9105,rescue_trigger_to_first_tx_mean,0.0,0.0,0.0,
B,9105,phy_attempts_per_packet,2.1872,3.6704,-1.4832,-0.4040976460331299
B,9105,harq_episodes_per_packet,1.0152,1.2972,-0.2819999999999998,-0.21739130434782594
B,9105,final_harq_failure_probability,0.0152,0.2972,-0.28200000000000003,-0.9488559892328399
B,9105,cb_attempts_per_slot,7.601123595505618,11.601731601731602,-4.000608006225985,-0.34482852590977703
B,9105,cb_overlap_probability,0.5963020030816641,0.9019085663559698,-0.3056065632743057,-0.3388442849690013
B,9105,scheduled_attempts_per_slot,0.07865168539325842,1.6392496392496392,-1.5605979538563808,-0.9520197024845704
B,9105,p95_queue,1.0,180.0,-179.0,-0.9944444444444445
B,9105,max_queue,4.0,195.0,-191.0,-0.9794871794871794
B,9105,p95_wait,1.25,90.0,-88.75,-0.9861111111111112
B,9105,fraction_at_cap2,0.008426966292134831,0.9466089466089466,-0.9381819803168118,-0.9910977322554125
B,9105,mean_residual_cb_prbs,5.910112359550562,4.095238095238095,1.8148742643124667,0.4431669715181605
B,9105,cb_prb_slots,3245.0,2253.0,992.0,0.4403018197958278
B,9106,correct_delivery_probability,1.0,1.0,0.0,0.0
B,9106,terminal_failure_probability,0.0,0.0,0.0,
B,9106,mean_latency,3.4068,36.0404,-32.6336,-0.905472747250308
B,9106,p95_latency,7.0,162.05000000000018,-155.05000000000018,-0.9568034557235422
B,9106,p99_latency,9.0,207.01000000000022,-198.01000000000022,-0.956523839428047
B,9106,scheduled_attempts_per_packet,0.024,0.4624,-0.43839999999999996,-0.9480968858131488
B,9106,mean_queue,0.10416666666666667,100.44396551724138,-100.33979885057471,-0.9989629375330786
B,9106,mean_wait,1.0166666666666666,59.871107266435985,-58.85444059976932,-0.9830190769290046
B,9106,scheduled_prb_slots,60.0,1156.0,-1096.0,-0.9480968858131488
B,9106,total_occupied_prb_slots,3336.0,3585.0,-249.0,-0.0694560669456067
B,9106,rlc_retransmissions_per_packet,0.0148,0.3044,-0.2896,-0.9513797634691197
B,9106,first_scheduled_success_probability,0.40540540540540543,0.5295663600525624,-0.12416095464715698,-0.23445778284487956
B,9106,scheduled_attempts_per_rescued_packet,1.6216216216216217,1.519053876478318,0.1025677451433038,0.0675208080052372
B,9106,rescue_admission_rate,0.0,0.0,0.0,
B,9106,eligible_stage_population,0.0,0.0,0.0,
B,9106,rescue_trigger_to_first_tx_mean,0.0,0.0,0.0,
B,9106,phy_attempts_per_packet,2.1988,3.6868,-1.488,-0.403602039709233
B,9106,harq_episodes_per_packet,1.0148,1.3044,-0.2896000000000001,-0.22201778595522853
B,9106,final_harq_failure_probability,0.0148,0.3044,-0.2896,-0.9513797634691197
B,9106,cb_attempts_per_slot,7.551388888888889,11.581896551724139,-4.03050766283525,-0.3480006616218005
B,9106,cb_overlap_probability,0.583077866339669,0.8957325120985482,-0.31265464575887925,-0.34904912073179395
B,9106,scheduled_attempts_per_slot,0.08333333333333333,1.660919540229885,-1.5775862068965518,-0.9498269896193772
B,9106,p95_queue,1.0,189.25,-188.25,-0.9947159841479525
B,9106,max_queue,3.0,197.0,-194.0,-0.9847715736040609
B,9106,p95_wait,1.0,95.0,-94.0,-0.9894736842105263
B,9106,fraction_at_cap2,0.008333333333333333,0.9339080459770115,-0.9255747126436782,-0.9910769230769231
B,9106,mean_residual_cb_prbs,5.897222222222222,4.114942528735632,1.7822796934865899,0.43312383612662936
B,9106,cb_prb_slots,3262.0,2273.0,989.0,0.43510778706555214
B,9107,correct_delivery_probability,0.9996,1.0,-0.00039999999999995595,-0.00039999999999995595
B,9107,terminal_failure_probability,0.0,0.0,0.0,
B,9107,mean_latency,3.493797519007603,35.7664,-32.2726024809924,-0.9023162096546591
B,9107,p95_latency,7.0,160.0,-153.0,-0.95625
B,9107,p99_latency,11.0,201.0500000000011,-190.0500000000011,-0.9452872419796073
B,9107,scheduled_attempts_per_packet,0.0444,0.4708,-0.4264,-0.9056924384027187
B,9107,mean_queue,0.17768595041322313,97.31983240223464,-97.14214645182142,-0.9981742061609927
B,9107,mean_wait,1.0810810810810811,58.16057774001699,-57.07949665893591,-0.9814121330445923
B,9107,scheduled_prb_slots,111.0,1177.0,-1066.0,-0.9056924384027187
B,9107,total_occupied_prb_slots,3382.0,3629.0,-247.0,-0.06806282722513089
B,9107,rlc_retransmissions_per_packet,0.028,0.3036,-0.27559999999999996,-0.9077733860342555
B,9107,first_scheduled_success_probability,0.5,0.5177865612648221,-0.017786561264822143,-0.034351145038167955
B,9107,scheduled_attempts_per_rescued_packet,1.5857142857142856,1.5507246376811594,0.03498964803312621,0.02256341789052064
B,9107,rescue_admission_rate,0.0,0.0,0.0,
B,9107,eligible_stage_population,0.0,0.0,0.0,
B,9107,rescue_trigger_to_first_tx_mean,0.0,0.0,0.0,
B,9107,phy_attempts_per_packet,2.242,3.6884,-1.4464000000000001,-0.3921483570111702
B,9107,harq_episodes_per_packet,1.028,1.3036,-0.27560000000000007,-0.21141454433875426
B,9107,final_harq_failure_probability,0.028,0.3036,-0.27559999999999996,-0.9077733860342555
B,9107,cb_attempts_per_slot,7.567493112947658,11.23463687150838,-3.667143758560722,-0.3264140889022224
B,9107,cb_overlap_probability,0.5839975475168608,0.8934032328527741,-0.3094056853359133,-0.3463225495031323
B,9107,scheduled_attempts_per_slot,0.15289256198347106,1.643854748603352,-1.4909621866198808,-0.9069914406285766
B,9107,p95_queue,1.0,190.0,-189.0,-0.9947368421052631
B,9107,max_queue,4.0,211.0,-207.0,-0.981042654028436
B,9107,p95_wait,2.0,98.20000000000005,-96.20000000000005,-0.9796334012219959
B,9107,fraction_at_cap2,0.0371900826446281,0.9287709497206704,-0.8915808670760423,-0.9599577456036786
B,9107,mean_residual_cb_prbs,5.8347107438016526,4.128491620111732,1.7062191236899205,0.4132790570236749
B,9107,cb_prb_slots,3262.0,2289.0,973.0,0.42507645259938837
B,9108,correct_delivery_probability,1.0,1.0,0.0,0.0
B,9108,terminal_failure_probability,0.0,0.0,0.0,
B,9108,mean_latency,3.432,40.1496,-36.7176,-0.9145196963357044
B,9108,p95_latency,7.0,164.0,-157.0,-0.9573170731707317
B,9108,p99_latency,10.0,221.01000000000022,-211.01000000000022,-0.9547531785892042
B,9108,scheduled_attempts_per_packet,0.0312,0.4316,-0.4004,-0.927710843373494
B,9108,mean_queue,0.13668061366806136,118.37444933920705,-118.23776872553898,-0.9988453537530181
B,9108,mean_wait,1.064102564102564,70.22798887859129,-69.16388631448872,-0.9848478849943693
B,9108,scheduled_prb_slots,78.0,1079.0,-1001.0,-0.927710843373494
B,9108,total_occupied_prb_slots,3338.0,3586.0,-248.0,-0.06915783602900168
B,9108,rlc_retransmissions_per_packet,0.0212,0.2832,-0.262,-0.9251412429378532
B,9108,first_scheduled_success_probability,0.5849056603773585,0.5169491525423728,0.06795650783498564,0.1314568512217755
B,9108,scheduled_attempts_per_rescued_packet,1.471698113207547,1.5240112994350283,-0.05231318622748127,-0.03432598317799512
B,9108,rescue_admission_rate,0.0,0.0,0.0,
B,9108,eligible_stage_population,0.0,0.0,0.0,
B,9108,rescue_trigger_to_first_tx_mean,0.0,0.0,0.0,
B,9108,phy_attempts_per_packet,2.2092,3.6768,-1.4676,-0.3991514360313316
B,9108,harq_episodes_per_packet,1.0212,1.2832,-0.2619999999999998,-0.20417705735660832
B,9108,final_harq_failure_probability,0.0212,0.2832,-0.262,-0.9251412429378532
B,9108,cb_attempts_per_slot,7.594142259414226,11.913362701908957,-4.319220442494731,-0.3625525849055728
B,9108,cb_overlap_probability,0.5861325115562404,0.9140070921985816,-0.3278745806423412,-0.35872214060578167
B,9108,scheduled_attempts_per_slot,0.1087866108786611,1.5844346549192365,-1.4756480440405755,-0.9313404244593437
B,9108,p95_queue,1.0,168.0,-167.0,-0.9940476190476191
B,9108,max_queue,4.0,176.0,-172.0,-0.9772727272727273
B,9108,p95_wait,2.0,84.0,-82.0,-0.9761904761904762
B,9108,fraction_at_cap2,0.026499302649930265,0.9720998531571219,-0.9456005505071916,-0.9727401433465219
B,9108,mean_residual_cb_prbs,5.870292887029288,4.046989720998532,1.8233031660307564,0.4505331843493995
B,9108,cb_prb_slots,3245.0,2256.0,989.0,0.438386524822695
H2,9101,correct_delivery_probability,1.0,1.0,0.0,0.0
H2,9101,terminal_failure_probability,0.0,0.0,0.0,
H2,9101,mean_latency,5.1792,93.8564,-88.6772,-0.9448178280863107
H2,9101,p95_latency,15.050000000000182,294.0,-278.9499999999998,-0.9488095238095232
H2,9101,p99_latency,20.0,393.0100000000002,-373.0100000000002,-0.949110709651154
H2,9101,scheduled_attempts_per_packet,0.4248,0.5508,-0.12599999999999995,-0.22875816993464043
H2,9101,mean_queue,8.597780859916782,245.48067632850243,-236.88289546858564,-0.9649757325565975
H2,9101,mean_wait,5.065913370998117,143.75671750181553,-138.6908041308174,-0.9647605102632221
H2,9101,scheduled_prb_slots,1062.0,1377.0,-315.0,-0.22875816993464052
H2,9101,total_occupied_prb_slots,3758.0,3788.0,-30.0,-0.00791974656810982
H2,9101,rlc_retransmissions_per_packet,0.0008,0.0012,-0.00039999999999999986,-0.33333333333333326
H2,9101,first_scheduled_success_probability,0.891213389121339,0.8670520231213873,0.024161365999951667,0.027866108786610923
H2,9101,scheduled_attempts_per_rescued_packet,1.110878661087866,1.1370767960363337,-0.026198134948467677,-0.02303989936281362
H2,9101,rescue_admission_rate,1.0,1.0,0.0,0.0
H2,9101,eligible_stage_population,956.0,1211.0,-255.0,-0.21056977704376548
H2,9101,rescue_trigger_to_first_tx_mean,5.059623430962343,143.05780346820808,-137.99818003724573,-0.9646323142932447
H2,9101,phy_attempts_per_packet,2.2116,2.3788,-0.16720000000000024,-0.07028753993610233
H2,9101,harq_episodes_per_packet,1.0008,1.0012,-0.000400000000000178,-0.0003995205753098062
H2,9101,final_harq_failure_probability,0.0008,0.0012,-0.00039999999999999986,-0.33333333333333326
H2,9101,cb_attempts_per_slot,6.195561719833565,5.519323671497585,0.6762380483359802,0.12252190460004193
H2,9101,cb_overlap_probability,0.6426269137792103,0.7282051282051282,-0.08557821442591784,-0.11751937896516887
H2,9101,scheduled_attempts_per_slot,1.4729542302357836,1.6630434782608696,-0.19008924802508598,-0.11430203149220856
H2,9101,p95_queue,24.0,452.65,-428.65,-0.9469789020214293
H2,9101,max_queue,30.0,485.0,-455.0,-0.9381443298969072
H2,9101,p95_wait,13.0,228.0,-215.0,-0.9429824561403509
H2,9101,fraction_at_cap2,0.8363384188626907,0.9915458937198067,-0.15520747485711606,-0.1565308029009648
H2,9101,mean_residual_cb_prbs,4.230235783633842,4.015700483091788,0.21453530054205405,0.053424128977088946
H2,9101,cb_prb_slots,2482.0,2145.0,337.0,0.1571095571095571
H2,9102,correct_delivery_probability,1.0,1.0,0.0,0.0
H2,9102,terminal_failure_probability,0.0,0.0,0.0,
H2,9102,mean_latency,4.8012,92.9352,-88.134,-0.9483381969372209
H2,9102,p95_latency,14.0,294.10000000000036,-280.10000000000036,-0.9523971438286297
H2,9102,p99_latency,18.0,393.0100000000002,-375.0100000000002,-0.9541996386860385
H2,9102,scheduled_attempts_per_packet,0.4024,0.54,-0.13760000000000006,-0.2548148148148149
H2,9102,mean_queue,7.89732770745429,250.57983193277312,-242.68250422531884,-0.9684837856002193
H2,9102,mean_wait,4.555666003976143,146.81851851851852,-142.26285251454237,-0.9689707671079549
H2,9102,scheduled_prb_slots,1006.0,1350.0,-344.0,-0.2548148148148148
H2,9102,total_occupied_prb_slots,3694.0,3779.0,-85.0,-0.0224927229425774
H2,9102,rlc_retransmissions_per_packet,0.0004,0.002,-0.0016,-0.8
H2,9102,first_scheduled_success_probability,0.9111592632719393,0.8675105485232067,0.04364871474873255,0.05031490951094171
H2,9102,scheduled_attempts_per_rescued_packet,1.0899241603466956,1.139240506329114,-0.04931634598241841,-0.04328879258456727
H2,9102,rescue_admission_rate,1.0,1.0,0.0,0.0
H2,9102,eligible_stage_population,923.0,1185.0,-262.0,-0.2210970464135021
H2,9102,rescue_trigger_to_first_tx_mean,4.544962080173348,146.73502109704643,-142.19005901687308,-0.969026057677346
H2,9102,phy_attempts_per_packet,2.1784,2.3624,-0.18400000000000016,-0.07788689468337291
H2,9102,harq_episodes_per_packet,1.0004,1.002,-0.0016000000000000458,-0.0015968063872255946
H2,9102,final_harq_failure_probability,0.0004,0.002,-0.0016,-0.8
H2,9102,cb_attempts_per_slot,6.244725738396625,5.469387755102041,0.7753379832945839,0.14175955664714407
H2,9102,cb_overlap_probability,0.651417004048583,0.7224835371589841,-0.07106653311040101,-0.09836422486504723
H2,9102,scheduled_attempts_per_slot,1.4149085794655414,1.6206482593037215,-0.2057396798381801,-0.12694900244829926
H2,9102,p95_queue,24.0,457.0,-433.0,-0.9474835886214442
H2,9102,max_queue,29.0,480.0,-451.0,-0.9395833333333333
H2,9102,p95_wait,13.0,233.0,-220.0,-0.944206008583691
H2,9102,fraction_at_cap2,0.819971870604782,0.9915966386554622,-0.17162476805068017,-0.17307921523755032
H2,9102,mean_residual_cb_prbs,4.2784810126582276,4.0156062424969985,0.26287477016122907,0.06546328357079337
H2,9102,cb_prb_slots,2470.0,2126.0,344.0,0.16180620884289745
H2,9103,correct_delivery_probability,1.0,1.0,0.0,0.0
H2,9103,terminal_failure_probability,0.0,0.0,0.0,
H2,9103,mean_latency,4.6228,79.304,-74.6812,-0.9417078583677999
H2,9103,p95_latency,12.0,269.0500000000002,-257.0500000000002,-0.9553986247909311
H2,9103,p99_latency,15.0,351.0100000000002,-336.0100000000002,-0.957266174752856
H2,9103,scheduled_attempts_per_packet,0.4164,0.5428,-0.12639999999999996,-0.23286661753868823
H2,9103,mean_queue,6.205479452054795,209.71219512195123,-203.50671566989644,-0.9704095441447924
H2,9103,mean_wait,3.8559077809798272,123.11643330876934,-119.26052552778951,-0.9686808033878839
H2,9103,scheduled_prb_slots,1041.0,1357.0,-316.0,-0.2328666175386883
H2,9103,total_occupied_prb_slots,3754.0,3784.0,-30.0,-0.007928118393234672
H2,9103,rlc_retransmissions_per_packet,0.004,0.0024,0.0016000000000000003,0.6666666666666669
H2,9103,first_scheduled_success_probability,0.9004282655246253,0.8606418918918919,0.03978637363273341,0.04622872068808278
H2,9103,scheduled_attempts_per_rescued_packet,1.114561027837259,1.146114864864865,-0.031553837027605836,-0.027531129727844737
H2,9103,rescue_admission_rate,1.0,1.0,0.0,0.0
H2,9103,eligible_stage_population,934.0,1184.0,-250.0,-0.21114864864864866
H2,9103,rescue_trigger_to_first_tx_mean,3.910064239828694,123.50844594594595,-119.59838170611725,-0.968341725864319
H2,9103,phy_attempts_per_packet,2.1952,2.3588,-0.1636000000000002,-0.0693573003221978
H2,9103,harq_episodes_per_packet,1.004,1.0024,0.0016000000000000458,0.001596169193934603
H2,9103,final_harq_failure_probability,0.004,0.0024,0.0016000000000000003,0.6666666666666669
H2,9103,cb_attempts_per_slot,6.0917808219178085,5.536585365853658,0.5551954560641503,0.10027759338603597
H2,9103,cb_overlap_probability,0.6183266932270917,0.7242817423540315,-0.10595504912693987,-0.14628982470629318
H2,9103,scheduled_attempts_per_slot,1.426027397260274,1.6548780487804877,-0.22885065152021378,-0.13828852929003338
H2,9103,p95_queue,16.0,412.0999999999999,-396.0999999999999,-0.9611744722154817
H2,9103,max_queue,21.0,434.0,-413.0,-0.9516129032258065
H2,9103,p95_wait,9.0,208.0,-199.0,-0.9567307692307693
H2,9103,fraction_at_cap2,0.8027397260273973,0.9902439024390244,-0.1875041764116271,-0.18935150819893376
H2,9103,mean_residual_cb_prbs,4.295890410958904,4.017073170731707,0.27881724022719734,0.06940805615856158
H2,9103,cb_prb_slots,2510.0,2158.0,352.0,0.16311399443929564
H2,9104,correct_delivery_probability,1.0,1.0,0.0,0.0
H2,9104,terminal_failure_probability,0.0,0.0,0.0,
H2,9104,mean_latency,10.9028,109.2724,-98.3696,-0.900223661235591
H2,9104,p95_latency,36.0,339.0,-303.0,-0.8938053097345132
H2,9104,p99_latency,56.01000000000022,435.0,-378.9899999999998,-0.8712413793103443
H2,9104,scheduled_attempts_per_packet,0.434,0.524,-0.09000000000000002,-0.17175572519083973
H2,9104,mean_queue,30.605673758865247,288.25728155339806,-257.6516077945328,-0.8938251495541295
H2,9104,mean_wait,17.50783410138249,171.10076335877864,-153.59292925739615,-0.8976753010466086
H2,9104,scheduled_prb_slots,1085.0,1310.0,-225.0,-0.1717557251908397
H2,9104,total_occupied_prb_slots,3729.0,3781.0,-52.0,-0.013752975403332451
H2,9104,rlc_retransmissions_per_packet,0.0016,0.0016,0.0,0.0
H2,9104,first_scheduled_success_probability,0.8876288659793814,0.884417808219178,0.003211057760203362,0.0036307022884003166
H2,9104,scheduled_attempts_per_rescued_packet,1.1185567010309279,1.1215753424657535,-0.003018641434825664,-0.002691429920516317
H2,9104,rescue_admission_rate,1.0,1.0,0.0,0.0
H2,9104,eligible_stage_population,970.0,1168.0,-198.0,-0.1695205479452055
H2,9104,rescue_trigger_to_first_tx_mean,17.491752577319588,171.35787671232876,-153.86612413500916,-0.897922681391038
H2,9104,phy_attempts_per_packet,2.2268,2.3436,-0.11680000000000001,-0.0498378562894692
H2,9104,harq_episodes_per_packet,1.0016,1.0016,0.0,0.0
H2,9104,final_harq_failure_probability,0.0016,0.0016,0.0,0.0
H2,9104,cb_attempts_per_slot,6.357446808510638,5.520631067961165,0.8368157405494729,0.15157972526110478
H2,9104,cb_overlap_probability,0.649792531120332,0.7098276665114113,-0.0600351353910793,-0.08457705753585777
H2,9104,scheduled_attempts_per_slot,1.5390070921985815,1.5898058252427185,-0.05079873304413707,-0.03195279086135034
H2,9104,p95_queue,61.0,471.0,-410.0,-0.8704883227176221
H2,9104,max_queue,70.0,486.0,-416.0,-0.8559670781893004
H2,9104,p95_wait,31.0,236.0,-205.0,-0.8686440677966102
H2,9104,fraction_at_cap2,0.9163120567375886,0.9890776699029126,-0.07276561316532393,-0.07356915981377536
H2,9104,mean_residual_cb_prbs,4.1290780141843975,4.016990291262136,0.11208772292226143,0.027903408969167195
H2,9104,cb_prb_slots,2410.0,2147.0,263.0,0.1224965067536097
H2,9105,correct_delivery_probability,1.0,1.0,0.0,0.0
H2,9105,terminal_failure_probability,0.0,0.0,0.0,
H2,9105,mean_latency,4.8292,88.3276,-83.4984,-0.9453262626857291
H2,9105,p95_latency,13.0,272.0500000000002,-259.0500000000002,-0.9522146664216137
H2,9105,p99_latency,16.0,395.0100000000002,-379.0100000000002,-0.9594946963368016
H2,9105,scheduled_attempts_per_packet,0.42,0.5392,-0.11920000000000003,-0.2210682492581603
H2,9105,mean_queue,9.067132867132868,236.2148058252427,-227.14767295810984,-0.9616148833877883
H2,9105,mean_wait,4.359047619047619,138.44510385756678,-134.08605623851915,-0.968514252237246
H2,9105,scheduled_prb_slots,1050.0,1348.0,-298.0,-0.22106824925816024
H2,9105,total_occupied_prb_slots,3749.0,3757.0,-8.0,-0.002129358530742614
H2,9105,rlc_retransmissions_per_packet,0.0,0.002,-0.002,-1.0
H2,9105,first_scheduled_success_probability,0.8982161594963274,0.8787625418060201,0.01945361769030729,0.022137513565754063
H2,9105,scheduled_attempts_per_rescued_packet,1.1017838405036726,1.1270903010033444,-0.02530646049967178,-0.022452913024931343
H2,9105,rescue_admission_rate,1.0,1.0,0.0,0.0
H2,9105,eligible_stage_population,953.0,1196.0,-243.0,-0.20317725752508362
H2,9105,rescue_trigger_to_first_tx_mean,4.4176285414480585,139.23996655518394,-134.82233801373587,-0.9682732720300011
H2,9105,phy_attempts_per_packet,2.202,2.3712,-0.16920000000000002,-0.07135627530364373
H2,9105,harq_episodes_per_packet,1.0,1.002,-0.0020000000000000018,-0.0019960079840319377
H2,9105,final_harq_failure_probability,0.0,0.002,-0.002,-1.0
H2,9105,cb_attempts_per_slot,6.230769230769231,5.558252427184466,0.6725168035847648,0.12099428955324154
H2,9105,cb_overlap_probability,0.6310247063588498,0.7280413339596055,-0.09701662760075569,-0.13325703236258635
H2,9105,scheduled_attempts_per_slot,1.4685314685314685,1.6359223300970873,-0.16739086156561878,-0.10232201033387973
H2,9105,p95_queue,23.0,446.0,-423.0,-0.9484304932735426
H2,9105,max_queue,32.0,471.0,-439.0,-0.9320594479830149
H2,9105,p95_wait,10.549999999999955,224.0,-213.45000000000005,-0.952901785714286
H2,9105,fraction_at_cap2,0.8587412587412587,0.9854368932038835,-0.12669563446262477,-0.12856798374039755
H2,9105,mean_residual_cb_prbs,4.20979020979021,4.024271844660194,0.18551836513001607,0.04609985912760351
H2,9105,cb_prb_slots,2469.0,2129.0,340.0,0.15969938938468764
H2,9106,correct_delivery_probability,1.0,1.0,0.0,0.0
H2,9106,terminal_failure_probability,0.0,0.0,0.0,
H2,9106,mean_latency,5.5552,90.3868,-84.8316,-0.9385396982745268
H2,9106,p95_latency,17.0,282.10000000000036,-265.10000000000036,-0.9397376816731656
H2,9106,p99_latency,26.0,397.02000000000044,-371.02000000000044,-0.9345121152586772
H2,9106,scheduled_attempts_per_packet,0.4132,0.5408,-0.12759999999999994,-0.23594674556213008
H2,9106,mean_queue,9.277241379310345,238.0314769975787,-228.75423561826835,-0.9610251488738831
H2,9106,mean_wait,6.183930300096805,140.8284023668639,-134.6444720667671,-0.9560888982892285
H2,9106,scheduled_prb_slots,1033.0,1352.0,-319.0,-0.2359467455621302
H2,9106,total_occupied_prb_slots,3723.0,3786.0,-63.0,-0.01664025356576862
H2,9106,rlc_retransmissions_per_packet,0.0016,0.0024,-0.0007999999999999997,-0.33333333333333326
H2,9106,first_scheduled_success_probability,0.8934337997847147,0.8807339449541285,0.012699854830586221,0.014419626838894771
H2,9106,scheduled_attempts_per_rescued_packet,1.1119483315392895,1.1276063386155128,-0.015658007076223335,-0.013886058050585636
H2,9106,rescue_admission_rate,1.0,1.0,0.0,0.0
H2,9106,eligible_stage_population,929.0,1199.0,-270.0,-0.22518765638031693
H2,9106,rescue_trigger_to_first_tx_mean,6.186221743810549,141.0909090909091,-134.90468734709856,-0.9561543561972191
H2,9106,phy_attempts_per_packet,2.188,2.3632,-0.1751999999999998,-0.07413676371022335
H2,9106,harq_episodes_per_packet,1.0016,1.0024,-0.0007999999999999119,-0.0007980845969671906
H2,9106,final_harq_failure_probability,0.0016,0.0024,-0.0007999999999999997,-0.33333333333333326
H2,9106,cb_attempts_per_slot,6.12,5.5157384987893465,0.6042615012106536,0.1095522388059701
H2,9106,cb_overlap_probability,0.6232057416267942,0.7164040778498609,-0.09319833622306672,-0.1300918561250828
H2,9106,scheduled_attempts_per_slot,1.4248275862068966,1.6368038740920097,-0.21197628788511302,-0.129506223219751
H2,9106,p95_queue,27.0,457.0,-430.0,-0.9409190371991247
H2,9106,max_queue,33.0,467.0,-434.0,-0.9293361884368309
H2,9106,p95_wait,14.0,230.0,-216.0,-0.9391304347826087
H2,9106,fraction_at_cap2,0.7820689655172414,0.9818401937046005,-0.19977122818735915,-0.2034661337641907
H2,9106,mean_residual_cb_prbs,4.324137931034483,4.0290556900726395,0.2950822409618432,0.07323856100795748
H2,9106,cb_prb_slots,2508.0,2158.0,350.0,0.16218721037998146
H2,9107,correct_delivery_probability,1.0,1.0,0.0,0.0
H2,9107,terminal_failure_probability,0.0,0.0,0.0,
H2,9107,mean_latency,5.4156,82.2576,-76.842,-0.9341629223317968
H2,9107,p95_latency,15.0,273.0,-258.0,-0.945054945054945
H2,9107,p99_latency,23.0,364.0,-341.0,-0.9368131868131868
H2,9107,scheduled_attempts_per_packet,0.4228,0.5396,-0.11679999999999996,-0.21645663454410669
H2,9107,mean_queue,9.020463847203274,221.5232273838631,-212.5027635366598,-0.9592798283334312
H2,9107,mean_wait,5.742667928098392,130.0919199406968,-124.34925201259841,-0.9558568439091665
H2,9107,scheduled_prb_slots,1057.0,1349.0,-292.0,-0.21645663454410674
H2,9107,total_occupied_prb_slots,3748.0,3764.0,-16.0,-0.004250797024442083
H2,9107,rlc_retransmissions_per_packet,0.0012,0.0024,-0.0012,-0.5
H2,9107,first_scheduled_success_probability,0.8845338983050848,0.8634435962680237,0.02109030203706108,0.024425801671606108
H2,9107,scheduled_attempts_per_rescued_packet,1.1197033898305084,1.1441899915182359,-0.024486601687727427,-0.021400817931675784
H2,9107,rescue_admission_rate,1.0,1.0,0.0,0.0
H2,9107,eligible_stage_population,944.0,1179.0,-235.0,-0.1993214588634436
H2,9107,rescue_trigger_to_first_tx_mean,5.705508474576271,129.29431721798133,-123.58880874340505,-0.9558719315949735
H2,9107,phy_attempts_per_packet,2.198,2.3496,-0.15160000000000018,-0.06452162070139605
H2,9107,harq_episodes_per_packet,1.0012,1.0024,-0.0011999999999998678,-0.001197126895450786
H2,9107,final_harq_failure_probability,0.0012,0.0024,-0.0012,-0.5
H2,9107,cb_attempts_per_slot,6.054570259208731,5.531784841075795,0.5227854181329361,0.09450573967574402
H2,9107,cb_overlap_probability,0.6252,0.7146182495344506,-0.08941824953445066,-0.12512729641693812
H2,9107,scheduled_attempts_per_slot,1.4420190995907232,1.6491442542787287,-0.20712515468800552,-0.12559553486641106
H2,9107,p95_queue,22.399999999999977,410.29999999999995,-387.9,-0.9454058006336827
H2,9107,max_queue,36.0,446.0,-410.0,-0.9192825112107623
H2,9107,p95_wait,12.0,208.0,-196.0,-0.9423076923076923
H2,9107,fraction_at_cap2,0.8035470668485676,0.9853300733496333,-0.1817830065010657,-0.18448945324797983
H2,9107,mean_residual_cb_prbs,4.297407912687586,4.0244498777506115,0.27295803493697424,0.06782493091690307
H2,9107,cb_prb_slots,2500.0,2148.0,352.0,0.16387337057728119
H2,9108,correct_delivery_probability,1.0,1.0,0.0,0.0
H2,9108,terminal_failure_probability,0.0,0.0,0.0,
H2,9108,mean_latency,6.1896,97.518,-91.3284,-0.9365286408663016
H2,9108,p95_latency,25.0,300.0,-275.0,-0.9166666666666666
H2,9108,p99_latency,32.0,397.0100000000002,-365.0100000000002,-0.9193974962847284
H2,9108,scheduled_attempts_per_packet,0.4032,0.5392,-0.136,-0.2522255192878338
H2,9108,mean_queue,13.526388888888889,258.05690072639226,-244.53051183750335,-0.9475836962669314
H2,9108,mean_wait,7.916666666666667,151.77818991097922,-143.86152324431256,-0.9478405515884072
H2,9108,scheduled_prb_slots,1008.0,1348.0,-340.0,-0.2522255192878338
H2,9108,total_occupied_prb_slots,3727.0,3798.0,-71.0,-0.018694049499736704
H2,9108,rlc_retransmissions_per_packet,0.002,0.0024,-0.00039999999999999975,-0.16666666666666657
H2,9108,first_scheduled_success_probability,0.8865406006674083,0.875,0.011540600667408252,0.01318925790560943
H2,9108,scheduled_attempts_per_rescued_packet,1.121245828698554,1.1308724832214765,-0.00962665452292244,-0.008512590646382455
H2,9108,rescue_admission_rate,1.0,1.0,0.0,0.0
H2,9108,eligible_stage_population,899.0,1192.0,-293.0,-0.24580536912751677
H2,9108,rescue_trigger_to_first_tx_mean,8.026696329254728,152.53691275167785,-144.51021642242313,-0.9473786627481982
H2,9108,phy_attempts_per_packet,2.1652,2.3684,-0.20319999999999983,-0.08579631818949494
H2,9108,harq_episodes_per_packet,1.002,1.0024,-0.00039999999999995595,-0.0003990422984835953
H2,9108,final_harq_failure_probability,0.002,0.0024,-0.00039999999999999975,-0.16666666666666657
H2,9108,cb_attempts_per_slot,6.118055555555555,5.536319612590799,0.5817359429647562,0.10507629321865046
H2,9108,cb_overlap_probability,0.6312600969305331,0.7119741100323624,-0.08071401310182935,-0.11336650022029668
H2,9108,scheduled_attempts_per_slot,1.4,1.631961259079903,-0.23196125907990317,-0.1421364985163205
H2,9108,p95_queue,48.0,448.75,-400.75,-0.8930362116991644
H2,9108,max_queue,58.0,468.0,-410.0,-0.8760683760683761
H2,9108,p95_wait,26.0,227.0,-201.0,-0.8854625550660793
H2,9108,fraction_at_cap2,0.8194444444444444,0.9891041162227603,-0.16965967177831587,-0.17152862777097785
H2,9108,mean_residual_cb_prbs,4.2625,4.020581113801453,0.2419188861985475,0.060170129479072645
H2,9108,cb_prb_slots,2476.0,2163.0,313.0,0.14470642625982433
F2,9101,correct_delivery_probability,1.0,1.0,0.0,0.0
F2,9101,terminal_failure_probability,0.0,0.0,0.0,
F2,9101,mean_latency,74.9384,189.2036,-114.2652,-0.603927198002575
F2,9101,p95_latency,280.0,559.0500000000002,-279.0500000000002,-0.4991503443341384
F2,9101,p99_latency,370.0500000000011,708.0200000000004,-337.96999999999935,-0.47734527273240746
F2,9101,scheduled_attempts_per_packet,0.6052,0.702,-0.0968,-0.1378917378917379
F2,9101,mean_queue,178.22929936305732,362.0321665089877,-183.80286714593038,-0.5076976140499033
F2,9101,mean_wait,104.95241242564441,210.84216524216524,-105.88975281652083,-0.502222848522258
F2,9101,scheduled_prb_slots,1513.0,1755.0,-242.0,-0.1378917378917379
F2,9101,total_occupied_prb_slots,4326.0,4410.0,-84.0,-0.01904761904761905
F2,9101,rlc_retransmissions_per_packet,0.0,0.0,0.0,
F2,9101,first_scheduled_success_probability,0.505664263645726,0.5097173144876325,-0.004053050841906436,-0.007951565949806042
F2,9101,scheduled_attempts_per_rescued_packet,1.5581874356333676,1.5503533568904593,0.007834078742908313,0.005053092385739151
F2,9101,rescue_admission_rate,1.0,1.0,0.0,0.0
F2,9101,eligible_stage_population,971.0,1132.0,-161.0,-0.142226148409894
F2,9101,rescue_trigger_to_first_tx_mean,103.39340885684861,204.12809187279152,-100.7346830159429,-0.4934876042378269
F2,9101,phy_attempts_per_packet,2.3896,2.5088,-0.11919999999999975,-0.04751275510204072
F2,9101,harq_episodes_per_packet,1.3884,1.4528,-0.06440000000000001,-0.04432819383259912
F2,9101,final_harq_failure_probability,0.0,0.0,0.0,
F2,9101,cb_attempts_per_slot,4.735668789808917,4.273415326395459,0.4622534634134583,0.10816956183927948
F2,9101,cb_overlap_probability,0.6368442456283042,0.6523809523809524,-0.015536706752648177,-0.023815389912818372
F2,9101,scheduled_attempts_per_slot,1.6061571125265393,1.6603595080416274,-0.0542023955150881,-0.03264497553244907
F2,9101,p95_queue,307.95000000000005,650.2,-342.25,-0.5263764995386034
F2,9101,max_queue,338.0,685.0,-347.0,-0.5065693430656935
F2,9101,p95_wait,158.0,328.0,-170.0,-0.5182926829268293
F2,9101,fraction_at_cap2,0.9893842887473461,0.9924314096499527,-0.003047120902606615,-0.0030703591935702496
F2,9101,mean_residual_cb_prbs,4.018046709129512,4.013245033112582,0.004801676016929157,0.0011964572253404338
F2,9101,cb_prb_slots,2459.0,2310.0,149.0,0.0645021645021645
F2,9102,correct_delivery_probability,1.0,1.0,0.0,0.0
F2,9102,terminal_failure_probability,0.0,0.0,0.0,
F2,9102,mean_latency,49.7724,180.968,-131.19559999999998,-0.7249657397993015
F2,9102,p95_latency,216.0,546.0,-330.0,-0.6043956043956044
F2,9102,p99_latency,269.03000000000065,694.0,-424.96999999999935,-0.6123487031700279
F2,9102,scheduled_attempts_per_packet,0.5664,0.6628,-0.09639999999999993,-0.14544357272178626
F2,9102,mean_queue,127.75573394495413,364.6,-236.8442660550459,-0.6496002908805427
F2,9102,mean_wait,74.67514124293785,215.95111647555825,-141.2759752326204,-0.6542034953943398
F2,9102,scheduled_prb_slots,1416.0,1657.0,-241.0,-0.14544357272178637
F2,9102,total_occupied_prb_slots,4168.0,4348.0,-180.0,-0.04139834406623735
F2,9102,rlc_retransmissions_per_packet,0.0,0.0,0.0,
F2,9102,first_scheduled_success_probability,0.527389903329753,0.49482596425211667,0.03256393907763633,0.06580887307894946
F2,9102,scheduled_attempts_per_rescued_packet,1.5209452201933404,1.5587958607714016,-0.0378506405780612,-0.024281974009945115
F2,9102,rescue_admission_rate,1.0,1.0,0.0,0.0
F2,9102,eligible_stage_population,931.0,1063.0,-132.0,-0.12417685794920037
F2,9102,rescue_trigger_to_first_tx_mean,73.57142857142857,209.64816556914394,-136.0767369977154,-0.64907191831753
F2,9102,phy_attempts_per_packet,2.3456,2.4716,-0.1259999999999999,-0.050979122835410215
F2,9102,harq_episodes_per_packet,1.3724,1.4252,-0.05279999999999996,-0.0370474319393769
F2,9102,final_harq_failure_probability,0.0,0.0,0.0,
F2,9102,cb_attempts_per_slot,5.10091743119266,4.327272727272727,0.773644703919933,0.17878343998149712
F2,9102,cb_overlap_probability,0.6577977896029472,0.661978021978022,-0.0041802323750748105,-0.006314760061949
F2,9102,scheduled_attempts_per_slot,1.6238532110091743,1.585645933014354,0.03820727799482038,0.024095718469877667
F2,9102,p95_queue,231.0,643.8,-412.79999999999995,-0.641192917054986
F2,9102,max_queue,238.0,675.0,-437.0,-0.6474074074074074
F2,9102,p95_wait,116.0,325.0,-209.0,-0.6430769230769231
F2,9102,fraction_at_cap2,0.9873853211009175,0.9913875598086125,-0.004002238707695005,-0.004037007190676911
F2,9102,mean_residual_cb_prbs,4.021788990825688,4.016267942583732,0.005521048241956095,0.0013746712920762734
F2,9102,cb_prb_slots,2443.0,2275.0,168.0,0.07384615384615385
F2,9103,correct_delivery_probability,1.0,1.0,0.0,0.0
F2,9103,terminal_failure_probability,0.0,0.0,0.0,
F2,9103,mean_latency,51.4004,173.0476,-121.6472,-0.7029695875585678
F2,9103,p95_latency,208.0,527.0500000000002,-319.0500000000002,-0.605350536002277
F2,9103,p99_latency,280.1200000000026,670.0100000000002,-389.8899999999976,-0.5819166878106259
F2,9103,scheduled_attempts_per_packet,0.606,0.692,-0.08599999999999997,-0.12427745664739881
F2,9103,mean_queue,123.5257958287596,333.39791073124405,-209.87211490248444,-0.6294943913780695
F2,9103,mean_wait,72.63894389438944,195.33988439306358,-122.70094049867414,-0.6281407449375515
F2,9103,scheduled_prb_slots,1515.0,1730.0,-215.0,-0.12427745664739884
F2,9103,total_occupied_prb_slots,4277.0,4393.0,-116.0,-0.026405645344866835
F2,9103,rlc_retransmissions_per_packet,0.0,0.0,0.0,
F2,9103,first_scheduled_success_probability,0.50920245398773,0.48811700182815354,0.021085452159576468,0.0431975368213046
F2,9103,scheduled_attempts_per_rescued_packet,1.549079754601227,1.5813528336380256,-0.03227307903679866,-0.02040852512500447
F2,9103,rescue_admission_rate,1.0,1.0,0.0,0.0
F2,9103,eligible_stage_population,978.0,1094.0,-116.0,-0.10603290676416818
F2,9103,rescue_trigger_to_first_tx_mean,71.53680981595092,189.07678244972578,-117.53997263377487,-0.6216520670116011
F2,9103,phy_attempts_per_packet,2.396,2.492,-0.09600000000000009,-0.03852327447833069
F2,9103,harq_episodes_per_packet,1.3912,1.4376,-0.0464,-0.032276015581524764
F2,9103,final_harq_failure_probability,0.0,0.0,0.0,
F2,9103,cb_attempts_per_slot,4.91218441273326,4.273504273504273,0.6386801392289865,0.14945115257958283
F2,9103,cb_overlap_probability,0.6375050627784529,0.6584093872229465,-0.020904324444493638,-0.03174973633450816
F2,9103,scheduled_attempts_per_slot,1.6630076838638859,1.6429249762583096,0.02008270760557629,0.012223752085937475
F2,9103,p95_queue,231.5,610.4,-378.9,-0.620740498034076
F2,9103,max_queue,257.0,642.0,-385.0,-0.5996884735202492
F2,9103,p95_wait,117.0,308.0,-191.0,-0.6201298701298701
F2,9103,fraction_at_cap2,0.991218441273326,0.99335232668566,-0.002133885412333947,-0.0021481657162405795
F2,9103,mean_residual_cb_prbs,4.01536772777168,4.01329534662868,0.0020723811429999017,0.0005163789265449353
F2,9103,cb_prb_slots,2469.0,2301.0,168.0,0.07301173402868318
F2,9104,correct_delivery_probability,1.0,0.9996,0.00039999999999995595,0.00040016006402556614
F2,9104,terminal_failure_probability,0.0,0.0,0.0,
F2,9104,mean_latency,74.3672,209.03681472589037,-134.66961472589037,-0.6442387428381092
F2,9104,p95_latency,278.0,600.0,-322.0,-0.5366666666666666
F2,9104,p99_latency,371.02000000000044,749.0,-377.97999999999956,-0.5046461949265681
F2,9104,scheduled_attempts_per_packet,0.5996,0.6644,-0.06479999999999997,-0.09753160746538225
F2,9104,mean_queue,180.5939524838013,406.6505681818182,-226.05661569801688,-0.5558989299061899
F2,9104,mean_wait,105.71847898599066,240.70138470800723,-134.98290572201657,-0.560789901087454
F2,9104,scheduled_prb_slots,1499.0,1661.0,-162.0,-0.0975316074653823
F2,9104,total_occupied_prb_slots,4248.0,4393.0,-145.0,-0.033007056681083544
F2,9104,rlc_retransmissions_per_packet,0.0004,0.0,0.0004,
F2,9104,first_scheduled_success_probability,0.5077881619937694,0.5120817843866171,-0.004293622392847696,-0.008384641914163557
F2,9104,scheduled_attempts_per_rescued_packet,1.5565939771547248,1.5436802973977695,0.012913679756955343,0.008365514400050542
F2,9104,rescue_admission_rate,1.0,1.0,0.0,0.0
F2,9104,eligible_stage_population,963.0,1076.0,-113.0,-0.1050185873605948
F2,9104,rescue_trigger_to_first_tx_mean,105.20353063343718,235.3410780669145,-130.13754743347732,-0.5529742130121259
F2,9104,phy_attempts_per_packet,2.3816,2.4536,-0.07199999999999962,-0.02934463645255935
F2,9104,harq_episodes_per_packet,1.3856,1.4304,-0.04479999999999995,-0.03131991051454135
F2,9104,final_harq_failure_probability,0.0004,0.0,0.0004,
F2,9104,cb_attempts_per_slot,4.811015118790497,4.235795454545454,0.5752196642450427,0.13579967928521464
F2,9104,cb_overlap_probability,0.6421183285064129,0.6440382941688425,-0.0019199656624295791,-0.0029811358731507923
F2,9104,scheduled_attempts_per_slot,1.618790496760259,1.5729166666666667,0.04587383009359236,0.029164819132350108
F2,9104,p95_queue,294.75,686.0,-391.25,-0.5703352769679301
F2,9104,max_queue,309.0,716.0,-407.0,-0.5684357541899442
F2,9104,p95_wait,148.0,345.0,-197.0,-0.5710144927536231
F2,9104,fraction_at_cap2,0.9870410367170627,0.990530303030303,-0.0034892663132403134,-0.0035226244997913683
F2,9104,mean_residual_cb_prbs,4.02267818574514,4.016098484848484,0.006579700896655716,0.0016383315602142034
F2,9104,cb_prb_slots,2417.0,2298.0,119.0,0.05178416013925152
F2,9105,correct_delivery_probability,1.0,1.0,0.0,0.0
F2,9105,terminal_failure_probability,0.0,0.0,0.0,
F2,9105,mean_latency,53.3132,175.8944,-122.5812,-0.69690223224844
F2,9105,p95_latency,213.05000000000018,541.0,-327.9499999999998,-0.6061922365988907
F2,9105,p99_latency,276.02000000000044,678.0100000000002,-401.9899999999998,-0.5928968599283191
F2,9105,scheduled_attempts_per_packet,0.58,0.6756,-0.09560000000000002,-0.14150384843102431
F2,9105,mean_queue,132.2314606741573,353.95781399808243,-221.72635332392514,-0.6264202810483126
F2,9105,mean_wait,77.15517241379311,207.5352279455299,-130.3800555317368,-0.6282309602201925
F2,9105,scheduled_prb_slots,1450.0,1689.0,-239.0,-0.1415038484310243
F2,9105,total_occupied_prb_slots,4204.0,4345.0,-141.0,-0.03245109321058688
F2,9105,rlc_retransmissions_per_packet,0.0,0.0,0.0,
F2,9105,first_scheduled_success_probability,0.5010683760683761,0.4888268156424581,0.012241560425917952,0.02504273504273501
F2,9105,scheduled_attempts_per_rescued_packet,1.5491452991452992,1.5726256983240223,-0.023480399178723133,-0.014930697879188068
F2,9105,rescue_admission_rate,1.0,1.0,0.0,0.0
F2,9105,eligible_stage_population,936.0,1074.0,-138.0,-0.12849162011173185
F2,9105,rescue_trigger_to_first_tx_mean,75.93482905982906,202.3482309124767,-126.41340185264765,-0.6247319350537156
F2,9105,phy_attempts_per_packet,2.3636,2.4748,-0.11120000000000019,-0.04493292387263625
F2,9105,harq_episodes_per_packet,1.3744,1.4296,-0.055199999999999916,-0.03861219921656402
F2,9105,final_harq_failure_probability,0.0,0.0,0.0,
F2,9105,cb_attempts_per_slot,5.010112359550562,4.312559923298179,0.6975524362523835,0.16174904202117296
F2,9105,cb_overlap_probability,0.6364749082007344,0.654065934065934,-0.017591025865199672,-0.02689488161514063
F2,9105,scheduled_attempts_per_slot,1.6292134831460674,1.6193672099712368,0.009846273174830555,0.006080321445440065
F2,9105,p95_queue,241.0,624.9,-383.9,-0.6143382941270603
F2,9105,max_queue,259.0,654.0,-395.0,-0.6039755351681957
F2,9105,p95_wait,122.0,314.0,-192.0,-0.6114649681528662
F2,9105,fraction_at_cap2,0.9831460674157303,0.9913710450623202,-0.008224977646589915,-0.008296568361115359
F2,9105,mean_residual_cb_prbs,4.0303370786516854,4.015340364333653,0.01499671431803229,0.0037348550701307727
F2,9105,cb_prb_slots,2451.0,2275.0,176.0,0.07736263736263736
F2,9106,correct_delivery_probability,1.0,1.0,0.0,0.0
F2,9106,terminal_failure_probability,0.0,0.0,0.0,
F2,9106,mean_latency,51.7044,172.9724,-121.268,-0.7010829473372631
F2,9106,p95_latency,220.0,537.0,-317.0,-0.590316573556797
F2,9106,p99_latency,258.0100000000002,675.0100000000002,-417.0,-0.6177686256499901
F2,9106,scheduled_attempts_per_packet,0.5932,0.6676,-0.07440000000000002,-0.11144397843019777
F2,9106,mean_queue,128.23248053392658,345.93901258470476,-217.70653205077818,-0.6293205568928764
F2,9106,mean_wait,75.67902899527984,204.3409227082085,-128.66189371292865,-0.6296433039829874
F2,9106,scheduled_prb_slots,1483.0,1669.0,-186.0,-0.11144397843019772
F2,9106,total_occupied_prb_slots,4238.0,4339.0,-101.0,-0.02327725282323116
F2,9106,rlc_retransmissions_per_packet,0.0,0.0,0.0,
F2,9106,first_scheduled_success_probability,0.5010548523206751,0.5083179297597042,-0.0072630774390290975,-0.014288454161871788
F2,9106,scheduled_attempts_per_rescued_packet,1.5643459915611815,1.5425138632162663,0.021832128344915214,0.014153602677770077
F2,9106,rescue_admission_rate,1.0,1.0,0.0,0.0
F2,9106,eligible_stage_population,948.0,1082.0,-134.0,-0.12384473197781885
F2,9106,rescue_trigger_to_first_tx_mean,74.80907172995781,199.16358595194086,-124.35451422198305,-0.6243837879680998
F2,9106,phy_attempts_per_packet,2.3852,2.466,-0.08079999999999998,-0.03276561232765612
F2,9106,harq_episodes_per_packet,1.3792,1.4328,-0.05360000000000009,-0.037409268565047525
F2,9106,final_harq_failure_probability,0.0,0.0,0.0,
F2,9106,cb_attempts_per_slot,4.983314794215795,4.352371732817038,0.6309430613987574,0.14496534306604011
F2,9106,cb_overlap_probability,0.6458670988654781,0.6625980819529207,-0.016730983087442586,-0.025250575791179796
F2,9106,scheduled_attempts_per_slot,1.649610678531702,1.6156824782187802,0.033928200312921764,0.02099929953460047
F2,9106,p95_queue,251.0,630.0,-379.0,-0.6015873015873016
F2,9106,max_queue,265.0,654.0,-389.0,-0.5948012232415902
F2,9106,p95_wait,126.0,319.0,-193.0,-0.6050156739811913
F2,9106,fraction_at_cap2,0.9810901001112347,0.9883833494675702,-0.007293249356335574,-0.007378968251806706
F2,9106,mean_residual_cb_prbs,4.031145717463849,4.0203291384317525,0.010816579032096207,0.002690471018578228
F2,9106,cb_prb_slots,2468.0,2294.0,174.0,0.07585004359197908
F2,9107,correct_delivery_probability,1.0,1.0,0.0,0.0
F2,9107,terminal_failure_probability,0.0,0.0,0.0,
F2,9107,mean_latency,47.808,168.1008,-120.2928,-0.7155992119014306
F2,9107,p95_latency,189.0,524.0500000000002,-335.0500000000002,-0.6393473905161723
F2,9107,p99_latency,260.0400000000009,662.0100000000002,-401.96999999999935,-0.607196265917432
F2,9107,scheduled_attempts_per_packet,0.588,0.6704,-0.08240000000000003,-0.1229116945107399
F2,9107,mean_queue,118.2930648769575,340.91497584541065,-222.62191096845316,-0.6530129995503688
F2,9107,mean_wait,69.48027210884354,200.54773269689738,-131.06746058805385,-0.6535474563860854
F2,9107,scheduled_prb_slots,1470.0,1676.0,-206.0,-0.12291169451073986
F2,9107,total_occupied_prb_slots,4202.0,4311.0,-109.0,-0.02528415680816516
F2,9107,rlc_retransmissions_per_packet,0.0,0.0,0.0,
F2,9107,first_scheduled_success_probability,0.5126315789473684,0.5165745856353591,-0.003943006687990636,-0.007632986208837488
F2,9107,scheduled_attempts_per_rescued_packet,1.5473684210526315,1.5432780847145489,0.004090336338082645,0.0026504208014067735
F2,9107,rescue_admission_rate,1.0,1.0,0.0,0.0
F2,9107,eligible_stage_population,950.0,1086.0,-136.0,-0.1252302025782689
F2,9107,rescue_trigger_to_first_tx_mean,69.06105263157895,193.98526703499078,-124.92421440341184,-0.6439881559710315
F2,9107,phy_attempts_per_packet,2.3588,2.464,-0.10519999999999996,-0.04269480519480518
F2,9107,harq_episodes_per_packet,1.38,1.4344,-0.054400000000000004,-0.03792526491912995
F2,9107,final_harq_failure_probability,0.0,0.0,0.0,
F2,9107,cb_attempts_per_slot,4.9519015659955254,4.332367149758454,0.6195344162370713,0.14300136503241945
F2,9107,cb_overlap_probability,0.643090760425184,0.6638580931263858,-0.02076733270120179,-0.03128278907228459
F2,9107,scheduled_attempts_per_slot,1.6442953020134228,1.6193236714975845,0.024971630515838283,0.01542102481139178
F2,9107,p95_queue,208.0,605.3,-397.29999999999995,-0.656368742772179
F2,9107,max_queue,231.0,641.0,-410.0,-0.6396255850234009
F2,9107,p95_wait,106.0,306.0,-200.0,-0.6535947712418301
F2,9107,fraction_at_cap2,0.9776286353467561,0.9932367149758454,-0.015608079629089278,-0.015714360326952725
F2,9107,mean_residual_cb_prbs,4.03579418344519,4.01352657004831,0.022267613396880215,0.005548141517999764
F2,9107,cb_prb_slots,2446.0,2255.0,191.0,0.08470066518847007
F2,9108,correct_delivery_probability,1.0,1.0,0.0,0.0
F2,9108,terminal_failure_probability,0.0,0.0,0.0,
F2,9108,mean_latency,55.8164,202.4072,-146.5908,-0.724237082475327
F2,9108,p95_latency,212.0,578.0,-366.0,-0.6332179930795848
F2,9108,p99_latency,266.0400000000009,737.0100000000002,-470.96999999999935,-0.6390279643424095
F2,9108,scheduled_attempts_per_packet,0.562,0.6956,-0.13359999999999994,-0.1920644048303622
F2,9108,mean_queue,146.55074116305587,389.75763182238666,-243.20689065933078,-0.6239951980469767
F2,9108,mean_wait,85.5864768683274,227.97297297297297,-142.38649610464557,-0.624576212907159
F2,9108,scheduled_prb_slots,1405.0,1739.0,-334.0,-0.19206440483036227
F2,9108,total_occupied_prb_slots,4195.0,4453.0,-258.0,-0.05793846844823714
F2,9108,rlc_retransmissions_per_packet,0.0,0.0,0.0,
F2,9108,first_scheduled_success_probability,0.5211726384364821,0.49049773755656106,0.03067490087992103,0.0625383126795438
F2,9108,scheduled_attempts_per_rescued_packet,1.5255157437567861,1.5737556561085972,-0.04823991235181113,-0.030652733265526914
F2,9108,rescue_admission_rate,1.0,1.0,0.0,0.0
F2,9108,eligible_stage_population,921.0,1105.0,-184.0,-0.1665158371040724
F2,9108,rescue_trigger_to_first_tx_mean,85.38653637350706,223.0660633484163,-137.67952697490924,-0.6172141333747473
F2,9108,phy_attempts_per_packet,2.3236,2.4952,-0.1716000000000002,-0.06877204232125689
F2,9108,harq_episodes_per_packet,1.3684,1.442,-0.07359999999999989,-0.05104022191400825
F2,9108,final_harq_failure_probability,0.0,0.0,0.0,
F2,9108,cb_attempts_per_slot,5.021664766248574,4.161887141535615,0.8597776247129589,0.20658359909195567
F2,9108,cb_overlap_probability,0.6241337138198124,0.6524761077324066,-0.028342393912594188,-0.043438209578423315
F2,9108,scheduled_attempts_per_slot,1.6020524515393386,1.608695652173913,-0.006643200634574464,-0.0041295571512219645
F2,9108,p95_queue,227.0,665.0,-438.0,-0.6586466165413534
F2,9108,max_queue,234.0,689.0,-455.0,-0.660377358490566
F2,9108,p95_wait,114.0,337.0,-223.0,-0.6617210682492581
F2,9108,fraction_at_cap2,0.992018244013683,0.9944495837187789,-0.002431339705095903,-0.0024449099732173686
F2,9108,mean_residual_cb_prbs,4.013683010262258,4.010175763182239,0.003507247080019482,0.0008745868727799447
F2,9108,cb_prb_slots,2453.0,2302.0,151.0,0.06559513466550826
H3,9101,correct_delivery_probability,1.0,1.0,0.0,0.0
H3,9101,terminal_failure_probability,0.0,0.0,0.0,
H3,9101,mean_latency,3.6936,37.46,-33.766400000000004,-0.9013988254137748
H3,9101,p95_latency,7.0,125.05000000000018,-118.05000000000018,-0.9440223910435827
H3,9101,p99_latency,10.0,240.01000000000022,-230.01000000000022,-0.9583350693721095
H3,9101,scheduled_attempts_per_packet,0.1376,0.4728,-0.3352,-0.7089678510998308
H3,9101,mean_queue,0.8095909732016925,109.35612535612536,-108.54653438292367,-0.9925967478221709
H3,9101,mean_wait,1.430232558139535,63.87901861252115,-62.448786054381614,-0.9776102922492427
H3,9101,scheduled_prb_slots,344.0,1182.0,-838.0,-0.7089678510998308
H3,9101,total_occupied_prb_slots,3461.0,3559.0,-98.0,-0.02753582466985108
H3,9101,rlc_retransmissions_per_packet,0.0092,0.0468,-0.0376,-0.8034188034188035
H3,9101,first_scheduled_success_probability,0.9260450160771704,0.883,0.04304501607717037,0.048748602578901894
H3,9101,scheduled_attempts_per_rescued_packet,1.1061093247588425,1.182,-0.07589067524115745,-0.06420530900267128
H3,9101,rescue_admission_rate,1.0,1.0,0.0,0.0
H3,9101,eligible_stage_population,311.0,1000.0,-689.0,-0.689
H3,9101,rescue_trigger_to_first_tx_mean,1.45016077170418,64.595,-63.14483922829582,-0.9775499532207729
H3,9101,phy_attempts_per_packet,2.312,3.0756,-0.7636000000000003,-0.24827675900637283
H3,9101,harq_episodes_per_packet,1.0092,1.0468,-0.037599999999999856,-0.03591899121131052
H3,9101,final_harq_failure_probability,0.0092,0.0468,-0.0376,-0.8034188034188035
H3,9101,cb_attempts_per_slot,7.667136812411847,9.26923076923077,-1.6020939568189227,-0.17284001193897092
H3,9101,cb_overlap_probability,0.6121847363249263,0.8657471264367816,-0.25356239011185533,-0.292882739507852
H3,9101,scheduled_attempts_per_slot,0.48519040902679833,1.6837606837606838,-1.1985702747338856,-0.7118412291566731
H3,9101,p95_queue,3.0,207.95000000000005,-204.95000000000005,-0.9855734551574897
H3,9101,max_queue,13.0,249.0,-236.0,-0.9477911646586346
H3,9101,p95_wait,4.0,108.0,-104.0,-0.9629629629629629
H3,9101,fraction_at_cap2,0.17489421720733428,0.9829059829059829,-0.8080117656986485,-0.8220641442325382
H3,9101,mean_residual_cb_prbs,5.4245416078984485,4.028490028490029,1.3960515794084198,0.34654462826899246
H3,9101,cb_prb_slots,3053.0,2175.0,878.0,0.40367816091954023
H3,9102,correct_delivery_probability,1.0,1.0,0.0,0.0
H3,9102,terminal_failure_probability,0.0,0.0,0.0,
H3,9102,mean_latency,3.4556,32.7508,-29.295199999999998,-0.8944880735737752
H3,9102,p95_latency,7.0,102.0,-95.0,-0.9313725490196079
H3,9102,p99_latency,8.010000000000218,201.0,-192.98999999999978,-0.9601492537313422
H3,9102,scheduled_attempts_per_packet,0.1148,0.4372,-0.32239999999999996,-0.7374199451052149
H3,9102,mean_queue,0.5977496483825597,102.25811209439529,-101.66036244601273,-0.9941545014264416
H3,9102,mean_wait,1.1881533101045296,59.78956999085087,-58.60141668074634,-0.9801277495341354
H3,9102,scheduled_prb_slots,287.0,1093.0,-806.0,-0.737419945105215
H3,9102,total_occupied_prb_slots,3409.0,3504.0,-95.0,-0.02711187214611872
H3,9102,rlc_retransmissions_per_packet,0.006,0.032,-0.026000000000000002,-0.8125
H3,9102,first_scheduled_success_probability,0.9433962264150944,0.917610710607621,0.025785515807473347,0.02810071363530485
H3,9102,scheduled_attempts_per_rescued_packet,1.0830188679245283,1.125643666323378,-0.042624798398849695,-0.03786704414024067
H3,9102,rescue_admission_rate,1.0,1.0,0.0,0.0
H3,9102,eligible_stage_population,265.0,971.0,-706.0,-0.7270854788877446
H3,9102,rescue_trigger_to_first_tx_mean,1.2037735849056603,60.225540679711635,-59.02176709480597,-0.9800122411302622
H3,9102,phy_attempts_per_packet,2.2132,3.0116,-0.7984,-0.26510824810731837
H3,9102,harq_episodes_per_packet,1.006,1.032,-0.026000000000000023,-0.025193798449612424
H3,9102,final_harq_failure_probability,0.006,0.032,-0.026000000000000002,-0.8125
H3,9102,cb_attempts_per_slot,7.378340365682138,9.492625368731563,-2.1142850030494253,-0.22272921567239132
H3,9102,cb_overlap_probability,0.5978367748279253,0.8599078341013825,-0.2620710592734572,-0.3047664515666678
H3,9102,scheduled_attempts_per_slot,0.40365682137834036,1.612094395280236,-1.2084375739018958,-0.7496072050370406
H3,9102,p95_queue,3.0,191.0,-188.0,-0.9842931937172775
H3,9102,max_queue,7.0,206.0,-199.0,-0.9660194174757282
H3,9102,p95_wait,2.0,96.0,-94.0,-0.9791666666666666
H3,9102,fraction_at_cap2,0.13642756680731363,0.9823008849557522,-0.8458733181484386,-0.8611142788357978
H3,9102,mean_residual_cb_prbs,5.49648382559775,4.032448377581121,1.464035448016629,0.36306365536037843
H3,9102,cb_prb_slots,3051.0,2170.0,881.0,0.4059907834101382
H3,9103,correct_delivery_probability,0.9996,1.0,-0.00039999999999995595,-0.00039999999999995595
H3,9103,terminal_failure_probability,0.0,0.0,0.0,
H3,9103,mean_latency,3.6962785114045618,23.7064,-20.010121488595438,-0.8440809860879526
H3,9103,p95_latency,7.0,85.0,-78.0,-0.9176470588235294
H3,9103,p99_latency,10.0,141.0,-131.0,-0.9290780141843972
H3,9103,scheduled_attempts_per_packet,0.1456,0.43,-0.2844,-0.6613953488372093
H3,9103,mean_queue,0.7386519944979367,66.86656671664169,-66.12791472214374,-0.9889533434903559
H3,9103,mean_wait,1.335164835164835,41.2493023255814,-39.914137490416564,-0.9676318201790092
H3,9103,scheduled_prb_slots,364.0,1075.0,-711.0,-0.6613953488372093
H3,9103,total_occupied_prb_slots,3535.0,3449.0,86.0,0.02493476369962308
H3,9103,rlc_retransmissions_per_packet,0.0112,0.0332,-0.022,-0.6626506024096385
H3,9103,first_scheduled_success_probability,0.9127725856697819,0.9120762711864406,0.0006963144833412871,0.0007634388760443381
H3,9103,scheduled_attempts_per_rescued_packet,1.1339563862928348,1.138771186440678,-0.00481480014784319,-0.00422806636238509
H3,9103,rescue_admission_rate,1.0,1.0,0.0,0.0
H3,9103,eligible_stage_population,321.0,944.0,-623.0,-0.659957627118644
H3,9103,rescue_trigger_to_first_tx_mean,1.355140186915888,41.86228813559322,-40.50714794867733,-0.9676286164166051
H3,9103,phy_attempts_per_packet,2.3132,2.9788,-0.6656,-0.22344568282529875
H3,9103,harq_episodes_per_packet,1.0112,1.0332,-0.021999999999999797,-0.021293070073557685
H3,9103,final_harq_failure_probability,0.0112,0.0332,-0.022,-0.6626506024096385
H3,9103,cb_attempts_per_slot,7.453920220082531,9.553223388305847,-2.099303168223316,-0.21974815022048835
H3,9103,cb_overlap_probability,0.5888568683957733,0.8400178253119429,-0.2511609569161696,-0.29899479433415627
H3,9103,scheduled_attempts_per_slot,0.5006877579092159,1.6116941529235382,-1.1110063950143223,-0.6893407120693515
H3,9103,p95_queue,3.0,156.4000000000001,-153.4000000000001,-0.9808184143222507
H3,9103,max_queue,8.0,180.0,-172.0,-0.9555555555555556
H3,9103,p95_wait,3.0,81.0,-78.0,-0.9629629629629629
H3,9103,fraction_at_cap2,0.17744154057771663,0.8785607196401799,-0.7011191790624632,-0.7980315570557389
H3,9103,mean_residual_cb_prbs,5.433287482806052,4.193403298350825,1.239884184455227,0.2956749199255046
H3,9103,cb_prb_slots,3123.0,2244.0,879.0,0.3917112299465241
H3,9104,correct_delivery_probability,1.0,1.0,0.0,0.0
H3,9104,terminal_failure_probability,0.0,0.0,0.0,
H3,9104,mean_latency,3.7096,54.0924,-50.382799999999996,-0.9314210499071958
H3,9104,p95_latency,7.0,166.0,-159.0,-0.9578313253012049
H3,9104,p99_latency,12.0,318.0100000000002,-306.0100000000002,-0.962265337568001
H3,9104,scheduled_attempts_per_packet,0.14,0.4384,-0.2984,-0.6806569343065694
H3,9104,mean_queue,1.2804532577903682,168.97543352601156,-167.6949802682212,-0.9924222519743188
H3,9104,mean_wait,1.9,100.46350364963503,-98.56350364963502,-0.9810876593889635
H3,9104,scheduled_prb_slots,350.0,1096.0,-746.0,-0.6806569343065694
H3,9104,total_occupied_prb_slots,3453.0,3506.0,-53.0,-0.015116942384483743
H3,9104,rlc_retransmissions_per_packet,0.0084,0.0368,-0.0284,-0.7717391304347827
H3,9104,first_scheduled_success_probability,0.9339622641509434,0.9033613445378151,0.030600919613128275,0.033874506362439674
H3,9104,scheduled_attempts_per_rescued_packet,1.10062893081761,1.1512605042016806,-0.05063157338407054,-0.043979249873754706
H3,9104,rescue_admission_rate,1.0,1.0,0.0,0.0
H3,9104,eligible_stage_population,318.0,952.0,-634.0,-0.6659663865546218
H3,9104,rescue_trigger_to_first_tx_mean,1.8553459119496856,101.21218487394958,-99.3568389619999,-0.9816687495259554
H3,9104,phy_attempts_per_packet,2.2836,3.0044,-0.7208000000000001,-0.23991479163892962
H3,9104,harq_episodes_per_packet,1.0084,1.0368,-0.02839999999999998,-0.027391975308641958
H3,9104,final_harq_failure_probability,0.0084,0.0368,-0.0284,-0.7717391304347827
H3,9104,cb_attempts_per_slot,7.590651558073654,9.270231213872833,-1.679579655799179,-0.1811799098695295
H3,9104,cb_overlap_probability,0.6160053799596503,0.8683356513676402,-0.2523302714079899,-0.2905907076492441
H3,9104,scheduled_attempts_per_slot,0.49575070821529743,1.583815028901734,-1.0880643206864367,-0.6869895163458158
H3,9104,p95_queue,7.0,251.0,-244.0,-0.9721115537848606
H3,9104,max_queue,15.0,265.0,-250.0,-0.9433962264150944
H3,9104,p95_wait,6.0,126.0,-120.0,-0.9523809523809523
H3,9104,fraction_at_cap2,0.23371104815864022,0.9682080924855492,-0.734497044326909,-0.7586148577227179
H3,9104,mean_residual_cb_prbs,5.3215297450424925,4.050578034682081,1.2709517103604115,0.3137704543594024
H3,9104,cb_prb_slots,2974.0,2157.0,817.0,0.37876680574872507
H3,9105,correct_delivery_probability,1.0,1.0,0.0,0.0
H3,9105,terminal_failure_probability,0.0,0.0,0.0,
H3,9105,mean_latency,3.5688,27.27,-23.7012,-0.8691309130913092
H3,9105,p95_latency,7.0,91.0,-84.0,-0.9230769230769231
H3,9105,p99_latency,9.0,156.0,-147.0,-0.9423076923076923
H3,9105,scheduled_attempts_per_packet,0.1268,0.434,-0.30720000000000003,-0.7078341013824886
H3,9105,mean_queue,0.7081005586592178,83.30225563909775,-82.59415508043854,-0.991499623230768
H3,9105,mean_wait,1.38801261829653,48.92995391705069,-47.54194129875416,-0.9716326604220887
H3,9105,scheduled_prb_slots,317.0,1085.0,-768.0,-0.7078341013824885
H3,9105,total_occupied_prb_slots,3423.0,3465.0,-42.0,-0.012121212121212121
H3,9105,rlc_retransmissions_per_packet,0.0076,0.0328,-0.025200000000000004,-0.7682926829268293
H3,9105,first_scheduled_success_probability,0.9335664335664335,0.9145833333333333,0.018983100233100236,0.02075600936648773
H3,9105,scheduled_attempts_per_rescued_packet,1.1083916083916083,1.1302083333333333,-0.02181672494172493,-0.019303277367793487
H3,9105,rescue_admission_rate,1.0,1.0,0.0,0.0
H3,9105,eligible_stage_population,286.0,960.0,-674.0,-0.7020833333333333
H3,9105,rescue_trigger_to_first_tx_mean,1.381118881118881,49.364583333333336,-47.983464452214456,-0.9720220695109912
H3,9105,phy_attempts_per_packet,2.2536,2.9916,-0.738,-0.246690734055355
H3,9105,harq_episodes_per_packet,1.0076,1.0328,-0.02519999999999989,-0.024399690162664495
H3,9105,final_harq_failure_probability,0.0076,0.0328,-0.025200000000000004,-0.7682926829268293
H3,9105,cb_attempts_per_slot,7.425977653631285,9.615037593984962,-2.189059940353677,-0.2276704504746943
H3,9105,cb_overlap_probability,0.6179369250985546,0.8566193311956024,-0.23868240609704783,-0.2786329906469815
H3,9105,scheduled_attempts_per_slot,0.44273743016759776,1.631578947368421,-1.1888415172008233,-0.7286448008650207
H3,9105,p95_queue,3.0,168.0,-165.0,-0.9821428571428571
H3,9105,max_queue,11.0,184.0,-173.0,-0.9402173913043478
H3,9105,p95_wait,3.0,85.0,-82.0,-0.9647058823529412
H3,9105,fraction_at_cap2,0.15223463687150837,0.9609022556390977,-0.8086676187675893,-0.8415711525515601
H3,9105,mean_residual_cb_prbs,5.470670391061453,4.07218045112782,1.3984899399336328,0.34342533606198883
H3,9105,cb_prb_slots,3044.0,2183.0,861.0,0.3944113605130554
H3,9106,correct_delivery_probability,1.0,1.0,0.0,0.0
H3,9106,terminal_failure_probability,0.0,0.0,0.0,
H3,9106,mean_latency,3.4232,31.984,-28.5608,-0.8929714857428714
H3,9106,p95_latency,7.0,102.0,-95.0,-0.9313725490196079
H3,9106,p99_latency,8.0,188.02000000000044,-180.02000000000044,-0.9574513349643656
H3,9106,scheduled_attempts_per_packet,0.1056,0.4436,-0.33799999999999997,-0.7619477006311992
H3,9106,mean_queue,0.5270457697642164,95.86567164179104,-95.33862587202682,-0.994502247147096
H3,9106,mean_wait,1.178030303030303,57.22813345356177,-56.05010315053146,-0.9794151891396873
H3,9106,scheduled_prb_slots,264.0,1109.0,-845.0,-0.7619477006311993
H3,9106,total_occupied_prb_slots,3416.0,3497.0,-81.0,-0.023162710895052903
H3,9106,rlc_retransmissions_per_packet,0.0032,0.0352,-0.032,-0.9090909090909091
H3,9106,first_scheduled_success_probability,0.9682539682539683,0.9090909090909091,0.059163059163059195,0.06507936507936511
H3,9106,scheduled_attempts_per_rescued_packet,1.0476190476190477,1.1456611570247934,-0.09804210940574576,-0.0855768817896861
H3,9106,rescue_admission_rate,1.0,1.0,0.0,0.0
H3,9106,eligible_stage_population,252.0,968.0,-716.0,-0.7396694214876033
H3,9106,rescue_trigger_to_first_tx_mean,1.1865079365079365,57.513429752066116,-56.32692181555818,-0.9793698977504413
H3,9106,phy_attempts_per_packet,2.1976,3.0196,-0.8220000000000001,-0.2722214862895748
H3,9106,harq_episodes_per_packet,1.0032,1.0352,-0.031999999999999806,-0.030911901081916354
H3,9106,final_harq_failure_probability,0.0032,0.0352,-0.032,-0.9090909090909091
H3,9106,cb_attempts_per_slot,7.253814147018031,9.611940298507463,-2.358126151489432,-0.2453330002325962
H3,9106,cb_overlap_probability,0.5899676375404531,0.8601083032490975,-0.27014066570864437,-0.3140775001103651
H3,9106,scheduled_attempts_per_slot,0.36615811373092927,1.655223880597015,-1.2890657668660856,-0.778786351488077
H3,9106,p95_queue,2.0,188.0,-186.0,-0.9893617021276596
H3,9106,max_queue,7.0,194.0,-187.0,-0.9639175257731959
H3,9106,p95_wait,2.0,94.59999999999991,-92.59999999999991,-0.9788583509513742
H3,9106,fraction_at_cap2,0.11511789181692095,0.9462686567164179,-0.8311507648994969,-0.8783454455562507
H3,9106,mean_residual_cb_prbs,5.547850208044383,4.088059701492537,1.4597905065518457,0.357086396272266
H3,9106,cb_prb_slots,3090.0,2216.0,874.0,0.3944043321299639
H3,9107,correct_delivery_probability,1.0,1.0,0.0,0.0
H3,9107,terminal_failure_probability,0.0,0.0,0.0,
H3,9107,mean_latency,3.4872,27.3824,-23.8952,-0.8726481243426434
H3,9107,p95_latency,7.0,88.0,-81.0,-0.9204545454545454
H3,9107,p99_latency,9.0,164.04000000000087,-155.04000000000087,-0.9451353328456477
H3,9107,scheduled_attempts_per_packet,0.1192,0.4436,-0.3244,-0.7312894499549144
H3,9107,mean_queue,0.6129476584022039,80.94336810730253,-80.33042044890033,-0.9924274505406094
H3,9107,mean_wait,1.2147651006711409,47.69431920649234,-46.479554105821194,-0.9745301930946572
H3,9107,scheduled_prb_slots,298.0,1109.0,-811.0,-0.7312894499549143
H3,9107,total_occupied_prb_slots,3436.0,3504.0,-68.0,-0.019406392694063926
H3,9107,rlc_retransmissions_per_packet,0.0076,0.0368,-0.0292,-0.7934782608695652
H3,9107,first_scheduled_success_probability,0.9283018867924528,0.9047619047619048,0.02353998203054808,0.02601787487586893
H3,9107,scheduled_attempts_per_rescued_packet,1.1245283018867924,1.1480331262939958,-0.023504824407203362,-0.020473994929989584
H3,9107,rescue_admission_rate,1.0,1.0,0.0,0.0
H3,9107,eligible_stage_population,265.0,966.0,-701.0,-0.7256728778467909
H3,9107,rescue_trigger_to_first_tx_mean,1.230188679245283,47.82919254658385,-46.59900386733857,-0.9742795432298564
H3,9107,phy_attempts_per_packet,2.23,2.9968,-0.7667999999999999,-0.255872931126535
H3,9107,harq_episodes_per_packet,1.0076,1.0368,-0.029199999999999893,-0.02816358024691348
H3,9107,final_harq_failure_probability,0.0076,0.0368,-0.0292,-0.7934782608695652
H3,9107,cb_attempts_per_slot,7.268595041322314,9.512667660208644,-2.24407261888633,-0.2359036075940353
H3,9107,cb_overlap_probability,0.6055374592833876,0.8484712230215827,-0.24293376373819509,-0.28631939086049063
H3,9107,scheduled_attempts_per_slot,0.41046831955922863,1.652757078986587,-1.2422887594273584,-0.7516463098068147
H3,9107,p95_queue,3.0,156.5,-153.5,-0.9808306709265175
H3,9107,max_queue,7.0,176.0,-169.0,-0.9602272727272727
H3,9107,p95_wait,2.0,81.0,-79.0,-0.9753086419753086
H3,9107,fraction_at_cap2,0.13360881542699724,0.9433681073025335,-0.8097592918755363,-0.8583704341998182
H3,9107,mean_residual_cb_prbs,5.4958677685950414,4.092399403874814,1.4034683647202275,0.34294511024299806
H3,9107,cb_prb_slots,3070.0,2224.0,846.0,0.38039568345323743
H3,9108,correct_delivery_probability,1.0,1.0,0.0,0.0
H3,9108,terminal_failure_probability,0.0,0.0,0.0,
H3,9108,mean_latency,3.672,37.5972,-33.925200000000004,-0.902333152468801
H3,9108,p95_latency,8.0,103.0,-95.0,-0.9223300970873787
H3,9108,p99_latency,11.0,205.02000000000044,-194.02000000000044,-0.9463466978831334
H3,9108,scheduled_attempts_per_packet,0.14,0.434,-0.294,-0.6774193548387096
H3,9108,mean_queue,1.0572625698324023,117.96701649175412,-116.90975392192172,-0.991037642543869
H3,9108,mean_wait,1.8542857142857143,69.80276497695853,-67.94847926267282,-0.97343535438893
H3,9108,scheduled_prb_slots,350.0,1085.0,-735.0,-0.6774193548387096
H3,9108,total_occupied_prb_slots,3429.0,3516.0,-87.0,-0.024744027303754267
H3,9108,rlc_retransmissions_per_packet,0.0084,0.0304,-0.022,-0.7236842105263157
H3,9108,first_scheduled_success_probability,0.9335443037974683,0.9210799584631361,0.012464345334332272,0.013532316298716998
H3,9108,scheduled_attempts_per_rescued_packet,1.1075949367088607,1.12668743509865,-0.019092498389789325,-0.01694569211923237
H3,9108,rescue_admission_rate,1.0,1.0,0.0,0.0
H3,9108,eligible_stage_population,316.0,963.0,-647.0,-0.671858774662513
H3,9108,rescue_trigger_to_first_tx_mean,1.8734177215189873,70.36967808930426,-68.49626036778527,-0.9733774862641622
H3,9108,phy_attempts_per_packet,2.2664,3.0112,-0.7448000000000001,-0.24734325185972372
H3,9108,harq_episodes_per_packet,1.0084,1.0304,-0.02200000000000002,-0.021350931677018653
H3,9108,final_harq_failure_probability,0.0084,0.0304,-0.022,-0.7236842105263157
H3,9108,cb_attempts_per_slot,7.424581005586592,9.659670164917541,-2.2350891593309488,-0.231383589829853
H3,9108,cb_overlap_probability,0.6183946488294314,0.8604545454545455,-0.24205989662511407,-0.28131630880890174
H3,9108,scheduled_attempts_per_slot,0.4888268156424581,1.6266866566716642,-1.137859841029206,-0.6994954045774012
H3,9108,p95_queue,5.0,190.0,-185.0,-0.9736842105263158
H3,9108,max_queue,13.0,199.0,-186.0,-0.9346733668341709
H3,9108,p95_wait,5.0,95.79999999999995,-90.79999999999995,-0.9478079331941545
H3,9108,fraction_at_cap2,0.19972067039106145,0.9835082458770614,-0.783787575486,-0.7969303549529909
H3,9108,mean_residual_cb_prbs,5.386871508379889,4.026986506746627,1.3598850016332618,0.3376929620585948
H3,9108,cb_prb_slots,2990.0,2200.0,790.0,0.35909090909090907
F3,9101,correct_delivery_probability,1.0,1.0,0.0,0.0
F3,9101,terminal_failure_probability,0.0,0.0,0.0,
F3,9101,mean_latency,4.0552,87.3264,-83.27120000000001,-0.9535627255904285
F3,9101,p95_latency,9.0,334.0,-325.0,-0.9730538922155688
F3,9101,p99_latency,13.0,439.03000000000065,-426.03000000000065,-0.9703892672482519
F3,9101,scheduled_attempts_per_packet,0.2232,0.56,-0.33680000000000004,-0.6014285714285714
F3,9101,mean_queue,1.7200557103064067,212.9612676056338,-211.24121189532738,-0.9919231523664123
F3,9101,mean_wait,1.799283154121864,125.01285714285714,-123.21357398873528,-0.9856072151677506
F3,9101,scheduled_prb_slots,558.0,1400.0,-842.0,-0.6014285714285714
F3,9101,total_occupied_prb_slots,3615.0,3949.0,-334.0,-0.08457837427196759
F3,9101,rlc_retransmissions_per_packet,0.0,0.0,0.0,
F3,9101,first_scheduled_success_probability,0.5013927576601671,0.5061043285238623,-0.004711570863695225,-0.009309485412696048
F3,9101,scheduled_attempts_per_rescued_packet,1.5543175487465182,1.5538290788013318,0.000488469945186365,0.0003143653004377963
F3,9101,rescue_admission_rate,1.0,1.0,0.0,0.0
F3,9101,eligible_stage_population,359.0,901.0,-542.0,-0.6015538290788013
F3,9101,rescue_trigger_to_first_tx_mean,1.9080779944289694,122.55493895671476,-120.6468609622858,-0.9844308355854766
F3,9101,phy_attempts_per_packet,2.43,3.1196,-0.6896,-0.22105398127965123
F3,9101,harq_episodes_per_packet,1.1436,1.3604,-0.2168000000000001,-0.159364892678624
F3,9101,final_harq_failure_probability,0.0,0.0,0.0,
F3,9101,cb_attempts_per_slot,7.683844011142061,7.51056338028169,0.17328063086037115,0.023071588919055513
F3,9101,cb_overlap_probability,0.6530334014996592,0.8395934600088378,-0.18656005850917867,-0.22220284863487966
F3,9101,scheduled_attempts_per_slot,0.7771587743732591,1.6431924882629108,-0.8660337138896517,-0.5270433744528452
F3,9101,p95_queue,6.149999999999977,383.0,-376.85,-0.9839425587467363
F3,9101,max_queue,21.0,418.0,-397.0,-0.9497607655502392
F3,9101,p95_wait,5.0,194.0,-189.0,-0.9742268041237113
F3,9101,fraction_at_cap2,0.3565459610027855,0.9882629107981221,-0.6317169497953365,-0.6392195263962313
F3,9101,mean_residual_cb_prbs,5.0515320334261835,4.02112676056338,1.0304052728628035,0.25624789622857813
F3,9101,cb_prb_slots,2934.0,2263.0,671.0,0.2965090587715422
F3,9102,correct_delivery_probability,1.0,1.0,0.0,0.0
F3,9102,terminal_failure_probability,0.0,0.0,0.0,
F3,9102,mean_latency,3.8664,88.862,-84.9956,-0.9564898381760483
F3,9102,p95_latency,9.0,343.0,-334.0,-0.9737609329446064
F3,9102,p99_latency,13.0,454.0100000000002,-441.0100000000002,-0.9713662694654303
F3,9102,scheduled_attempts_per_packet,0.2016,0.528,-0.3264,-0.6181818181818182
F3,9102,mean_queue,1.8681626928471249,221.4345238095238,-219.56636111667666,-0.9915633630171684
F3,9102,mean_wait,1.6567460317460319,132.29848484848486,-130.64173881673884,-0.9874772108415042
F3,9102,scheduled_prb_slots,504.0,1320.0,-816.0,-0.6181818181818182
F3,9102,total_occupied_prb_slots,3623.0,3953.0,-330.0,-0.08348090058183658
F3,9102,rlc_retransmissions_per_packet,0.0,0.0004,-0.0004,-1.0
F3,9102,first_scheduled_success_probability,0.5124223602484472,0.5041420118343195,0.008280348414127725,0.01642463476511251
F3,9102,scheduled_attempts_per_rescued_packet,1.565217391304348,1.5621301775147929,0.00308721378955501,0.0019762845849802904
F3,9102,rescue_admission_rate,1.0,1.0,0.0,0.0
F3,9102,eligible_stage_population,322.0,845.0,-523.0,-0.6189349112426036
F3,9102,rescue_trigger_to_first_tx_mean,1.7111801242236024,130.42011834319527,-128.70893821897167,-0.9868794772926006
F3,9102,phy_attempts_per_packet,2.3576,3.0224,-0.6648000000000001,-0.21995764955002647
F3,9102,harq_episodes_per_packet,1.1288,1.3384,-0.2096,-0.15660490137477587
F3,9102,final_harq_failure_probability,0.0,0.0004,-0.0004,-1.0
F3,9102,cb_attempts_per_slot,7.5596072931276295,7.423809523809524,0.1357977693181054,0.018292194712509386
F3,9102,cb_overlap_probability,0.6315610088616224,0.8097518502394427,-0.17819084137782037,-0.22005610894884592
F3,9102,scheduled_attempts_per_slot,0.7068723702664796,1.5714285714285714,-0.8645562011620918,-0.5501721280122402
F3,9102,p95_queue,7.0,380.0,-373.0,-0.9815789473684211
F3,9102,max_queue,13.0,402.0,-389.0,-0.9676616915422885
F3,9102,p95_wait,4.0,192.0,-188.0,-0.9791666666666666
F3,9102,fraction_at_cap2,0.364656381486676,0.9833333333333333,-0.6186769518466573,-0.6291630018779566
F3,9102,mean_residual_cb_prbs,5.033660589060308,4.0285714285714285,1.0050891604888799,0.24949021714262976
F3,9102,cb_prb_slots,2934.0,2297.0,637.0,0.27731824118415327
F3,9103,correct_delivery_probability,1.0,1.0,0.0,0.0
F3,9103,terminal_failure_probability,0.0,0.0,0.0,
F3,9103,mean_latency,4.1996,65.222,-61.02239999999999,-0.9356106835116984
F3,9103,p95_latency,10.0,276.0,-266.0,-0.9637681159420289
F3,9103,p99_latency,16.0,332.0500000000011,-316.0500000000011,-0.9518144857702154
F3,9103,scheduled_attempts_per_packet,0.2468,0.556,-0.30920000000000003,-0.556115107913669
F3,9103,mean_queue,1.8246575342465754,161.90997566909977,-160.0853181348532,-0.9887304193166228
F3,9103,mean_wait,2.004862236628849,94.80359712230216,-92.79873488567331,-0.9788524665995272
F3,9103,scheduled_prb_slots,617.0,1390.0,-773.0,-0.556115107913669
F3,9103,total_occupied_prb_slots,3679.0,3888.0,-209.0,-0.05375514403292181
F3,9103,rlc_retransmissions_per_packet,0.0,0.0008,-0.0008,-1.0
F3,9103,first_scheduled_success_probability,0.49740932642487046,0.5146067415730337,-0.017197415148163198,-0.03341855782066648
F3,9103,scheduled_attempts_per_rescued_packet,1.5984455958549222,1.5617977528089888,0.03664784304593338,0.023465165691281084
F3,9103,rescue_admission_rate,1.0,1.0,0.0,0.0
F3,9103,eligible_stage_population,386.0,890.0,-504.0,-0.5662921348314607
F3,9103,rescue_trigger_to_first_tx_mean,2.1243523316062176,93.79662921348314,-91.67227688187693,-0.9773515066647955
F3,9103,phy_attempts_per_packet,2.4596,3.0852,-0.6255999999999999,-0.20277453649682353
F3,9103,harq_episodes_per_packet,1.1544,1.3568,-0.2023999999999999,-0.14917452830188674
F3,9103,final_harq_failure_probability,0.0,0.0008,-0.0008,-1.0
F3,9103,cb_attempts_per_slot,7.578082191780822,7.692214111922141,-0.11413192014131912,-0.014837330121171013
F3,9103,cb_overlap_probability,0.6249580677624959,0.8246383165278387,-0.19968024876534285,-0.24214282160220468
F3,9103,scheduled_attempts_per_slot,0.8452054794520548,1.6909975669099757,-0.8457920874579209,-0.5001734502808712
F3,9103,p95_queue,8.0,326.0,-318.0,-0.9754601226993865
F3,9103,max_queue,12.0,354.0,-342.0,-0.9661016949152542
F3,9103,p95_wait,5.0,165.0,-160.0,-0.9696969696969697
F3,9103,fraction_at_cap2,0.3726027397260274,0.9720194647201946,-0.5994167249941672,-0.616671524336928
F3,9103,mean_residual_cb_prbs,5.043835616438356,4.045012165450122,0.9988234509882341,0.2469271809661138
F3,9103,cb_prb_slots,2981.0,2281.0,700.0,0.30688294607628236
F3,9104,correct_delivery_probability,1.0,1.0,0.0,0.0
F3,9104,terminal_failure_probability,0.0,0.0,0.0,
F3,9104,mean_latency,5.6744,119.8912,-114.21679999999999,-0.9526704211818715
F3,9104,p95_latency,22.0,418.0,-396.0,-0.9473684210526315
F3,9104,p99_latency,48.0,550.0300000000007,-502.03000000000065,-0.9127320327982111
F3,9104,scheduled_attempts_per_packet,0.2488,0.5624,-0.3136,-0.5576102418207681
F3,9104,mean_queue,9.304532577903682,279.3199554069119,-270.01542282900823,-0.9666886221417698
F3,9104,mean_wait,7.662379421221865,165.39758179231865,-157.7352023710968,-0.9536729658427345
F3,9104,scheduled_prb_slots,622.0,1406.0,-784.0,-0.5576102418207681
F3,9104,total_occupied_prb_slots,3618.0,4048.0,-430.0,-0.10622529644268774
F3,9104,rlc_retransmissions_per_packet,0.0,0.0,0.0,
F3,9104,first_scheduled_success_probability,0.5423728813559322,0.4690366972477064,0.07333618410822579,0.15635489619162077
F3,9104,scheduled_attempts_per_rescued_packet,1.5060532687651331,1.6123853211009174,-0.10633205233578424,-0.06594704810583489
F3,9104,rescue_admission_rate,1.0,1.0,0.0,0.0
F3,9104,eligible_stage_population,413.0,872.0,-459.0,-0.5263761467889908
F3,9104,rescue_trigger_to_first_tx_mean,7.828087167070218,162.5630733944954,-154.7349862274252,-0.9518458466390235
F3,9104,phy_attempts_per_packet,2.466,3.0576,-0.5915999999999997,-0.1934850863422291
F3,9104,harq_episodes_per_packet,1.1652,1.3488,-0.18359999999999999,-0.13612099644128112
F3,9104,final_harq_failure_probability,0.0,0.0,0.0,
F3,9104,cb_attempts_per_slot,7.851274787535411,6.954292084726867,0.8969827028085442,0.12898260410696766
F3,9104,cb_overlap_probability,0.685271876125315,0.803076923076923,-0.11780504695160798,-0.14669210827307508
F3,9104,scheduled_attempts_per_slot,0.8810198300283286,1.5674470457079153,-0.6864272156795866,-0.4379268936448003
F3,9104,p95_queue,40.0,449.0,-409.0,-0.910913140311804
F3,9104,max_queue,48.0,470.0,-422.0,-0.8978723404255319
F3,9104,p95_wait,22.0,226.0,-204.0,-0.9026548672566371
F3,9104,fraction_at_cap2,0.5254957507082153,0.9866220735785953,-0.46112632287038,-0.46737888318048687
F3,9104,mean_residual_cb_prbs,4.808781869688385,4.023411371237458,0.7853704984509271,0.19520014882529277
F3,9104,cb_prb_slots,2777.0,2275.0,502.0,0.22065934065934065
F3,9105,correct_delivery_probability,0.9996,1.0,-0.00039999999999995595,-0.00039999999999995595
F3,9105,terminal_failure_probability,0.0,0.0,0.0,
F3,9105,mean_latency,4.017206882753102,77.8596,-73.8423931172469,-0.9484044757132954
F3,9105,p95_latency,9.0,313.0500000000002,-304.0500000000002,-0.9712505989458553
F3,9105,p99_latency,14.0,384.02000000000044,-370.02000000000044,-0.9635435654393001
F3,9105,scheduled_attempts_per_packet,0.214,0.5492,-0.33520000000000005,-0.6103423160961399
F3,9105,mean_queue,1.6442577030812324,195.2428229665072,-193.59856526342597,-0.9915783961832836
F3,9105,mean_wait,1.8560747663551402,114.91114348142753,-113.0550687150724,-0.9838477391302339
F3,9105,scheduled_prb_slots,535.0,1373.0,-838.0,-0.6103423160961399
F3,9105,total_occupied_prb_slots,3590.0,3895.0,-305.0,-0.07830551989730423
F3,9105,rlc_retransmissions_per_packet,0.0,0.0,0.0,
F3,9105,first_scheduled_success_probability,0.5254237288135594,0.48409090909090907,0.041332819722650294,0.08538235060077995
F3,9105,scheduled_attempts_per_rescued_packet,1.5112994350282485,1.5602272727272728,-0.04892783769902431,-0.031359429843511574
F3,9105,rescue_admission_rate,1.0,1.0,0.0,0.0
F3,9105,eligible_stage_population,354.0,880.0,-526.0,-0.5977272727272728
F3,9105,rescue_trigger_to_first_tx_mean,1.9124293785310735,112.00568181818181,-110.09325243965074,-0.9829256038846717
F3,9105,phy_attempts_per_packet,2.4096,3.0728,-0.6631999999999998,-0.21582921114293147
F3,9105,harq_episodes_per_packet,1.1416,1.352,-0.21040000000000014,-0.15562130177514802
F3,9105,final_harq_failure_probability,0.0,0.0,0.0,
F3,9105,cb_attempts_per_slot,7.687675070028011,7.54665071770335,0.1410243523246617,0.01868701197391301
F3,9105,cb_overlap_probability,0.6455997281685355,0.8189806678383128,-0.1733809396697773,-0.21170333620623022
F3,9105,scheduled_attempts_per_slot,0.7492997198879552,1.6423444976076556,-0.8930447777197004,-0.5437621516195699
F3,9105,p95_queue,7.0,359.5,-352.5,-0.980528511821975
F3,9105,max_queue,15.0,378.0,-363.0,-0.9603174603174603
F3,9105,p95_wait,5.0,182.0,-177.0,-0.9725274725274725
F3,9105,fraction_at_cap2,0.3431372549019608,0.965311004784689,-0.6221737498827282,-0.6445319143766552
F3,9105,mean_residual_cb_prbs,5.093837535014005,4.063397129186603,1.0304404058274024,0.25359086819891324
F3,9105,cb_prb_slots,2943.0,2276.0,667.0,0.29305799648506153
F3,9106,correct_delivery_probability,1.0,1.0,0.0,0.0
F3,9106,terminal_failure_probability,0.0,0.0,0.0,
F3,9106,mean_latency,4.1236,77.7444,-73.6208,-0.9469595237727734
F3,9106,p95_latency,11.0,307.0,-296.0,-0.9641693811074918
F3,9106,p99_latency,20.01000000000022,406.0100000000002,-386.0,-0.9507154996182355
F3,9106,scheduled_attempts_per_packet,0.2156,0.5564,-0.3408,-0.612508986340762
F3,9106,mean_queue,2.164364640883978,193.83816425120773,-191.67379961032375,-0.9888341666397592
F3,9106,mean_wait,2.6808905380333954,113.90079079798706,-111.21990025995366,-0.9764629330555906
F3,9106,scheduled_prb_slots,539.0,1391.0,-852.0,-0.612508986340762
F3,9106,total_occupied_prb_slots,3613.0,3927.0,-314.0,-0.07995925642984467
F3,9106,rlc_retransmissions_per_packet,0.0,0.0,0.0,
F3,9106,first_scheduled_success_probability,0.4594594594594595,0.5188470066518847,-0.05938754719242517,-0.11446061446061434
F3,9106,scheduled_attempts_per_rescued_packet,1.6186186186186187,1.542128603104213,0.07649001551440571,0.04960028324514302
F3,9106,rescue_admission_rate,1.0,1.0,0.0,0.0
F3,9106,eligible_stage_population,333.0,902.0,-569.0,-0.6308203991130821
F3,9106,rescue_trigger_to_first_tx_mean,2.7687687687687688,111.85033259423503,-109.08156382546626,-0.9752457708032647
F3,9106,phy_attempts_per_packet,2.3704,3.078,-0.7075999999999998,-0.22988953866146844
F3,9106,harq_episodes_per_packet,1.1332,1.3608,-0.22760000000000002,-0.16725455614344506
F3,9106,final_harq_failure_probability,0.0,0.0,0.0,
F3,9106,cb_attempts_per_slot,7.44060773480663,7.613526570048309,-0.1729188352416795,-0.02271205513643887
F3,9106,cb_overlap_probability,0.6231543624161073,0.8178277801817395,-0.19467341776563218,-0.2380371790774476
F3,9106,scheduled_attempts_per_slot,0.744475138121547,1.679951690821256,-0.935476552699709,-0.5568472937709267
F3,9106,p95_queue,13.0,375.65,-362.65,-0.9653933182483695
F3,9106,max_queue,17.0,384.0,-367.0,-0.9557291666666666
F3,9106,p95_wait,8.0,188.0,-180.0,-0.9574468085106383
F3,9106,fraction_at_cap2,0.32320441988950277,0.9685990338164251,-0.6453946139269223,-0.6663176313360245
F3,9106,mean_residual_cb_prbs,5.125690607734807,4.048309178743962,1.0773814289908454,0.26613121217315633
F3,9106,cb_prb_slots,2980.0,2311.0,669.0,0.28948507139766333
F3,9107,correct_delivery_probability,1.0,1.0,0.0,0.0
F3,9107,terminal_failure_probability,0.0,0.0,0.0,
F3,9107,mean_latency,4.0072,82.7864,-78.7792,-0.9515959143047651
F3,9107,p95_latency,10.0,325.0,-315.0,-0.9692307692307692
F3,9107,p99_latency,16.0,431.0100000000002,-415.0100000000002,-0.9628778914642352
F3,9107,scheduled_attempts_per_packet,0.2152,0.5656,-0.3504,-0.6195190947666195
F3,9107,mean_queue,1.6987620357634112,203.335656213705,-201.63689417794157,-0.9916455280525024
F3,9107,mean_wait,1.9981412639405205,119.56294200848656,-117.56480074454603,-0.9832879550270794
F3,9107,scheduled_prb_slots,538.0,1414.0,-876.0,-0.6195190947666195
F3,9107,total_occupied_prb_slots,3604.0,3967.0,-363.0,-0.09150491555331484
F3,9107,rlc_retransmissions_per_packet,0.0,0.0,0.0,
F3,9107,first_scheduled_success_probability,0.4808259587020649,0.5099778270509978,-0.029151868348932908,-0.0571630114146467
F3,9107,scheduled_attempts_per_rescued_packet,1.5870206489675516,1.5676274944567627,0.019393154510788824,0.012371022184392871
F3,9107,rescue_admission_rate,1.0,1.0,0.0,0.0
F3,9107,eligible_stage_population,339.0,902.0,-563.0,-0.6241685144124168
F3,9107,rescue_trigger_to_first_tx_mean,2.079646017699115,116.65077605321508,-114.57113003551596,-0.982172034442785
F3,9107,phy_attempts_per_packet,2.3928,3.0564,-0.6636000000000002,-0.21711817824892035
F3,9107,harq_episodes_per_packet,1.1356,1.3608,-0.22520000000000007,-0.16549088771311
F3,9107,final_harq_failure_probability,0.0,0.0,0.0,
F3,9107,cb_attempts_per_slot,7.488308115543329,7.232288037166086,0.25602007837724283,0.03539959651241466
F3,9107,cb_overlap_probability,0.6331081081081081,0.8049738219895288,-0.1718657138814207,-0.21350472423643155
F3,9107,scheduled_attempts_per_slot,0.7400275103163686,1.6422764227642277,-0.9022489124478591,-0.5493891892628052
F3,9107,p95_queue,7.0,377.0,-370.0,-0.9814323607427056
F3,9107,max_queue,14.0,402.0,-388.0,-0.9651741293532339
F3,9107,p95_wait,6.0,192.0,-186.0,-0.96875
F3,9107,fraction_at_cap2,0.3328748280605227,0.967479674796748,-0.6346048467362253,-0.6559361020887035
F3,9107,mean_residual_cb_prbs,5.114167812929849,4.05458768873403,1.0595801241958185,0.261328698634374
F3,9107,cb_prb_slots,2960.0,2292.0,668.0,0.2914485165794066
F3,9108,correct_delivery_probability,1.0,1.0,0.0,0.0
F3,9108,terminal_failure_probability,0.0,0.0,0.0,
F3,9108,mean_latency,4.5816,86.854,-82.2724,-0.9472494070509131
F3,9108,p95_latency,13.0,335.0,-322.0,-0.9611940298507463
F3,9108,p99_latency,30.01000000000022,420.0400000000009,-390.03000000000065,-0.9285544233882483
F3,9108,scheduled_attempts_per_packet,0.2344,0.5392,-0.3048,-0.5652818991097923
F3,9108,mean_queue,3.853185595567867,221.3671497584541,-217.51396416288623,-0.9825936883599382
F3,9108,mean_wait,4.078498293515358,130.07047477744808,-125.99197648393273,-0.9686439347554185
F3,9108,scheduled_prb_slots,586.0,1348.0,-762.0,-0.5652818991097923
F3,9108,total_occupied_prb_slots,3616.0,3937.0,-321.0,-0.08153416306832614
F3,9108,rlc_retransmissions_per_packet,0.0,0.0,0.0,
F3,9108,first_scheduled_success_probability,0.5274151436031331,0.49885057471264366,0.028564568890489472,0.057260771738999634
F3,9108,scheduled_attempts_per_rescued_packet,1.5300261096605745,1.549425287356322,-0.019399177695747394,-0.012520240797700468
F3,9108,rescue_admission_rate,1.0,1.0,0.0,0.0
F3,9108,eligible_stage_population,383.0,870.0,-487.0,-0.5597701149425287
F3,9108,rescue_trigger_to_first_tx_mean,4.206266318537859,127.30919540229885,-123.102929083761,-0.9669602317001063
F3,9108,phy_attempts_per_packet,2.408,3.0768,-0.6688000000000001,-0.21736869474778994
F3,9108,harq_episodes_per_packet,1.1532,1.348,-0.19480000000000008,-0.1445103857566766
F3,9108,final_harq_failure_probability,0.0,0.0,0.0,
F3,9108,cb_attempts_per_slot,7.526315789473684,7.661835748792271,-0.13551995931858674,-0.017687661777394358
F3,9108,cb_overlap_probability,0.654006968641115,0.8170731707317073,-0.1630662020905923,-0.19957356076759059
F3,9108,scheduled_attempts_per_slot,0.8116343490304709,1.6280193236714975,-0.8163849746410266,-0.5014590200317285
F3,9108,p95_queue,23.0,368.0,-345.0,-0.9375
F3,9108,max_queue,32.0,382.0,-350.0,-0.9162303664921466
F3,9108,p95_wait,14.0,186.0,-172.0,-0.9247311827956989
F3,9108,fraction_at_cap2,0.425207756232687,0.9903381642512077,-0.5651304080185207,-0.5706438754138233
F3,9108,mean_residual_cb_prbs,4.966759002770083,4.018115942028985,0.948643060741098,0.2360915101573878
F3,9108,cb_prb_slots,2870.0,2296.0,574.0,0.25
