rho,comparison,metric,seed,difference
0.70,B-Legacy-20,correct_delivery_probability,9101,0.0
0.70,B-Legacy-20,correct_delivery_probability,9102,0.0
0.70,B-Legacy-20,correct_delivery_probability,9103,0.0
0.70,B-Legacy-20,correct_delivery_probability,9104,0.00039999999999995595
0.70,B-Legacy-20,correct_delivery_probability,9105,0.0
0.70,B-Legacy-20,correct_delivery_probability,9106,0.0
0.70,B-Legacy-20,correct_delivery_probability,9107,-0.00039999999999995595
0.70,B-Legacy-20,correct_delivery_probability,9108,0.0
0.70,B-Legacy-20,terminal_failure_probability,9101,0.0
0.70,B-Legacy-20,terminal_failure_probability,9102,0.0
0.70,B-Legacy-20,terminal_failure_probability,9103,0.0
0.70,B-Legacy-20,terminal_failure_probability,9104,0.0
0.70,B-Legacy-20,terminal_failure_probability,9105,0.0
0.70,B-Legacy-20,terminal_failure_probability,9106,0.0
0.70,B-Legacy-20,terminal_failure_probability,9107,0.0
0.70,B-Legacy-20,terminal_failure_probability,9108,0.0
0.70,B-Legacy-20,mean_latency,9101,-0.47479999999999967
0.70,B-Legacy-20,mean_latency,9102,-0.4336000000000002
0.70,B-Legacy-20,mean_latency,9103,-0.32319999999999993
0.70,B-Legacy-20,mean_latency,9104,-0.31113197278911553
0.70,B-Legacy-20,mean_latency,9105,-0.40759999999999996
0.70,B-Legacy-20,mean_latency,9106,-0.26439999999999975
0.70,B-Legacy-20,mean_latency,9107,-0.36740248099239725
0.70,B-Legacy-20,mean_latency,9108,-0.3248000000000002
0.70,B-Legacy-20,p95_latency,9101,0.0
0.70,B-Legacy-20,p95_latency,9102,0.0
0.70,B-Legacy-20,p95_latency,9103,0.0
0.70,B-Legacy-20,p95_latency,9104,0.0
0.70,B-Legacy-20,p95_latency,9105,0.0
0.70,B-Legacy-20,p95_latency,9106,0.0
0.70,B-Legacy-20,p95_latency,9107,0.0
0.70,B-Legacy-20,p95_latency,9108,0.0
0.70,B-Legacy-20,p99_latency,9101,-18.0
0.70,B-Legacy-20,p99_latency,9102,-18.0
0.70,B-Legacy-20,p99_latency,9103,-17.0
0.70,B-Legacy-20,p99_latency,9104,-20.0
0.70,B-Legacy-20,p99_latency,9105,-20.0
0.70,B-Legacy-20,p99_latency,9106,-16.0
0.70,B-Legacy-20,p99_latency,9107,-18.01000000000022
0.70,B-Legacy-20,p99_latency,9108,-20.0
0.70,B-Legacy-20,scheduled_attempts_per_packet,9101,-0.004400000000000001
0.70,B-Legacy-20,scheduled_attempts_per_packet,9102,-0.0023999999999999994
0.70,B-Legacy-20,scheduled_attempts_per_packet,9103,0.0092
0.70,B-Legacy-20,scheduled_attempts_per_packet,9104,0.0015999999999999973
0.70,B-Legacy-20,scheduled_attempts_per_packet,9105,-0.0052
0.70,B-Legacy-20,scheduled_attempts_per_packet,9106,0.0
0.70,B-Legacy-20,scheduled_attempts_per_packet,9107,0.012000000000000004
0.70,B-Legacy-20,scheduled_attempts_per_packet,9108,0.004399999999999998
0.70,B-Legacy-20,mean_queue,9101,0.01555355786667495
0.70,B-Legacy-20,mean_queue,9102,-0.001406469760900142
0.70,B-Legacy-20,mean_queue,9103,0.03471121643442379
0.70,B-Legacy-20,mean_queue,9104,0.02691218130311615
0.70,B-Legacy-20,mean_queue,9105,-0.01746912433837869
0.70,B-Legacy-20,mean_queue,9106,-0.005403374942209896
0.70,B-Legacy-20,mean_queue,9107,0.05268595041322313
0.70,B-Legacy-20,mean_queue,9108,0.01673640167364017
0.70,B-Legacy-20,mean_wait,9101,0.7618034447821682
0.70,B-Legacy-20,mean_wait,9102,0.6091782861784216
0.70,B-Legacy-20,mean_wait,9103,0.6317311971517579
0.70,B-Legacy-20,mean_wait,9104,0.6714285714285714
0.70,B-Legacy-20,mean_wait,9105,0.7057453416149069
0.70,B-Legacy-20,mean_wait,9106,0.5999999999999999
0.70,B-Legacy-20,mean_wait,9107,0.7107107107107108
0.70,B-Legacy-20,mean_wait,9108,0.7506697282816686
0.70,B-Legacy-20,scheduled_prb_slots,9101,-11.0
0.70,B-Legacy-20,scheduled_prb_slots,9102,-6.0
0.70,B-Legacy-20,scheduled_prb_slots,9103,23.0
0.70,B-Legacy-20,scheduled_prb_slots,9104,4.0
0.70,B-Legacy-20,scheduled_prb_slots,9105,-13.0
0.70,B-Legacy-20,scheduled_prb_slots,9106,0.0
0.70,B-Legacy-20,scheduled_prb_slots,9107,30.0
0.70,B-Legacy-20,scheduled_prb_slots,9108,11.0
0.70,B-Legacy-20,total_occupied_prb_slots,9101,-7.0
0.70,B-Legacy-20,total_occupied_prb_slots,9102,0.0
0.70,B-Legacy-20,total_occupied_prb_slots,9103,-3.0
0.70,B-Legacy-20,total_occupied_prb_slots,9104,10.0
0.70,B-Legacy-20,total_occupied_prb_slots,9105,-19.0
0.70,B-Legacy-20,total_occupied_prb_slots,9106,-33.0
0.70,B-Legacy-20,total_occupied_prb_slots,9107,9.0
0.70,B-Legacy-20,total_occupied_prb_slots,9108,-6.0
0.70,B-Legacy-20,rlc_retransmissions_per_packet,9101,-0.0003999999999999976
0.70,B-Legacy-20,rlc_retransmissions_per_packet,9102,-0.0016000000000000007
0.70,B-Legacy-20,rlc_retransmissions_per_packet,9103,0.008400000000000001
0.70,B-Legacy-20,rlc_retransmissions_per_packet,9104,0.004400000000000001
0.70,B-Legacy-20,rlc_retransmissions_per_packet,9105,-0.0027999999999999987
0.70,B-Legacy-20,rlc_retransmissions_per_packet,9106,0.0008000000000000004
0.70,B-Legacy-20,rlc_retransmissions_per_packet,9107,0.0072000000000000015
0.70,B-Legacy-20,rlc_retransmissions_per_packet,9108,0.0028000000000000004
0.70,B-Legacy-20,first_scheduled_success_probability,9101,0.1208355367530407
0.70,B-Legacy-20,first_scheduled_success_probability,9102,-0.00801282051282054
0.70,B-Legacy-20,first_scheduled_success_probability,9103,0.16123188405797106
0.70,B-Legacy-20,first_scheduled_success_probability,9104,0.19350282485875708
0.70,B-Legacy-20,first_scheduled_success_probability,9105,0.0415204678362574
0.70,B-Legacy-20,first_scheduled_success_probability,9106,-0.02316602316602312
0.70,B-Legacy-20,first_scheduled_success_probability,9107,0.0
0.70,B-Legacy-20,first_scheduled_success_probability,9108,-0.002050861361772016
0.70,B-Legacy-20,scheduled_attempts_per_rescued_packet,9101,-0.15256478053939726
0.70,B-Legacy-20,scheduled_attempts_per_rescued_packet,9102,0.017628205128205288
0.70,B-Legacy-20,scheduled_attempts_per_rescued_packet,9103,-0.19927536231884058
0.70,B-Legacy-20,scheduled_attempts_per_rescued_packet,9104,-0.24293785310734473
0.70,B-Legacy-20,scheduled_attempts_per_rescued_packet,9105,-0.05964912280701773
0.70,B-Legacy-20,scheduled_attempts_per_rescued_packet,9106,-0.09266409266409248
0.70,B-Legacy-20,scheduled_attempts_per_rescued_packet,9107,0.028021978021977922
0.70,B-Legacy-20,scheduled_attempts_per_rescued_packet,9108,0.015176374077112254
0.70,B-Legacy-20,rescue_admission_rate,9101,0.0
0.70,B-Legacy-20,rescue_admission_rate,9102,0.0
0.70,B-Legacy-20,rescue_admission_rate,9103,0.0
0.70,B-Legacy-20,rescue_admission_rate,9104,0.0
0.70,B-Legacy-20,rescue_admission_rate,9105,0.0
0.70,B-Legacy-20,rescue_admission_rate,9106,0.0
0.70,B-Legacy-20,rescue_admission_rate,9107,0.0
0.70,B-Legacy-20,rescue_admission_rate,9108,0.0
0.70,B-Legacy-20,eligible_stage_population,9101,0.0
0.70,B-Legacy-20,eligible_stage_population,9102,0.0
0.70,B-Legacy-20,eligible_stage_population,9103,0.0
0.70,B-Legacy-20,eligible_stage_population,9104,0.0
0.70,B-Legacy-20,eligible_stage_population,9105,0.0
0.70,B-Legacy-20,eligible_stage_population,9106,0.0
0.70,B-Legacy-20,eligible_stage_population,9107,0.0
0.70,B-Legacy-20,eligible_stage_population,9108,0.0
0.70,B-Legacy-20,rescue_trigger_to_first_tx_mean,9101,0.0
0.70,B-Legacy-20,rescue_trigger_to_first_tx_mean,9102,0.0
0.70,B-Legacy-20,rescue_trigger_to_first_tx_mean,9103,0.0
0.70,B-Legacy-20,rescue_trigger_to_first_tx_mean,9104,0.0
0.70,B-Legacy-20,rescue_trigger_to_first_tx_mean,9105,0.0
0.70,B-Legacy-20,rescue_trigger_to_first_tx_mean,9106,0.0
0.70,B-Legacy-20,rescue_trigger_to_first_tx_mean,9107,0.0
0.70,B-Legacy-20,rescue_trigger_to_first_tx_mean,9108,0.0
0.70,B-Legacy-20,phy_attempts_per_packet,9101,-0.006799999999999695
0.70,B-Legacy-20,phy_attempts_per_packet,9102,-0.017199999999999882
0.70,B-Legacy-20,phy_attempts_per_packet,9103,0.02320000000000011
0.70,B-Legacy-20,phy_attempts_per_packet,9104,0.030799999999999716
0.70,B-Legacy-20,phy_attempts_per_packet,9105,-0.021600000000000286
0.70,B-Legacy-20,phy_attempts_per_packet,9106,-0.005600000000000271
0.70,B-Legacy-20,phy_attempts_per_packet,9107,0.01440000000000019
0.70,B-Legacy-20,phy_attempts_per_packet,9108,0.028000000000000025
0.70,B-Legacy-20,harq_episodes_per_packet,9101,-0.00039999999999995595
0.70,B-Legacy-20,harq_episodes_per_packet,9102,-0.0015999999999998238
0.70,B-Legacy-20,harq_episodes_per_packet,9103,0.008399999999999963
0.70,B-Legacy-20,harq_episodes_per_packet,9104,0.0043999999999999595
0.70,B-Legacy-20,harq_episodes_per_packet,9105,-0.0027999999999999137
0.70,B-Legacy-20,harq_episodes_per_packet,9106,0.0007999999999999119
0.70,B-Legacy-20,harq_episodes_per_packet,9107,0.007200000000000095
0.70,B-Legacy-20,harq_episodes_per_packet,9108,0.0028000000000001357
0.70,B-Legacy-20,final_harq_failure_probability,9101,-0.0003999999999999976
0.70,B-Legacy-20,final_harq_failure_probability,9102,-0.0016000000000000007
0.70,B-Legacy-20,final_harq_failure_probability,9103,0.008400000000000001
0.70,B-Legacy-20,final_harq_failure_probability,9104,0.004400000000000001
0.70,B-Legacy-20,final_harq_failure_probability,9105,-0.0027999999999999987
0.70,B-Legacy-20,final_harq_failure_probability,9106,0.0008000000000000004
0.70,B-Legacy-20,final_harq_failure_probability,9107,0.0072000000000000015
0.70,B-Legacy-20,final_harq_failure_probability,9108,0.0028000000000000004
0.70,B-Legacy-20,cb_attempts_per_slot,9101,0.19712604039120318
0.70,B-Legacy-20,cb_attempts_per_slot,9102,-0.052039381153305087
0.70,B-Legacy-20,cb_attempts_per_slot,9103,0.140653968064111
0.70,B-Legacy-20,cb_attempts_per_slot,9104,0.10339943342776259
0.70,B-Legacy-20,cb_attempts_per_slot,9105,0.09010431175906142
0.70,B-Legacy-20,cb_attempts_per_slot,9106,-0.008943982123593486
0.70,B-Legacy-20,cb_attempts_per_slot,9107,0.11097137381722355
0.70,B-Legacy-20,cb_attempts_per_slot,9108,0.08228730822873054
0.70,B-Legacy-20,cb_overlap_probability,9101,-0.010252106758057322
0.70,B-Legacy-20,cb_overlap_probability,9102,-0.01112370273171892
0.70,B-Legacy-20,cb_overlap_probability,9103,-0.007098193157432764
0.70,B-Legacy-20,cb_overlap_probability,9104,0.004559665180332462
0.70,B-Legacy-20,cb_overlap_probability,9105,-0.0027124718182434115
0.70,B-Legacy-20,cb_overlap_probability,9106,0.0010109970387570666
0.70,B-Legacy-20,cb_overlap_probability,9107,-0.004363208119945949
0.70,B-Legacy-20,cb_overlap_probability,9108,0.00786363494482234
0.70,B-Legacy-20,scheduled_attempts_per_slot,9101,-0.011649669089725506
0.70,B-Legacy-20,scheduled_attempts_per_slot,9102,-0.008438818565400852
0.70,B-Legacy-20,scheduled_attempts_per_slot,9103,0.03304975778960588
0.70,B-Legacy-20,scheduled_attempts_per_slot,9104,0.005665722379603402
0.70,B-Legacy-20,scheduled_attempts_per_slot,9105,-0.016389636920791165
0.70,B-Legacy-20,scheduled_attempts_per_slot,9106,0.000115580212667582
0.70,B-Legacy-20,scheduled_attempts_per_slot,9107,0.042838214157384105
0.70,B-Legacy-20,scheduled_attempts_per_slot,9108,0.015341701534170166
0.70,B-Legacy-20,p95_queue,9101,0.0
0.70,B-Legacy-20,p95_queue,9102,0.0
0.70,B-Legacy-20,p95_queue,9103,0.0
0.70,B-Legacy-20,p95_queue,9104,0.0
0.70,B-Legacy-20,p95_queue,9105,0.0
0.70,B-Legacy-20,p95_queue,9106,0.0
0.70,B-Legacy-20,p95_queue,9107,0.0
0.70,B-Legacy-20,p95_queue,9108,0.0
0.70,B-Legacy-20,max_queue,9101,2.0
0.70,B-Legacy-20,max_queue,9102,0.0
0.70,B-Legacy-20,max_queue,9103,1.0
0.70,B-Legacy-20,max_queue,9104,2.0
0.70,B-Legacy-20,max_queue,9105,2.0
0.70,B-Legacy-20,max_queue,9106,1.0
0.70,B-Legacy-20,max_queue,9107,1.0
0.70,B-Legacy-20,max_queue,9108,2.0
0.70,B-Legacy-20,p95_wait,9101,1.0
0.70,B-Legacy-20,p95_wait,9102,0.0
0.70,B-Legacy-20,p95_wait,9103,1.0
0.70,B-Legacy-20,p95_wait,9104,1.0
0.70,B-Legacy-20,p95_wait,9105,0.25
0.70,B-Legacy-20,p95_wait,9106,0.0
0.70,B-Legacy-20,p95_wait,9107,1.0
0.70,B-Legacy-20,p95_wait,9108,1.0
0.70,B-Legacy-20,fraction_at_cap2,9101,0.01454610269842992
0.70,B-Legacy-20,fraction_at_cap2,9102,0.009845288326300983
0.70,B-Legacy-20,fraction_at_cap2,9103,0.023501510077148492
0.70,B-Legacy-20,fraction_at_cap2,9104,0.01558073654390935
0.70,B-Legacy-20,fraction_at_cap2,9105,-0.002592317454421643
0.70,B-Legacy-20,fraction_at_cap2,9106,0.004172445677300046
0.70,B-Legacy-20,fraction_at_cap2,9107,0.02767921307941071
0.70,B-Legacy-20,fraction_at_cap2,9108,0.015341701534170154
0.70,B-Legacy-20,mean_residual_cb_prbs,9101,0.0070502487639299005
0.70,B-Legacy-20,mean_residual_cb_prbs,9102,0.007032348804500543
0.70,B-Legacy-20,mean_residual_cb_prbs,9103,-0.025048965372883814
0.70,B-Legacy-20,mean_residual_cb_prbs,9104,-0.018413597733711207
0.70,B-Legacy-20,mean_residual_cb_prbs,9105,0.02168260748444606
0.70,B-Legacy-20,mean_residual_cb_prbs,9106,0.006792263831099099
0.70,B-Legacy-20,mean_residual_cb_prbs,9107,-0.04164795185052128
0.70,B-Legacy-20,mean_residual_cb_prbs,9108,-0.00976290097629029
0.70,B-Legacy-20,cb_prb_slots,9101,1.0
0.70,B-Legacy-20,cb_prb_slots,9102,5.0
0.70,B-Legacy-20,cb_prb_slots,9103,-20.0
0.70,B-Legacy-20,cb_prb_slots,9104,-3.0
0.70,B-Legacy-20,cb_prb_slots,9105,-2.0
0.70,B-Legacy-20,cb_prb_slots,9106,-28.0
0.70,B-Legacy-20,cb_prb_slots,9107,-20.0
0.70,B-Legacy-20,cb_prb_slots,9108,-13.0
0.70,B-Legacy-15,correct_delivery_probability,9101,0.0
0.70,B-Legacy-15,correct_delivery_probability,9102,0.0
0.70,B-Legacy-15,correct_delivery_probability,9103,0.0
0.70,B-Legacy-15,correct_delivery_probability,9104,0.0
0.70,B-Legacy-15,correct_delivery_probability,9105,0.0
0.70,B-Legacy-15,correct_delivery_probability,9106,0.0
0.70,B-Legacy-15,correct_delivery_probability,9107,0.0
0.70,B-Legacy-15,correct_delivery_probability,9108,0.0
0.70,B-Legacy-15,terminal_failure_probability,9101,0.0
0.70,B-Legacy-15,terminal_failure_probability,9102,0.0
0.70,B-Legacy-15,terminal_failure_probability,9103,0.0
0.70,B-Legacy-15,terminal_failure_probability,9104,0.0
0.70,B-Legacy-15,terminal_failure_probability,9105,0.0
0.70,B-Legacy-15,terminal_failure_probability,9106,0.0
0.70,B-Legacy-15,terminal_failure_probability,9107,0.0
0.70,B-Legacy-15,terminal_failure_probability,9108,0.0
0.70,B-Legacy-15,mean_latency,9101,-0.2871999999999999
0.70,B-Legacy-15,mean_latency,9102,-0.21240000000000014
0.70,B-Legacy-15,mean_latency,9103,-0.23560000000000025
0.70,B-Legacy-15,mean_latency,9104,-0.24519999999999964
0.70,B-Legacy-15,mean_latency,9105,-0.19920000000000027
0.70,B-Legacy-15,mean_latency,9106,-0.3039999999999998
0.70,B-Legacy-15,mean_latency,9107,-0.20328131252500992
0.70,B-Legacy-15,mean_latency,9108,-0.2507999999999999
0.70,B-Legacy-15,p95_latency,9101,0.0
0.70,B-Legacy-15,p95_latency,9102,0.0
0.70,B-Legacy-15,p95_latency,9103,0.0
0.70,B-Legacy-15,p95_latency,9104,0.0
0.70,B-Legacy-15,p95_latency,9105,0.0
0.70,B-Legacy-15,p95_latency,9106,0.0
0.70,B-Legacy-15,p95_latency,9107,0.0
0.70,B-Legacy-15,p95_latency,9108,0.0
0.70,B-Legacy-15,p99_latency,9101,-14.0
0.70,B-Legacy-15,p99_latency,9102,-12.0
0.70,B-Legacy-15,p99_latency,9103,-13.0
0.70,B-Legacy-15,p99_latency,9104,-14.0
0.70,B-Legacy-15,p99_latency,9105,-11.0
0.70,B-Legacy-15,p99_latency,9106,-14.0
0.70,B-Legacy-15,p99_latency,9107,-12.0
0.70,B-Legacy-15,p99_latency,9108,-14.0
0.70,B-Legacy-15,scheduled_attempts_per_packet,9101,0.0016000000000000042
0.70,B-Legacy-15,scheduled_attempts_per_packet,9102,0.0028000000000000004
0.70,B-Legacy-15,scheduled_attempts_per_packet,9103,0.0104
0.70,B-Legacy-15,scheduled_attempts_per_packet,9104,-0.004799999999999999
0.70,B-Legacy-15,scheduled_attempts_per_packet,9105,-0.0011999999999999997
0.70,B-Legacy-15,scheduled_attempts_per_packet,9106,-0.0028000000000000004
0.70,B-Legacy-15,scheduled_attempts_per_packet,9107,0.012799999999999999
0.70,B-Legacy-15,scheduled_attempts_per_packet,9108,0.0011999999999999997
0.70,B-Legacy-15,mean_queue,9101,0.03459160372727926
0.70,B-Legacy-15,mean_queue,9102,0.011251758087201136
0.70,B-Legacy-15,mean_queue,9103,0.03706209310780373
0.70,B-Legacy-15,mean_queue,9104,0.001416430594900847
0.70,B-Legacy-15,mean_queue,9105,-0.009347152266563352
0.70,B-Legacy-15,mean_queue,9106,-0.01788603791030975
0.70,B-Legacy-15,mean_queue,9107,0.04909497914099331
0.70,B-Legacy-15,mean_queue,9108,0.0
0.70,B-Legacy-15,mean_wait,9101,0.7919621749408985
0.70,B-Legacy-15,mean_wait,9102,0.667723525681674
0.70,B-Legacy-15,mean_wait,9103,0.6890504211376485
0.70,B-Legacy-15,mean_wait,9104,0.6235119047619047
0.70,B-Legacy-15,mean_wait,9105,0.6637409200968523
0.70,B-Legacy-15,mean_wait,9106,0.6733830845771144
0.70,B-Legacy-15,mean_wait,9107,0.6760177899418407
0.70,B-Legacy-15,mean_wait,9108,0.6374358974358973
0.70,B-Legacy-15,scheduled_prb_slots,9101,4.0
0.70,B-Legacy-15,scheduled_prb_slots,9102,7.0
0.70,B-Legacy-15,scheduled_prb_slots,9103,26.0
0.70,B-Legacy-15,scheduled_prb_slots,9104,-12.0
0.70,B-Legacy-15,scheduled_prb_slots,9105,-3.0
0.70,B-Legacy-15,scheduled_prb_slots,9106,-7.0
0.70,B-Legacy-15,scheduled_prb_slots,9107,32.0
0.70,B-Legacy-15,scheduled_prb_slots,9108,3.0
0.70,B-Legacy-15,total_occupied_prb_slots,9101,5.0
0.70,B-Legacy-15,total_occupied_prb_slots,9102,1.0
0.70,B-Legacy-15,total_occupied_prb_slots,9103,-3.0
0.70,B-Legacy-15,total_occupied_prb_slots,9104,-6.0
0.70,B-Legacy-15,total_occupied_prb_slots,9105,-3.0
0.70,B-Legacy-15,total_occupied_prb_slots,9106,-24.0
0.70,B-Legacy-15,total_occupied_prb_slots,9107,5.0
0.70,B-Legacy-15,total_occupied_prb_slots,9108,-13.0
0.70,B-Legacy-15,rlc_retransmissions_per_packet,9101,0.002400000000000003
0.70,B-Legacy-15,rlc_retransmissions_per_packet,9102,0.0
0.70,B-Legacy-15,rlc_retransmissions_per_packet,9103,0.007199999999999998
0.70,B-Legacy-15,rlc_retransmissions_per_packet,9104,0.0023999999999999994
0.70,B-Legacy-15,rlc_retransmissions_per_packet,9105,0.0003999999999999993
0.70,B-Legacy-15,rlc_retransmissions_per_packet,9106,-0.0028000000000000004
0.70,B-Legacy-15,rlc_retransmissions_per_packet,9107,0.008
0.70,B-Legacy-15,rlc_retransmissions_per_packet,9108,0.0020000000000000018
0.70,B-Legacy-15,first_scheduled_success_probability,9101,0.07362146050670643
0.70,B-Legacy-15,first_scheduled_success_probability,9102,-0.08333333333333337
0.70,B-Legacy-15,first_scheduled_success_probability,9103,0.046035805626598536
0.70,B-Legacy-15,first_scheduled_success_probability,9104,0.2705468500159898
0.70,B-Legacy-15,first_scheduled_success_probability,9105,0.06614509246088196
0.70,B-Legacy-15,first_scheduled_success_probability,9106,-0.11732186732186728
0.70,B-Legacy-15,first_scheduled_success_probability,9107,0.06
0.70,B-Legacy-15,first_scheduled_success_probability,9108,0.0640723270440251
0.70,B-Legacy-15,scheduled_attempts_per_rescued_packet,9101,-0.09538002980625948
0.70,B-Legacy-15,scheduled_attempts_per_rescued_packet,9102,0.14583333333333348
0.70,B-Legacy-15,scheduled_attempts_per_rescued_packet,9103,-0.037510656436487544
0.70,B-Legacy-15,scheduled_attempts_per_rescued_packet,9104,-0.38759194115765916
0.70,B-Legacy-15,scheduled_attempts_per_rescued_packet,9105,-0.12091038406827881
0.70,B-Legacy-15,scheduled_attempts_per_rescued_packet,9106,0.098894348894349
0.70,B-Legacy-15,scheduled_attempts_per_rescued_packet,9107,0.005714285714285561
0.70,B-Legacy-15,scheduled_attempts_per_rescued_packet,9108,-0.09080188679245293
0.70,B-Legacy-15,rescue_admission_rate,9101,0.0
0.70,B-Legacy-15,rescue_admission_rate,9102,0.0
0.70,B-Legacy-15,rescue_admission_rate,9103,0.0
0.70,B-Legacy-15,rescue_admission_rate,9104,0.0
0.70,B-Legacy-15,rescue_admission_rate,9105,0.0
0.70,B-Legacy-15,rescue_admission_rate,9106,0.0
0.70,B-Legacy-15,rescue_admission_rate,9107,0.0
0.70,B-Legacy-15,rescue_admission_rate,9108,0.0
0.70,B-Legacy-15,eligible_stage_population,9101,0.0
0.70,B-Legacy-15,eligible_stage_population,9102,0.0
0.70,B-Legacy-15,eligible_stage_population,9103,0.0
0.70,B-Legacy-15,eligible_stage_population,9104,0.0
0.70,B-Legacy-15,eligible_stage_population,9105,0.0
0.70,B-Legacy-15,eligible_stage_population,9106,0.0
0.70,B-Legacy-15,eligible_stage_population,9107,0.0
0.70,B-Legacy-15,eligible_stage_population,9108,0.0
0.70,B-Legacy-15,rescue_trigger_to_first_tx_mean,9101,0.0
0.70,B-Legacy-15,rescue_trigger_to_first_tx_mean,9102,0.0
0.70,B-Legacy-15,rescue_trigger_to_first_tx_mean,9103,0.0
0.70,B-Legacy-15,rescue_trigger_to_first_tx_mean,9104,0.0
0.70,B-Legacy-15,rescue_trigger_to_first_tx_mean,9105,0.0
0.70,B-Legacy-15,rescue_trigger_to_first_tx_mean,9106,0.0
0.70,B-Legacy-15,rescue_trigger_to_first_tx_mean,9107,0.0
0.70,B-Legacy-15,rescue_trigger_to_first_tx_mean,9108,0.0
0.70,B-Legacy-15,phy_attempts_per_packet,9101,0.0052000000000003155
0.70,B-Legacy-15,phy_attempts_per_packet,9102,0.02320000000000011
0.70,B-Legacy-15,phy_attempts_per_packet,9103,0.022400000000000198
0.70,B-Legacy-15,phy_attempts_per_packet,9104,0.020000000000000018
0.70,B-Legacy-15,phy_attempts_per_packet,9105,-0.0024000000000001798
0.70,B-Legacy-15,phy_attempts_per_packet,9106,-0.03200000000000003
0.70,B-Legacy-15,phy_attempts_per_packet,9107,0.03160000000000007
0.70,B-Legacy-15,phy_attempts_per_packet,9108,0.012399999999999967
0.70,B-Legacy-15,harq_episodes_per_packet,9101,0.0023999999999999577
0.70,B-Legacy-15,harq_episodes_per_packet,9102,0.0
0.70,B-Legacy-15,harq_episodes_per_packet,9103,0.007200000000000095
0.70,B-Legacy-15,harq_episodes_per_packet,9104,0.0023999999999999577
0.70,B-Legacy-15,harq_episodes_per_packet,9105,0.000400000000000178
0.70,B-Legacy-15,harq_episodes_per_packet,9106,-0.0028000000000001357
0.70,B-Legacy-15,harq_episodes_per_packet,9107,0.008000000000000007
0.70,B-Legacy-15,harq_episodes_per_packet,9108,0.0020000000000000018
0.70,B-Legacy-15,final_harq_failure_probability,9101,0.002400000000000003
0.70,B-Legacy-15,final_harq_failure_probability,9102,0.0
0.70,B-Legacy-15,final_harq_failure_probability,9103,0.007199999999999998
0.70,B-Legacy-15,final_harq_failure_probability,9104,0.0023999999999999994
0.70,B-Legacy-15,final_harq_failure_probability,9105,0.0003999999999999993
0.70,B-Legacy-15,final_harq_failure_probability,9106,-0.0028000000000000004
0.70,B-Legacy-15,final_harq_failure_probability,9107,0.008
0.70,B-Legacy-15,final_harq_failure_probability,9108,0.0020000000000000018
0.70,B-Legacy-15,cb_attempts_per_slot,9101,0.20720622842874992
0.70,B-Legacy-15,cb_attempts_per_slot,9102,0.07172995780590696
0.70,B-Legacy-15,cb_attempts_per_slot,9103,0.11348005502063252
0.70,B-Legacy-15,cb_attempts_per_slot,9104,0.08781869688385324
0.70,B-Legacy-15,cb_attempts_per_slot,9105,0.1321580782642382
0.70,B-Legacy-15,cb_attempts_per_slot,9106,-0.09077477269224854
0.70,B-Legacy-15,cb_attempts_per_slot,9107,0.11605672443876625
0.70,B-Legacy-15,cb_attempts_per_slot,9108,0.03905160390516027
0.70,B-Legacy-15,cb_overlap_probability,9101,-0.007628928898382625
0.70,B-Legacy-15,cb_overlap_probability,9102,0.00023798899300908616
0.70,B-Legacy-15,cb_overlap_probability,9103,-0.00705211823491092
0.70,B-Legacy-15,cb_overlap_probability,9104,-0.001973880819181928
0.70,B-Legacy-15,cb_overlap_probability,9105,-0.006848089568119664
0.70,B-Legacy-15,cb_overlap_probability,9106,-0.004330446618766248
0.70,B-Legacy-15,cb_overlap_probability,9107,0.003961028953257673
0.70,B-Legacy-15,cb_overlap_probability,9108,0.006635887860721668
0.70,B-Legacy-15,scheduled_attempts_per_slot,9101,0.008784676482171641
0.70,B-Legacy-15,scheduled_attempts_per_slot,9102,0.00984528832630098
0.70,B-Legacy-15,scheduled_attempts_per_slot,9103,0.036825969138972056
0.70,B-Legacy-15,scheduled_attempts_per_slot,9104,-0.016997167138810207
0.70,B-Legacy-15,scheduled_attempts_per_slot,9105,-0.0027276249515691547
0.70,B-Legacy-15,scheduled_attempts_per_slot,9106,-0.009593157651410084
0.70,B-Legacy-15,scheduled_attempts_per_slot,9107,0.044821426552554514
0.70,B-Legacy-15,scheduled_attempts_per_slot,9108,0.004184100418410053
0.70,B-Legacy-15,p95_queue,9101,0.0
0.70,B-Legacy-15,p95_queue,9102,0.0
0.70,B-Legacy-15,p95_queue,9103,0.0
0.70,B-Legacy-15,p95_queue,9104,0.0
0.70,B-Legacy-15,p95_queue,9105,0.0
0.70,B-Legacy-15,p95_queue,9106,0.0
0.70,B-Legacy-15,p95_queue,9107,0.0
0.70,B-Legacy-15,p95_queue,9108,0.0
0.70,B-Legacy-15,max_queue,9101,3.0
0.70,B-Legacy-15,max_queue,9102,0.0
0.70,B-Legacy-15,max_queue,9103,1.0
0.70,B-Legacy-15,max_queue,9104,2.0
0.70,B-Legacy-15,max_queue,9105,1.0
0.70,B-Legacy-15,max_queue,9106,1.0
0.70,B-Legacy-15,max_queue,9107,0.0
0.70,B-Legacy-15,max_queue,9108,0.0
0.70,B-Legacy-15,p95_wait,9101,1.0
0.70,B-Legacy-15,p95_wait,9102,0.0
0.70,B-Legacy-15,p95_wait,9103,1.0
0.70,B-Legacy-15,p95_wait,9104,1.0
0.70,B-Legacy-15,p95_wait,9105,0.25
0.70,B-Legacy-15,p95_wait,9106,0.0
0.70,B-Legacy-15,p95_wait,9107,1.0
0.70,B-Legacy-15,p95_wait,9108,1.0
0.70,B-Legacy-15,fraction_at_cap2,9101,0.021401008452923018
0.70,B-Legacy-15,fraction_at_cap2,9102,0.011251758087201124
0.70,B-Legacy-15,fraction_at_cap2,9103,0.020750799260894494
0.70,B-Legacy-15,fraction_at_cap2,9104,0.01558073654390935
0.70,B-Legacy-15,fraction_at_cap2,9105,-0.003986826811313444
0.70,B-Legacy-15,fraction_at_cap2,9106,-0.0027623670827554327
0.70,B-Legacy-15,fraction_at_cap2,9107,0.018038235859402382
0.70,B-Legacy-15,fraction_at_cap2,9108,0.009762900976290099
0.70,B-Legacy-15,mean_residual_cb_prbs,9101,-0.0106141707230476
0.70,B-Legacy-15,mean_residual_cb_prbs,9102,-0.00562587904360079
0.70,B-Legacy-15,mean_residual_cb_prbs,9103,-0.027407246382243677
0.70,B-Legacy-15,mean_residual_cb_prbs,9104,0.007082152974503764
0.70,B-Legacy-15,mean_residual_cb_prbs,9105,0.012181325067802895
0.70,B-Legacy-15,mean_residual_cb_prbs,9106,0.01927492679919851
0.70,B-Legacy-15,mean_residual_cb_prbs,9107,-0.040802252094380265
0.70,B-Legacy-15,mean_residual_cb_prbs,9108,0.0
0.70,B-Legacy-15,cb_prb_slots,9101,0.0
0.70,B-Legacy-15,cb_prb_slots,9102,-3.0
0.70,B-Legacy-15,cb_prb_slots,9103,-22.0
0.70,B-Legacy-15,cb_prb_slots,9104,-1.0
0.70,B-Legacy-15,cb_prb_slots,9105,7.0
0.70,B-Legacy-15,cb_prb_slots,9106,-10.0
0.70,B-Legacy-15,cb_prb_slots,9107,-24.0
0.70,B-Legacy-15,cb_prb_slots,9108,-13.0
0.70,B-Fast-CB,correct_delivery_probability,9101,0.0
0.70,B-Fast-CB,correct_delivery_probability,9102,0.0
0.70,B-Fast-CB,correct_delivery_probability,9103,0.0
0.70,B-Fast-CB,correct_delivery_probability,9104,0.0
0.70,B-Fast-CB,correct_delivery_probability,9105,0.0
0.70,B-Fast-CB,correct_delivery_probability,9106,0.0
0.70,B-Fast-CB,correct_delivery_probability,9107,0.0
0.70,B-Fast-CB,correct_delivery_probability,9108,0.0
0.70,B-Fast-CB,terminal_failure_probability,9101,0.0
0.70,B-Fast-CB,terminal_failure_probability,9102,0.0
0.70,B-Fast-CB,terminal_failure_probability,9103,0.0
0.70,B-Fast-CB,terminal_failure_probability,9104,0.0
0.70,B-Fast-CB,terminal_failure_probability,9105,0.0
0.70,B-Fast-CB,terminal_failure_probability,9106,0.0
0.70,B-Fast-CB,terminal_failure_probability,9107,0.0
0.70,B-Fast-CB,terminal_failure_probability,9108,0.0
0.70,B-Fast-CB,mean_latency,9101,-0.04599999999999982
0.70,B-Fast-CB,mean_latency,9102,-0.010800000000000143
0.70,B-Fast-CB,mean_latency,9103,0.06679999999999975
0.70,B-Fast-CB,mean_latency,9104,0.052000000000000046
0.70,B-Fast-CB,mean_latency,9105,-0.01639999999999997
0.70,B-Fast-CB,mean_latency,9106,-0.0028000000000001357
0.70,B-Fast-CB,mean_latency,9107,-0.00800320128051224
0.70,B-Fast-CB,mean_latency,9108,0.05479999999999974
0.70,B-Fast-CB,p95_latency,9101,0.0
0.70,B-Fast-CB,p95_latency,9102,0.0
0.70,B-Fast-CB,p95_latency,9103,0.0
0.70,B-Fast-CB,p95_latency,9104,0.0
0.70,B-Fast-CB,p95_latency,9105,0.0
0.70,B-Fast-CB,p95_latency,9106,0.0
0.70,B-Fast-CB,p95_latency,9107,0.0
0.70,B-Fast-CB,p95_latency,9108,0.0
0.70,B-Fast-CB,p99_latency,9101,-1.0100000000002183
0.70,B-Fast-CB,p99_latency,9102,0.0
0.70,B-Fast-CB,p99_latency,9103,0.0
0.70,B-Fast-CB,p99_latency,9104,-1.0
0.70,B-Fast-CB,p99_latency,9105,-2.0
0.70,B-Fast-CB,p99_latency,9106,-2.0
0.70,B-Fast-CB,p99_latency,9107,-2.0
0.70,B-Fast-CB,p99_latency,9108,-1.0
0.70,B-Fast-CB,scheduled_attempts_per_packet,9101,0.0376
0.70,B-Fast-CB,scheduled_attempts_per_packet,9102,0.0332
0.70,B-Fast-CB,scheduled_attempts_per_packet,9103,0.0428
0.70,B-Fast-CB,scheduled_attempts_per_packet,9104,0.0336
0.70,B-Fast-CB,scheduled_attempts_per_packet,9105,0.0224
0.70,B-Fast-CB,scheduled_attempts_per_packet,9106,0.024
0.70,B-Fast-CB,scheduled_attempts_per_packet,9107,0.0444
0.70,B-Fast-CB,scheduled_attempts_per_packet,9108,0.0312
0.70,B-Fast-CB,mean_queue,9101,0.17489421720733428
0.70,B-Fast-CB,mean_queue,9102,0.15752461322081576
0.70,B-Fast-CB,mean_queue,9103,0.171939477303989
0.70,B-Fast-CB,mean_queue,9104,0.1529745042492918
0.70,B-Fast-CB,mean_queue,9105,0.09410112359550561
0.70,B-Fast-CB,mean_queue,9106,0.10416666666666667
0.70,B-Fast-CB,mean_queue,9107,0.17768595041322313
0.70,B-Fast-CB,mean_queue,9108,0.13668061366806136
0.70,B-Fast-CB,mean_wait,9101,1.1808510638297873
0.70,B-Fast-CB,mean_wait,9102,1.036144578313253
0.70,B-Fast-CB,mean_wait,9103,1.0841121495327102
0.70,B-Fast-CB,mean_wait,9104,1.0714285714285714
0.70,B-Fast-CB,mean_wait,9105,1.0535714285714286
0.70,B-Fast-CB,mean_wait,9106,1.0166666666666666
0.70,B-Fast-CB,mean_wait,9107,1.0810810810810811
0.70,B-Fast-CB,mean_wait,9108,1.064102564102564
0.70,B-Fast-CB,scheduled_prb_slots,9101,94.0
0.70,B-Fast-CB,scheduled_prb_slots,9102,83.0
0.70,B-Fast-CB,scheduled_prb_slots,9103,107.0
0.70,B-Fast-CB,scheduled_prb_slots,9104,84.0
0.70,B-Fast-CB,scheduled_prb_slots,9105,56.0
0.70,B-Fast-CB,scheduled_prb_slots,9106,60.0
0.70,B-Fast-CB,scheduled_prb_slots,9107,111.0
0.70,B-Fast-CB,scheduled_prb_slots,9108,78.0
0.70,B-Fast-CB,total_occupied_prb_slots,9101,15.0
0.70,B-Fast-CB,total_occupied_prb_slots,9102,28.0
0.70,B-Fast-CB,total_occupied_prb_slots,9103,39.0
0.70,B-Fast-CB,total_occupied_prb_slots,9104,34.0
0.70,B-Fast-CB,total_occupied_prb_slots,9105,9.0
0.70,B-Fast-CB,total_occupied_prb_slots,9106,3.0
0.70,B-Fast-CB,total_occupied_prb_slots,9107,46.0
0.70,B-Fast-CB,total_occupied_prb_slots,9108,20.0
0.70,B-Fast-CB,rlc_retransmissions_per_packet,9101,-0.0011999999999999997
0.70,B-Fast-CB,rlc_retransmissions_per_packet,9102,-0.00040000000000000105
0.70,B-Fast-CB,rlc_retransmissions_per_packet,9103,0.007599999999999999
0.70,B-Fast-CB,rlc_retransmissions_per_packet,9104,0.0028000000000000004
0.70,B-Fast-CB,rlc_retransmissions_per_packet,9105,0.0
0.70,B-Fast-CB,rlc_retransmissions_per_packet,9106,-0.0003999999999999993
0.70,B-Fast-CB,rlc_retransmissions_per_packet,9107,0.005600000000000001
0.70,B-Fast-CB,rlc_retransmissions_per_packet,9108,0.004799999999999999
0.70,B-Fast-CB,first_scheduled_success_probability,9101,0.4918032786885246
0.70,B-Fast-CB,first_scheduled_success_probability,9102,0.3958333333333333
0.70,B-Fast-CB,first_scheduled_success_probability,9103,0.5362318840579711
0.70,B-Fast-CB,first_scheduled_success_probability,9104,0.6101694915254238
0.70,B-Fast-CB,first_scheduled_success_probability,9105,0.5526315789473685
0.70,B-Fast-CB,first_scheduled_success_probability,9106,0.40540540540540543
0.70,B-Fast-CB,first_scheduled_success_probability,9107,0.5
0.70,B-Fast-CB,first_scheduled_success_probability,9108,0.5849056603773585
0.70,B-Fast-CB,scheduled_attempts_per_rescued_packet,9101,1.540983606557377
0.70,B-Fast-CB,scheduled_attempts_per_rescued_packet,9102,1.7291666666666667
0.70,B-Fast-CB,scheduled_attempts_per_rescued_packet,9103,1.5507246376811594
0.70,B-Fast-CB,scheduled_attempts_per_rescued_packet,9104,1.423728813559322
0.70,B-Fast-CB,scheduled_attempts_per_rescued_packet,9105,1.4736842105263157
0.70,B-Fast-CB,scheduled_attempts_per_rescued_packet,9106,1.6216216216216217
0.70,B-Fast-CB,scheduled_attempts_per_rescued_packet,9107,1.5857142857142856
0.70,B-Fast-CB,scheduled_attempts_per_rescued_packet,9108,1.471698113207547
0.70,B-Fast-CB,rescue_admission_rate,9101,0.0
0.70,B-Fast-CB,rescue_admission_rate,9102,0.0
0.70,B-Fast-CB,rescue_admission_rate,9103,0.0
0.70,B-Fast-CB,rescue_admission_rate,9104,0.0
0.70,B-Fast-CB,rescue_admission_rate,9105,0.0
0.70,B-Fast-CB,rescue_admission_rate,9106,0.0
0.70,B-Fast-CB,rescue_admission_rate,9107,0.0
0.70,B-Fast-CB,rescue_admission_rate,9108,0.0
0.70,B-Fast-CB,eligible_stage_population,9101,0.0
0.70,B-Fast-CB,eligible_stage_population,9102,0.0
0.70,B-Fast-CB,eligible_stage_population,9103,0.0
0.70,B-Fast-CB,eligible_stage_population,9104,0.0
0.70,B-Fast-CB,eligible_stage_population,9105,0.0
0.70,B-Fast-CB,eligible_stage_population,9106,0.0
0.70,B-Fast-CB,eligible_stage_population,9107,0.0
0.70,B-Fast-CB,eligible_stage_population,9108,0.0
0.70,B-Fast-CB,rescue_trigger_to_first_tx_mean,9101,0.0
0.70,B-Fast-CB,rescue_trigger_to_first_tx_mean,9102,0.0
0.70,B-Fast-CB,rescue_trigger_to_first_tx_mean,9103,0.0
0.70,B-Fast-CB,rescue_trigger_to_first_tx_mean,9104,0.0
0.70,B-Fast-CB,rescue_trigger_to_first_tx_mean,9105,0.0
0.70,B-Fast-CB,rescue_trigger_to_first_tx_mean,9106,0.0
0.70,B-Fast-CB,rescue_trigger_to_first_tx_mean,9107,0.0
0.70,B-Fast-CB,rescue_trigger_to_first_tx_mean,9108,0.0
0.70,B-Fast-CB,phy_attempts_per_packet,9101,-0.026799999999999713
0.70,B-Fast-CB,phy_attempts_per_packet,9102,-0.006000000000000227
0.70,B-Fast-CB,phy_attempts_per_packet,9103,0.029600000000000293
0.70,B-Fast-CB,phy_attempts_per_packet,9104,0.02519999999999989
0.70,B-Fast-CB,phy_attempts_per_packet,9105,-0.009600000000000275
0.70,B-Fast-CB,phy_attempts_per_packet,9106,-0.0016000000000002679
0.70,B-Fast-CB,phy_attempts_per_packet,9107,-0.007200000000000095
0.70,B-Fast-CB,phy_attempts_per_packet,9108,0.02760000000000007
0.70,B-Fast-CB,harq_episodes_per_packet,9101,-0.0012000000000000899
0.70,B-Fast-CB,harq_episodes_per_packet,9102,-0.00039999999999995595
0.70,B-Fast-CB,harq_episodes_per_packet,9103,0.007600000000000051
0.70,B-Fast-CB,harq_episodes_per_packet,9104,0.0028000000000001357
0.70,B-Fast-CB,harq_episodes_per_packet,9105,0.0
0.70,B-Fast-CB,harq_episodes_per_packet,9106,-0.000400000000000178
0.70,B-Fast-CB,harq_episodes_per_packet,9107,0.005600000000000049
0.70,B-Fast-CB,harq_episodes_per_packet,9108,0.0048000000000001375
0.70,B-Fast-CB,final_harq_failure_probability,9101,0.0
0.70,B-Fast-CB,final_harq_failure_probability,9102,0.0
0.70,B-Fast-CB,final_harq_failure_probability,9103,0.007599999999999999
0.70,B-Fast-CB,final_harq_failure_probability,9104,0.003199999999999998
0.70,B-Fast-CB,final_harq_failure_probability,9105,0.0003999999999999993
0.70,B-Fast-CB,final_harq_failure_probability,9106,0.0
0.70,B-Fast-CB,final_harq_failure_probability,9107,0.0068000000000000005
0.70,B-Fast-CB,final_harq_failure_probability,9108,0.0052
0.70,B-Fast-CB,cb_attempts_per_slot,9101,-0.21567770515902218
0.70,B-Fast-CB,cb_attempts_per_slot,9102,-0.13783403656821402
0.70,B-Fast-CB,cb_attempts_per_slot,9103,-0.04539202200825354
0.70,B-Fast-CB,cb_attempts_per_slot,9104,-0.02974504249291776
0.70,B-Fast-CB,cb_attempts_per_slot,9105,-0.11235955056179847
0.70,B-Fast-CB,cb_attempts_per_slot,9106,-0.07829210972414824
0.70,B-Fast-CB,cb_attempts_per_slot,9107,-0.1776859504132231
0.70,B-Fast-CB,cb_attempts_per_slot,9108,-0.012552301255229992
0.70,B-Fast-CB,cb_overlap_probability,9101,-0.006558931426413617
0.70,B-Fast-CB,cb_overlap_probability,9102,-0.0031246820817649734
0.70,B-Fast-CB,cb_overlap_probability,9103,-0.00240705681355069
0.70,B-Fast-CB,cb_overlap_probability,9104,0.006861603090852486
0.70,B-Fast-CB,cb_overlap_probability,9105,0.0014535182331792962
0.70,B-Fast-CB,cb_overlap_probability,9106,0.0016197205250875202
0.70,B-Fast-CB,cb_overlap_probability,9107,-0.006230270228942514
0.70,B-Fast-CB,cb_overlap_probability,9108,0.011087303599639942
0.70,B-Fast-CB,scheduled_attempts_per_slot,9101,0.1325811001410437
0.70,B-Fast-CB,scheduled_attempts_per_slot,9102,0.11673699015471167
0.70,B-Fast-CB,scheduled_attempts_per_slot,9103,0.14718019257221457
0.70,B-Fast-CB,scheduled_attempts_per_slot,9104,0.11898016997167139
0.70,B-Fast-CB,scheduled_attempts_per_slot,9105,0.07865168539325842
0.70,B-Fast-CB,scheduled_attempts_per_slot,9106,0.08333333333333333
0.70,B-Fast-CB,scheduled_attempts_per_slot,9107,0.15289256198347106
0.70,B-Fast-CB,scheduled_attempts_per_slot,9108,0.1087866108786611
0.70,B-Fast-CB,p95_queue,9101,1.0
0.70,B-Fast-CB,p95_queue,9102,1.0
0.70,B-Fast-CB,p95_queue,9103,1.0
0.70,B-Fast-CB,p95_queue,9104,1.0
0.70,B-Fast-CB,p95_queue,9105,1.0
0.70,B-Fast-CB,p95_queue,9106,1.0
0.70,B-Fast-CB,p95_queue,9107,1.0
0.70,B-Fast-CB,p95_queue,9108,1.0
0.70,B-Fast-CB,max_queue,9101,5.0
0.70,B-Fast-CB,max_queue,9102,3.0
0.70,B-Fast-CB,max_queue,9103,4.0
0.70,B-Fast-CB,max_queue,9104,4.0
0.70,B-Fast-CB,max_queue,9105,4.0
0.70,B-Fast-CB,max_queue,9106,3.0
0.70,B-Fast-CB,max_queue,9107,4.0
0.70,B-Fast-CB,max_queue,9108,4.0
0.70,B-Fast-CB,p95_wait,9101,2.0
0.70,B-Fast-CB,p95_wait,9102,1.0
0.70,B-Fast-CB,p95_wait,9103,2.0
0.70,B-Fast-CB,p95_wait,9104,2.0
0.70,B-Fast-CB,p95_wait,9105,1.25
0.70,B-Fast-CB,p95_wait,9106,1.0
0.70,B-Fast-CB,p95_wait,9107,2.0
0.70,B-Fast-CB,p95_wait,9108,2.0
0.70,B-Fast-CB,fraction_at_cap2,9101,0.031029619181946404
0.70,B-Fast-CB,fraction_at_cap2,9102,0.02390998593530239
0.70,B-Fast-CB,fraction_at_cap2,9103,0.033012379642365884
0.70,B-Fast-CB,fraction_at_cap2,9104,0.028328611898016998
0.70,B-Fast-CB,fraction_at_cap2,9105,0.008426966292134831
0.70,B-Fast-CB,fraction_at_cap2,9106,0.008333333333333333
0.70,B-Fast-CB,fraction_at_cap2,9107,0.0371900826446281
0.70,B-Fast-CB,fraction_at_cap2,9108,0.026499302649930265
0.70,B-Fast-CB,mean_residual_cb_prbs,9101,-0.15091678420310295
0.70,B-Fast-CB,mean_residual_cb_prbs,9102,-0.15049226441631536
0.70,B-Fast-CB,mean_residual_cb_prbs,9103,-0.15955983493810155
0.70,B-Fast-CB,mean_residual_cb_prbs,9104,-0.1444759206798869
0.70,B-Fast-CB,mean_residual_cb_prbs,9105,-0.08988764044943842
0.70,B-Fast-CB,mean_residual_cb_prbs,9106,-0.10277777777777786
0.70,B-Fast-CB,mean_residual_cb_prbs,9107,-0.16528925619834745
0.70,B-Fast-CB,mean_residual_cb_prbs,9108,-0.1297071129707117
0.70,B-Fast-CB,cb_prb_slots,9101,-92.0
0.70,B-Fast-CB,cb_prb_slots,9102,-79.0
0.70,B-Fast-CB,cb_prb_slots,9103,-77.0
0.70,B-Fast-CB,cb_prb_slots,9104,-68.0
0.70,B-Fast-CB,cb_prb_slots,9105,-55.0
0.70,B-Fast-CB,cb_prb_slots,9106,-71.0
0.70,B-Fast-CB,cb_prb_slots,9107,-74.0
0.70,B-Fast-CB,cb_prb_slots,9108,-73.0
0.70,H2-B,correct_delivery_probability,9101,0.0
0.70,H2-B,correct_delivery_probability,9102,0.0
0.70,H2-B,correct_delivery_probability,9103,0.0
0.70,H2-B,correct_delivery_probability,9104,0.0
0.70,H2-B,correct_delivery_probability,9105,0.0
0.70,H2-B,correct_delivery_probability,9106,0.0
0.70,H2-B,correct_delivery_probability,9107,0.00039999999999995595
0.70,H2-B,correct_delivery_probability,9108,0.0
0.70,H2-B,terminal_failure_probability,9101,0.0
0.70,H2-B,terminal_failure_probability,9102,0.0
0.70,H2-B,terminal_failure_probability,9103,0.0
0.70,H2-B,terminal_failure_probability,9104,0.0
0.70,H2-B,terminal_failure_probability,9105,0.0
0.70,H2-B,terminal_failure_probability,9106,0.0
0.70,H2-B,terminal_failure_probability,9107,0.0
0.70,H2-B,terminal_failure_probability,9108,0.0
0.70,H2-B,mean_latency,9101,1.6191999999999998
0.70,H2-B,mean_latency,9102,1.3803999999999998
0.70,H2-B,mean_latency,9103,1.0819999999999999
0.70,H2-B,mean_latency,9104,7.383999999999999
0.70,H2-B,mean_latency,9105,1.4492000000000003
0.70,H2-B,mean_latency,9106,2.1484
0.70,H2-B,mean_latency,9107,1.9218024809923975
0.70,H2-B,mean_latency,9108,2.7576000000000005
0.70,H2-B,p95_latency,9101,8.050000000000182
0.70,H2-B,p95_latency,9102,7.0
0.70,H2-B,p95_latency,9103,5.0
0.70,H2-B,p95_latency,9104,29.0
0.70,H2-B,p95_latency,9105,6.0
0.70,H2-B,p95_latency,9106,10.0
0.70,H2-B,p95_latency,9107,8.0
0.70,H2-B,p95_latency,9108,18.0
0.70,H2-B,p99_latency,9101,9.0
0.70,H2-B,p99_latency,9102,7.0
0.70,H2-B,p99_latency,9103,4.0
0.70,H2-B,p99_latency,9104,46.01000000000022
0.70,H2-B,p99_latency,9105,7.0
0.70,H2-B,p99_latency,9106,17.0
0.70,H2-B,p99_latency,9107,12.0
0.70,H2-B,p99_latency,9108,22.0
0.70,H2-B,scheduled_attempts_per_packet,9101,0.3872
0.70,H2-B,scheduled_attempts_per_packet,9102,0.3692
0.70,H2-B,scheduled_attempts_per_packet,9103,0.3736
0.70,H2-B,scheduled_attempts_per_packet,9104,0.4004
0.70,H2-B,scheduled_attempts_per_packet,9105,0.3976
0.70,H2-B,scheduled_attempts_per_packet,9106,0.3892
0.70,H2-B,scheduled_attempts_per_packet,9107,0.3784
0.70,H2-B,scheduled_attempts_per_packet,9108,0.372
0.70,H2-B,mean_queue,9101,8.422886642709447
0.70,H2-B,mean_queue,9102,7.739803094233474
0.70,H2-B,mean_queue,9103,6.033539974750806
0.70,H2-B,mean_queue,9104,30.452699254615954
0.70,H2-B,mean_queue,9105,8.973031743537362
0.70,H2-B,mean_queue,9106,9.173074712643679
0.70,H2-B,mean_queue,9107,8.84277789679005
0.70,H2-B,mean_queue,9108,13.389708275220828
0.70,H2-B,mean_wait,9101,3.8850623071683295
0.70,H2-B,mean_wait,9102,3.5195214256628904
0.70,H2-B,mean_wait,9103,2.771795631447117
0.70,H2-B,mean_wait,9104,16.436405529953916
0.70,H2-B,mean_wait,9105,3.30547619047619
0.70,H2-B,mean_wait,9106,5.167263633430139
0.70,H2-B,mean_wait,9107,4.661586847017311
0.70,H2-B,mean_wait,9108,6.852564102564103
0.70,H2-B,scheduled_prb_slots,9101,968.0
0.70,H2-B,scheduled_prb_slots,9102,923.0
0.70,H2-B,scheduled_prb_slots,9103,934.0
0.70,H2-B,scheduled_prb_slots,9104,1001.0
0.70,H2-B,scheduled_prb_slots,9105,994.0
0.70,H2-B,scheduled_prb_slots,9106,973.0
0.70,H2-B,scheduled_prb_slots,9107,946.0
0.70,H2-B,scheduled_prb_slots,9108,930.0
0.70,H2-B,total_occupied_prb_slots,9101,374.0
0.70,H2-B,total_occupied_prb_slots,9102,350.0
0.70,H2-B,total_occupied_prb_slots,9103,332.0
0.70,H2-B,total_occupied_prb_slots,9104,385.0
0.70,H2-B,total_occupied_prb_slots,9105,440.0
0.70,H2-B,total_occupied_prb_slots,9106,387.0
0.70,H2-B,total_occupied_prb_slots,9107,366.0
0.70,H2-B,total_occupied_prb_slots,9108,389.0
0.70,H2-B,rlc_retransmissions_per_packet,9101,-0.023600000000000003
0.70,H2-B,rlc_retransmissions_per_packet,9102,-0.018799999999999997
0.70,H2-B,rlc_retransmissions_per_packet,9103,-0.0236
0.70,H2-B,rlc_retransmissions_per_packet,9104,-0.022
0.70,H2-B,rlc_retransmissions_per_packet,9105,-0.0152
0.70,H2-B,rlc_retransmissions_per_packet,9106,-0.0132
0.70,H2-B,rlc_retransmissions_per_packet,9107,-0.0268
0.70,H2-B,rlc_retransmissions_per_packet,9108,-0.019200000000000002
0.70,H2-B,first_scheduled_success_probability,9101,0.3994101104328144
0.70,H2-B,first_scheduled_success_probability,9102,0.5153259299386059
0.70,H2-B,first_scheduled_success_probability,9103,0.36419638146665423
0.70,H2-B,first_scheduled_success_probability,9104,0.27745937445395763
0.70,H2-B,first_scheduled_success_probability,9105,0.3455845805489589
0.70,H2-B,first_scheduled_success_probability,9106,0.4880283943793093
0.70,H2-B,first_scheduled_success_probability,9107,0.3845338983050848
0.70,H2-B,first_scheduled_success_probability,9108,0.3016349402900498
0.70,H2-B,scheduled_attempts_per_rescued_packet,9101,-0.43010494546951095
0.70,H2-B,scheduled_attempts_per_rescued_packet,9102,-0.6392425063199711
0.70,H2-B,scheduled_attempts_per_rescued_packet,9103,-0.43616360984390035
0.70,H2-B,scheduled_attempts_per_rescued_packet,9104,-0.30517211252839416
0.70,H2-B,scheduled_attempts_per_rescued_packet,9105,-0.3719003700226431
0.70,H2-B,scheduled_attempts_per_rescued_packet,9106,-0.5096732900823322
0.70,H2-B,scheduled_attempts_per_rescued_packet,9107,-0.4660108958837772
0.70,H2-B,scheduled_attempts_per_rescued_packet,9108,-0.350452284508993
0.70,H2-B,rescue_admission_rate,9101,1.0
0.70,H2-B,rescue_admission_rate,9102,1.0
0.70,H2-B,rescue_admission_rate,9103,1.0
0.70,H2-B,rescue_admission_rate,9104,1.0
0.70,H2-B,rescue_admission_rate,9105,1.0
0.70,H2-B,rescue_admission_rate,9106,1.0
0.70,H2-B,rescue_admission_rate,9107,1.0
0.70,H2-B,rescue_admission_rate,9108,1.0
0.70,H2-B,eligible_stage_population,9101,956.0
0.70,H2-B,eligible_stage_population,9102,923.0
0.70,H2-B,eligible_stage_population,9103,934.0
0.70,H2-B,eligible_stage_population,9104,970.0
0.70,H2-B,eligible_stage_population,9105,953.0
0.70,H2-B,eligible_stage_population,9106,929.0
0.70,H2-B,eligible_stage_population,9107,944.0
0.70,H2-B,eligible_stage_population,9108,899.0
0.70,H2-B,rescue_trigger_to_first_tx_mean,9101,5.059623430962343
0.70,H2-B,rescue_trigger_to_first_tx_mean,9102,4.544962080173348
0.70,H2-B,rescue_trigger_to_first_tx_mean,9103,3.910064239828694
0.70,H2-B,rescue_trigger_to_first_tx_mean,9104,17.491752577319588
0.70,H2-B,rescue_trigger_to_first_tx_mean,9105,4.4176285414480585
0.70,H2-B,rescue_trigger_to_first_tx_mean,9106,6.186221743810549
0.70,H2-B,rescue_trigger_to_first_tx_mean,9107,5.705508474576271
0.70,H2-B,rescue_trigger_to_first_tx_mean,9108,8.026696329254728
0.70,H2-B,phy_attempts_per_packet,9101,-0.05760000000000032
0.70,H2-B,phy_attempts_per_packet,9102,-0.028000000000000025
0.70,H2-B,phy_attempts_per_packet,9103,-0.06160000000000032
0.70,H2-B,phy_attempts_per_packet,9104,-0.028000000000000025
0.70,H2-B,phy_attempts_per_packet,9105,0.014800000000000146
0.70,H2-B,phy_attempts_per_packet,9106,-0.010799999999999699
0.70,H2-B,phy_attempts_per_packet,9107,-0.04400000000000004
0.70,H2-B,phy_attempts_per_packet,9108,-0.04400000000000004
0.70,H2-B,harq_episodes_per_packet,9101,-0.023600000000000065
0.70,H2-B,harq_episodes_per_packet,9102,-0.01880000000000015
0.70,H2-B,harq_episodes_per_packet,9103,-0.023600000000000065
0.70,H2-B,harq_episodes_per_packet,9104,-0.02200000000000002
0.70,H2-B,harq_episodes_per_packet,9105,-0.015200000000000102
0.70,H2-B,harq_episodes_per_packet,9106,-0.013199999999999878
0.70,H2-B,harq_episodes_per_packet,9107,-0.026799999999999935
0.70,H2-B,harq_episodes_per_packet,9108,-0.019200000000000106
0.70,H2-B,final_harq_failure_probability,9101,-0.023600000000000003
0.70,H2-B,final_harq_failure_probability,9102,-0.018799999999999997
0.70,H2-B,final_harq_failure_probability,9103,-0.0236
0.70,H2-B,final_harq_failure_probability,9104,-0.022
0.70,H2-B,final_harq_failure_probability,9105,-0.0152
0.70,H2-B,final_harq_failure_probability,9106,-0.0132
0.70,H2-B,final_harq_failure_probability,9107,-0.0268
0.70,H2-B,final_harq_failure_probability,9108,-0.019200000000000002
0.70,H2-B,cb_attempts_per_slot,9101,-1.6732676172609349
0.70,H2-B,cb_attempts_per_slot,9102,-1.3966244725738397
0.70,H2-B,cb_attempts_per_slot,9103,-1.521699233102824
0.70,H2-B,cb_attempts_per_slot,9104,-1.5079922849737812
0.70,H2-B,cb_attempts_per_slot,9105,-1.3703543647363867
0.70,H2-B,cb_attempts_per_slot,9106,-1.4313888888888888
0.70,H2-B,cb_attempts_per_slot,9107,-1.5129228537389272
0.70,H2-B,cb_attempts_per_slot,9108,-1.4760867038586705
0.70,H2-B,cb_overlap_probability,9101,0.056725174383421506
0.70,H2-B,cb_overlap_probability,9102,0.061055558265450505
0.70,H2-B,cb_overlap_probability,9103,0.048756215308156436
0.70,H2-B,cb_overlap_probability,9104,0.05108802772736465
0.70,H2-B,cb_overlap_probability,9105,0.03472270327718563
0.70,H2-B,cb_overlap_probability,9106,0.04012787528712525
0.70,H2-B,cb_overlap_probability,9107,0.04120245248313914
0.70,H2-B,cb_overlap_probability,9108,0.045127585374292734
0.70,H2-B,scheduled_attempts_per_slot,9101,1.34037313009474
0.70,H2-B,scheduled_attempts_per_slot,9102,1.2981715893108297
0.70,H2-B,scheduled_attempts_per_slot,9103,1.2788472046880595
0.70,H2-B,scheduled_attempts_per_slot,9104,1.42002692222691
0.70,H2-B,scheduled_attempts_per_slot,9105,1.3898797831382101
0.70,H2-B,scheduled_attempts_per_slot,9106,1.3414942528735634
0.70,H2-B,scheduled_attempts_per_slot,9107,1.289126537607252
0.70,H2-B,scheduled_attempts_per_slot,9108,1.2912133891213389
0.70,H2-B,p95_queue,9101,23.0
0.70,H2-B,p95_queue,9102,23.0
0.70,H2-B,p95_queue,9103,15.0
0.70,H2-B,p95_queue,9104,60.0
0.70,H2-B,p95_queue,9105,22.0
0.70,H2-B,p95_queue,9106,26.0
0.70,H2-B,p95_queue,9107,21.399999999999977
0.70,H2-B,p95_queue,9108,47.0
0.70,H2-B,max_queue,9101,25.0
0.70,H2-B,max_queue,9102,26.0
0.70,H2-B,max_queue,9103,17.0
0.70,H2-B,max_queue,9104,66.0
0.70,H2-B,max_queue,9105,28.0
0.70,H2-B,max_queue,9106,30.0
0.70,H2-B,max_queue,9107,32.0
0.70,H2-B,max_queue,9108,54.0
0.70,H2-B,p95_wait,9101,11.0
0.70,H2-B,p95_wait,9102,12.0
0.70,H2-B,p95_wait,9103,7.0
0.70,H2-B,p95_wait,9104,29.0
0.70,H2-B,p95_wait,9105,9.299999999999955
0.70,H2-B,p95_wait,9106,13.0
0.70,H2-B,p95_wait,9107,10.0
0.70,H2-B,p95_wait,9108,24.0
0.70,H2-B,fraction_at_cap2,9101,0.8053087996807443
0.70,H2-B,fraction_at_cap2,9102,0.7960618846694797
0.70,H2-B,fraction_at_cap2,9103,0.7697273463850314
0.70,H2-B,fraction_at_cap2,9104,0.8879834448395716
0.70,H2-B,fraction_at_cap2,9105,0.8503142924491239
0.70,H2-B,fraction_at_cap2,9106,0.7737356321839081
0.70,H2-B,fraction_at_cap2,9107,0.7663569842039395
0.70,H2-B,fraction_at_cap2,9108,0.7929451417945141
0.70,H2-B,mean_residual_cb_prbs,9101,-1.6188474321630553
0.70,H2-B,mean_residual_cb_prbs,9102,-1.571026722925457
0.70,H2-B,mean_residual_cb_prbs,9103,-1.5445497541029942
0.70,H2-B,mean_residual_cb_prbs,9104,-1.7264460651357156
0.70,H2-B,mean_residual_cb_prbs,9105,-1.7003221497603516
0.70,H2-B,mean_residual_cb_prbs,9106,-1.5730842911877394
0.70,H2-B,mean_residual_cb_prbs,9107,-1.5373028311140668
0.70,H2-B,mean_residual_cb_prbs,9108,-1.6077928870292881
0.70,H2-B,cb_prb_slots,9101,-795.0
0.70,H2-B,cb_prb_slots,9102,-767.0
0.70,H2-B,cb_prb_slots,9103,-796.0
0.70,H2-B,cb_prb_slots,9104,-832.0
0.70,H2-B,cb_prb_slots,9105,-776.0
0.70,H2-B,cb_prb_slots,9106,-754.0
0.70,H2-B,cb_prb_slots,9107,-762.0
0.70,H2-B,cb_prb_slots,9108,-769.0
0.70,H3-B,correct_delivery_probability,9101,0.0
0.70,H3-B,correct_delivery_probability,9102,0.0
0.70,H3-B,correct_delivery_probability,9103,-0.00039999999999995595
0.70,H3-B,correct_delivery_probability,9104,0.0
0.70,H3-B,correct_delivery_probability,9105,0.0
0.70,H3-B,correct_delivery_probability,9106,0.0
0.70,H3-B,correct_delivery_probability,9107,0.00039999999999995595
0.70,H3-B,correct_delivery_probability,9108,0.0
0.70,H3-B,terminal_failure_probability,9101,0.0
0.70,H3-B,terminal_failure_probability,9102,0.0
0.70,H3-B,terminal_failure_probability,9103,0.0
0.70,H3-B,terminal_failure_probability,9104,0.0
0.70,H3-B,terminal_failure_probability,9105,0.0
0.70,H3-B,terminal_failure_probability,9106,0.0
0.70,H3-B,terminal_failure_probability,9107,0.0
0.70,H3-B,terminal_failure_probability,9108,0.0
0.70,H3-B,mean_latency,9101,0.13359999999999994
0.70,H3-B,mean_latency,9102,0.034800000000000164
0.70,H3-B,mean_latency,9103,0.15547851140456181
0.70,H3-B,mean_latency,9104,0.19079999999999986
0.70,H3-B,mean_latency,9105,0.18880000000000008
0.70,H3-B,mean_latency,9106,0.01639999999999997
0.70,H3-B,mean_latency,9107,-0.006597519007602859
0.70,H3-B,mean_latency,9108,0.2400000000000002
0.70,H3-B,p95_latency,9101,0.0
0.70,H3-B,p95_latency,9102,0.0
0.70,H3-B,p95_latency,9103,0.0
0.70,H3-B,p95_latency,9104,0.0
0.70,H3-B,p95_latency,9105,0.0
0.70,H3-B,p95_latency,9106,0.0
0.70,H3-B,p95_latency,9107,0.0
0.70,H3-B,p95_latency,9108,1.0
0.70,H3-B,p99_latency,9101,-1.0
0.70,H3-B,p99_latency,9102,-2.9899999999997817
0.70,H3-B,p99_latency,9103,-1.0
0.70,H3-B,p99_latency,9104,2.0
0.70,H3-B,p99_latency,9105,0.0
0.70,H3-B,p99_latency,9106,-1.0
0.70,H3-B,p99_latency,9107,-2.0
0.70,H3-B,p99_latency,9108,1.0
0.70,H3-B,scheduled_attempts_per_packet,9101,0.1
0.70,H3-B,scheduled_attempts_per_packet,9102,0.0816
0.70,H3-B,scheduled_attempts_per_packet,9103,0.1028
0.70,H3-B,scheduled_attempts_per_packet,9104,0.10640000000000002
0.70,H3-B,scheduled_attempts_per_packet,9105,0.10439999999999999
0.70,H3-B,scheduled_attempts_per_packet,9106,0.0816
0.70,H3-B,scheduled_attempts_per_packet,9107,0.0748
0.70,H3-B,scheduled_attempts_per_packet,9108,0.10880000000000001
0.70,H3-B,mean_queue,9101,0.6346967559943582
0.70,H3-B,mean_queue,9102,0.44022503516174394
0.70,H3-B,mean_queue,9103,0.5667125171939478
0.70,H3-B,mean_queue,9104,1.1274787535410764
0.70,H3-B,mean_queue,9105,0.6139994350637122
0.70,H3-B,mean_queue,9106,0.42287910309754967
0.70,H3-B,mean_queue,9107,0.4352617079889808
0.70,H3-B,mean_queue,9108,0.9205819561643409
0.70,H3-B,mean_wait,9101,0.24938149430974765
0.70,H3-B,mean_wait,9102,0.1520087317912766
0.70,H3-B,mean_wait,9103,0.2510526856321249
0.70,H3-B,mean_wait,9104,0.8285714285714285
0.70,H3-B,mean_wait,9105,0.3344411897251014
0.70,H3-B,mean_wait,9106,0.16136363636363638
0.70,H3-B,mean_wait,9107,0.1336840195900597
0.70,H3-B,mean_wait,9108,0.7901831501831502
0.70,H3-B,scheduled_prb_slots,9101,250.0
0.70,H3-B,scheduled_prb_slots,9102,204.0
0.70,H3-B,scheduled_prb_slots,9103,257.0
0.70,H3-B,scheduled_prb_slots,9104,266.0
0.70,H3-B,scheduled_prb_slots,9105,261.0
0.70,H3-B,scheduled_prb_slots,9106,204.0
0.70,H3-B,scheduled_prb_slots,9107,187.0
0.70,H3-B,scheduled_prb_slots,9108,272.0
0.70,H3-B,total_occupied_prb_slots,9101,77.0
0.70,H3-B,total_occupied_prb_slots,9102,65.0
0.70,H3-B,total_occupied_prb_slots,9103,113.0
0.70,H3-B,total_occupied_prb_slots,9104,109.0
0.70,H3-B,total_occupied_prb_slots,9105,114.0
0.70,H3-B,total_occupied_prb_slots,9106,80.0
0.70,H3-B,total_occupied_prb_slots,9107,54.0
0.70,H3-B,total_occupied_prb_slots,9108,91.0
0.70,H3-B,rlc_retransmissions_per_packet,9101,-0.015200000000000002
0.70,H3-B,rlc_retransmissions_per_packet,9102,-0.013199999999999998
0.70,H3-B,rlc_retransmissions_per_packet,9103,-0.016399999999999998
0.70,H3-B,rlc_retransmissions_per_packet,9104,-0.0152
0.70,H3-B,rlc_retransmissions_per_packet,9105,-0.0076
0.70,H3-B,rlc_retransmissions_per_packet,9106,-0.011600000000000001
0.70,H3-B,rlc_retransmissions_per_packet,9107,-0.0204
0.70,H3-B,rlc_retransmissions_per_packet,9108,-0.0128
0.70,H3-B,first_scheduled_success_probability,9101,0.4342417373886458
0.70,H3-B,first_scheduled_success_probability,9102,0.5475628930817611
0.70,H3-B,first_scheduled_success_probability,9103,0.37654070161181086
0.70,H3-B,first_scheduled_success_probability,9104,0.32379277262551964
0.70,H3-B,first_scheduled_success_probability,9105,0.38093485461906507
0.70,H3-B,first_scheduled_success_probability,9106,0.5628485628485629
0.70,H3-B,first_scheduled_success_probability,9107,0.42830188679245285
0.70,H3-B,first_scheduled_success_probability,9108,0.34863864342010986
0.70,H3-B,scheduled_attempts_per_rescued_packet,9101,-0.4348742817985345
0.70,H3-B,scheduled_attempts_per_rescued_packet,9102,-0.6461477987421385
0.70,H3-B,scheduled_attempts_per_rescued_packet,9103,-0.41676825138832463
0.70,H3-B,scheduled_attempts_per_rescued_packet,9104,-0.323099882741712
0.70,H3-B,scheduled_attempts_per_rescued_packet,9105,-0.3652926021347074
0.70,H3-B,scheduled_attempts_per_rescued_packet,9106,-0.574002574002574
0.70,H3-B,scheduled_attempts_per_rescued_packet,9107,-0.4611859838274932
0.70,H3-B,scheduled_attempts_per_rescued_packet,9108,-0.3641031764986864
0.70,H3-B,rescue_admission_rate,9101,1.0
0.70,H3-B,rescue_admission_rate,9102,1.0
0.70,H3-B,rescue_admission_rate,9103,1.0
0.70,H3-B,rescue_admission_rate,9104,1.0
0.70,H3-B,rescue_admission_rate,9105,1.0
0.70,H3-B,rescue_admission_rate,9106,1.0
0.70,H3-B,rescue_admission_rate,9107,1.0
0.70,H3-B,rescue_admission_rate,9108,1.0
0.70,H3-B,eligible_stage_population,9101,311.0
0.70,H3-B,eligible_stage_population,9102,265.0
0.70,H3-B,eligible_stage_population,9103,321.0
0.70,H3-B,eligible_stage_population,9104,318.0
0.70,H3-B,eligible_stage_population,9105,286.0
0.70,H3-B,eligible_stage_population,9106,252.0
0.70,H3-B,eligible_stage_population,9107,265.0
0.70,H3-B,eligible_stage_population,9108,316.0
0.70,H3-B,rescue_trigger_to_first_tx_mean,9101,1.45016077170418
0.70,H3-B,rescue_trigger_to_first_tx_mean,9102,1.2037735849056603
0.70,H3-B,rescue_trigger_to_first_tx_mean,9103,1.355140186915888
0.70,H3-B,rescue_trigger_to_first_tx_mean,9104,1.8553459119496856
0.70,H3-B,rescue_trigger_to_first_tx_mean,9105,1.381118881118881
0.70,H3-B,rescue_trigger_to_first_tx_mean,9106,1.1865079365079365
0.70,H3-B,rescue_trigger_to_first_tx_mean,9107,1.230188679245283
0.70,H3-B,rescue_trigger_to_first_tx_mean,9108,1.8734177215189873
0.70,H3-B,phy_attempts_per_packet,9101,0.04279999999999973
0.70,H3-B,phy_attempts_per_packet,9102,0.006800000000000139
0.70,H3-B,phy_attempts_per_packet,9103,0.056400000000000006
0.70,H3-B,phy_attempts_per_packet,9104,0.028799999999999937
0.70,H3-B,phy_attempts_per_packet,9105,0.06640000000000024
0.70,H3-B,phy_attempts_per_packet,9106,-0.0011999999999998678
0.70,H3-B,phy_attempts_per_packet,9107,-0.01200000000000001
0.70,H3-B,phy_attempts_per_packet,9108,0.05719999999999992
0.70,H3-B,harq_episodes_per_packet,9101,-0.01519999999999988
0.70,H3-B,harq_episodes_per_packet,9102,-0.0132000000000001
0.70,H3-B,harq_episodes_per_packet,9103,-0.01639999999999997
0.70,H3-B,harq_episodes_per_packet,9104,-0.015200000000000102
0.70,H3-B,harq_episodes_per_packet,9105,-0.007600000000000051
0.70,H3-B,harq_episodes_per_packet,9106,-0.011599999999999833
0.70,H3-B,harq_episodes_per_packet,9107,-0.020399999999999974
0.70,H3-B,harq_episodes_per_packet,9108,-0.012800000000000145
0.70,H3-B,final_harq_failure_probability,9101,-0.015200000000000002
0.70,H3-B,final_harq_failure_probability,9102,-0.013199999999999998
0.70,H3-B,final_harq_failure_probability,9103,-0.016399999999999998
0.70,H3-B,final_harq_failure_probability,9104,-0.0152
0.70,H3-B,final_harq_failure_probability,9105,-0.0076
0.70,H3-B,final_harq_failure_probability,9106,-0.011600000000000001
0.70,H3-B,final_harq_failure_probability,9107,-0.0204
0.70,H3-B,final_harq_failure_probability,9108,-0.0128
0.70,H3-B,cb_attempts_per_slot,9101,-0.20169252468265242
0.70,H3-B,cb_attempts_per_slot,9102,-0.2630098452883267
0.70,H3-B,cb_attempts_per_slot,9103,-0.15955983493810155
0.70,H3-B,cb_attempts_per_slot,9104,-0.2747875354107654
0.70,H3-B,cb_attempts_per_slot,9105,-0.17514594187433286
0.70,H3-B,cb_attempts_per_slot,9106,-0.2975747418708581
0.70,H3-B,cb_attempts_per_slot,9107,-0.2988980716253442
0.70,H3-B,cb_attempts_per_slot,9108,-0.16956125382763343
0.70,H3-B,cb_overlap_probability,9101,0.026282996929137492
0.70,H3-B,cb_overlap_probability,9102,0.007475329044792756
0.70,H3-B,cb_overlap_probability,9103,0.01928639047683811
0.70,H3-B,cb_overlap_probability,9104,0.017300876566683
0.70,H3-B,cb_overlap_probability,9105,0.021634922016890434
0.70,H3-B,cb_overlap_probability,9106,0.006889771200784156
0.70,H3-B,cb_overlap_probability,9107,0.02153991176652681
0.70,H3-B,cb_overlap_probability,9108,0.03226213727319105
0.70,H3-B,scheduled_attempts_per_slot,9101,0.3526093088857546
0.70,H3-B,scheduled_attempts_per_slot,9102,0.2869198312236287
0.70,H3-B,scheduled_attempts_per_slot,9103,0.35350756533700134
0.70,H3-B,scheduled_attempts_per_slot,9104,0.37677053824362605
0.70,H3-B,scheduled_attempts_per_slot,9105,0.3640857447743393
0.70,H3-B,scheduled_attempts_per_slot,9106,0.28282478039759595
0.70,H3-B,scheduled_attempts_per_slot,9107,0.25757575757575757
0.70,H3-B,scheduled_attempts_per_slot,9108,0.380040204763797
0.70,H3-B,p95_queue,9101,2.0
0.70,H3-B,p95_queue,9102,2.0
0.70,H3-B,p95_queue,9103,2.0
0.70,H3-B,p95_queue,9104,6.0
0.70,H3-B,p95_queue,9105,2.0
0.70,H3-B,p95_queue,9106,1.0
0.70,H3-B,p95_queue,9107,2.0
0.70,H3-B,p95_queue,9108,4.0
0.70,H3-B,max_queue,9101,8.0
0.70,H3-B,max_queue,9102,4.0
0.70,H3-B,max_queue,9103,4.0
0.70,H3-B,max_queue,9104,11.0
0.70,H3-B,max_queue,9105,7.0
0.70,H3-B,max_queue,9106,4.0
0.70,H3-B,max_queue,9107,3.0
0.70,H3-B,max_queue,9108,9.0
0.70,H3-B,p95_wait,9101,2.0
0.70,H3-B,p95_wait,9102,1.0
0.70,H3-B,p95_wait,9103,1.0
0.70,H3-B,p95_wait,9104,4.0
0.70,H3-B,p95_wait,9105,1.75
0.70,H3-B,p95_wait,9106,1.0
0.70,H3-B,p95_wait,9107,0.0
0.70,H3-B,p95_wait,9108,3.0
0.70,H3-B,fraction_at_cap2,9101,0.14386459802538787
0.70,H3-B,fraction_at_cap2,9102,0.11251758087201125
0.70,H3-B,fraction_at_cap2,9103,0.14442916093535074
0.70,H3-B,fraction_at_cap2,9104,0.20538243626062322
0.70,H3-B,fraction_at_cap2,9105,0.14380767057937355
0.70,H3-B,fraction_at_cap2,9106,0.10678455848358762
0.70,H3-B,fraction_at_cap2,9107,0.09641873278236913
0.70,H3-B,fraction_at_cap2,9108,0.17322136774113117
0.70,H3-B,mean_residual_cb_prbs,9101,-0.4245416078984485
0.70,H3-B,mean_residual_cb_prbs,9102,-0.3530239099859349
0.70,H3-B,mean_residual_cb_prbs,9103,-0.40715268225584644
0.70,H3-B,mean_residual_cb_prbs,9104,-0.5339943342776206
0.70,H3-B,mean_residual_cb_prbs,9105,-0.4394419684891089
0.70,H3-B,mean_residual_cb_prbs,9106,-0.34937201417783914
0.70,H3-B,mean_residual_cb_prbs,9107,-0.3388429752066111
0.70,H3-B,mean_residual_cb_prbs,9108,-0.4834213786493997
0.70,H3-B,cb_prb_slots,9101,-224.0
0.70,H3-B,cb_prb_slots,9102,-186.0
0.70,H3-B,cb_prb_slots,9103,-183.0
0.70,H3-B,cb_prb_slots,9104,-268.0
0.70,H3-B,cb_prb_slots,9105,-201.0
0.70,H3-B,cb_prb_slots,9106,-172.0
0.70,H3-B,cb_prb_slots,9107,-192.0
0.70,H3-B,cb_prb_slots,9108,-255.0
0.70,H3-H2,correct_delivery_probability,9101,0.0
0.70,H3-H2,correct_delivery_probability,9102,0.0
0.70,H3-H2,correct_delivery_probability,9103,-0.00039999999999995595
0.70,H3-H2,correct_delivery_probability,9104,0.0
0.70,H3-H2,correct_delivery_probability,9105,0.0
0.70,H3-H2,correct_delivery_probability,9106,0.0
0.70,H3-H2,correct_delivery_probability,9107,0.0
0.70,H3-H2,correct_delivery_probability,9108,0.0
0.70,H3-H2,terminal_failure_probability,9101,0.0
0.70,H3-H2,terminal_failure_probability,9102,0.0
0.70,H3-H2,terminal_failure_probability,9103,0.0
0.70,H3-H2,terminal_failure_probability,9104,0.0
0.70,H3-H2,terminal_failure_probability,9105,0.0
0.70,H3-H2,terminal_failure_probability,9106,0.0
0.70,H3-H2,terminal_failure_probability,9107,0.0
0.70,H3-H2,terminal_failure_probability,9108,0.0
0.70,H3-H2,mean_latency,9101,-1.4855999999999998
0.70,H3-H2,mean_latency,9102,-1.3455999999999997
0.70,H3-H2,mean_latency,9103,-0.926521488595438
0.70,H3-H2,mean_latency,9104,-7.193199999999999
0.70,H3-H2,mean_latency,9105,-1.2604000000000002
0.70,H3-H2,mean_latency,9106,-2.132
0.70,H3-H2,mean_latency,9107,-1.9284000000000003
0.70,H3-H2,mean_latency,9108,-2.5176000000000003
0.70,H3-H2,p95_latency,9101,-8.050000000000182
0.70,H3-H2,p95_latency,9102,-7.0
0.70,H3-H2,p95_latency,9103,-5.0
0.70,H3-H2,p95_latency,9104,-29.0
0.70,H3-H2,p95_latency,9105,-6.0
0.70,H3-H2,p95_latency,9106,-10.0
0.70,H3-H2,p95_latency,9107,-8.0
0.70,H3-H2,p95_latency,9108,-17.0
0.70,H3-H2,p99_latency,9101,-10.0
0.70,H3-H2,p99_latency,9102,-9.989999999999782
0.70,H3-H2,p99_latency,9103,-5.0
0.70,H3-H2,p99_latency,9104,-44.01000000000022
0.70,H3-H2,p99_latency,9105,-7.0
0.70,H3-H2,p99_latency,9106,-18.0
0.70,H3-H2,p99_latency,9107,-14.0
0.70,H3-H2,p99_latency,9108,-21.0
0.70,H3-H2,scheduled_attempts_per_packet,9101,-0.2872
0.70,H3-H2,scheduled_attempts_per_packet,9102,-0.28759999999999997
0.70,H3-H2,scheduled_attempts_per_packet,9103,-0.2708
0.70,H3-H2,scheduled_attempts_per_packet,9104,-0.294
0.70,H3-H2,scheduled_attempts_per_packet,9105,-0.2932
0.70,H3-H2,scheduled_attempts_per_packet,9106,-0.3076
0.70,H3-H2,scheduled_attempts_per_packet,9107,-0.3036
0.70,H3-H2,scheduled_attempts_per_packet,9108,-0.2632
0.70,H3-H2,mean_queue,9101,-7.788189886715089
0.70,H3-H2,mean_queue,9102,-7.29957805907173
0.70,H3-H2,mean_queue,9103,-5.4668274575568585
0.70,H3-H2,mean_queue,9104,-29.32522050107488
0.70,H3-H2,mean_queue,9105,-8.35903230847365
0.70,H3-H2,mean_queue,9106,-8.750195609546129
0.70,H3-H2,mean_queue,9107,-8.40751618880107
0.70,H3-H2,mean_queue,9108,-12.469126319056485
0.70,H3-H2,mean_wait,9101,-3.635680812858582
0.70,H3-H2,mean_wait,9102,-3.367512693871614
0.70,H3-H2,mean_wait,9103,-2.520742945814992
0.70,H3-H2,mean_wait,9104,-15.607834101382489
0.70,H3-H2,mean_wait,9105,-2.9710350007510886
0.70,H3-H2,mean_wait,9106,-5.005899997066503
0.70,H3-H2,mean_wait,9107,-4.527902827427251
0.70,H3-H2,mean_wait,9108,-6.062380952380953
0.70,H3-H2,scheduled_prb_slots,9101,-718.0
0.70,H3-H2,scheduled_prb_slots,9102,-719.0
0.70,H3-H2,scheduled_prb_slots,9103,-677.0
0.70,H3-H2,scheduled_prb_slots,9104,-735.0
0.70,H3-H2,scheduled_prb_slots,9105,-733.0
0.70,H3-H2,scheduled_prb_slots,9106,-769.0
0.70,H3-H2,scheduled_prb_slots,9107,-759.0
0.70,H3-H2,scheduled_prb_slots,9108,-658.0
0.70,H3-H2,total_occupied_prb_slots,9101,-297.0
0.70,H3-H2,total_occupied_prb_slots,9102,-285.0
0.70,H3-H2,total_occupied_prb_slots,9103,-219.0
0.70,H3-H2,total_occupied_prb_slots,9104,-276.0
0.70,H3-H2,total_occupied_prb_slots,9105,-326.0
0.70,H3-H2,total_occupied_prb_slots,9106,-307.0
0.70,H3-H2,total_occupied_prb_slots,9107,-312.0
0.70,H3-H2,total_occupied_prb_slots,9108,-298.0
0.70,H3-H2,rlc_retransmissions_per_packet,9101,0.0084
0.70,H3-H2,rlc_retransmissions_per_packet,9102,0.0056
0.70,H3-H2,rlc_retransmissions_per_packet,9103,0.0072
0.70,H3-H2,rlc_retransmissions_per_packet,9104,0.0068
0.70,H3-H2,rlc_retransmissions_per_packet,9105,0.0076
0.70,H3-H2,rlc_retransmissions_per_packet,9106,0.0016
0.70,H3-H2,rlc_retransmissions_per_packet,9107,0.0064
0.70,H3-H2,rlc_retransmissions_per_packet,9108,0.0063999999999999994
0.70,H3-H2,first_scheduled_success_probability,9101,0.03483162695583142
0.70,H3-H2,first_scheduled_success_probability,9102,0.03223696314315505
0.70,H3-H2,first_scheduled_success_probability,9103,0.012344320145156629
0.70,H3-H2,first_scheduled_success_probability,9104,0.04633339817156201
0.70,H3-H2,first_scheduled_success_probability,9105,0.03535027407010616
0.70,H3-H2,first_scheduled_success_probability,9106,0.07482016846925355
0.70,H3-H2,first_scheduled_success_probability,9107,0.04376798848736807
0.70,H3-H2,first_scheduled_success_probability,9108,0.04700370313006008
0.70,H3-H2,scheduled_attempts_per_rescued_packet,9101,-0.0047693363290235435
0.70,H3-H2,scheduled_attempts_per_rescued_packet,9102,-0.006905292422167308
0.70,H3-H2,scheduled_attempts_per_rescued_packet,9103,0.019395358455575717
0.70,H3-H2,scheduled_attempts_per_rescued_packet,9104,-0.017927770213317817
0.70,H3-H2,scheduled_attempts_per_rescued_packet,9105,0.006607767887935712
0.70,H3-H2,scheduled_attempts_per_rescued_packet,9106,-0.06432928392024184
0.70,H3-H2,scheduled_attempts_per_rescued_packet,9107,0.004824912056283992
0.70,H3-H2,scheduled_attempts_per_rescued_packet,9108,-0.013650891989693381
0.70,H3-H2,rescue_admission_rate,9101,0.0
0.70,H3-H2,rescue_admission_rate,9102,0.0
0.70,H3-H2,rescue_admission_rate,9103,0.0
0.70,H3-H2,rescue_admission_rate,9104,0.0
0.70,H3-H2,rescue_admission_rate,9105,0.0
0.70,H3-H2,rescue_admission_rate,9106,0.0
0.70,H3-H2,rescue_admission_rate,9107,0.0
0.70,H3-H2,rescue_admission_rate,9108,0.0
0.70,H3-H2,eligible_stage_population,9101,-645.0
0.70,H3-H2,eligible_stage_population,9102,-658.0
0.70,H3-H2,eligible_stage_population,9103,-613.0
0.70,H3-H2,eligible_stage_population,9104,-652.0
0.70,H3-H2,eligible_stage_population,9105,-667.0
0.70,H3-H2,eligible_stage_population,9106,-677.0
0.70,H3-H2,eligible_stage_population,9107,-679.0
0.70,H3-H2,eligible_stage_population,9108,-583.0
0.70,H3-H2,rescue_trigger_to_first_tx_mean,9101,-3.6094626592581633
0.70,H3-H2,rescue_trigger_to_first_tx_mean,9102,-3.3411884952676876
0.70,H3-H2,rescue_trigger_to_first_tx_mean,9103,-2.5549240529128063
0.70,H3-H2,rescue_trigger_to_first_tx_mean,9104,-15.636406665369902
0.70,H3-H2,rescue_trigger_to_first_tx_mean,9105,-3.0365096603291777
0.70,H3-H2,rescue_trigger_to_first_tx_mean,9106,-4.999713807302612
0.70,H3-H2,rescue_trigger_to_first_tx_mean,9107,-4.475319795330988
0.70,H3-H2,rescue_trigger_to_first_tx_mean,9108,-6.15327860773574
0.70,H3-H2,phy_attempts_per_packet,9101,0.10040000000000004
0.70,H3-H2,phy_attempts_per_packet,9102,0.034800000000000164
0.70,H3-H2,phy_attempts_per_packet,9103,0.11800000000000033
0.70,H3-H2,phy_attempts_per_packet,9104,0.05679999999999996
0.70,H3-H2,phy_attempts_per_packet,9105,0.05160000000000009
0.70,H3-H2,phy_attempts_per_packet,9106,0.009599999999999831
0.70,H3-H2,phy_attempts_per_packet,9107,0.03200000000000003
0.70,H3-H2,phy_attempts_per_packet,9108,0.10119999999999996
0.70,H3-H2,harq_episodes_per_packet,9101,0.008400000000000185
0.70,H3-H2,harq_episodes_per_packet,9102,0.005600000000000049
0.70,H3-H2,harq_episodes_per_packet,9103,0.007200000000000095
0.70,H3-H2,harq_episodes_per_packet,9104,0.006799999999999917
0.70,H3-H2,harq_episodes_per_packet,9105,0.007600000000000051
0.70,H3-H2,harq_episodes_per_packet,9106,0.0016000000000000458
0.70,H3-H2,harq_episodes_per_packet,9107,0.006399999999999961
0.70,H3-H2,harq_episodes_per_packet,9108,0.006399999999999961
0.70,H3-H2,final_harq_failure_probability,9101,0.0084
0.70,H3-H2,final_harq_failure_probability,9102,0.0056
0.70,H3-H2,final_harq_failure_probability,9103,0.0072
0.70,H3-H2,final_harq_failure_probability,9104,0.0068
0.70,H3-H2,final_harq_failure_probability,9105,0.0076
0.70,H3-H2,final_harq_failure_probability,9106,0.0016
0.70,H3-H2,final_harq_failure_probability,9107,0.0064
0.70,H3-H2,final_harq_failure_probability,9108,0.0063999999999999994
0.70,H3-H2,cb_attempts_per_slot,9101,1.4715750925782825
0.70,H3-H2,cb_attempts_per_slot,9102,1.133614627285513
0.70,H3-H2,cb_attempts_per_slot,9103,1.3621393981647225
0.70,H3-H2,cb_attempts_per_slot,9104,1.2332047495630158
0.70,H3-H2,cb_attempts_per_slot,9105,1.1952084228620539
0.70,H3-H2,cb_attempts_per_slot,9106,1.1338141470180307
0.70,H3-H2,cb_attempts_per_slot,9107,1.214024782113583
0.70,H3-H2,cb_attempts_per_slot,9108,1.306525450031037
0.70,H3-H2,cb_overlap_probability,9101,-0.030442177454284014
0.70,H3-H2,cb_overlap_probability,9102,-0.05358022922065775
0.70,H3-H2,cb_overlap_probability,9103,-0.029469824831318325
0.70,H3-H2,cb_overlap_probability,9104,-0.03378715116068165
0.70,H3-H2,cb_overlap_probability,9105,-0.013087781260295195
0.70,H3-H2,cb_overlap_probability,9106,-0.03323810408634109
0.70,H3-H2,cb_overlap_probability,9107,-0.01966254071661233
0.70,H3-H2,cb_overlap_probability,9108,-0.012865448101101684
0.70,H3-H2,scheduled_attempts_per_slot,9101,-0.9877638212089853
0.70,H3-H2,scheduled_attempts_per_slot,9102,-1.0112517580872011
0.70,H3-H2,scheduled_attempts_per_slot,9103,-0.925339639351058
0.70,H3-H2,scheduled_attempts_per_slot,9104,-1.043256383983284
0.70,H3-H2,scheduled_attempts_per_slot,9105,-1.0257940383638708
0.70,H3-H2,scheduled_attempts_per_slot,9106,-1.0586694724759673
0.70,H3-H2,scheduled_attempts_per_slot,9107,-1.0315507800314945
0.70,H3-H2,scheduled_attempts_per_slot,9108,-0.9111731843575418
0.70,H3-H2,p95_queue,9101,-21.0
0.70,H3-H2,p95_queue,9102,-21.0
0.70,H3-H2,p95_queue,9103,-13.0
0.70,H3-H2,p95_queue,9104,-54.0
0.70,H3-H2,p95_queue,9105,-20.0
0.70,H3-H2,p95_queue,9106,-25.0
0.70,H3-H2,p95_queue,9107,-19.399999999999977
0.70,H3-H2,p95_queue,9108,-43.0
0.70,H3-H2,max_queue,9101,-17.0
0.70,H3-H2,max_queue,9102,-22.0
0.70,H3-H2,max_queue,9103,-13.0
0.70,H3-H2,max_queue,9104,-55.0
0.70,H3-H2,max_queue,9105,-21.0
0.70,H3-H2,max_queue,9106,-26.0
0.70,H3-H2,max_queue,9107,-29.0
0.70,H3-H2,max_queue,9108,-45.0
0.70,H3-H2,p95_wait,9101,-9.0
0.70,H3-H2,p95_wait,9102,-11.0
0.70,H3-H2,p95_wait,9103,-6.0
0.70,H3-H2,p95_wait,9104,-25.0
0.70,H3-H2,p95_wait,9105,-7.5499999999999545
0.70,H3-H2,p95_wait,9106,-12.0
0.70,H3-H2,p95_wait,9107,-10.0
0.70,H3-H2,p95_wait,9108,-21.0
0.70,H3-H2,fraction_at_cap2,9101,-0.6614442016553563
0.70,H3-H2,fraction_at_cap2,9102,-0.6835443037974684
0.70,H3-H2,fraction_at_cap2,9103,-0.6252981854496806
0.70,H3-H2,fraction_at_cap2,9104,-0.6826010085789485
0.70,H3-H2,fraction_at_cap2,9105,-0.7065066218697503
0.70,H3-H2,fraction_at_cap2,9106,-0.6669510737003204
0.70,H3-H2,fraction_at_cap2,9107,-0.6699382514215704
0.70,H3-H2,fraction_at_cap2,9108,-0.619723774053383
0.70,H3-H2,mean_residual_cb_prbs,9101,1.1943058242646067
0.70,H3-H2,mean_residual_cb_prbs,9102,1.2180028129395222
0.70,H3-H2,mean_residual_cb_prbs,9103,1.1373970718471478
0.70,H3-H2,mean_residual_cb_prbs,9104,1.192451730858095
0.70,H3-H2,mean_residual_cb_prbs,9105,1.2608801812712427
0.70,H3-H2,mean_residual_cb_prbs,9106,1.2237122770099003
0.70,H3-H2,mean_residual_cb_prbs,9107,1.1984598559074557
0.70,H3-H2,mean_residual_cb_prbs,9108,1.1243715083798884
0.70,H3-H2,cb_prb_slots,9101,571.0
0.70,H3-H2,cb_prb_slots,9102,581.0
0.70,H3-H2,cb_prb_slots,9103,613.0
0.70,H3-H2,cb_prb_slots,9104,564.0
0.70,H3-H2,cb_prb_slots,9105,575.0
0.70,H3-H2,cb_prb_slots,9106,582.0
0.70,H3-H2,cb_prb_slots,9107,570.0
0.70,H3-H2,cb_prb_slots,9108,514.0
0.70,H2-F2,correct_delivery_probability,9101,0.0
0.70,H2-F2,correct_delivery_probability,9102,0.0
0.70,H2-F2,correct_delivery_probability,9103,0.0
0.70,H2-F2,correct_delivery_probability,9104,0.0
0.70,H2-F2,correct_delivery_probability,9105,0.0
0.70,H2-F2,correct_delivery_probability,9106,0.0
0.70,H2-F2,correct_delivery_probability,9107,0.0
0.70,H2-F2,correct_delivery_probability,9108,0.0
0.70,H2-F2,terminal_failure_probability,9101,0.0
0.70,H2-F2,terminal_failure_probability,9102,0.0
0.70,H2-F2,terminal_failure_probability,9103,0.0
0.70,H2-F2,terminal_failure_probability,9104,0.0
0.70,H2-F2,terminal_failure_probability,9105,0.0
0.70,H2-F2,terminal_failure_probability,9106,0.0
0.70,H2-F2,terminal_failure_probability,9107,0.0
0.70,H2-F2,terminal_failure_probability,9108,0.0
0.70,H2-F2,mean_latency,9101,-69.7592
0.70,H2-F2,mean_latency,9102,-44.971199999999996
0.70,H2-F2,mean_latency,9103,-46.7776
0.70,H2-F2,mean_latency,9104,-63.4644
0.70,H2-F2,mean_latency,9105,-48.484
0.70,H2-F2,mean_latency,9106,-46.1492
0.70,H2-F2,mean_latency,9107,-42.3924
0.70,H2-F2,mean_latency,9108,-49.6268
0.70,H2-F2,p95_latency,9101,-264.9499999999998
0.70,H2-F2,p95_latency,9102,-202.0
0.70,H2-F2,p95_latency,9103,-196.0
0.70,H2-F2,p95_latency,9104,-242.0
0.70,H2-F2,p95_latency,9105,-200.05000000000018
0.70,H2-F2,p95_latency,9106,-203.0
0.70,H2-F2,p95_latency,9107,-174.0
0.70,H2-F2,p95_latency,9108,-187.0
0.70,H2-F2,p99_latency,9101,-350.0500000000011
0.70,H2-F2,p99_latency,9102,-251.03000000000065
0.70,H2-F2,p99_latency,9103,-265.1200000000026
0.70,H2-F2,p99_latency,9104,-315.0100000000002
0.70,H2-F2,p99_latency,9105,-260.02000000000044
0.70,H2-F2,p99_latency,9106,-232.01000000000022
0.70,H2-F2,p99_latency,9107,-237.04000000000087
0.70,H2-F2,p99_latency,9108,-234.04000000000087
0.70,H2-F2,scheduled_attempts_per_packet,9101,-0.18039999999999995
0.70,H2-F2,scheduled_attempts_per_packet,9102,-0.16400000000000003
0.70,H2-F2,scheduled_attempts_per_packet,9103,-0.1896
0.70,H2-F2,scheduled_attempts_per_packet,9104,-0.16560000000000002
0.70,H2-F2,scheduled_attempts_per_packet,9105,-0.15999999999999998
0.70,H2-F2,scheduled_attempts_per_packet,9106,-0.17999999999999994
0.70,H2-F2,scheduled_attempts_per_packet,9107,-0.16519999999999996
0.70,H2-F2,scheduled_attempts_per_packet,9108,-0.15880000000000005
0.70,H2-F2,mean_queue,9101,-169.63151850314054
0.70,H2-F2,mean_queue,9102,-119.85840623749984
0.70,H2-F2,mean_queue,9103,-117.32031637670481
0.70,H2-F2,mean_queue,9104,-149.98827872493607
0.70,H2-F2,mean_queue,9105,-123.16432780702442
0.70,H2-F2,mean_queue,9106,-118.95523915461624
0.70,H2-F2,mean_queue,9107,-109.27260102975423
0.70,H2-F2,mean_queue,9108,-133.02435227416697
0.70,H2-F2,mean_wait,9101,-99.8864990546463
0.70,H2-F2,mean_wait,9102,-70.11947523896171
0.70,H2-F2,mean_wait,9103,-68.78303611340961
0.70,H2-F2,mean_wait,9104,-88.21064488460817
0.70,H2-F2,mean_wait,9105,-72.7961247947455
0.70,H2-F2,mean_wait,9106,-69.49509869518303
0.70,H2-F2,mean_wait,9107,-63.737604180745144
0.70,H2-F2,mean_wait,9108,-77.66981020166072
0.70,H2-F2,scheduled_prb_slots,9101,-451.0
0.70,H2-F2,scheduled_prb_slots,9102,-410.0
0.70,H2-F2,scheduled_prb_slots,9103,-474.0
0.70,H2-F2,scheduled_prb_slots,9104,-414.0
0.70,H2-F2,scheduled_prb_slots,9105,-400.0
0.70,H2-F2,scheduled_prb_slots,9106,-450.0
0.70,H2-F2,scheduled_prb_slots,9107,-413.0
0.70,H2-F2,scheduled_prb_slots,9108,-397.0
0.70,H2-F2,total_occupied_prb_slots,9101,-568.0
0.70,H2-F2,total_occupied_prb_slots,9102,-474.0
0.70,H2-F2,total_occupied_prb_slots,9103,-523.0
0.70,H2-F2,total_occupied_prb_slots,9104,-519.0
0.70,H2-F2,total_occupied_prb_slots,9105,-455.0
0.70,H2-F2,total_occupied_prb_slots,9106,-515.0
0.70,H2-F2,total_occupied_prb_slots,9107,-454.0
0.70,H2-F2,total_occupied_prb_slots,9108,-468.0
0.70,H2-F2,rlc_retransmissions_per_packet,9101,0.0008
0.70,H2-F2,rlc_retransmissions_per_packet,9102,0.0004
0.70,H2-F2,rlc_retransmissions_per_packet,9103,0.004
0.70,H2-F2,rlc_retransmissions_per_packet,9104,0.0012000000000000001
0.70,H2-F2,rlc_retransmissions_per_packet,9105,0.0
0.70,H2-F2,rlc_retransmissions_per_packet,9106,0.0016
0.70,H2-F2,rlc_retransmissions_per_packet,9107,0.0012
0.70,H2-F2,rlc_retransmissions_per_packet,9108,0.002
0.70,H2-F2,first_scheduled_success_probability,9101,0.38554912547561293
0.70,H2-F2,first_scheduled_success_probability,9102,0.3837693599421863
0.70,H2-F2,first_scheduled_success_probability,9103,0.3912258115368953
0.70,H2-F2,first_scheduled_success_probability,9104,0.379840703985612
0.70,H2-F2,first_scheduled_success_probability,9105,0.3971477834279513
0.70,H2-F2,first_scheduled_success_probability,9106,0.39237894746403956
0.70,H2-F2,first_scheduled_success_probability,9107,0.37190231935771634
0.70,H2-F2,first_scheduled_success_probability,9108,0.36536796223092616
0.70,H2-F2,scheduled_attempts_per_rescued_packet,9101,-0.44730877454550155
0.70,H2-F2,scheduled_attempts_per_rescued_packet,9102,-0.43102105984664485
0.70,H2-F2,scheduled_attempts_per_rescued_packet,9103,-0.43451872676396786
0.70,H2-F2,scheduled_attempts_per_rescued_packet,9104,-0.43803727612379695
0.70,H2-F2,scheduled_attempts_per_rescued_packet,9105,-0.4473614586416266
0.70,H2-F2,scheduled_attempts_per_rescued_packet,9106,-0.45239766002189197
0.70,H2-F2,scheduled_attempts_per_rescued_packet,9107,-0.42766503122212307
0.70,H2-F2,scheduled_attempts_per_rescued_packet,9108,-0.40426991505823207
0.70,H2-F2,rescue_admission_rate,9101,0.0
0.70,H2-F2,rescue_admission_rate,9102,0.0
0.70,H2-F2,rescue_admission_rate,9103,0.0
0.70,H2-F2,rescue_admission_rate,9104,0.0
0.70,H2-F2,rescue_admission_rate,9105,0.0
0.70,H2-F2,rescue_admission_rate,9106,0.0
0.70,H2-F2,rescue_admission_rate,9107,0.0
0.70,H2-F2,rescue_admission_rate,9108,0.0
0.70,H2-F2,eligible_stage_population,9101,-15.0
0.70,H2-F2,eligible_stage_population,9102,-8.0
0.70,H2-F2,eligible_stage_population,9103,-44.0
0.70,H2-F2,eligible_stage_population,9104,7.0
0.70,H2-F2,eligible_stage_population,9105,17.0
0.70,H2-F2,eligible_stage_population,9106,-19.0
0.70,H2-F2,eligible_stage_population,9107,-6.0
0.70,H2-F2,eligible_stage_population,9108,-22.0
0.70,H2-F2,rescue_trigger_to_first_tx_mean,9101,-98.33378542588626
0.70,H2-F2,rescue_trigger_to_first_tx_mean,9102,-69.02646649125522
0.70,H2-F2,rescue_trigger_to_first_tx_mean,9103,-67.62674557612222
0.70,H2-F2,rescue_trigger_to_first_tx_mean,9104,-87.7117780561176
0.70,H2-F2,rescue_trigger_to_first_tx_mean,9105,-71.517200518381
0.70,H2-F2,rescue_trigger_to_first_tx_mean,9106,-68.62284998614726
0.70,H2-F2,rescue_trigger_to_first_tx_mean,9107,-63.355544157002676
0.70,H2-F2,rescue_trigger_to_first_tx_mean,9108,-77.35984004425232
0.70,H2-F2,phy_attempts_per_packet,9101,-0.17800000000000038
0.70,H2-F2,phy_attempts_per_packet,9102,-0.16720000000000024
0.70,H2-F2,phy_attempts_per_packet,9103,-0.2008000000000001
0.70,H2-F2,phy_attempts_per_packet,9104,-0.15480000000000027
0.70,H2-F2,phy_attempts_per_packet,9105,-0.16159999999999997
0.70,H2-F2,phy_attempts_per_packet,9106,-0.19720000000000004
0.70,H2-F2,phy_attempts_per_packet,9107,-0.16080000000000005
0.70,H2-F2,phy_attempts_per_packet,9108,-0.15839999999999987
0.70,H2-F2,harq_episodes_per_packet,9101,-0.38760000000000017
0.70,H2-F2,harq_episodes_per_packet,9102,-0.3720000000000001
0.70,H2-F2,harq_episodes_per_packet,9103,-0.3872
0.70,H2-F2,harq_episodes_per_packet,9104,-0.3839999999999999
0.70,H2-F2,harq_episodes_per_packet,9105,-0.37440000000000007
0.70,H2-F2,harq_episodes_per_packet,9106,-0.37759999999999994
0.70,H2-F2,harq_episodes_per_packet,9107,-0.3787999999999998
0.70,H2-F2,harq_episodes_per_packet,9108,-0.36640000000000006
0.70,H2-F2,final_harq_failure_probability,9101,0.0008
0.70,H2-F2,final_harq_failure_probability,9102,0.0004
0.70,H2-F2,final_harq_failure_probability,9103,0.004
0.70,H2-F2,final_harq_failure_probability,9104,0.0012000000000000001
0.70,H2-F2,final_harq_failure_probability,9105,0.0
0.70,H2-F2,final_harq_failure_probability,9106,0.0016
0.70,H2-F2,final_harq_failure_probability,9107,0.0012
0.70,H2-F2,final_harq_failure_probability,9108,0.002
0.70,H2-F2,cb_attempts_per_slot,9101,1.4598929300246475
0.70,H2-F2,cb_attempts_per_slot,9102,1.1438083072039644
0.70,H2-F2,cb_attempts_per_slot,9103,1.1795964091845486
0.70,H2-F2,cb_attempts_per_slot,9104,1.5464316897201416
0.70,H2-F2,cb_attempts_per_slot,9105,1.2206568712186687
0.70,H2-F2,cb_attempts_per_slot,9106,1.1366852057842047
0.70,H2-F2,cb_attempts_per_slot,9107,1.1026686932132055
0.70,H2-F2,cb_attempts_per_slot,9108,1.096390789306981
0.70,H2-F2,cb_overlap_probability,9101,0.005782668150906112
0.70,H2-F2,cb_overlap_probability,9102,-0.006380785554364166
0.70,H2-F2,cb_overlap_probability,9103,-0.019178369551361207
0.70,H2-F2,cb_overlap_probability,9104,0.007674202613919046
0.70,H2-F2,cb_overlap_probability,9105,-0.0054502018418846054
0.70,H2-F2,cb_overlap_probability,9106,-0.0226613572386839
0.70,H2-F2,cb_overlap_probability,9107,-0.017890760425184005
0.70,H2-F2,cb_overlap_probability,9108,0.007126383110720669
0.70,H2-F2,scheduled_attempts_per_slot,9101,-0.1332028822907556
0.70,H2-F2,scheduled_attempts_per_slot,9102,-0.20894463154363296
0.70,H2-F2,scheduled_attempts_per_slot,9103,-0.23698028660361192
0.70,H2-F2,scheduled_attempts_per_slot,9104,-0.07978340456167765
0.70,H2-F2,scheduled_attempts_per_slot,9105,-0.16068201461459886
0.70,H2-F2,scheduled_attempts_per_slot,9106,-0.2247830923248053
0.70,H2-F2,scheduled_attempts_per_slot,9107,-0.2022762024226996
0.70,H2-F2,scheduled_attempts_per_slot,9108,-0.2020524515393387
0.70,H2-F2,p95_queue,9101,-283.95000000000005
0.70,H2-F2,p95_queue,9102,-207.0
0.70,H2-F2,p95_queue,9103,-215.5
0.70,H2-F2,p95_queue,9104,-233.75
0.70,H2-F2,p95_queue,9105,-218.0
0.70,H2-F2,p95_queue,9106,-224.0
0.70,H2-F2,p95_queue,9107,-185.60000000000002
0.70,H2-F2,p95_queue,9108,-179.0
0.70,H2-F2,max_queue,9101,-308.0
0.70,H2-F2,max_queue,9102,-209.0
0.70,H2-F2,max_queue,9103,-236.0
0.70,H2-F2,max_queue,9104,-239.0
0.70,H2-F2,max_queue,9105,-227.0
0.70,H2-F2,max_queue,9106,-232.0
0.70,H2-F2,max_queue,9107,-195.0
0.70,H2-F2,max_queue,9108,-176.0
0.70,H2-F2,p95_wait,9101,-145.0
0.70,H2-F2,p95_wait,9102,-103.0
0.70,H2-F2,p95_wait,9103,-108.0
0.70,H2-F2,p95_wait,9104,-117.0
0.70,H2-F2,p95_wait,9105,-111.45000000000005
0.70,H2-F2,p95_wait,9106,-112.0
0.70,H2-F2,p95_wait,9107,-94.0
0.70,H2-F2,p95_wait,9108,-88.0
0.70,H2-F2,fraction_at_cap2,9101,-0.1530458698846554
0.70,H2-F2,fraction_at_cap2,9102,-0.16741345049613543
0.70,H2-F2,fraction_at_cap2,9103,-0.18847871524592874
0.70,H2-F2,fraction_at_cap2,9104,-0.07072897997947403
0.70,H2-F2,fraction_at_cap2,9105,-0.12440480867447157
0.70,H2-F2,fraction_at_cap2,9106,-0.1990211345939933
0.70,H2-F2,fraction_at_cap2,9107,-0.17408156849818857
0.70,H2-F2,fraction_at_cap2,9108,-0.17257379956923857
0.70,H2-F2,mean_residual_cb_prbs,9101,0.21218907450433022
0.70,H2-F2,mean_residual_cb_prbs,9102,0.2566920218325395
0.70,H2-F2,mean_residual_cb_prbs,9103,0.2805226831872245
0.70,H2-F2,mean_residual_cb_prbs,9104,0.10639982843925733
0.70,H2-F2,mean_residual_cb_prbs,9105,0.17945313113852457
0.70,H2-F2,mean_residual_cb_prbs,9106,0.292992213570634
0.70,H2-F2,mean_residual_cb_prbs,9107,0.2616137292423959
0.70,H2-F2,mean_residual_cb_prbs,9108,0.24881698973774213
0.70,H2-F2,cb_prb_slots,9101,23.0
0.70,H2-F2,cb_prb_slots,9102,27.0
0.70,H2-F2,cb_prb_slots,9103,41.0
0.70,H2-F2,cb_prb_slots,9104,-7.0
0.70,H2-F2,cb_prb_slots,9105,18.0
0.70,H2-F2,cb_prb_slots,9106,40.0
0.70,H2-F2,cb_prb_slots,9107,54.0
0.70,H2-F2,cb_prb_slots,9108,23.0
0.70,H3-F3,correct_delivery_probability,9101,0.0
0.70,H3-F3,correct_delivery_probability,9102,0.0
0.70,H3-F3,correct_delivery_probability,9103,-0.00039999999999995595
0.70,H3-F3,correct_delivery_probability,9104,0.0
0.70,H3-F3,correct_delivery_probability,9105,0.00039999999999995595
0.70,H3-F3,correct_delivery_probability,9106,0.0
0.70,H3-F3,correct_delivery_probability,9107,0.0
0.70,H3-F3,correct_delivery_probability,9108,0.0
0.70,H3-F3,terminal_failure_probability,9101,0.0
0.70,H3-F3,terminal_failure_probability,9102,0.0
0.70,H3-F3,terminal_failure_probability,9103,0.0
0.70,H3-F3,terminal_failure_probability,9104,0.0
0.70,H3-F3,terminal_failure_probability,9105,0.0
0.70,H3-F3,terminal_failure_probability,9106,0.0
0.70,H3-F3,terminal_failure_probability,9107,0.0
0.70,H3-F3,terminal_failure_probability,9108,0.0
0.70,H3-F3,mean_latency,9101,-0.36160000000000014
0.70,H3-F3,mean_latency,9102,-0.41080000000000005
0.70,H3-F3,mean_latency,9103,-0.5033214885954385
0.70,H3-F3,mean_latency,9104,-1.9648000000000003
0.70,H3-F3,mean_latency,9105,-0.4484068827531016
0.70,H3-F3,mean_latency,9106,-0.7003999999999997
0.70,H3-F3,mean_latency,9107,-0.52
0.70,H3-F3,mean_latency,9108,-0.9095999999999997
0.70,H3-F3,p95_latency,9101,-2.0
0.70,H3-F3,p95_latency,9102,-2.0
0.70,H3-F3,p95_latency,9103,-3.0
0.70,H3-F3,p95_latency,9104,-15.0
0.70,H3-F3,p95_latency,9105,-2.0
0.70,H3-F3,p95_latency,9106,-4.0
0.70,H3-F3,p95_latency,9107,-3.0
0.70,H3-F3,p95_latency,9108,-5.0
0.70,H3-F3,p99_latency,9101,-3.0
0.70,H3-F3,p99_latency,9102,-4.989999999999782
0.70,H3-F3,p99_latency,9103,-6.0
0.70,H3-F3,p99_latency,9104,-36.0
0.70,H3-F3,p99_latency,9105,-5.0
0.70,H3-F3,p99_latency,9106,-12.010000000000218
0.70,H3-F3,p99_latency,9107,-7.0
0.70,H3-F3,p99_latency,9108,-19.01000000000022
0.70,H3-F3,scheduled_attempts_per_packet,9101,-0.08560000000000001
0.70,H3-F3,scheduled_attempts_per_packet,9102,-0.0868
0.70,H3-F3,scheduled_attempts_per_packet,9103,-0.10119999999999998
0.70,H3-F3,scheduled_attempts_per_packet,9104,-0.10879999999999998
0.70,H3-F3,scheduled_attempts_per_packet,9105,-0.0872
0.70,H3-F3,scheduled_attempts_per_packet,9106,-0.11000000000000001
0.70,H3-F3,scheduled_attempts_per_packet,9107,-0.096
0.70,H3-F3,scheduled_attempts_per_packet,9108,-0.09439999999999998
0.70,H3-F3,mean_queue,9101,-0.9104647371047142
0.70,H3-F3,mean_queue,9102,-1.2704130444645652
0.70,H3-F3,mean_queue,9103,-1.0860055397486388
0.70,H3-F3,mean_queue,9104,-8.024079320113314
0.70,H3-F3,mean_queue,9105,-0.9361571444220146
0.70,H3-F3,mean_queue,9106,-1.6373188711197615
0.70,H3-F3,mean_queue,9107,-1.0858143773612072
0.70,H3-F3,mean_queue,9108,-2.7959230257354646
0.70,H3-F3,mean_wait,9101,-0.3690505959823289
0.70,H3-F3,mean_wait,9102,-0.46859272164150223
0.70,H3-F3,mean_wait,9103,-0.669697401464014
0.70,H3-F3,mean_wait,9104,-5.7623794212218655
0.70,H3-F3,mean_wait,9105,-0.46806214805861024
0.70,H3-F3,mean_wait,9106,-1.5028602350030924
0.70,H3-F3,mean_wait,9107,-0.7833761632693796
0.70,H3-F3,mean_wait,9108,-2.2242125792296443
0.70,H3-F3,scheduled_prb_slots,9101,-214.0
0.70,H3-F3,scheduled_prb_slots,9102,-217.0
0.70,H3-F3,scheduled_prb_slots,9103,-253.0
0.70,H3-F3,scheduled_prb_slots,9104,-272.0
0.70,H3-F3,scheduled_prb_slots,9105,-218.0
0.70,H3-F3,scheduled_prb_slots,9106,-275.0
0.70,H3-F3,scheduled_prb_slots,9107,-240.0
0.70,H3-F3,scheduled_prb_slots,9108,-236.0
0.70,H3-F3,total_occupied_prb_slots,9101,-154.0
0.70,H3-F3,total_occupied_prb_slots,9102,-214.0
0.70,H3-F3,total_occupied_prb_slots,9103,-144.0
0.70,H3-F3,total_occupied_prb_slots,9104,-165.0
0.70,H3-F3,total_occupied_prb_slots,9105,-167.0
0.70,H3-F3,total_occupied_prb_slots,9106,-197.0
0.70,H3-F3,total_occupied_prb_slots,9107,-168.0
0.70,H3-F3,total_occupied_prb_slots,9108,-187.0
0.70,H3-F3,rlc_retransmissions_per_packet,9101,0.0092
0.70,H3-F3,rlc_retransmissions_per_packet,9102,0.006
0.70,H3-F3,rlc_retransmissions_per_packet,9103,0.0112
0.70,H3-F3,rlc_retransmissions_per_packet,9104,0.0084
0.70,H3-F3,rlc_retransmissions_per_packet,9105,0.0076
0.70,H3-F3,rlc_retransmissions_per_packet,9106,0.0032
0.70,H3-F3,rlc_retransmissions_per_packet,9107,0.0076
0.70,H3-F3,rlc_retransmissions_per_packet,9108,0.0084
0.70,H3-F3,first_scheduled_success_probability,9101,0.42465225841700327
0.70,H3-F3,first_scheduled_success_probability,9102,0.4309738661666471
0.70,H3-F3,first_scheduled_success_probability,9103,0.41536325924491146
0.70,H3-F3,first_scheduled_success_probability,9104,0.3915893827950112
0.70,H3-F3,first_scheduled_success_probability,9105,0.4081427047528742
0.70,H3-F3,first_scheduled_success_probability,9106,0.5087945087945087
0.70,H3-F3,first_scheduled_success_probability,9107,0.44747592809038794
0.70,H3-F3,first_scheduled_success_probability,9108,0.4061291601943352
0.70,H3-F3,scheduled_attempts_per_rescued_packet,9101,-0.4482082239876757
0.70,H3-F3,scheduled_attempts_per_rescued_packet,9102,-0.4821985233798196
0.70,H3-F3,scheduled_attempts_per_rescued_packet,9103,-0.4644892095620874
0.70,H3-F3,scheduled_attempts_per_rescued_packet,9104,-0.4054243379475231
0.70,H3-F3,scheduled_attempts_per_rescued_packet,9105,-0.40290782663664015
0.70,H3-F3,scheduled_attempts_per_rescued_packet,9106,-0.570999570999571
0.70,H3-F3,scheduled_attempts_per_rescued_packet,9107,-0.46249234708075915
0.70,H3-F3,scheduled_attempts_per_rescued_packet,9108,-0.42243117295171384
0.70,H3-F3,rescue_admission_rate,9101,0.0
0.70,H3-F3,rescue_admission_rate,9102,0.0
0.70,H3-F3,rescue_admission_rate,9103,0.0
0.70,H3-F3,rescue_admission_rate,9104,0.0
0.70,H3-F3,rescue_admission_rate,9105,0.0
0.70,H3-F3,rescue_admission_rate,9106,0.0
0.70,H3-F3,rescue_admission_rate,9107,0.0
0.70,H3-F3,rescue_admission_rate,9108,0.0
0.70,H3-F3,eligible_stage_population,9101,-48.0
0.70,H3-F3,eligible_stage_population,9102,-57.0
0.70,H3-F3,eligible_stage_population,9103,-65.0
0.70,H3-F3,eligible_stage_population,9104,-95.0
0.70,H3-F3,eligible_stage_population,9105,-68.0
0.70,H3-F3,eligible_stage_population,9106,-81.0
0.70,H3-F3,eligible_stage_population,9107,-74.0
0.70,H3-F3,eligible_stage_population,9108,-67.0
0.70,H3-F3,rescue_trigger_to_first_tx_mean,9101,-0.4579172227247894
0.70,H3-F3,rescue_trigger_to_first_tx_mean,9102,-0.5074065393179421
0.70,H3-F3,rescue_trigger_to_first_tx_mean,9103,-0.7692121446903297
0.70,H3-F3,rescue_trigger_to_first_tx_mean,9104,-5.972741255120533
0.70,H3-F3,rescue_trigger_to_first_tx_mean,9105,-0.5313104974121925
0.70,H3-F3,rescue_trigger_to_first_tx_mean,9106,-1.5822608322608323
0.70,H3-F3,rescue_trigger_to_first_tx_mean,9107,-0.849457338453832
0.70,H3-F3,rescue_trigger_to_first_tx_mean,9108,-2.332848597018871
0.70,H3-F3,phy_attempts_per_packet,9101,-0.11800000000000033
0.70,H3-F3,phy_attempts_per_packet,9102,-0.14440000000000008
0.70,H3-F3,phy_attempts_per_packet,9103,-0.14639999999999986
0.70,H3-F3,phy_attempts_per_packet,9104,-0.18240000000000034
0.70,H3-F3,phy_attempts_per_packet,9105,-0.15600000000000014
0.70,H3-F3,phy_attempts_per_packet,9106,-0.17280000000000006
0.70,H3-F3,phy_attempts_per_packet,9107,-0.16279999999999983
0.70,H3-F3,phy_attempts_per_packet,9108,-0.14159999999999995
0.70,H3-F3,harq_episodes_per_packet,9101,-0.13439999999999985
0.70,H3-F3,harq_episodes_per_packet,9102,-0.12280000000000002
0.70,H3-F3,harq_episodes_per_packet,9103,-0.1432
0.70,H3-F3,harq_episodes_per_packet,9104,-0.15680000000000005
0.70,H3-F3,harq_episodes_per_packet,9105,-0.1339999999999999
0.70,H3-F3,harq_episodes_per_packet,9106,-0.1299999999999999
0.70,H3-F3,harq_episodes_per_packet,9107,-0.1279999999999999
0.70,H3-F3,harq_episodes_per_packet,9108,-0.14480000000000004
0.70,H3-F3,final_harq_failure_probability,9101,0.0092
0.70,H3-F3,final_harq_failure_probability,9102,0.006
0.70,H3-F3,final_harq_failure_probability,9103,0.0112
0.70,H3-F3,final_harq_failure_probability,9104,0.0084
0.70,H3-F3,final_harq_failure_probability,9105,0.0076
0.70,H3-F3,final_harq_failure_probability,9106,0.0032
0.70,H3-F3,final_harq_failure_probability,9107,0.0076
0.70,H3-F3,final_harq_failure_probability,9108,0.0084
0.70,H3-F3,cb_attempts_per_slot,9101,-0.016707198730213868
0.70,H3-F3,cb_attempts_per_slot,9102,-0.1812669274454919
0.70,H3-F3,cb_attempts_per_slot,9103,-0.12416197169829069
0.70,H3-F3,cb_attempts_per_slot,9104,-0.260623229461757
0.70,H3-F3,cb_attempts_per_slot,9105,-0.2616974163967267
0.70,H3-F3,cb_attempts_per_slot,9106,-0.1867935877885989
0.70,H3-F3,cb_attempts_per_slot,9107,-0.21971307422101471
0.70,H3-F3,cb_attempts_per_slot,9108,-0.10173478388709167
0.70,H3-F3,cb_overlap_probability,9101,-0.040848665174732846
0.70,H3-F3,cb_overlap_probability,9102,-0.033724234033697065
0.70,H3-F3,cb_overlap_probability,9103,-0.036101199366722514
0.70,H3-F3,cb_overlap_probability,9104,-0.06926649616566471
0.70,H3-F3,cb_overlap_probability,9105,-0.027662803069980924
0.70,H3-F3,cb_overlap_probability,9106,-0.03318672487565422
0.70,H3-F3,cb_overlap_probability,9107,-0.02757064882472049
0.70,H3-F3,cb_overlap_probability,9108,-0.03561231981168356
0.70,H3-F3,scheduled_attempts_per_slot,9101,-0.29196836534646076
0.70,H3-F3,scheduled_attempts_per_slot,9102,-0.3032155488881393
0.70,H3-F3,scheduled_attempts_per_slot,9103,-0.3445177215428389
0.70,H3-F3,scheduled_attempts_per_slot,9104,-0.3852691218130312
0.70,H3-F3,scheduled_attempts_per_slot,9105,-0.30656228972035743
0.70,H3-F3,scheduled_attempts_per_slot,9106,-0.3783170243906177
0.70,H3-F3,scheduled_attempts_per_slot,9107,-0.32955919075713996
0.70,H3-F3,scheduled_attempts_per_slot,9108,-0.3228075333880128
0.70,H3-F3,p95_queue,9101,-3.1499999999999773
0.70,H3-F3,p95_queue,9102,-4.0
0.70,H3-F3,p95_queue,9103,-5.0
0.70,H3-F3,p95_queue,9104,-33.0
0.70,H3-F3,p95_queue,9105,-4.0
0.70,H3-F3,p95_queue,9106,-11.0
0.70,H3-F3,p95_queue,9107,-4.0
0.70,H3-F3,p95_queue,9108,-18.0
0.70,H3-F3,max_queue,9101,-8.0
0.70,H3-F3,max_queue,9102,-6.0
0.70,H3-F3,max_queue,9103,-4.0
0.70,H3-F3,max_queue,9104,-33.0
0.70,H3-F3,max_queue,9105,-4.0
0.70,H3-F3,max_queue,9106,-10.0
0.70,H3-F3,max_queue,9107,-7.0
0.70,H3-F3,max_queue,9108,-19.0
0.70,H3-F3,p95_wait,9101,-1.0
0.70,H3-F3,p95_wait,9102,-2.0
0.70,H3-F3,p95_wait,9103,-2.0
0.70,H3-F3,p95_wait,9104,-16.0
0.70,H3-F3,p95_wait,9105,-2.0
0.70,H3-F3,p95_wait,9106,-6.0
0.70,H3-F3,p95_wait,9107,-4.0
0.70,H3-F3,p95_wait,9108,-9.0
0.70,H3-F3,fraction_at_cap2,9101,-0.18165174379545124
0.70,H3-F3,fraction_at_cap2,9102,-0.22822881467936237
0.70,H3-F3,fraction_at_cap2,9103,-0.1951611991483108
0.70,H3-F3,fraction_at_cap2,9104,-0.2917847025495751
0.70,H3-F3,fraction_at_cap2,9105,-0.19090261803045241
0.70,H3-F3,fraction_at_cap2,9106,-0.20808652807258182
0.70,H3-F3,fraction_at_cap2,9107,-0.19926601263352547
0.70,H3-F3,fraction_at_cap2,9108,-0.22548708584162552
0.70,H3-F3,mean_residual_cb_prbs,9101,0.373009574472265
0.70,H3-F3,mean_residual_cb_prbs,9102,0.4628232365374414
0.70,H3-F3,mean_residual_cb_prbs,9103,0.389451866367696
0.70,H3-F3,mean_residual_cb_prbs,9104,0.5127478753541075
0.70,H3-F3,mean_residual_cb_prbs,9105,0.37683285604744743
0.70,H3-F3,mean_residual_cb_prbs,9106,0.422159600309576
0.70,H3-F3,mean_residual_cb_prbs,9107,0.38169995566519255
0.70,H3-F3,mean_residual_cb_prbs,9108,0.4201125056098052
0.70,H3-F3,cb_prb_slots,9101,119.0
0.70,H3-F3,cb_prb_slots,9102,117.0
0.70,H3-F3,cb_prb_slots,9103,142.0
0.70,H3-F3,cb_prb_slots,9104,197.0
0.70,H3-F3,cb_prb_slots,9105,101.0
0.70,H3-F3,cb_prb_slots,9106,110.0
0.70,H3-F3,cb_prb_slots,9107,110.0
0.70,H3-F3,cb_prb_slots,9108,120.0
0.70,F3-F2,correct_delivery_probability,9101,0.0
0.70,F3-F2,correct_delivery_probability,9102,0.0
0.70,F3-F2,correct_delivery_probability,9103,0.0
0.70,F3-F2,correct_delivery_probability,9104,0.0
0.70,F3-F2,correct_delivery_probability,9105,-0.00039999999999995595
0.70,F3-F2,correct_delivery_probability,9106,0.0
0.70,F3-F2,correct_delivery_probability,9107,0.0
0.70,F3-F2,correct_delivery_probability,9108,0.0
0.70,F3-F2,terminal_failure_probability,9101,0.0
0.70,F3-F2,terminal_failure_probability,9102,0.0
0.70,F3-F2,terminal_failure_probability,9103,0.0
0.70,F3-F2,terminal_failure_probability,9104,0.0
0.70,F3-F2,terminal_failure_probability,9105,0.0
0.70,F3-F2,terminal_failure_probability,9106,0.0
0.70,F3-F2,terminal_failure_probability,9107,0.0
0.70,F3-F2,terminal_failure_probability,9108,0.0
0.70,F3-F2,mean_latency,9101,-70.8832
0.70,F3-F2,mean_latency,9102,-45.906
0.70,F3-F2,mean_latency,9103,-47.2008
0.70,F3-F2,mean_latency,9104,-68.69279999999999
0.70,F3-F2,mean_latency,9105,-49.2959931172469
0.70,F3-F2,mean_latency,9106,-47.580799999999996
0.70,F3-F2,mean_latency,9107,-43.8008
0.70,F3-F2,mean_latency,9108,-51.2348
0.70,F3-F2,p95_latency,9101,-271.0
0.70,F3-F2,p95_latency,9102,-207.0
0.70,F3-F2,p95_latency,9103,-198.0
0.70,F3-F2,p95_latency,9104,-256.0
0.70,F3-F2,p95_latency,9105,-204.05000000000018
0.70,F3-F2,p95_latency,9106,-209.0
0.70,F3-F2,p95_latency,9107,-179.0
0.70,F3-F2,p95_latency,9108,-199.0
0.70,F3-F2,p99_latency,9101,-357.0500000000011
0.70,F3-F2,p99_latency,9102,-256.03000000000065
0.70,F3-F2,p99_latency,9103,-264.1200000000026
0.70,F3-F2,p99_latency,9104,-323.02000000000044
0.70,F3-F2,p99_latency,9105,-262.02000000000044
0.70,F3-F2,p99_latency,9106,-238.0
0.70,F3-F2,p99_latency,9107,-244.04000000000087
0.70,F3-F2,p99_latency,9108,-236.03000000000065
0.70,F3-F2,scheduled_attempts_per_packet,9101,-0.38199999999999995
0.70,F3-F2,scheduled_attempts_per_packet,9102,-0.3648
0.70,F3-F2,scheduled_attempts_per_packet,9103,-0.35919999999999996
0.70,F3-F2,scheduled_attempts_per_packet,9104,-0.3508
0.70,F3-F2,scheduled_attempts_per_packet,9105,-0.366
0.70,F3-F2,scheduled_attempts_per_packet,9106,-0.37759999999999994
0.70,F3-F2,scheduled_attempts_per_packet,9107,-0.37279999999999996
0.70,F3-F2,scheduled_attempts_per_packet,9108,-0.32760000000000006
0.70,F3-F2,mean_queue,9101,-176.5092436527509
0.70,F3-F2,mean_queue,9102,-125.88757125210701
0.70,F3-F2,mean_queue,9103,-121.70113829451303
0.70,F3-F2,mean_queue,9104,-171.28941990589763
0.70,F3-F2,mean_queue,9105,-130.58720297107607
0.70,F3-F2,mean_queue,9106,-126.0681158930426
0.70,F3-F2,mean_queue,9107,-116.5943028411941
0.70,F3-F2,mean_queue,9108,-142.697555567488
0.70,F3-F2,mean_wait,9101,-103.15312927152254
0.70,F3-F2,mean_wait,9102,-73.01839521119182
0.70,F3-F2,mean_wait,9103,-70.63408165776059
0.70,F3-F2,mean_wait,9104,-98.05609956476879
0.70,F3-F2,mean_wait,9105,-75.29909764743797
0.70,F3-F2,mean_wait,9106,-72.99813845724644
0.70,F3-F2,mean_wait,9107,-67.48213084490301
0.70,F3-F2,mean_wait,9108,-81.50797857481204
0.70,F3-F2,scheduled_prb_slots,9101,-955.0
0.70,F3-F2,scheduled_prb_slots,9102,-912.0
0.70,F3-F2,scheduled_prb_slots,9103,-898.0
0.70,F3-F2,scheduled_prb_slots,9104,-877.0
0.70,F3-F2,scheduled_prb_slots,9105,-915.0
0.70,F3-F2,scheduled_prb_slots,9106,-944.0
0.70,F3-F2,scheduled_prb_slots,9107,-932.0
0.70,F3-F2,scheduled_prb_slots,9108,-819.0
0.70,F3-F2,total_occupied_prb_slots,9101,-711.0
0.70,F3-F2,total_occupied_prb_slots,9102,-545.0
0.70,F3-F2,total_occupied_prb_slots,9103,-598.0
0.70,F3-F2,total_occupied_prb_slots,9104,-630.0
0.70,F3-F2,total_occupied_prb_slots,9105,-614.0
0.70,F3-F2,total_occupied_prb_slots,9106,-625.0
0.70,F3-F2,total_occupied_prb_slots,9107,-598.0
0.70,F3-F2,total_occupied_prb_slots,9108,-579.0
0.70,F3-F2,rlc_retransmissions_per_packet,9101,0.0
0.70,F3-F2,rlc_retransmissions_per_packet,9102,0.0
0.70,F3-F2,rlc_retransmissions_per_packet,9103,0.0
0.70,F3-F2,rlc_retransmissions_per_packet,9104,-0.0004
0.70,F3-F2,rlc_retransmissions_per_packet,9105,0.0
0.70,F3-F2,rlc_retransmissions_per_packet,9106,0.0
0.70,F3-F2,rlc_retransmissions_per_packet,9107,0.0
0.70,F3-F2,rlc_retransmissions_per_packet,9108,0.0
0.70,F3-F2,first_scheduled_success_probability,9101,-0.004271505985558921
0.70,F3-F2,first_scheduled_success_probability,9102,-0.014967543081305767
0.70,F3-F2,first_scheduled_success_probability,9103,-0.011793127562859551
0.70,F3-F2,first_scheduled_success_probability,9104,0.034584719362162786
0.70,F3-F2,first_scheduled_success_probability,9105,0.0243553527451833
0.70,F3-F2,first_scheduled_success_probability,9106,-0.04159539286121566
0.70,F3-F2,first_scheduled_success_probability,9107,-0.031805620245303534
0.70,F3-F2,first_scheduled_success_probability,9108,0.006242505166651036
0.70,F3-F2,scheduled_attempts_per_rescued_packet,9101,-0.0038698868868494163
0.70,F3-F2,scheduled_attempts_per_rescued_packet,9102,0.04427217111100745
0.70,F3-F2,scheduled_attempts_per_rescued_packet,9103,0.04936584125369525
0.70,F3-F2,scheduled_attempts_per_rescued_packet,9104,-0.05054070838959168
0.70,F3-F2,scheduled_attempts_per_rescued_packet,9105,-0.03784586411705071
0.70,F3-F2,scheduled_attempts_per_rescued_packet,9106,0.054272627057437184
0.70,F3-F2,scheduled_attempts_per_rescued_packet,9107,0.03965222791492007
0.70,F3-F2,scheduled_attempts_per_rescued_packet,9108,0.004510365903788394
0.70,F3-F2,rescue_admission_rate,9101,0.0
0.70,F3-F2,rescue_admission_rate,9102,0.0
0.70,F3-F2,rescue_admission_rate,9103,0.0
0.70,F3-F2,rescue_admission_rate,9104,0.0
0.70,F3-F2,rescue_admission_rate,9105,0.0
0.70,F3-F2,rescue_admission_rate,9106,0.0
0.70,F3-F2,rescue_admission_rate,9107,0.0
0.70,F3-F2,rescue_admission_rate,9108,0.0
0.70,F3-F2,eligible_stage_population,9101,-612.0
0.70,F3-F2,eligible_stage_population,9102,-609.0
0.70,F3-F2,eligible_stage_population,9103,-592.0
0.70,F3-F2,eligible_stage_population,9104,-550.0
0.70,F3-F2,eligible_stage_population,9105,-582.0
0.70,F3-F2,eligible_stage_population,9106,-615.0
0.70,F3-F2,eligible_stage_population,9107,-611.0
0.70,F3-F2,eligible_stage_population,9108,-538.0
0.70,F3-F2,rescue_trigger_to_first_tx_mean,9101,-101.48533086241964
0.70,F3-F2,rescue_trigger_to_first_tx_mean,9102,-71.86024844720497
0.70,F3-F2,rescue_trigger_to_first_tx_mean,9103,-69.4124574843447
0.70,F3-F2,rescue_trigger_to_first_tx_mean,9104,-97.37544346636696
0.70,F3-F2,rescue_trigger_to_first_tx_mean,9105,-74.02239968129798
0.70,F3-F2,rescue_trigger_to_first_tx_mean,9106,-72.04030296118904
0.70,F3-F2,rescue_trigger_to_first_tx_mean,9107,-66.98140661387983
0.70,F3-F2,rescue_trigger_to_first_tx_mean,9108,-81.1802700549692
0.70,F3-F2,phy_attempts_per_packet,9101,0.04039999999999999
0.70,F3-F2,phy_attempts_per_packet,9102,0.01200000000000001
0.70,F3-F2,phy_attempts_per_packet,9103,0.0636000000000001
0.70,F3-F2,phy_attempts_per_packet,9104,0.08440000000000003
0.70,F3-F2,phy_attempts_per_packet,9105,0.04600000000000026
0.70,F3-F2,phy_attempts_per_packet,9106,-0.014800000000000146
0.70,F3-F2,phy_attempts_per_packet,9107,0.03399999999999981
0.70,F3-F2,phy_attempts_per_packet,9108,0.08440000000000003
0.70,F3-F2,harq_episodes_per_packet,9101,-0.24480000000000013
0.70,F3-F2,harq_episodes_per_packet,9102,-0.24360000000000004
0.70,F3-F2,harq_episodes_per_packet,9103,-0.2367999999999999
0.70,F3-F2,harq_episodes_per_packet,9104,-0.22039999999999993
0.70,F3-F2,harq_episodes_per_packet,9105,-0.23280000000000012
0.70,F3-F2,harq_episodes_per_packet,9106,-0.246
0.70,F3-F2,harq_episodes_per_packet,9107,-0.24439999999999995
0.70,F3-F2,harq_episodes_per_packet,9108,-0.21520000000000006
0.70,F3-F2,final_harq_failure_probability,9101,0.0
0.70,F3-F2,final_harq_failure_probability,9102,0.0
0.70,F3-F2,final_harq_failure_probability,9103,0.0
0.70,F3-F2,final_harq_failure_probability,9104,-0.0004
0.70,F3-F2,final_harq_failure_probability,9105,0.0
0.70,F3-F2,final_harq_failure_probability,9106,0.0
0.70,F3-F2,final_harq_failure_probability,9107,0.0
0.70,F3-F2,final_harq_failure_probability,9108,0.0
0.70,F3-F2,cb_attempts_per_slot,9101,2.948175221333144
0.70,F3-F2,cb_attempts_per_slot,9102,2.4586898619349693
0.70,F3-F2,cb_attempts_per_slot,9103,2.6658977790475618
0.70,F3-F2,cb_attempts_per_slot,9104,3.0402596687449144
0.70,F3-F2,cb_attempts_per_slot,9105,2.6775627104774493
0.70,F3-F2,cb_attempts_per_slot,9106,2.4572929405908344
0.70,F3-F2,cb_attempts_per_slot,9107,2.536406549547803
0.70,F3-F2,cb_attempts_per_slot,9108,2.50465102322511
0.70,F3-F2,cb_overlap_probability,9101,0.016189155871354943
0.70,F3-F2,cb_overlap_probability,9102,-0.02623678074132485
0.70,F3-F2,cb_overlap_probability,9103,-0.012546995015957019
0.70,F3-F2,cb_overlap_probability,9104,0.04315354761890211
0.70,F3-F2,cb_overlap_probability,9105,0.009124819967801123
0.70,F3-F2,cb_overlap_probability,9106,-0.022712736449370774
0.70,F3-F2,cb_overlap_probability,9107,-0.009982652317075846
0.70,F3-F2,cb_overlap_probability,9108,0.02987325482130254
0.70,F3-F2,scheduled_attempts_per_slot,9101,-0.8289983381532802
0.70,F3-F2,scheduled_attempts_per_slot,9102,-0.9169808407426947
0.70,F3-F2,scheduled_attempts_per_slot,9103,-0.817802204411831
0.70,F3-F2,scheduled_attempts_per_slot,9104,-0.7377706667319305
0.70,F3-F2,scheduled_attempts_per_slot,9105,-0.8799137632581122
0.70,F3-F2,scheduled_attempts_per_slot,9106,-0.905135540410155
0.70,F3-F2,scheduled_attempts_per_slot,9107,-0.9042677916970542
0.70,F3-F2,scheduled_attempts_per_slot,9108,-0.7904181025088677
0.70,F3-F2,p95_queue,9101,-301.80000000000007
0.70,F3-F2,p95_queue,9102,-224.0
0.70,F3-F2,p95_queue,9103,-223.5
0.70,F3-F2,p95_queue,9104,-254.75
0.70,F3-F2,p95_queue,9105,-234.0
0.70,F3-F2,p95_queue,9106,-238.0
0.70,F3-F2,p95_queue,9107,-201.0
0.70,F3-F2,p95_queue,9108,-204.0
0.70,F3-F2,max_queue,9101,-317.0
0.70,F3-F2,max_queue,9102,-225.0
0.70,F3-F2,max_queue,9103,-245.0
0.70,F3-F2,max_queue,9104,-261.0
0.70,F3-F2,max_queue,9105,-244.0
0.70,F3-F2,max_queue,9106,-248.0
0.70,F3-F2,max_queue,9107,-217.0
0.70,F3-F2,max_queue,9108,-202.0
0.70,F3-F2,p95_wait,9101,-153.0
0.70,F3-F2,p95_wait,9102,-112.0
0.70,F3-F2,p95_wait,9103,-112.0
0.70,F3-F2,p95_wait,9104,-126.0
0.70,F3-F2,p95_wait,9105,-117.0
0.70,F3-F2,p95_wait,9106,-118.0
0.70,F3-F2,p95_wait,9107,-100.0
0.70,F3-F2,p95_wait,9108,-100.0
0.70,F3-F2,fraction_at_cap2,9101,-0.6328383277445606
0.70,F3-F2,fraction_at_cap2,9102,-0.6227289396142415
0.70,F3-F2,fraction_at_cap2,9103,-0.6186157015472986
0.70,F3-F2,fraction_at_cap2,9104,-0.46154528600884737
0.70,F3-F2,fraction_at_cap2,9105,-0.6400088125137695
0.70,F3-F2,fraction_at_cap2,9106,-0.6578856802217319
0.70,F3-F2,fraction_at_cap2,9107,-0.6447538072862334
0.70,F3-F2,fraction_at_cap2,9108,-0.5668104877809961
0.70,F3-F2,mean_residual_cb_prbs,9101,1.033485324296672
0.70,F3-F2,mean_residual_cb_prbs,9102,1.0118715982346203
0.70,F3-F2,mean_residual_cb_prbs,9103,1.0284678886666763
0.70,F3-F2,mean_residual_cb_prbs,9104,0.7861036839432449
0.70,F3-F2,mean_residual_cb_prbs,9105,1.0635004563623198
0.70,F3-F2,mean_residual_cb_prbs,9106,1.0945448902709582
0.70,F3-F2,mean_residual_cb_prbs,9107,1.078373629484659
0.70,F3-F2,mean_residual_cb_prbs,9108,0.9530759925078254
0.70,F3-F2,cb_prb_slots,9101,475.0
0.70,F3-F2,cb_prb_slots,9102,491.0
0.70,F3-F2,cb_prb_slots,9103,512.0
0.70,F3-F2,cb_prb_slots,9104,360.0
0.70,F3-F2,cb_prb_slots,9105,492.0
0.70,F3-F2,cb_prb_slots,9106,512.0
0.70,F3-F2,cb_prb_slots,9107,514.0
0.70,F3-F2,cb_prb_slots,9108,417.0
0.90,B-Legacy-20,correct_delivery_probability,9101,0.00040000000000006697
0.90,B-Legacy-20,correct_delivery_probability,9102,0.0
0.90,B-Legacy-20,correct_delivery_probability,9103,0.0
0.90,B-Legacy-20,correct_delivery_probability,9104,0.0016000000000000458
0.90,B-Legacy-20,correct_delivery_probability,9105,0.0
0.90,B-Legacy-20,correct_delivery_probability,9106,0.0
0.90,B-Legacy-20,correct_delivery_probability,9107,0.0
0.90,B-Legacy-20,correct_delivery_probability,9108,0.00039999999999995595
0.90,B-Legacy-20,terminal_failure_probability,9101,-0.0008
0.90,B-Legacy-20,terminal_failure_probability,9102,0.0
0.90,B-Legacy-20,terminal_failure_probability,9103,0.0
0.90,B-Legacy-20,terminal_failure_probability,9104,-0.0016
0.90,B-Legacy-20,terminal_failure_probability,9105,0.0
0.90,B-Legacy-20,terminal_failure_probability,9106,0.0
0.90,B-Legacy-20,terminal_failure_probability,9107,0.0
0.90,B-Legacy-20,terminal_failure_probability,9108,-0.0004
0.90,B-Legacy-20,mean_latency,9101,4.509077289843077
0.90,B-Legacy-20,mean_latency,9102,1.0620248099239689
0.90,B-Legacy-20,mean_latency,9103,11.114799999999999
0.90,B-Legacy-20,mean_latency,9104,-14.820092948717942
0.90,B-Legacy-20,mean_latency,9105,7.428399999999996
0.90,B-Legacy-20,mean_latency,9106,5.904799999999998
0.90,B-Legacy-20,mean_latency,9107,9.677199999999996
0.90,B-Legacy-20,mean_latency,9108,-2.022068667466989
0.90,B-Legacy-20,p95_latency,9101,-20.0
0.90,B-Legacy-20,p95_latency,9102,-1.0
0.90,B-Legacy-20,p95_latency,9103,69.0
0.90,B-Legacy-20,p95_latency,9104,-114.94999999999982
0.90,B-Legacy-20,p95_latency,9105,9.0
0.90,B-Legacy-20,p95_latency,9106,-7.949999999999818
0.90,B-Legacy-20,p95_latency,9107,9.0
0.90,B-Legacy-20,p95_latency,9108,-59.0
0.90,B-Legacy-20,p99_latency,9101,-99.10000000000082
0.90,B-Legacy-20,p99_latency,9102,-61.09999999999991
0.90,B-Legacy-20,p99_latency,9103,4.989999999999782
0.90,B-Legacy-20,p99_latency,9104,-168.09999999999945
0.90,B-Legacy-20,p99_latency,9105,-67.03000000000065
0.90,B-Legacy-20,p99_latency,9106,-67.03000000000065
0.90,B-Legacy-20,p99_latency,9107,-31.959999999999127
0.90,B-Legacy-20,p99_latency,9108,-114.06999999999971
0.90,B-Legacy-20,scheduled_attempts_per_packet,9101,-0.010000000000000009
0.90,B-Legacy-20,scheduled_attempts_per_packet,9102,0.027200000000000002
0.90,B-Legacy-20,scheduled_attempts_per_packet,9103,0.07
0.90,B-Legacy-20,scheduled_attempts_per_packet,9104,-0.09079999999999999
0.90,B-Legacy-20,scheduled_attempts_per_packet,9105,0.039600000000000024
0.90,B-Legacy-20,scheduled_attempts_per_packet,9106,0.005599999999999994
0.90,B-Legacy-20,scheduled_attempts_per_packet,9107,0.047599999999999976
0.90,B-Legacy-20,scheduled_attempts_per_packet,9108,-0.0716
0.90,B-Legacy-20,mean_queue,9101,37.67056592925199
0.90,B-Legacy-20,mean_queue,9102,20.970592428588205
0.90,B-Legacy-20,mean_queue,9103,49.672439478584735
0.90,B-Legacy-20,mean_queue,9104,11.71766473600266
0.90,B-Legacy-20,mean_queue,9105,46.081194741415736
0.90,B-Legacy-20,mean_queue,9106,42.5265094955905
0.90,B-Legacy-20,mean_queue,9107,50.67977827503572
0.90,B-Legacy-20,mean_queue,9108,34.74861711550531
0.90,B-Legacy-20,mean_wait,9101,27.98697000712118
0.90,B-Legacy-20,mean_wait,9102,17.3799949155852
0.90,B-Legacy-20,mean_wait,9103,31.56581314842484
0.90,B-Legacy-20,mean_wait,9104,17.121154970248952
0.90,B-Legacy-20,mean_wait,9105,28.291998859114184
0.90,B-Legacy-20,mean_wait,9106,29.104031959956124
0.90,B-Legacy-20,mean_wait,9107,31.74753426175612
0.90,B-Legacy-20,mean_wait,9108,29.183473775252658
0.90,B-Legacy-20,scheduled_prb_slots,9101,-25.0
0.90,B-Legacy-20,scheduled_prb_slots,9102,68.0
0.90,B-Legacy-20,scheduled_prb_slots,9103,175.0
0.90,B-Legacy-20,scheduled_prb_slots,9104,-227.0
0.90,B-Legacy-20,scheduled_prb_slots,9105,99.0
0.90,B-Legacy-20,scheduled_prb_slots,9106,14.0
0.90,B-Legacy-20,scheduled_prb_slots,9107,119.0
0.90,B-Legacy-20,scheduled_prb_slots,9108,-179.0
0.90,B-Legacy-20,total_occupied_prb_slots,9101,-95.0
0.90,B-Legacy-20,total_occupied_prb_slots,9102,-42.0
0.90,B-Legacy-20,total_occupied_prb_slots,9103,41.0
0.90,B-Legacy-20,total_occupied_prb_slots,9104,-252.0
0.90,B-Legacy-20,total_occupied_prb_slots,9105,2.0
0.90,B-Legacy-20,total_occupied_prb_slots,9106,-36.0
0.90,B-Legacy-20,total_occupied_prb_slots,9107,44.0
0.90,B-Legacy-20,total_occupied_prb_slots,9108,-128.0
0.90,B-Legacy-20,rlc_retransmissions_per_packet,9101,-0.1316
0.90,B-Legacy-20,rlc_retransmissions_per_packet,9102,-0.05760000000000001
0.90,B-Legacy-20,rlc_retransmissions_per_packet,9103,-0.02040000000000003
0.90,B-Legacy-20,rlc_retransmissions_per_packet,9104,-0.23839999999999995
0.90,B-Legacy-20,rlc_retransmissions_per_packet,9105,-0.057999999999999996
0.90,B-Legacy-20,rlc_retransmissions_per_packet,9106,-0.09639999999999999
0.90,B-Legacy-20,rlc_retransmissions_per_packet,9107,-0.06
0.90,B-Legacy-20,rlc_retransmissions_per_packet,9108,-0.19640000000000002
0.90,B-Legacy-20,first_scheduled_success_probability,9101,-0.013237021376556246
0.90,B-Legacy-20,first_scheduled_success_probability,9102,0.009134927369839785
0.90,B-Legacy-20,first_scheduled_success_probability,9103,-0.07137144912890947
0.90,B-Legacy-20,first_scheduled_success_probability,9104,0.014763141998355267
0.90,B-Legacy-20,first_scheduled_success_probability,9105,-0.00047502177183122996
0.90,B-Legacy-20,first_scheduled_success_probability,9106,0.03431319549560041
0.90,B-Legacy-20,first_scheduled_success_probability,9107,0.005053114745297571
0.90,B-Legacy-20,first_scheduled_success_probability,9108,-0.0036615344805279726
0.90,B-Legacy-20,scheduled_attempts_per_rescued_packet,9101,-0.30634249471458763
0.90,B-Legacy-20,scheduled_attempts_per_rescued_packet,9102,-0.2859888327117399
0.90,B-Legacy-20,scheduled_attempts_per_rescued_packet,9103,-0.06274189002467878
0.90,B-Legacy-20,scheduled_attempts_per_rescued_packet,9104,-0.37329061228648563
0.90,B-Legacy-20,scheduled_attempts_per_rescued_packet,9105,-0.21392039992309164
0.90,B-Legacy-20,scheduled_attempts_per_rescued_packet,9106,-0.28790814883813787
0.90,B-Legacy-20,scheduled_attempts_per_rescued_packet,9107,-0.24554021800644676
0.90,B-Legacy-20,scheduled_attempts_per_rescued_packet,9108,-0.3965993875878724
0.90,B-Legacy-20,rescue_admission_rate,9101,0.0
0.90,B-Legacy-20,rescue_admission_rate,9102,0.0
0.90,B-Legacy-20,rescue_admission_rate,9103,0.0
0.90,B-Legacy-20,rescue_admission_rate,9104,0.0
0.90,B-Legacy-20,rescue_admission_rate,9105,0.0
0.90,B-Legacy-20,rescue_admission_rate,9106,0.0
0.90,B-Legacy-20,rescue_admission_rate,9107,0.0
0.90,B-Legacy-20,rescue_admission_rate,9108,0.0
0.90,B-Legacy-20,eligible_stage_population,9101,0.0
0.90,B-Legacy-20,eligible_stage_population,9102,0.0
0.90,B-Legacy-20,eligible_stage_population,9103,0.0
0.90,B-Legacy-20,eligible_stage_population,9104,0.0
0.90,B-Legacy-20,eligible_stage_population,9105,0.0
0.90,B-Legacy-20,eligible_stage_population,9106,0.0
0.90,B-Legacy-20,eligible_stage_population,9107,0.0
0.90,B-Legacy-20,eligible_stage_population,9108,0.0
0.90,B-Legacy-20,rescue_trigger_to_first_tx_mean,9101,0.0
0.90,B-Legacy-20,rescue_trigger_to_first_tx_mean,9102,0.0
0.90,B-Legacy-20,rescue_trigger_to_first_tx_mean,9103,0.0
0.90,B-Legacy-20,rescue_trigger_to_first_tx_mean,9104,0.0
0.90,B-Legacy-20,rescue_trigger_to_first_tx_mean,9105,0.0
0.90,B-Legacy-20,rescue_trigger_to_first_tx_mean,9106,0.0
0.90,B-Legacy-20,rescue_trigger_to_first_tx_mean,9107,0.0
0.90,B-Legacy-20,rescue_trigger_to_first_tx_mean,9108,0.0
0.90,B-Legacy-20,phy_attempts_per_packet,9101,0.06640000000000024
0.90,B-Legacy-20,phy_attempts_per_packet,9102,0.15799999999999992
0.90,B-Legacy-20,phy_attempts_per_packet,9103,0.2008000000000001
0.90,B-Legacy-20,phy_attempts_per_packet,9104,-0.03840000000000021
0.90,B-Legacy-20,phy_attempts_per_packet,9105,0.20199999999999996
0.90,B-Legacy-20,phy_attempts_per_packet,9106,0.1412
0.90,B-Legacy-20,phy_attempts_per_packet,9107,0.24520000000000008
0.90,B-Legacy-20,phy_attempts_per_packet,9108,0.0011999999999998678
0.90,B-Legacy-20,harq_episodes_per_packet,9101,-0.13159999999999994
0.90,B-Legacy-20,harq_episodes_per_packet,9102,-0.057599999999999874
0.90,B-Legacy-20,harq_episodes_per_packet,9103,-0.020399999999999974
0.90,B-Legacy-20,harq_episodes_per_packet,9104,-0.23839999999999995
0.90,B-Legacy-20,harq_episodes_per_packet,9105,-0.05800000000000005
0.90,B-Legacy-20,harq_episodes_per_packet,9106,-0.09640000000000004
0.90,B-Legacy-20,harq_episodes_per_packet,9107,-0.05999999999999983
0.90,B-Legacy-20,harq_episodes_per_packet,9108,-0.19640000000000013
0.90,B-Legacy-20,final_harq_failure_probability,9101,0.045599999999999974
0.90,B-Legacy-20,final_harq_failure_probability,9102,0.05160000000000001
0.90,B-Legacy-20,final_harq_failure_probability,9103,0.05359999999999998
0.90,B-Legacy-20,final_harq_failure_probability,9104,0.0116
0.90,B-Legacy-20,final_harq_failure_probability,9105,0.05920000000000003
0.90,B-Legacy-20,final_harq_failure_probability,9106,0.05159999999999998
0.90,B-Legacy-20,final_harq_failure_probability,9107,0.06799999999999998
0.90,B-Legacy-20,final_harq_failure_probability,9108,0.021199999999999997
0.90,B-Legacy-20,cb_attempts_per_slot,9101,1.0404083616252322
0.90,B-Legacy-20,cb_attempts_per_slot,9102,1.1792046159781275
0.90,B-Legacy-20,cb_attempts_per_slot,9103,0.39531346989447513
0.90,B-Legacy-20,cb_attempts_per_slot,9104,1.5520070511206239
0.90,B-Legacy-20,cb_attempts_per_slot,9105,1.0575327067039773
0.90,B-Legacy-20,cb_attempts_per_slot,9106,1.1326408007092539
0.90,B-Legacy-20,cb_attempts_per_slot,9107,1.0181280758385558
0.90,B-Legacy-20,cb_attempts_per_slot,9108,1.3527768164229386
0.90,B-Legacy-20,cb_overlap_probability,9101,0.01913698153581589
0.90,B-Legacy-20,cb_overlap_probability,9102,0.04668649463125485
0.90,B-Legacy-20,cb_overlap_probability,9103,0.02237685233917308
0.90,B-Legacy-20,cb_overlap_probability,9104,0.025129608460325747
0.90,B-Legacy-20,cb_overlap_probability,9105,0.06796917241657585
0.90,B-Legacy-20,cb_overlap_probability,9106,0.04330052528898509
0.90,B-Legacy-20,cb_overlap_probability,9107,0.05097899042853171
0.90,B-Legacy-20,cb_overlap_probability,9108,0.030078520770010164
0.90,B-Legacy-20,scheduled_attempts_per_slot,9101,0.08791137334355481
0.90,B-Legacy-20,scheduled_attempts_per_slot,9102,0.1856077760445496
0.90,B-Legacy-20,scheduled_attempts_per_slot,9103,0.23542054624456865
0.90,B-Legacy-20,scheduled_attempts_per_slot,9104,-0.07508268278351382
0.90,B-Legacy-20,scheduled_attempts_per_slot,9105,0.2069291972606888
0.90,B-Legacy-20,scheduled_attempts_per_slot,9106,0.11558801113651573
0.90,B-Legacy-20,scheduled_attempts_per_slot,9107,0.21219033723664005
0.90,B-Legacy-20,scheduled_attempts_per_slot,9108,-0.09066521192497112
0.90,B-Legacy-20,p95_queue,9101,28.5
0.90,B-Legacy-20,p95_queue,9102,30.0
0.90,B-Legacy-20,p95_queue,9103,84.04999999999995
0.90,B-Legacy-20,p95_queue,9104,-17.0
0.90,B-Legacy-20,p95_queue,9105,44.0
0.90,B-Legacy-20,p95_queue,9106,25.149999999999977
0.90,B-Legacy-20,p95_queue,9107,51.0
0.90,B-Legacy-20,p95_queue,9108,6.0
0.90,B-Legacy-20,max_queue,9101,33.0
0.90,B-Legacy-20,max_queue,9102,29.0
0.90,B-Legacy-20,max_queue,9103,76.0
0.90,B-Legacy-20,max_queue,9104,-25.0
0.90,B-Legacy-20,max_queue,9105,36.0
0.90,B-Legacy-20,max_queue,9106,22.0
0.90,B-Legacy-20,max_queue,9107,51.0
0.90,B-Legacy-20,max_queue,9108,-1.0
0.90,B-Legacy-20,p95_wait,9101,25.0
0.90,B-Legacy-20,p95_wait,9102,27.0
0.90,B-Legacy-20,p95_wait,9103,49.0
0.90,B-Legacy-20,p95_wait,9104,1.0
0.90,B-Legacy-20,p95_wait,9105,30.0
0.90,B-Legacy-20,p95_wait,9106,21.0
0.90,B-Legacy-20,p95_wait,9107,35.200000000000045
0.90,B-Legacy-20,p95_wait,9108,12.0
0.90,B-Legacy-20,fraction_at_cap2,9101,0.06372522177198547
0.90,B-Legacy-20,fraction_at_cap2,9102,0.14351129673426255
0.90,B-Legacy-20,fraction_at_cap2,9103,0.1448944754810677
0.90,B-Legacy-20,fraction_at_cap2,9104,0.018710652228657754
0.90,B-Legacy-20,fraction_at_cap2,9105,0.2463327035150239
0.90,B-Legacy-20,fraction_at_cap2,9106,0.1625954614032632
0.90,B-Legacy-20,fraction_at_cap2,9107,0.2210578238749329
0.90,B-Legacy-20,fraction_at_cap2,9108,0.08128760282423242
0.90,B-Legacy-20,mean_residual_cb_prbs,9101,-0.1164063355601801
0.90,B-Legacy-20,mean_residual_cb_prbs,9102,-0.25760244217447514
0.90,B-Legacy-20,mean_residual_cb_prbs,9103,-0.2281734947237739
0.90,B-Legacy-20,mean_residual_cb_prbs,9104,-0.02928061781247404
0.90,B-Legacy-20,mean_residual_cb_prbs,9105,-0.39094975006577215
0.90,B-Legacy-20,mean_residual_cb_prbs,9106,-0.26800740360536945
0.90,B-Legacy-20,mean_residual_cb_prbs,9107,-0.36947860992886294
0.90,B-Legacy-20,mean_residual_cb_prbs,9108,-0.13942838818921732
0.90,B-Legacy-20,cb_prb_slots,9101,-89.0
0.90,B-Legacy-20,cb_prb_slots,9102,-155.0
0.90,B-Legacy-20,cb_prb_slots,9103,-129.0
0.90,B-Legacy-20,cb_prb_slots,9104,-80.0
0.90,B-Legacy-20,cb_prb_slots,9105,-222.0
0.90,B-Legacy-20,cb_prb_slots,9106,-153.0
0.90,B-Legacy-20,cb_prb_slots,9107,-186.0
0.90,B-Legacy-20,cb_prb_slots,9108,-96.0
0.90,B-Legacy-15,correct_delivery_probability,9101,0.0008000000000000229
0.90,B-Legacy-15,correct_delivery_probability,9102,0.0
0.90,B-Legacy-15,correct_delivery_probability,9103,0.0016000000000000458
0.90,B-Legacy-15,correct_delivery_probability,9104,0.0016000000000000458
0.90,B-Legacy-15,correct_delivery_probability,9105,0.0
0.90,B-Legacy-15,correct_delivery_probability,9106,0.0031999999999999806
0.90,B-Legacy-15,correct_delivery_probability,9107,0.0
0.90,B-Legacy-15,correct_delivery_probability,9108,0.0
0.90,B-Legacy-15,terminal_failure_probability,9101,-0.0008
0.90,B-Legacy-15,terminal_failure_probability,9102,0.0
0.90,B-Legacy-15,terminal_failure_probability,9103,-0.0016
0.90,B-Legacy-15,terminal_failure_probability,9104,-0.0016
0.90,B-Legacy-15,terminal_failure_probability,9105,0.0
0.90,B-Legacy-15,terminal_failure_probability,9106,-0.0032
0.90,B-Legacy-15,terminal_failure_probability,9107,0.0
0.90,B-Legacy-15,terminal_failure_probability,9108,0.0
0.90,B-Legacy-15,mean_latency,9101,-12.60698832997356
0.90,B-Legacy-15,mean_latency,9102,11.014005602240896
0.90,B-Legacy-15,mean_latency,9103,5.0080057692307705
0.90,B-Legacy-15,mean_latency,9104,-10.088522435897431
0.90,B-Legacy-15,mean_latency,9105,3.752399999999998
0.90,B-Legacy-15,mean_latency,9106,0.5773181380417327
0.90,B-Legacy-15,mean_latency,9107,12.851199999999999
0.90,B-Legacy-15,mean_latency,9108,2.9819999999999993
0.90,B-Legacy-15,p95_latency,9101,-101.59999999999945
0.90,B-Legacy-15,p95_latency,9102,82.0
0.90,B-Legacy-15,p95_latency,9103,6.050000000000182
0.90,B-Legacy-15,p95_latency,9104,-99.19999999999982
0.90,B-Legacy-15,p95_latency,9105,-2.0
0.90,B-Legacy-15,p95_latency,9106,-31.949999999999818
0.90,B-Legacy-15,p95_latency,9107,25.949999999999818
0.90,B-Legacy-15,p95_latency,9108,-27.0
0.90,B-Legacy-15,p99_latency,9101,-188.01999999999998
0.90,B-Legacy-15,p99_latency,9102,58.01999999999998
0.90,B-Legacy-15,p99_latency,9103,-64.05000000000018
0.90,B-Legacy-15,p99_latency,9104,-165.14999999999964
0.90,B-Legacy-15,p99_latency,9105,-94.0
0.90,B-Legacy-15,p99_latency,9106,-121.07999999999993
0.90,B-Legacy-15,p99_latency,9107,-4.959999999999127
0.90,B-Legacy-15,p99_latency,9108,-83.04000000000087
0.90,B-Legacy-15,scheduled_attempts_per_packet,9101,-0.06319999999999998
0.90,B-Legacy-15,scheduled_attempts_per_packet,9102,0.1008
0.90,B-Legacy-15,scheduled_attempts_per_packet,9103,0.0252
0.90,B-Legacy-15,scheduled_attempts_per_packet,9104,-0.08479999999999999
0.90,B-Legacy-15,scheduled_attempts_per_packet,9105,0.03080000000000005
0.90,B-Legacy-15,scheduled_attempts_per_packet,9106,-0.020000000000000018
0.90,B-Legacy-15,scheduled_attempts_per_packet,9107,0.05080000000000001
0.90,B-Legacy-15,scheduled_attempts_per_packet,9108,-0.062
0.90,B-Legacy-15,mean_queue,9101,-0.8979791051076518
0.90,B-Legacy-15,mean_queue,9102,44.48174405905171
0.90,B-Legacy-15,mean_queue,9103,30.898646249445193
0.90,B-Legacy-15,mean_queue,9104,21.438179104782733
0.90,B-Legacy-15,mean_queue,9105,33.581157003288155
0.90,B-Legacy-15,mean_queue,9106,24.66325217510135
0.90,B-Legacy-15,mean_queue,9107,55.663197655312615
0.90,B-Legacy-15,mean_queue,9108,40.89159611561308
0.90,B-Legacy-15,mean_wait,9101,6.640290041489465
0.90,B-Legacy-15,mean_wait,9102,31.66789022271732
0.90,B-Legacy-15,mean_wait,9103,21.12229347600184
0.90,B-Legacy-15,mean_wait,9104,21.080111974433265
0.90,B-Legacy-15,mean_wait,9105,19.623189562302997
0.90,B-Legacy-15,mean_wait,9106,18.332135458807464
0.90,B-Legacy-15,mean_wait,9107,34.17867297811223
0.90,B-Legacy-15,mean_wait,9108,31.13479600987168
0.90,B-Legacy-15,scheduled_prb_slots,9101,-158.0
0.90,B-Legacy-15,scheduled_prb_slots,9102,252.0
0.90,B-Legacy-15,scheduled_prb_slots,9103,63.0
0.90,B-Legacy-15,scheduled_prb_slots,9104,-212.0
0.90,B-Legacy-15,scheduled_prb_slots,9105,77.0
0.90,B-Legacy-15,scheduled_prb_slots,9106,-50.0
0.90,B-Legacy-15,scheduled_prb_slots,9107,127.0
0.90,B-Legacy-15,scheduled_prb_slots,9108,-155.0
0.90,B-Legacy-15,total_occupied_prb_slots,9101,-212.0
0.90,B-Legacy-15,total_occupied_prb_slots,9102,135.0
0.90,B-Legacy-15,total_occupied_prb_slots,9103,-36.0
0.90,B-Legacy-15,total_occupied_prb_slots,9104,-239.0
0.90,B-Legacy-15,total_occupied_prb_slots,9105,-19.0
0.90,B-Legacy-15,total_occupied_prb_slots,9106,-99.0
0.90,B-Legacy-15,total_occupied_prb_slots,9107,56.0
0.90,B-Legacy-15,total_occupied_prb_slots,9108,-98.0
0.90,B-Legacy-15,rlc_retransmissions_per_packet,9101,-0.20720000000000005
0.90,B-Legacy-15,rlc_retransmissions_per_packet,9102,0.03719999999999998
0.90,B-Legacy-15,rlc_retransmissions_per_packet,9103,-0.0952
0.90,B-Legacy-15,rlc_retransmissions_per_packet,9104,-0.23440000000000005
0.90,B-Legacy-15,rlc_retransmissions_per_packet,9105,-0.08559999999999995
0.90,B-Legacy-15,rlc_retransmissions_per_packet,9106,-0.13679999999999998
0.90,B-Legacy-15,rlc_retransmissions_per_packet,9107,-0.06120000000000003
0.90,B-Legacy-15,rlc_retransmissions_per_packet,9108,-0.19119999999999998
0.90,B-Legacy-15,first_scheduled_success_probability,9101,0.006459948320413411
0.90,B-Legacy-15,first_scheduled_success_probability,9102,0.006574201586989292
0.90,B-Legacy-15,first_scheduled_success_probability,9103,-0.03908413465269267
0.90,B-Legacy-15,first_scheduled_success_probability,9104,0.010504957106898916
0.90,B-Legacy-15,first_scheduled_success_probability,9105,0.04545848206448594
0.90,B-Legacy-15,first_scheduled_success_probability,9106,0.0326913600525624
0.90,B-Legacy-15,first_scheduled_success_probability,9107,0.02213438735177864
0.90,B-Legacy-15,first_scheduled_success_probability,9108,0.016949152542372836
0.90,B-Legacy-15,scheduled_attempts_per_rescued_packet,9101,-0.3680528182893179
0.90,B-Legacy-15,scheduled_attempts_per_rescued_packet,9102,-0.11203193652042764
0.90,B-Legacy-15,scheduled_attempts_per_rescued_packet,9103,-0.19083779906746146
0.90,B-Legacy-15,scheduled_attempts_per_rescued_packet,9104,-0.3683284532799096
0.90,B-Legacy-15,scheduled_attempts_per_rescued_packet,9105,-0.3128023875007313
0.90,B-Legacy-15,scheduled_attempts_per_rescued_packet,9106,-0.365321123521682
0.90,B-Legacy-15,scheduled_attempts_per_rescued_packet,9107,-0.2753623188405796
0.90,B-Legacy-15,scheduled_attempts_per_rescued_packet,9108,-0.3744502390265101
0.90,B-Legacy-15,rescue_admission_rate,9101,0.0
0.90,B-Legacy-15,rescue_admission_rate,9102,0.0
0.90,B-Legacy-15,rescue_admission_rate,9103,0.0
0.90,B-Legacy-15,rescue_admission_rate,9104,0.0
0.90,B-Legacy-15,rescue_admission_rate,9105,0.0
0.90,B-Legacy-15,rescue_admission_rate,9106,0.0
0.90,B-Legacy-15,rescue_admission_rate,9107,0.0
0.90,B-Legacy-15,rescue_admission_rate,9108,0.0
0.90,B-Legacy-15,eligible_stage_population,9101,0.0
0.90,B-Legacy-15,eligible_stage_population,9102,0.0
0.90,B-Legacy-15,eligible_stage_population,9103,0.0
0.90,B-Legacy-15,eligible_stage_population,9104,0.0
0.90,B-Legacy-15,eligible_stage_population,9105,0.0
0.90,B-Legacy-15,eligible_stage_population,9106,0.0
0.90,B-Legacy-15,eligible_stage_population,9107,0.0
0.90,B-Legacy-15,eligible_stage_population,9108,0.0
0.90,B-Legacy-15,rescue_trigger_to_first_tx_mean,9101,0.0
0.90,B-Legacy-15,rescue_trigger_to_first_tx_mean,9102,0.0
0.90,B-Legacy-15,rescue_trigger_to_first_tx_mean,9103,0.0
0.90,B-Legacy-15,rescue_trigger_to_first_tx_mean,9104,0.0
0.90,B-Legacy-15,rescue_trigger_to_first_tx_mean,9105,0.0
0.90,B-Legacy-15,rescue_trigger_to_first_tx_mean,9106,0.0
0.90,B-Legacy-15,rescue_trigger_to_first_tx_mean,9107,0.0
0.90,B-Legacy-15,rescue_trigger_to_first_tx_mean,9108,0.0
0.90,B-Legacy-15,phy_attempts_per_packet,9101,-0.03479999999999972
0.90,B-Legacy-15,phy_attempts_per_packet,9102,0.266
0.90,B-Legacy-15,phy_attempts_per_packet,9103,0.11719999999999997
0.90,B-Legacy-15,phy_attempts_per_packet,9104,-0.012799999999999923
0.90,B-Legacy-15,phy_attempts_per_packet,9105,0.19799999999999995
0.90,B-Legacy-15,phy_attempts_per_packet,9106,0.10959999999999992
0.90,B-Legacy-15,phy_attempts_per_packet,9107,0.24239999999999995
0.90,B-Legacy-15,phy_attempts_per_packet,9108,0.01639999999999997
0.90,B-Legacy-15,harq_episodes_per_packet,9101,-0.20719999999999983
0.90,B-Legacy-15,harq_episodes_per_packet,9102,0.03720000000000012
0.90,B-Legacy-15,harq_episodes_per_packet,9103,-0.09519999999999995
0.90,B-Legacy-15,harq_episodes_per_packet,9104,-0.23439999999999994
0.90,B-Legacy-15,harq_episodes_per_packet,9105,-0.08560000000000012
0.90,B-Legacy-15,harq_episodes_per_packet,9106,-0.13680000000000003
0.90,B-Legacy-15,harq_episodes_per_packet,9107,-0.06119999999999992
0.90,B-Legacy-15,harq_episodes_per_packet,9108,-0.19120000000000004
0.90,B-Legacy-15,final_harq_failure_probability,9101,0.02639999999999998
0.90,B-Legacy-15,final_harq_failure_probability,9102,0.07599999999999998
0.90,B-Legacy-15,final_harq_failure_probability,9103,0.0456
0.90,B-Legacy-15,final_harq_failure_probability,9104,0.014000000000000012
0.90,B-Legacy-15,final_harq_failure_probability,9105,0.06720000000000001
0.90,B-Legacy-15,final_harq_failure_probability,9106,0.0484
0.90,B-Legacy-15,final_harq_failure_probability,9107,0.07359999999999997
0.90,B-Legacy-15,final_harq_failure_probability,9108,0.0232
0.90,B-Legacy-15,cb_attempts_per_slot,9101,1.2555535035880112
0.90,B-Legacy-15,cb_attempts_per_slot,9102,0.08612021240537793
0.90,B-Legacy-15,cb_attempts_per_slot,9103,0.7598609261725109
0.90,B-Legacy-15,cb_attempts_per_slot,9104,1.470472890324471
0.90,B-Legacy-15,cb_attempts_per_slot,9105,1.1891632957206735
0.90,B-Legacy-15,cb_attempts_per_slot,9106,1.3612888899011537
0.90,B-Legacy-15,cb_attempts_per_slot,9107,0.885799662206054
0.90,B-Legacy-15,cb_attempts_per_slot,9108,1.053280397382208
0.90,B-Legacy-15,cb_overlap_probability,9101,0.023310367927140807
0.90,B-Legacy-15,cb_overlap_probability,9102,0.03321370139901769
0.90,B-Legacy-15,cb_overlap_probability,9103,0.018053000152090437
0.90,B-Legacy-15,cb_overlap_probability,9104,0.03532953165433872
0.90,B-Legacy-15,cb_overlap_probability,9105,0.05857389056056106
0.90,B-Legacy-15,cb_overlap_probability,9106,0.041307367350822854
0.90,B-Legacy-15,cb_overlap_probability,9107,0.05174328120088045
0.90,B-Legacy-15,cb_overlap_probability,9108,0.03610257170850972
0.90,B-Legacy-15,scheduled_attempts_per_slot,9101,-0.017188159560996397
0.90,B-Legacy-15,scheduled_attempts_per_slot,9102,0.3256505856212104
0.90,B-Legacy-15,scheduled_attempts_per_slot,9103,0.15033473886669624
0.90,B-Legacy-15,scheduled_attempts_per_slot,9104,-0.08139376407614507
0.90,B-Legacy-15,scheduled_attempts_per_slot,9105,0.19252832777422935
0.90,B-Legacy-15,scheduled_attempts_per_slot,9106,0.06778876083754692
0.90,B-Legacy-15,scheduled_attempts_per_slot,9107,0.20746623971142308
0.90,B-Legacy-15,scheduled_attempts_per_slot,9108,-0.10829511188460428
0.90,B-Legacy-15,p95_queue,9101,-11.200000000000045
0.90,B-Legacy-15,p95_queue,9102,88.0
0.90,B-Legacy-15,p95_queue,9103,35.049999999999955
0.90,B-Legacy-15,p95_queue,9104,1.0
0.90,B-Legacy-15,p95_queue,9105,23.549999999999955
0.90,B-Legacy-15,p95_queue,9106,-3.75
0.90,B-Legacy-15,p95_queue,9107,59.0
0.90,B-Legacy-15,p95_queue,9108,13.0
0.90,B-Legacy-15,max_queue,9101,-8.0
0.90,B-Legacy-15,max_queue,9102,86.0
0.90,B-Legacy-15,max_queue,9103,34.0
0.90,B-Legacy-15,max_queue,9104,-6.0
0.90,B-Legacy-15,max_queue,9105,18.0
0.90,B-Legacy-15,max_queue,9106,-1.0
0.90,B-Legacy-15,max_queue,9107,59.0
0.90,B-Legacy-15,max_queue,9108,11.0
0.90,B-Legacy-15,p95_wait,9101,0.0
0.90,B-Legacy-15,p95_wait,9102,51.0
0.90,B-Legacy-15,p95_wait,9103,25.0
0.90,B-Legacy-15,p95_wait,9104,8.0
0.90,B-Legacy-15,p95_wait,9105,16.0
0.90,B-Legacy-15,p95_wait,9106,6.0
0.90,B-Legacy-15,p95_wait,9107,36.65000000000009
0.90,B-Legacy-15,p95_wait,9108,14.0
0.90,B-Legacy-15,fraction_at_cap2,9101,-0.0009497678345293803
0.90,B-Legacy-15,fraction_at_cap2,9102,0.2181109479154898
0.90,B-Legacy-15,fraction_at_cap2,9103,0.10683163189820977
0.90,B-Legacy-15,fraction_at_cap2,9104,0.022244142109011045
0.90,B-Legacy-15,fraction_at_cap2,9105,0.2430570340406406
0.90,B-Legacy-15,fraction_at_cap2,9106,0.12545362061373544
0.90,B-Legacy-15,fraction_at_cap2,9107,0.22152060772340643
0.90,B-Legacy-15,fraction_at_cap2,9108,0.08595444849319867
0.90,B-Legacy-15,mean_residual_cb_prbs,9101,-0.014972034613761842
0.90,B-Legacy-15,mean_residual_cb_prbs,9102,-0.37367717395397904
0.90,B-Legacy-15,mean_residual_cb_prbs,9103,-0.15228399171475004
0.90,B-Legacy-15,mean_residual_cb_prbs,9104,-0.037273461377273165
0.90,B-Legacy-15,mean_residual_cb_prbs,9105,-0.38973458235753355
0.90,B-Legacy-15,mean_residual_cb_prbs,9106,-0.21266645409131613
0.90,B-Legacy-15,mean_residual_cb_prbs,9107,-0.37903231969674955
0.90,B-Legacy-15,mean_residual_cb_prbs,9108,-0.14642591686155004
0.90,B-Legacy-15,cb_prb_slots,9101,-75.0
0.90,B-Legacy-15,cb_prb_slots,9102,-152.0
0.90,B-Legacy-15,cb_prb_slots,9103,-99.0
0.90,B-Legacy-15,cb_prb_slots,9104,-96.0
0.90,B-Legacy-15,cb_prb_slots,9105,-230.0
0.90,B-Legacy-15,cb_prb_slots,9106,-145.0
0.90,B-Legacy-15,cb_prb_slots,9107,-193.0
0.90,B-Legacy-15,cb_prb_slots,9108,-111.0
0.90,B-Fast-CB,correct_delivery_probability,9101,0.0
0.90,B-Fast-CB,correct_delivery_probability,9102,0.18680000000000008
0.90,B-Fast-CB,correct_delivery_probability,9103,0.382
0.90,B-Fast-CB,correct_delivery_probability,9104,0.8376
0.90,B-Fast-CB,correct_delivery_probability,9105,0.08799999999999997
0.90,B-Fast-CB,correct_delivery_probability,9106,0.00039999999999995595
0.90,B-Fast-CB,correct_delivery_probability,9107,0.2016
0.90,B-Fast-CB,correct_delivery_probability,9108,0.44279999999999997
0.90,B-Fast-CB,terminal_failure_probability,9101,0.0
0.90,B-Fast-CB,terminal_failure_probability,9102,-0.1872
0.90,B-Fast-CB,terminal_failure_probability,9103,-0.3812
0.90,B-Fast-CB,terminal_failure_probability,9104,-0.8372
0.90,B-Fast-CB,terminal_failure_probability,9105,-0.088
0.90,B-Fast-CB,terminal_failure_probability,9106,0.0
0.90,B-Fast-CB,terminal_failure_probability,9107,-0.2016
0.90,B-Fast-CB,terminal_failure_probability,9108,-0.4424
0.90,B-Fast-CB,mean_latency,9101,36.20848339335734
0.90,B-Fast-CB,mean_latency,9102,15.582245496623846
0.90,B-Fast-CB,mean_latency,9103,22.303590938511327
0.90,B-Fast-CB,mean_latency,9104,37.58405911330049
0.90,B-Fast-CB,mean_latency,9105,26.582259649122804
0.90,B-Fast-CB,mean_latency,9106,30.752684913965584
0.90,B-Fast-CB,mean_latency,9107,28.80848416833667
0.90,B-Fast-CB,mean_latency,9108,31.744000574300074
0.90,B-Fast-CB,p95_latency,9101,175.0
0.90,B-Fast-CB,p95_latency,9102,109.0
0.90,B-Fast-CB,p95_latency,9103,115.45000000000027
0.90,B-Fast-CB,p95_latency,9104,184.05000000000018
0.90,B-Fast-CB,p95_latency,9105,142.0
0.90,B-Fast-CB,p95_latency,9106,148.95000000000027
0.90,B-Fast-CB,p95_latency,9107,137.0
0.90,B-Fast-CB,p95_latency,9108,121.59999999999991
0.90,B-Fast-CB,p99_latency,9101,215.01999999999998
0.90,B-Fast-CB,p99_latency,9102,97.01999999999998
0.90,B-Fast-CB,p99_latency,9103,132.0
0.90,B-Fast-CB,p99_latency,9104,231.1500000000011
0.90,B-Fast-CB,p99_latency,9105,138.01000000000022
0.90,B-Fast-CB,p99_latency,9106,184.01000000000022
0.90,B-Fast-CB,p99_latency,9107,148.0500000000011
0.90,B-Fast-CB,p99_latency,9108,166.01000000000022
0.90,B-Fast-CB,scheduled_attempts_per_packet,9101,0.4812
0.90,B-Fast-CB,scheduled_attempts_per_packet,9102,0.3748
0.90,B-Fast-CB,scheduled_attempts_per_packet,9103,0.4636
0.90,B-Fast-CB,scheduled_attempts_per_packet,9104,0.4628
0.90,B-Fast-CB,scheduled_attempts_per_packet,9105,0.4544
0.90,B-Fast-CB,scheduled_attempts_per_packet,9106,0.4624
0.90,B-Fast-CB,scheduled_attempts_per_packet,9107,0.4708
0.90,B-Fast-CB,scheduled_attempts_per_packet,9108,0.4316
0.90,B-Fast-CB,mean_queue,9101,107.4211956521739
0.90,B-Fast-CB,mean_queue,9102,55.956586826347305
0.90,B-Fast-CB,mean_queue,9103,80.38333333333334
0.90,B-Fast-CB,mean_queue,9104,162.48614958448752
0.90,B-Fast-CB,mean_queue,9105,90.7027417027417
0.90,B-Fast-CB,mean_queue,9106,100.44396551724138
0.90,B-Fast-CB,mean_queue,9107,97.31983240223464
0.90,B-Fast-CB,mean_queue,9108,118.37444933920705
0.90,B-Fast-CB,mean_wait,9101,65.67996674979219
0.90,B-Fast-CB,mean_wait,9102,39.732123799359655
0.90,B-Fast-CB,mean_wait,9103,49.90422778257118
0.90,B-Fast-CB,mean_wait,9104,96.80034572169404
0.90,B-Fast-CB,mean_wait,9105,53.50704225352113
0.90,B-Fast-CB,mean_wait,9106,59.871107266435985
0.90,B-Fast-CB,mean_wait,9107,58.16057774001699
0.90,B-Fast-CB,mean_wait,9108,70.22798887859129
0.90,B-Fast-CB,scheduled_prb_slots,9101,1203.0
0.90,B-Fast-CB,scheduled_prb_slots,9102,937.0
0.90,B-Fast-CB,scheduled_prb_slots,9103,1159.0
0.90,B-Fast-CB,scheduled_prb_slots,9104,1157.0
0.90,B-Fast-CB,scheduled_prb_slots,9105,1136.0
0.90,B-Fast-CB,scheduled_prb_slots,9106,1156.0
0.90,B-Fast-CB,scheduled_prb_slots,9107,1177.0
0.90,B-Fast-CB,scheduled_prb_slots,9108,1079.0
0.90,B-Fast-CB,total_occupied_prb_slots,9101,566.0
0.90,B-Fast-CB,total_occupied_prb_slots,9102,225.0
0.90,B-Fast-CB,total_occupied_prb_slots,9103,272.0
0.90,B-Fast-CB,total_occupied_prb_slots,9104,108.0
0.90,B-Fast-CB,total_occupied_prb_slots,9105,355.0
0.90,B-Fast-CB,total_occupied_prb_slots,9106,503.0
0.90,B-Fast-CB,total_occupied_prb_slots,9107,331.0
0.90,B-Fast-CB,total_occupied_prb_slots,9108,236.0
0.90,B-Fast-CB,rlc_retransmissions_per_packet,9101,0.18639999999999998
0.90,B-Fast-CB,rlc_retransmissions_per_packet,9102,-1.0288
0.90,B-Fast-CB,rlc_retransmissions_per_packet,9103,-2.1828000000000003
0.90,B-Fast-CB,rlc_retransmissions_per_packet,9104,-4.9436
0.90,B-Fast-CB,rlc_retransmissions_per_packet,9105,-0.43799999999999994
0.90,B-Fast-CB,rlc_retransmissions_per_packet,9106,0.164
0.90,B-Fast-CB,rlc_retransmissions_per_packet,9107,-1.1192000000000002
0.90,B-Fast-CB,rlc_retransmissions_per_packet,9108,-2.5136000000000003
0.90,B-Fast-CB,first_scheduled_success_probability,9101,0.5064599483204134
0.90,B-Fast-CB,first_scheduled_success_probability,9102,0.5016722408026756
0.90,B-Fast-CB,first_scheduled_success_probability,9103,0.4746922024623803
0.90,B-Fast-CB,first_scheduled_success_probability,9104,0.5264550264550265
0.90,B-Fast-CB,first_scheduled_success_probability,9105,0.5289367429340511
0.90,B-Fast-CB,first_scheduled_success_probability,9106,0.5295663600525624
0.90,B-Fast-CB,first_scheduled_success_probability,9107,0.5177865612648221
0.90,B-Fast-CB,first_scheduled_success_probability,9108,0.5169491525423728
0.90,B-Fast-CB,scheduled_attempts_per_rescued_packet,9101,1.554263565891473
0.90,B-Fast-CB,scheduled_attempts_per_rescued_packet,9102,1.5668896321070234
0.90,B-Fast-CB,scheduled_attempts_per_rescued_packet,9103,1.585499316005472
0.90,B-Fast-CB,scheduled_attempts_per_rescued_packet,9104,1.5304232804232805
0.90,B-Fast-CB,scheduled_attempts_per_rescued_packet,9105,1.5289367429340512
0.90,B-Fast-CB,scheduled_attempts_per_rescued_packet,9106,1.519053876478318
0.90,B-Fast-CB,scheduled_attempts_per_rescued_packet,9107,1.5507246376811594
0.90,B-Fast-CB,scheduled_attempts_per_rescued_packet,9108,1.5240112994350283
0.90,B-Fast-CB,rescue_admission_rate,9101,0.0
0.90,B-Fast-CB,rescue_admission_rate,9102,0.0
0.90,B-Fast-CB,rescue_admission_rate,9103,0.0
0.90,B-Fast-CB,rescue_admission_rate,9104,0.0
0.90,B-Fast-CB,rescue_admission_rate,9105,0.0
0.90,B-Fast-CB,rescue_admission_rate,9106,0.0
0.90,B-Fast-CB,rescue_admission_rate,9107,0.0
0.90,B-Fast-CB,rescue_admission_rate,9108,0.0
0.90,B-Fast-CB,eligible_stage_population,9101,0.0
0.90,B-Fast-CB,eligible_stage_population,9102,0.0
0.90,B-Fast-CB,eligible_stage_population,9103,0.0
0.90,B-Fast-CB,eligible_stage_population,9104,0.0
0.90,B-Fast-CB,eligible_stage_population,9105,0.0
0.90,B-Fast-CB,eligible_stage_population,9106,0.0
0.90,B-Fast-CB,eligible_stage_population,9107,0.0
0.90,B-Fast-CB,eligible_stage_population,9108,0.0
0.90,B-Fast-CB,rescue_trigger_to_first_tx_mean,9101,0.0
0.90,B-Fast-CB,rescue_trigger_to_first_tx_mean,9102,0.0
0.90,B-Fast-CB,rescue_trigger_to_first_tx_mean,9103,0.0
0.90,B-Fast-CB,rescue_trigger_to_first_tx_mean,9104,0.0
0.90,B-Fast-CB,rescue_trigger_to_first_tx_mean,9105,0.0
0.90,B-Fast-CB,rescue_trigger_to_first_tx_mean,9106,0.0
0.90,B-Fast-CB,rescue_trigger_to_first_tx_mean,9107,0.0
0.90,B-Fast-CB,rescue_trigger_to_first_tx_mean,9108,0.0
0.90,B-Fast-CB,phy_attempts_per_packet,9101,0.6692
0.90,B-Fast-CB,phy_attempts_per_packet,9102,-4.4559999999999995
0.90,B-Fast-CB,phy_attempts_per_packet,9103,-9.4036
0.90,B-Fast-CB,phy_attempts_per_packet,9104,-21.1744
0.90,B-Fast-CB,phy_attempts_per_packet,9105,-2.0
0.90,B-Fast-CB,phy_attempts_per_packet,9106,0.5551999999999997
0.90,B-Fast-CB,phy_attempts_per_packet,9107,-4.8376
0.90,B-Fast-CB,phy_attempts_per_packet,9108,-10.7564
0.90,B-Fast-CB,harq_episodes_per_packet,9101,0.18640000000000012
0.90,B-Fast-CB,harq_episodes_per_packet,9102,-1.0287999999999997
0.90,B-Fast-CB,harq_episodes_per_packet,9103,-2.1828000000000003
0.90,B-Fast-CB,harq_episodes_per_packet,9104,-4.9436
0.90,B-Fast-CB,harq_episodes_per_packet,9105,-0.43800000000000017
0.90,B-Fast-CB,harq_episodes_per_packet,9106,0.16399999999999992
0.90,B-Fast-CB,harq_episodes_per_packet,9107,-1.1192
0.90,B-Fast-CB,harq_episodes_per_packet,9108,-2.5136000000000003
0.90,B-Fast-CB,final_harq_failure_probability,9101,0.20439999999999997
0.90,B-Fast-CB,final_harq_failure_probability,9102,-0.021200000000000024
0.90,B-Fast-CB,final_harq_failure_probability,9103,-0.1804
0.90,B-Fast-CB,final_harq_failure_probability,9104,-0.6132
0.90,B-Fast-CB,final_harq_failure_probability,9105,0.09640000000000001
0.90,B-Fast-CB,final_harq_failure_probability,9106,0.196
0.90,B-Fast-CB,final_harq_failure_probability,9107,-0.009599999999999997
0.90,B-Fast-CB,final_harq_failure_probability,9108,-0.22840000000000005
0.90,B-Fast-CB,cb_attempts_per_slot,9101,-2.6020574534161494
0.90,B-Fast-CB,cb_attempts_per_slot,9102,-21.451466016214653
0.90,B-Fast-CB,cb_attempts_per_slot,9103,-42.33353336970358
0.90,B-Fast-CB,cb_attempts_per_slot,9104,-93.29450173421169
0.90,B-Fast-CB,cb_attempts_per_slot,9105,-11.94644115574348
0.90,B-Fast-CB,cb_attempts_per_slot,9106,-2.2747406164174535
0.90,B-Fast-CB,cb_attempts_per_slot,9107,-23.423899713857473
0.90,B-Fast-CB,cb_attempts_per_slot,9108,-47.629541588520084
0.90,B-Fast-CB,cb_overlap_probability,9101,0.07099477357003126
0.90,B-Fast-CB,cb_overlap_probability,9102,0.04231631180060669
0.90,B-Fast-CB,cb_overlap_probability,9103,-0.008860474556723341
0.90,B-Fast-CB,cb_overlap_probability,9104,-0.08152216205474183
0.90,B-Fast-CB,cb_overlap_probability,9105,0.09519632272638623
0.90,B-Fast-CB,cb_overlap_probability,9106,0.11928864448011867
0.90,B-Fast-CB,cb_overlap_probability,9107,0.07138989143373231
0.90,B-Fast-CB,cb_overlap_probability,9108,0.030723510109029295
0.90,B-Fast-CB,scheduled_attempts_per_slot,9101,1.6345108695652173
0.90,B-Fast-CB,scheduled_attempts_per_slot,9102,1.402694610778443
0.90,B-Fast-CB,scheduled_attempts_per_slot,9103,1.6097222222222223
0.90,B-Fast-CB,scheduled_attempts_per_slot,9104,1.6024930747922437
0.90,B-Fast-CB,scheduled_attempts_per_slot,9105,1.6392496392496392
0.90,B-Fast-CB,scheduled_attempts_per_slot,9106,1.660919540229885
0.90,B-Fast-CB,scheduled_attempts_per_slot,9107,1.643854748603352
0.90,B-Fast-CB,scheduled_attempts_per_slot,9108,1.5844346549192365
0.90,B-Fast-CB,p95_queue,9101,220.5
0.90,B-Fast-CB,p95_queue,9102,140.0
0.90,B-Fast-CB,p95_queue,9103,197.04999999999995
0.90,B-Fast-CB,p95_queue,9104,247.0
0.90,B-Fast-CB,p95_queue,9105,180.0
0.90,B-Fast-CB,p95_queue,9106,189.25
0.90,B-Fast-CB,p95_queue,9107,190.0
0.90,B-Fast-CB,p95_queue,9108,168.0
0.90,B-Fast-CB,max_queue,9101,254.0
0.90,B-Fast-CB,max_queue,9102,157.0
0.90,B-Fast-CB,max_queue,9103,216.0
0.90,B-Fast-CB,max_queue,9104,252.0
0.90,B-Fast-CB,max_queue,9105,195.0
0.90,B-Fast-CB,max_queue,9106,197.0
0.90,B-Fast-CB,max_queue,9107,211.0
0.90,B-Fast-CB,max_queue,9108,176.0
0.90,B-Fast-CB,p95_wait,9101,113.0
0.90,B-Fast-CB,p95_wait,9102,74.0
0.90,B-Fast-CB,p95_wait,9103,101.0
0.90,B-Fast-CB,p95_wait,9104,124.0
0.90,B-Fast-CB,p95_wait,9105,90.0
0.90,B-Fast-CB,p95_wait,9106,95.0
0.90,B-Fast-CB,p95_wait,9107,98.20000000000005
0.90,B-Fast-CB,p95_wait,9108,84.0
0.90,B-Fast-CB,fraction_at_cap2,9101,0.8206521739130435
0.90,B-Fast-CB,fraction_at_cap2,9102,0.7275449101796407
0.90,B-Fast-CB,fraction_at_cap2,9103,0.8138888888888889
0.90,B-Fast-CB,fraction_at_cap2,9104,0.945983379501385
0.90,B-Fast-CB,fraction_at_cap2,9105,0.9466089466089466
0.90,B-Fast-CB,fraction_at_cap2,9106,0.9339080459770115
0.90,B-Fast-CB,fraction_at_cap2,9107,0.9287709497206704
0.90,B-Fast-CB,fraction_at_cap2,9108,0.9720998531571219
0.90,B-Fast-CB,mean_residual_cb_prbs,9101,-1.6970108695652177
0.90,B-Fast-CB,mean_residual_cb_prbs,9102,-1.541916167664671
0.90,B-Fast-CB,mean_residual_cb_prbs,9103,-1.656944444444444
0.90,B-Fast-CB,mean_residual_cb_prbs,9104,-1.904432132963989
0.90,B-Fast-CB,mean_residual_cb_prbs,9105,-1.904761904761905
0.90,B-Fast-CB,mean_residual_cb_prbs,9106,-1.8850574712643677
0.90,B-Fast-CB,mean_residual_cb_prbs,9107,-1.871508379888268
0.90,B-Fast-CB,mean_residual_cb_prbs,9108,-1.953010279001468
0.90,B-Fast-CB,cb_prb_slots,9101,-683.0
0.90,B-Fast-CB,cb_prb_slots,9102,-805.0
0.90,B-Fast-CB,cb_prb_slots,9103,-921.0
0.90,B-Fast-CB,cb_prb_slots,9104,-1267.0
0.90,B-Fast-CB,cb_prb_slots,9105,-965.0
0.90,B-Fast-CB,cb_prb_slots,9106,-809.0
0.90,B-Fast-CB,cb_prb_slots,9107,-1009.0
0.90,B-Fast-CB,cb_prb_slots,9108,-1094.0
0.90,H2-B,correct_delivery_probability,9101,0.00039999999999995595
0.90,H2-B,correct_delivery_probability,9102,0.00039999999999995595
0.90,H2-B,correct_delivery_probability,9103,0.0
0.90,H2-B,correct_delivery_probability,9104,0.0
0.90,H2-B,correct_delivery_probability,9105,0.0
0.90,H2-B,correct_delivery_probability,9106,0.0
0.90,H2-B,correct_delivery_probability,9107,0.0
0.90,H2-B,correct_delivery_probability,9108,0.0
0.90,H2-B,terminal_failure_probability,9101,0.0
0.90,H2-B,terminal_failure_probability,9102,0.0
0.90,H2-B,terminal_failure_probability,9103,0.0
0.90,H2-B,terminal_failure_probability,9104,0.0
0.90,H2-B,terminal_failure_probability,9105,0.0
0.90,H2-B,terminal_failure_probability,9106,0.0
0.90,H2-B,terminal_failure_probability,9107,0.0
0.90,H2-B,terminal_failure_probability,9108,0.0
0.90,H2-B,mean_latency,9101,52.5314700280112
0.90,H2-B,mean_latency,9102,71.37657655062024
0.90,H2-B,mean_latency,9103,48.0496
0.90,H2-B,mean_latency,9104,51.784400000000005
0.90,H2-B,mean_latency,9105,55.43920000000001
0.90,H2-B,mean_latency,9106,54.346399999999996
0.90,H2-B,mean_latency,9107,46.4912
0.90,H2-B,mean_latency,9108,57.3684
0.90,H2-B,p95_latency,9101,106.0
0.90,H2-B,p95_latency,9102,170.10000000000036
0.90,H2-B,p95_latency,9103,109.0
0.90,H2-B,p95_latency,9104,99.94999999999982
0.90,H2-B,p95_latency,9105,115.05000000000018
0.90,H2-B,p95_latency,9106,120.05000000000018
0.90,H2-B,p95_latency,9107,113.0
0.90,H2-B,p95_latency,9108,136.0
0.90,H2-B,p99_latency,9101,158.99000000000024
0.90,H2-B,p99_latency,9102,242.99000000000024
0.90,H2-B,p99_latency,9103,164.01000000000022
0.90,H2-B,p99_latency,9104,118.94999999999891
0.90,H2-B,p99_latency,9105,204.0
0.90,H2-B,p99_latency,9106,190.01000000000022
0.90,H2-B,p99_latency,9107,162.9499999999989
0.90,H2-B,p99_latency,9108,176.0
0.90,H2-B,scheduled_attempts_per_packet,9101,0.06959999999999994
0.90,H2-B,scheduled_attempts_per_packet,9102,0.1652
0.90,H2-B,scheduled_attempts_per_packet,9103,0.07919999999999994
0.90,H2-B,scheduled_attempts_per_packet,9104,0.06120000000000003
0.90,H2-B,scheduled_attempts_per_packet,9105,0.08479999999999999
0.90,H2-B,scheduled_attempts_per_packet,9106,0.07839999999999997
0.90,H2-B,scheduled_attempts_per_packet,9107,0.06879999999999997
0.90,H2-B,scheduled_attempts_per_packet,9108,0.10760000000000003
0.90,H2-B,mean_queue,9101,138.05948067632852
0.90,H2-B,mean_queue,9102,194.62324510642583
0.90,H2-B,mean_queue,9103,129.32886178861787
0.90,H2-B,mean_queue,9104,125.77113196891054
0.90,H2-B,mean_queue,9105,145.512064122501
0.90,H2-B,mean_queue,9106,137.5875114803373
0.90,H2-B,mean_queue,9107,124.20339498162845
0.90,H2-B,mean_queue,9108,139.6824513871852
0.90,H2-B,mean_wait,9101,78.07675075202334
0.90,H2-B,mean_wait,9102,107.08639471915886
0.90,H2-B,mean_wait,9103,73.21220552619816
0.90,H2-B,mean_wait,9104,74.30041763708459
0.90,H2-B,mean_wait,9105,84.93806160404566
0.90,H2-B,mean_wait,9106,80.95729510042793
0.90,H2-B,mean_wait,9107,71.93134220067982
0.90,H2-B,mean_wait,9108,81.55020103238793
0.90,H2-B,scheduled_prb_slots,9101,174.0
0.90,H2-B,scheduled_prb_slots,9102,413.0
0.90,H2-B,scheduled_prb_slots,9103,198.0
0.90,H2-B,scheduled_prb_slots,9104,153.0
0.90,H2-B,scheduled_prb_slots,9105,212.0
0.90,H2-B,scheduled_prb_slots,9106,196.0
0.90,H2-B,scheduled_prb_slots,9107,172.0
0.90,H2-B,scheduled_prb_slots,9108,269.0
0.90,H2-B,total_occupied_prb_slots,9101,177.0
0.90,H2-B,total_occupied_prb_slots,9102,346.0
0.90,H2-B,total_occupied_prb_slots,9103,202.0
0.90,H2-B,total_occupied_prb_slots,9104,160.0
0.90,H2-B,total_occupied_prb_slots,9105,184.0
0.90,H2-B,total_occupied_prb_slots,9106,201.0
0.90,H2-B,total_occupied_prb_slots,9107,135.0
0.90,H2-B,total_occupied_prb_slots,9108,212.0
0.90,H2-B,rlc_retransmissions_per_packet,9101,-0.3084
0.90,H2-B,rlc_retransmissions_per_packet,9102,-0.2372
0.90,H2-B,rlc_retransmissions_per_packet,9103,-0.29
0.90,H2-B,rlc_retransmissions_per_packet,9104,-0.3008
0.90,H2-B,rlc_retransmissions_per_packet,9105,-0.2952
0.90,H2-B,rlc_retransmissions_per_packet,9106,-0.302
0.90,H2-B,rlc_retransmissions_per_packet,9107,-0.30119999999999997
0.90,H2-B,rlc_retransmissions_per_packet,9108,-0.2808
0.90,H2-B,first_scheduled_success_probability,9101,0.3605920748009739
0.90,H2-B,first_scheduled_success_probability,9102,0.36583830772053116
0.90,H2-B,first_scheduled_success_probability,9103,0.3859496894295116
0.90,H2-B,first_scheduled_success_probability,9104,0.3579627817641515
0.90,H2-B,first_scheduled_success_probability,9105,0.34982579887196896
0.90,H2-B,first_scheduled_success_probability,9106,0.3511675849015661
0.90,H2-B,first_scheduled_success_probability,9107,0.34565703500320155
0.90,H2-B,first_scheduled_success_probability,9108,0.35805084745762716
0.90,H2-B,scheduled_attempts_per_rescued_packet,9101,-0.41718676985513925
0.90,H2-B,scheduled_attempts_per_rescued_packet,9102,-0.42764912577790937
0.90,H2-B,scheduled_attempts_per_rescued_packet,9103,-0.4393844511406071
0.90,H2-B,scheduled_attempts_per_rescued_packet,9104,-0.40884793795752694
0.90,H2-B,scheduled_attempts_per_rescued_packet,9105,-0.40184644193070684
0.90,H2-B,scheduled_attempts_per_rescued_packet,9106,-0.39144753786280506
0.90,H2-B,scheduled_attempts_per_rescued_packet,9107,-0.40653464616292356
0.90,H2-B,scheduled_attempts_per_rescued_packet,9108,-0.39313881621355184
0.90,H2-B,rescue_admission_rate,9101,1.0
0.90,H2-B,rescue_admission_rate,9102,1.0
0.90,H2-B,rescue_admission_rate,9103,1.0
0.90,H2-B,rescue_admission_rate,9104,1.0
0.90,H2-B,rescue_admission_rate,9105,1.0
0.90,H2-B,rescue_admission_rate,9106,1.0
0.90,H2-B,rescue_admission_rate,9107,1.0
0.90,H2-B,rescue_admission_rate,9108,1.0
0.90,H2-B,eligible_stage_population,9101,1211.0
0.90,H2-B,eligible_stage_population,9102,1185.0
0.90,H2-B,eligible_stage_population,9103,1184.0
0.90,H2-B,eligible_stage_population,9104,1168.0
0.90,H2-B,eligible_stage_population,9105,1196.0
0.90,H2-B,eligible_stage_population,9106,1199.0
0.90,H2-B,eligible_stage_population,9107,1179.0
0.90,H2-B,eligible_stage_population,9108,1192.0
0.90,H2-B,rescue_trigger_to_first_tx_mean,9101,143.05780346820808
0.90,H2-B,rescue_trigger_to_first_tx_mean,9102,146.73502109704643
0.90,H2-B,rescue_trigger_to_first_tx_mean,9103,123.50844594594595
0.90,H2-B,rescue_trigger_to_first_tx_mean,9104,171.35787671232876
0.90,H2-B,rescue_trigger_to_first_tx_mean,9105,139.23996655518394
0.90,H2-B,rescue_trigger_to_first_tx_mean,9106,141.0909090909091
0.90,H2-B,rescue_trigger_to_first_tx_mean,9107,129.29431721798133
0.90,H2-B,rescue_trigger_to_first_tx_mean,9108,152.53691275167785
0.90,H2-B,phy_attempts_per_packet,9101,-1.326
0.90,H2-B,phy_attempts_per_packet,9102,-1.0036
0.90,H2-B,phy_attempts_per_packet,9103,-1.2696
0.90,H2-B,phy_attempts_per_packet,9104,-1.342
0.90,H2-B,phy_attempts_per_packet,9105,-1.2992
0.90,H2-B,phy_attempts_per_packet,9106,-1.3235999999999999
0.90,H2-B,phy_attempts_per_packet,9107,-1.3388
0.90,H2-B,phy_attempts_per_packet,9108,-1.3084000000000002
0.90,H2-B,harq_episodes_per_packet,9101,-0.3084
0.90,H2-B,harq_episodes_per_packet,9102,-0.23720000000000008
0.90,H2-B,harq_episodes_per_packet,9103,-0.29000000000000004
0.90,H2-B,harq_episodes_per_packet,9104,-0.30079999999999996
0.90,H2-B,harq_episodes_per_packet,9105,-0.2951999999999999
0.90,H2-B,harq_episodes_per_packet,9106,-0.30200000000000005
0.90,H2-B,harq_episodes_per_packet,9107,-0.30120000000000013
0.90,H2-B,harq_episodes_per_packet,9108,-0.28079999999999994
0.90,H2-B,final_harq_failure_probability,9101,-0.3084
0.90,H2-B,final_harq_failure_probability,9102,-0.2372
0.90,H2-B,final_harq_failure_probability,9103,-0.29
0.90,H2-B,final_harq_failure_probability,9104,-0.3008
0.90,H2-B,final_harq_failure_probability,9105,-0.2952
0.90,H2-B,final_harq_failure_probability,9106,-0.302
0.90,H2-B,final_harq_failure_probability,9107,-0.30119999999999997
0.90,H2-B,final_harq_failure_probability,9108,-0.2808
0.90,H2-B,cb_attempts_per_slot,9101,-5.43040458937198
0.90,H2-B,cb_attempts_per_slot,9102,-5.725223023341073
0.90,H2-B,cb_attempts_per_slot,9103,-5.452303523035231
0.90,H2-B,cb_attempts_per_slot,9104,-5.638648710432186
0.90,H2-B,cb_attempts_per_slot,9105,-6.043479174547136
0.90,H2-B,cb_attempts_per_slot,9106,-6.066158052934792
0.90,H2-B,cb_attempts_per_slot,9107,-5.702852030432585
0.90,H2-B,cb_attempts_per_slot,9108,-6.377043089318158
0.90,H2-B,cb_overlap_probability,9101,-0.13589309364076518
0.90,H2-B,cb_overlap_probability,9102,-0.1318651935942411
0.90,H2-B,cb_overlap_probability,9103,-0.12335325136719077
0.90,H2-B,cb_overlap_probability,9104,-0.1833156994725602
0.90,H2-B,cb_overlap_probability,9105,-0.17386723239636437
0.90,H2-B,cb_overlap_probability,9106,-0.17932843424868727
0.90,H2-B,cb_overlap_probability,9107,-0.1787849833183235
0.90,H2-B,cb_overlap_probability,9108,-0.20203298216621912
0.90,H2-B,scheduled_attempts_per_slot,9101,0.02853260869565233
0.90,H2-B,scheduled_attempts_per_slot,9102,0.21795364852527843
0.90,H2-B,scheduled_attempts_per_slot,9103,0.045155826558265444
0.90,H2-B,scheduled_attempts_per_slot,9104,-0.01268724954952516
0.90,H2-B,scheduled_attempts_per_slot,9105,-0.0033273091525518605
0.90,H2-B,scheduled_attempts_per_slot,9106,-0.024115666137875413
0.90,H2-B,scheduled_attempts_per_slot,9107,0.005289505675376782
0.90,H2-B,scheduled_attempts_per_slot,9108,0.04752660416066656
0.90,H2-B,p95_queue,9101,232.14999999999998
0.90,H2-B,p95_queue,9102,317.0
0.90,H2-B,p95_queue,9103,215.04999999999995
0.90,H2-B,p95_queue,9104,224.0
0.90,H2-B,p95_queue,9105,266.0
0.90,H2-B,p95_queue,9106,267.75
0.90,H2-B,p95_queue,9107,220.29999999999995
0.90,H2-B,p95_queue,9108,280.75
0.90,H2-B,max_queue,9101,231.0
0.90,H2-B,max_queue,9102,323.0
0.90,H2-B,max_queue,9103,218.0
0.90,H2-B,max_queue,9104,234.0
0.90,H2-B,max_queue,9105,276.0
0.90,H2-B,max_queue,9106,270.0
0.90,H2-B,max_queue,9107,235.0
0.90,H2-B,max_queue,9108,292.0
0.90,H2-B,p95_wait,9101,115.0
0.90,H2-B,p95_wait,9102,159.0
0.90,H2-B,p95_wait,9103,107.0
0.90,H2-B,p95_wait,9104,112.0
0.90,H2-B,p95_wait,9105,134.0
0.90,H2-B,p95_wait,9106,135.0
0.90,H2-B,p95_wait,9107,109.79999999999995
0.90,H2-B,p95_wait,9108,143.0
0.90,H2-B,fraction_at_cap2,9101,0.17089371980676327
0.90,H2-B,fraction_at_cap2,9102,0.2640517284758215
0.90,H2-B,fraction_at_cap2,9103,0.1763550135501355
0.90,H2-B,fraction_at_cap2,9104,0.04309429040152757
0.90,H2-B,fraction_at_cap2,9105,0.038827946594936935
0.90,H2-B,fraction_at_cap2,9106,0.047932147727589025
0.90,H2-B,fraction_at_cap2,9107,0.05655912362896287
0.90,H2-B,fraction_at_cap2,9108,0.017004263065638403
0.90,H2-B,mean_residual_cb_prbs,9101,-0.28728864734299453
0.90,H2-B,mean_residual_cb_prbs,9102,-0.4424775898383304
0.90,H2-B,mean_residual_cb_prbs,9103,-0.325982384823849
0.90,H2-B,mean_residual_cb_prbs,9104,-0.07857757577387492
0.90,H2-B,mean_residual_cb_prbs,9105,-0.07096625057790096
0.90,H2-B,mean_residual_cb_prbs,9106,-0.08588683866299274
0.90,H2-B,mean_residual_cb_prbs,9107,-0.10404174236112063
0.90,H2-B,mean_residual_cb_prbs,9108,-0.02640860719707927
0.90,H2-B,cb_prb_slots,9101,-217.0
0.90,H2-B,cb_prb_slots,9102,-277.0
0.90,H2-B,cb_prb_slots,9103,-231.0
0.90,H2-B,cb_prb_slots,9104,-99.0
0.90,H2-B,cb_prb_slots,9105,-124.0
0.90,H2-B,cb_prb_slots,9106,-115.0
0.90,H2-B,cb_prb_slots,9107,-141.0
0.90,H2-B,cb_prb_slots,9108,-93.0
0.90,H3-B,correct_delivery_probability,9101,0.00039999999999995595
0.90,H3-B,correct_delivery_probability,9102,0.00039999999999995595
0.90,H3-B,correct_delivery_probability,9103,0.0
0.90,H3-B,correct_delivery_probability,9104,0.0
0.90,H3-B,correct_delivery_probability,9105,0.0
0.90,H3-B,correct_delivery_probability,9106,0.0
0.90,H3-B,correct_delivery_probability,9107,0.0
0.90,H3-B,correct_delivery_probability,9108,0.0
0.90,H3-B,terminal_failure_probability,9101,0.0
0.90,H3-B,terminal_failure_probability,9102,0.0
0.90,H3-B,terminal_failure_probability,9103,0.0
0.90,H3-B,terminal_failure_probability,9104,0.0
0.90,H3-B,terminal_failure_probability,9105,0.0
0.90,H3-B,terminal_failure_probability,9106,0.0
0.90,H3-B,terminal_failure_probability,9107,0.0
0.90,H3-B,terminal_failure_probability,9108,0.0
0.90,H3-B,mean_latency,9101,-3.8649299719887935
0.90,H3-B,mean_latency,9102,11.192176550620246
0.90,H3-B,mean_latency,9103,-7.548000000000002
0.90,H3-B,mean_latency,9104,-3.3956000000000017
0.90,H3-B,mean_latency,9105,-5.618399999999998
0.90,H3-B,mean_latency,9106,-4.0563999999999965
0.90,H3-B,mean_latency,9107,-8.383999999999997
0.90,H3-B,mean_latency,9108,-2.5523999999999987
0.90,H3-B,p95_latency,9101,-62.94999999999982
0.90,H3-B,p95_latency,9102,-22.0
0.90,H3-B,p95_latency,9103,-75.05000000000018
0.90,H3-B,p95_latency,9104,-73.05000000000018
0.90,H3-B,p95_latency,9105,-66.0
0.90,H3-B,p95_latency,9106,-60.05000000000018
0.90,H3-B,p95_latency,9107,-72.0
0.90,H3-B,p95_latency,9108,-61.0
0.90,H3-B,p99_latency,9101,5.9900000000002365
0.90,H3-B,p99_latency,9102,50.98000000000002
0.90,H3-B,p99_latency,9103,-46.0
0.90,H3-B,p99_latency,9104,1.9599999999991269
0.90,H3-B,p99_latency,9105,-35.01000000000022
0.90,H3-B,p99_latency,9106,-18.98999999999978
0.90,H3-B,p99_latency,9107,-37.01000000000022
0.90,H3-B,p99_latency,9108,-15.989999999999782
0.90,H3-B,scheduled_attempts_per_packet,9101,-0.008400000000000019
0.90,H3-B,scheduled_attempts_per_packet,9102,0.062399999999999956
0.90,H3-B,scheduled_attempts_per_packet,9103,-0.03360000000000002
0.90,H3-B,scheduled_attempts_per_packet,9104,-0.024399999999999977
0.90,H3-B,scheduled_attempts_per_packet,9105,-0.02040000000000003
0.90,H3-B,scheduled_attempts_per_packet,9106,-0.018799999999999983
0.90,H3-B,scheduled_attempts_per_packet,9107,-0.027200000000000002
0.90,H3-B,scheduled_attempts_per_packet,9108,0.0024000000000000132
0.90,H3-B,mean_queue,9101,1.934929703951454
0.90,H3-B,mean_queue,9102,46.30152526804798
0.90,H3-B,mean_queue,9103,-13.516766616691655
0.90,H3-B,mean_queue,9104,6.489283941524036
0.90,H3-B,mean_queue,9105,-7.400486063643953
0.90,H3-B,mean_queue,9106,-4.578293875450342
0.90,H3-B,mean_queue,9107,-16.376464294932106
0.90,H3-B,mean_queue,9108,-0.40743284745292385
0.90,H3-B,mean_wait,9101,-1.8009481372710354
0.90,H3-B,mean_wait,9102,20.057446191491216
0.90,H3-B,mean_wait,9103,-8.654925456989787
0.90,H3-B,mean_wait,9104,3.6631579279409863
0.90,H3-B,mean_wait,9105,-4.577088336470439
0.90,H3-B,mean_wait,9106,-2.6429738128742173
0.90,H3-B,mean_wait,9107,-10.466258533524652
0.90,H3-B,mean_wait,9108,-0.42522390163276214
0.90,H3-B,scheduled_prb_slots,9101,-21.0
0.90,H3-B,scheduled_prb_slots,9102,156.0
0.90,H3-B,scheduled_prb_slots,9103,-84.0
0.90,H3-B,scheduled_prb_slots,9104,-61.0
0.90,H3-B,scheduled_prb_slots,9105,-51.0
0.90,H3-B,scheduled_prb_slots,9106,-47.0
0.90,H3-B,scheduled_prb_slots,9107,-68.0
0.90,H3-B,scheduled_prb_slots,9108,6.0
0.90,H3-B,total_occupied_prb_slots,9101,-52.0
0.90,H3-B,total_occupied_prb_slots,9102,71.0
0.90,H3-B,total_occupied_prb_slots,9103,-133.0
0.90,H3-B,total_occupied_prb_slots,9104,-115.0
0.90,H3-B,total_occupied_prb_slots,9105,-108.0
0.90,H3-B,total_occupied_prb_slots,9106,-88.0
0.90,H3-B,total_occupied_prb_slots,9107,-125.0
0.90,H3-B,total_occupied_prb_slots,9108,-70.0
0.90,H3-B,rlc_retransmissions_per_packet,9101,-0.2628
0.90,H3-B,rlc_retransmissions_per_packet,9102,-0.2072
0.90,H3-B,rlc_retransmissions_per_packet,9103,-0.2592
0.90,H3-B,rlc_retransmissions_per_packet,9104,-0.2656
0.90,H3-B,rlc_retransmissions_per_packet,9105,-0.2644
0.90,H3-B,rlc_retransmissions_per_packet,9106,-0.2692
0.90,H3-B,rlc_retransmissions_per_packet,9107,-0.2668
0.90,H3-B,rlc_retransmissions_per_packet,9108,-0.2528
0.90,H3-B,first_scheduled_success_probability,9101,0.3765400516795866
0.90,H3-B,first_scheduled_success_probability,9102,0.4159384698049454
0.90,H3-B,first_scheduled_success_probability,9103,0.4373840687240603
0.90,H3-B,first_scheduled_success_probability,9104,0.3769063180827886
0.90,H3-B,first_scheduled_success_probability,9105,0.3856465903992822
0.90,H3-B,first_scheduled_success_probability,9106,0.37952454903834665
0.90,H3-B,first_scheduled_success_probability,9107,0.3869753434970826
0.90,H3-B,first_scheduled_success_probability,9108,0.4041308059207632
0.90,H3-B,scheduled_attempts_per_rescued_packet,9101,-0.372263565891473
0.90,H3-B,scheduled_attempts_per_rescued_packet,9102,-0.4412459657836454
0.90,H3-B,scheduled_attempts_per_rescued_packet,9103,-0.446728129564794
0.90,H3-B,scheduled_attempts_per_rescued_packet,9104,-0.3791627762215999
0.90,H3-B,scheduled_attempts_per_rescued_packet,9105,-0.398728409600718
0.90,H3-B,scheduled_attempts_per_rescued_packet,9106,-0.3733927194535245
0.90,H3-B,scheduled_attempts_per_rescued_packet,9107,-0.40269151138716364
0.90,H3-B,scheduled_attempts_per_rescued_packet,9108,-0.39732386433637834
0.90,H3-B,rescue_admission_rate,9101,1.0
0.90,H3-B,rescue_admission_rate,9102,1.0
0.90,H3-B,rescue_admission_rate,9103,1.0
0.90,H3-B,rescue_admission_rate,9104,1.0
0.90,H3-B,rescue_admission_rate,9105,1.0
0.90,H3-B,rescue_admission_rate,9106,1.0
0.90,H3-B,rescue_admission_rate,9107,1.0
0.90,H3-B,rescue_admission_rate,9108,1.0
0.90,H3-B,eligible_stage_population,9101,1000.0
0.90,H3-B,eligible_stage_population,9102,971.0
0.90,H3-B,eligible_stage_population,9103,944.0
0.90,H3-B,eligible_stage_population,9104,952.0
0.90,H3-B,eligible_stage_population,9105,960.0
0.90,H3-B,eligible_stage_population,9106,968.0
0.90,H3-B,eligible_stage_population,9107,966.0
0.90,H3-B,eligible_stage_population,9108,963.0
0.90,H3-B,rescue_trigger_to_first_tx_mean,9101,64.595
0.90,H3-B,rescue_trigger_to_first_tx_mean,9102,60.225540679711635
0.90,H3-B,rescue_trigger_to_first_tx_mean,9103,41.86228813559322
0.90,H3-B,rescue_trigger_to_first_tx_mean,9104,101.21218487394958
0.90,H3-B,rescue_trigger_to_first_tx_mean,9105,49.364583333333336
0.90,H3-B,rescue_trigger_to_first_tx_mean,9106,57.513429752066116
0.90,H3-B,rescue_trigger_to_first_tx_mean,9107,47.82919254658385
0.90,H3-B,rescue_trigger_to_first_tx_mean,9108,70.36967808930426
0.90,H3-B,phy_attempts_per_packet,9101,-0.6292
0.90,H3-B,phy_attempts_per_packet,9102,-0.35440000000000005
0.90,H3-B,phy_attempts_per_packet,9103,-0.6496
0.90,H3-B,phy_attempts_per_packet,9104,-0.6812
0.90,H3-B,phy_attempts_per_packet,9105,-0.6787999999999998
0.90,H3-B,phy_attempts_per_packet,9106,-0.6671999999999998
0.90,H3-B,phy_attempts_per_packet,9107,-0.6916000000000002
0.90,H3-B,phy_attempts_per_packet,9108,-0.6656
0.90,H3-B,harq_episodes_per_packet,9101,-0.26280000000000014
0.90,H3-B,harq_episodes_per_packet,9102,-0.20720000000000005
0.90,H3-B,harq_episodes_per_packet,9103,-0.2592000000000001
0.90,H3-B,harq_episodes_per_packet,9104,-0.26560000000000006
0.90,H3-B,harq_episodes_per_packet,9105,-0.26439999999999997
0.90,H3-B,harq_episodes_per_packet,9106,-0.2692000000000001
0.90,H3-B,harq_episodes_per_packet,9107,-0.26680000000000015
0.90,H3-B,harq_episodes_per_packet,9108,-0.2527999999999999
0.90,H3-B,final_harq_failure_probability,9101,-0.2628
0.90,H3-B,final_harq_failure_probability,9102,-0.2072
0.90,H3-B,final_harq_failure_probability,9103,-0.2592
0.90,H3-B,final_harq_failure_probability,9104,-0.2656
0.90,H3-B,final_harq_failure_probability,9105,-0.2644
0.90,H3-B,final_harq_failure_probability,9106,-0.2692
0.90,H3-B,final_harq_failure_probability,9107,-0.2668
0.90,H3-B,final_harq_failure_probability,9108,-0.2528
0.90,H3-B,cb_attempts_per_slot,9101,-1.6804974916387945
0.90,H3-B,cb_attempts_per_slot,9102,-1.7019854097115505
0.90,H3-B,cb_attempts_per_slot,9103,-1.4356655005830419
0.90,H3-B,cb_attempts_per_slot,9104,-1.8890485645205182
0.90,H3-B,cb_attempts_per_slot,9105,-1.9866940077466406
0.90,H3-B,cb_attempts_per_slot,9106,-1.969956253216676
0.90,H3-B,cb_attempts_per_slot,9107,-1.7219692112997365
0.90,H3-B,cb_attempts_per_slot,9108,-2.253692536991416
0.90,H3-B,cb_overlap_probability,9101,0.0016489045908882893
0.90,H3-B,cb_overlap_probability,9102,0.005559103348157346
0.90,H3-B,cb_overlap_probability,9103,-0.007617168409279396
0.90,H3-B,cb_overlap_probability,9104,-0.024807714616331245
0.90,H3-B,cb_overlap_probability,9105,-0.045289235160367425
0.90,H3-B,cb_overlap_probability,9106,-0.03562420884945072
0.90,H3-B,cb_overlap_probability,9107,-0.04493200983119139
0.90,H3-B,cb_overlap_probability,9108,-0.05355254674403609
0.90,H3-B,scheduled_attempts_per_slot,9101,0.04924981419546648
0.90,H3-B,scheduled_attempts_per_slot,9102,0.20939978450179297
0.90,H3-B,scheduled_attempts_per_slot,9103,0.0019719307013159604
0.90,H3-B,scheduled_attempts_per_slot,9104,-0.018678045890509587
0.90,H3-B,scheduled_attempts_per_slot,9105,-0.007670691881218161
0.90,H3-B,scheduled_attempts_per_slot,9106,-0.005695659632870109
0.90,H3-B,scheduled_attempts_per_slot,9107,0.00890233038323518
0.90,H3-B,scheduled_attempts_per_slot,9108,0.042252001752427715
0.90,H3-B,p95_queue,9101,-12.549999999999955
0.90,H3-B,p95_queue,9102,51.0
0.90,H3-B,p95_queue,9103,-40.649999999999864
0.90,H3-B,p95_queue,9104,4.0
0.90,H3-B,p95_queue,9105,-12.0
0.90,H3-B,p95_queue,9106,-1.25
0.90,H3-B,p95_queue,9107,-33.5
0.90,H3-B,p95_queue,9108,22.0
0.90,H3-B,max_queue,9101,-5.0
0.90,H3-B,max_queue,9102,49.0
0.90,H3-B,max_queue,9103,-36.0
0.90,H3-B,max_queue,9104,13.0
0.90,H3-B,max_queue,9105,-11.0
0.90,H3-B,max_queue,9106,-3.0
0.90,H3-B,max_queue,9107,-35.0
0.90,H3-B,max_queue,9108,23.0
0.90,H3-B,p95_wait,9101,-5.0
0.90,H3-B,p95_wait,9102,22.0
0.90,H3-B,p95_wait,9103,-20.0
0.90,H3-B,p95_wait,9104,2.0
0.90,H3-B,p95_wait,9105,-5.0
0.90,H3-B,p95_wait,9106,-0.40000000000009095
0.90,H3-B,p95_wait,9107,-17.200000000000045
0.90,H3-B,p95_wait,9108,11.799999999999955
0.90,H3-B,fraction_at_cap2,9101,0.1622538089929394
0.90,H3-B,fraction_at_cap2,9102,0.25475597477611145
0.90,H3-B,fraction_at_cap2,9103,0.06467183075129102
0.90,H3-B,fraction_at_cap2,9104,0.022224712984164174
0.90,H3-B,fraction_at_cap2,9105,0.014293309030151136
0.90,H3-B,fraction_at_cap2,9106,0.012360610739406419
0.90,H3-B,fraction_at_cap2,9107,0.014597157581863085
0.90,H3-B,fraction_at_cap2,9108,0.011408392719939542
0.90,H3-B,mean_residual_cb_prbs,9101,-0.2744991019447536
0.90,H3-B,mean_residual_cb_prbs,9102,-0.4256354547542083
0.90,H3-B,mean_residual_cb_prbs,9103,-0.14965225720473097
0.90,H3-B,mean_residual_cb_prbs,9104,-0.04498983235392995
0.90,H3-B,mean_residual_cb_prbs,9105,-0.023057644110275
0.90,H3-B,mean_residual_cb_prbs,9106,-0.026882827243094987
0.90,H3-B,mean_residual_cb_prbs,9107,-0.03609221623691816
0.90,H3-B,mean_residual_cb_prbs,9108,-0.0200032142519051
0.90,H3-B,cb_prb_slots,9101,-187.0
0.90,H3-B,cb_prb_slots,9102,-233.0
0.90,H3-B,cb_prb_slots,9103,-145.0
0.90,H3-B,cb_prb_slots,9104,-89.0
0.90,H3-B,cb_prb_slots,9105,-70.0
0.90,H3-B,cb_prb_slots,9106,-57.0
0.90,H3-B,cb_prb_slots,9107,-65.0
0.90,H3-B,cb_prb_slots,9108,-56.0
0.90,H3-H2,correct_delivery_probability,9101,0.0
0.90,H3-H2,correct_delivery_probability,9102,0.0
0.90,H3-H2,correct_delivery_probability,9103,0.0
0.90,H3-H2,correct_delivery_probability,9104,0.0
0.90,H3-H2,correct_delivery_probability,9105,0.0
0.90,H3-H2,correct_delivery_probability,9106,0.0
0.90,H3-H2,correct_delivery_probability,9107,0.0
0.90,H3-H2,correct_delivery_probability,9108,0.0
0.90,H3-H2,terminal_failure_probability,9101,0.0
0.90,H3-H2,terminal_failure_probability,9102,0.0
0.90,H3-H2,terminal_failure_probability,9103,0.0
0.90,H3-H2,terminal_failure_probability,9104,0.0
0.90,H3-H2,terminal_failure_probability,9105,0.0
0.90,H3-H2,terminal_failure_probability,9106,0.0
0.90,H3-H2,terminal_failure_probability,9107,0.0
0.90,H3-H2,terminal_failure_probability,9108,0.0
0.90,H3-H2,mean_latency,9101,-56.39639999999999
0.90,H3-H2,mean_latency,9102,-60.1844
0.90,H3-H2,mean_latency,9103,-55.5976
0.90,H3-H2,mean_latency,9104,-55.18000000000001
0.90,H3-H2,mean_latency,9105,-61.05760000000001
0.90,H3-H2,mean_latency,9106,-58.40279999999999
0.90,H3-H2,mean_latency,9107,-54.87519999999999
0.90,H3-H2,mean_latency,9108,-59.9208
0.90,H3-H2,p95_latency,9101,-168.94999999999982
0.90,H3-H2,p95_latency,9102,-192.10000000000036
0.90,H3-H2,p95_latency,9103,-184.05000000000018
0.90,H3-H2,p95_latency,9104,-173.0
0.90,H3-H2,p95_latency,9105,-181.05000000000018
0.90,H3-H2,p95_latency,9106,-180.10000000000036
0.90,H3-H2,p95_latency,9107,-185.0
0.90,H3-H2,p95_latency,9108,-197.0
0.90,H3-H2,p99_latency,9101,-153.0
0.90,H3-H2,p99_latency,9102,-192.01000000000022
0.90,H3-H2,p99_latency,9103,-210.01000000000022
0.90,H3-H2,p99_latency,9104,-116.98999999999978
0.90,H3-H2,p99_latency,9105,-239.01000000000022
0.90,H3-H2,p99_latency,9106,-209.0
0.90,H3-H2,p99_latency,9107,-199.95999999999913
0.90,H3-H2,p99_latency,9108,-191.98999999999978
0.90,H3-H2,scheduled_attempts_per_packet,9101,-0.07799999999999996
0.90,H3-H2,scheduled_attempts_per_packet,9102,-0.10280000000000006
0.90,H3-H2,scheduled_attempts_per_packet,9103,-0.11279999999999996
0.90,H3-H2,scheduled_attempts_per_packet,9104,-0.08560000000000001
0.90,H3-H2,scheduled_attempts_per_packet,9105,-0.10520000000000002
0.90,H3-H2,scheduled_attempts_per_packet,9106,-0.09719999999999995
0.90,H3-H2,scheduled_attempts_per_packet,9107,-0.09599999999999997
0.90,H3-H2,scheduled_attempts_per_packet,9108,-0.10520000000000002
0.90,H3-H2,mean_queue,9101,-136.12455097237705
0.90,H3-H2,mean_queue,9102,-148.32171983837782
0.90,H3-H2,mean_queue,9103,-142.84562840530953
0.90,H3-H2,mean_queue,9104,-119.2818480273865
0.90,H3-H2,mean_queue,9105,-152.91255018614495
0.90,H3-H2,mean_queue,9106,-142.16580535578765
0.90,H3-H2,mean_queue,9107,-140.57985927656057
0.90,H3-H2,mean_queue,9108,-140.08988423463813
0.90,H3-H2,mean_wait,9101,-79.87769888929438
0.90,H3-H2,mean_wait,9102,-87.02894852766764
0.90,H3-H2,mean_wait,9103,-81.86713098318795
0.90,H3-H2,mean_wait,9104,-70.6372597091436
0.90,H3-H2,mean_wait,9105,-89.5151499405161
0.90,H3-H2,mean_wait,9106,-83.60026891330214
0.90,H3-H2,mean_wait,9107,-82.39760073420447
0.90,H3-H2,mean_wait,9108,-81.9754249340207
0.90,H3-H2,scheduled_prb_slots,9101,-195.0
0.90,H3-H2,scheduled_prb_slots,9102,-257.0
0.90,H3-H2,scheduled_prb_slots,9103,-282.0
0.90,H3-H2,scheduled_prb_slots,9104,-214.0
0.90,H3-H2,scheduled_prb_slots,9105,-263.0
0.90,H3-H2,scheduled_prb_slots,9106,-243.0
0.90,H3-H2,scheduled_prb_slots,9107,-240.0
0.90,H3-H2,scheduled_prb_slots,9108,-263.0
0.90,H3-H2,total_occupied_prb_slots,9101,-229.0
0.90,H3-H2,total_occupied_prb_slots,9102,-275.0
0.90,H3-H2,total_occupied_prb_slots,9103,-335.0
0.90,H3-H2,total_occupied_prb_slots,9104,-275.0
0.90,H3-H2,total_occupied_prb_slots,9105,-292.0
0.90,H3-H2,total_occupied_prb_slots,9106,-289.0
0.90,H3-H2,total_occupied_prb_slots,9107,-260.0
0.90,H3-H2,total_occupied_prb_slots,9108,-282.0
0.90,H3-H2,rlc_retransmissions_per_packet,9101,0.0456
0.90,H3-H2,rlc_retransmissions_per_packet,9102,0.03
0.90,H3-H2,rlc_retransmissions_per_packet,9103,0.0308
0.90,H3-H2,rlc_retransmissions_per_packet,9104,0.0352
0.90,H3-H2,rlc_retransmissions_per_packet,9105,0.0308
0.90,H3-H2,rlc_retransmissions_per_packet,9106,0.0328
0.90,H3-H2,rlc_retransmissions_per_packet,9107,0.0344
0.90,H3-H2,rlc_retransmissions_per_packet,9108,0.028
0.90,H3-H2,first_scheduled_success_probability,9101,0.015947976878612713
0.90,H3-H2,first_scheduled_success_probability,9102,0.05010016208441426
0.90,H3-H2,first_scheduled_success_probability,9103,0.05143437929454875
0.90,H3-H2,first_scheduled_success_probability,9104,0.0189435363186371
0.90,H3-H2,first_scheduled_success_probability,9105,0.03582079152731321
0.90,H3-H2,first_scheduled_success_probability,9106,0.02835696413678057
0.90,H3-H2,first_scheduled_success_probability,9107,0.04131830849388107
0.90,H3-H2,first_scheduled_success_probability,9108,0.04607995846313606
0.90,H3-H2,scheduled_attempts_per_rescued_packet,9101,0.044923203963666225
0.90,H3-H2,scheduled_attempts_per_rescued_packet,9102,-0.013596840005736022
0.90,H3-H2,scheduled_attempts_per_rescued_packet,9103,-0.007343678424186928
0.90,H3-H2,scheduled_attempts_per_rescued_packet,9104,0.029685161735927057
0.90,H3-H2,scheduled_attempts_per_rescued_packet,9105,0.0031180323299888624
0.90,H3-H2,scheduled_attempts_per_rescued_packet,9106,0.018054818409280582
0.90,H3-H2,scheduled_attempts_per_rescued_packet,9107,0.0038431347757599266
0.90,H3-H2,scheduled_attempts_per_rescued_packet,9108,-0.004185048122826496
0.90,H3-H2,rescue_admission_rate,9101,0.0
0.90,H3-H2,rescue_admission_rate,9102,0.0
0.90,H3-H2,rescue_admission_rate,9103,0.0
0.90,H3-H2,rescue_admission_rate,9104,0.0
0.90,H3-H2,rescue_admission_rate,9105,0.0
0.90,H3-H2,rescue_admission_rate,9106,0.0
0.90,H3-H2,rescue_admission_rate,9107,0.0
0.90,H3-H2,rescue_admission_rate,9108,0.0
0.90,H3-H2,eligible_stage_population,9101,-211.0
0.90,H3-H2,eligible_stage_population,9102,-214.0
0.90,H3-H2,eligible_stage_population,9103,-240.0
0.90,H3-H2,eligible_stage_population,9104,-216.0
0.90,H3-H2,eligible_stage_population,9105,-236.0
0.90,H3-H2,eligible_stage_population,9106,-231.0
0.90,H3-H2,eligible_stage_population,9107,-213.0
0.90,H3-H2,eligible_stage_population,9108,-229.0
0.90,H3-H2,rescue_trigger_to_first_tx_mean,9101,-78.46280346820808
0.90,H3-H2,rescue_trigger_to_first_tx_mean,9102,-86.5094804173348
0.90,H3-H2,rescue_trigger_to_first_tx_mean,9103,-81.64615781035273
0.90,H3-H2,rescue_trigger_to_first_tx_mean,9104,-70.14569183837918
0.90,H3-H2,rescue_trigger_to_first_tx_mean,9105,-89.8753832218506
0.90,H3-H2,rescue_trigger_to_first_tx_mean,9106,-83.57747933884298
0.90,H3-H2,rescue_trigger_to_first_tx_mean,9107,-81.46512467139749
0.90,H3-H2,rescue_trigger_to_first_tx_mean,9108,-82.16723466237359
0.90,H3-H2,phy_attempts_per_packet,9101,0.6968000000000001
0.90,H3-H2,phy_attempts_per_packet,9102,0.6492
0.90,H3-H2,phy_attempts_per_packet,9103,0.6200000000000001
0.90,H3-H2,phy_attempts_per_packet,9104,0.6608
0.90,H3-H2,phy_attempts_per_packet,9105,0.6204000000000001
0.90,H3-H2,phy_attempts_per_packet,9106,0.6564000000000001
0.90,H3-H2,phy_attempts_per_packet,9107,0.6471999999999998
0.90,H3-H2,phy_attempts_per_packet,9108,0.6428000000000003
0.90,H3-H2,harq_episodes_per_packet,9101,0.04559999999999986
0.90,H3-H2,harq_episodes_per_packet,9102,0.030000000000000027
0.90,H3-H2,harq_episodes_per_packet,9103,0.03079999999999994
0.90,H3-H2,harq_episodes_per_packet,9104,0.0351999999999999
0.90,H3-H2,harq_episodes_per_packet,9105,0.03079999999999994
0.90,H3-H2,harq_episodes_per_packet,9106,0.03279999999999994
0.90,H3-H2,harq_episodes_per_packet,9107,0.034399999999999986
0.90,H3-H2,harq_episodes_per_packet,9108,0.028000000000000025
0.90,H3-H2,final_harq_failure_probability,9101,0.0456
0.90,H3-H2,final_harq_failure_probability,9102,0.03
0.90,H3-H2,final_harq_failure_probability,9103,0.0308
0.90,H3-H2,final_harq_failure_probability,9104,0.0352
0.90,H3-H2,final_harq_failure_probability,9105,0.0308
0.90,H3-H2,final_harq_failure_probability,9106,0.0328
0.90,H3-H2,final_harq_failure_probability,9107,0.0344
0.90,H3-H2,final_harq_failure_probability,9108,0.028
0.90,H3-H2,cb_attempts_per_slot,9101,3.7499070977331854
0.90,H3-H2,cb_attempts_per_slot,9102,4.023237613629522
0.90,H3-H2,cb_attempts_per_slot,9103,4.016638022452189
0.90,H3-H2,cb_attempts_per_slot,9104,3.7496001459116677
0.90,H3-H2,cb_attempts_per_slot,9105,4.056785166800496
0.90,H3-H2,cb_attempts_per_slot,9106,4.096201799718116
0.90,H3-H2,cb_attempts_per_slot,9107,3.980882819132849
0.90,H3-H2,cb_attempts_per_slot,9108,4.123350552326742
0.90,H3-H2,cb_overlap_probability,9101,0.13754199823165347
0.90,H3-H2,cb_overlap_probability,9102,0.13742429694239844
0.90,H3-H2,cb_overlap_probability,9103,0.11573608295791138
0.90,H3-H2,cb_overlap_probability,9104,0.15850798485622897
0.90,H3-H2,cb_overlap_probability,9105,0.12857799723599694
0.90,H3-H2,cb_overlap_probability,9106,0.14370422539923655
0.90,H3-H2,cb_overlap_probability,9107,0.1338529734871321
0.90,H3-H2,cb_overlap_probability,9108,0.14848043542218303
0.90,H3-H2,scheduled_attempts_per_slot,9101,0.02071720549981415
0.90,H3-H2,scheduled_attempts_per_slot,9102,-0.008553864023485458
0.90,H3-H2,scheduled_attempts_per_slot,9103,-0.043183895856949484
0.90,H3-H2,scheduled_attempts_per_slot,9104,-0.005990796340984428
0.90,H3-H2,scheduled_attempts_per_slot,9105,-0.004343382728666301
0.90,H3-H2,scheduled_attempts_per_slot,9106,0.018420006505005304
0.90,H3-H2,scheduled_attempts_per_slot,9107,0.0036128247078583975
0.90,H3-H2,scheduled_attempts_per_slot,9108,-0.005274602408238849
0.90,H3-H2,p95_queue,9101,-244.69999999999993
0.90,H3-H2,p95_queue,9102,-266.0
0.90,H3-H2,p95_queue,9103,-255.69999999999982
0.90,H3-H2,p95_queue,9104,-220.0
0.90,H3-H2,p95_queue,9105,-278.0
0.90,H3-H2,p95_queue,9106,-269.0
0.90,H3-H2,p95_queue,9107,-253.79999999999995
0.90,H3-H2,p95_queue,9108,-258.75
0.90,H3-H2,max_queue,9101,-236.0
0.90,H3-H2,max_queue,9102,-274.0
0.90,H3-H2,max_queue,9103,-254.0
0.90,H3-H2,max_queue,9104,-221.0
0.90,H3-H2,max_queue,9105,-287.0
0.90,H3-H2,max_queue,9106,-273.0
0.90,H3-H2,max_queue,9107,-270.0
0.90,H3-H2,max_queue,9108,-269.0
0.90,H3-H2,p95_wait,9101,-120.0
0.90,H3-H2,p95_wait,9102,-137.0
0.90,H3-H2,p95_wait,9103,-127.0
0.90,H3-H2,p95_wait,9104,-110.0
0.90,H3-H2,p95_wait,9105,-139.0
0.90,H3-H2,p95_wait,9106,-135.4000000000001
0.90,H3-H2,p95_wait,9107,-127.0
0.90,H3-H2,p95_wait,9108,-131.20000000000005
0.90,H3-H2,fraction_at_cap2,9101,-0.00863991081382387
0.90,H3-H2,fraction_at_cap2,9102,-0.00929575369971003
0.90,H3-H2,fraction_at_cap2,9103,-0.11168318279884448
0.90,H3-H2,fraction_at_cap2,9104,-0.020869577417363394
0.90,H3-H2,fraction_at_cap2,9105,-0.0245346375647858
0.90,H3-H2,fraction_at_cap2,9106,-0.035571536988182606
0.90,H3-H2,fraction_at_cap2,9107,-0.041961966047099786
0.90,H3-H2,fraction_at_cap2,9108,-0.005595870345698861
0.90,H3-H2,mean_residual_cb_prbs,9101,0.012789545398240953
0.90,H3-H2,mean_residual_cb_prbs,9102,0.016842135084122134
0.90,H3-H2,mean_residual_cb_prbs,9103,0.17633012761911804
0.90,H3-H2,mean_residual_cb_prbs,9104,0.03358774341994497
0.90,H3-H2,mean_residual_cb_prbs,9105,0.04790860646762596
0.90,H3-H2,mean_residual_cb_prbs,9106,0.05900401141989775
0.90,H3-H2,mean_residual_cb_prbs,9107,0.06794952612420246
0.90,H3-H2,mean_residual_cb_prbs,9108,0.006405392945174171
0.90,H3-H2,cb_prb_slots,9101,30.0
0.90,H3-H2,cb_prb_slots,9102,44.0
0.90,H3-H2,cb_prb_slots,9103,86.0
0.90,H3-H2,cb_prb_slots,9104,10.0
0.90,H3-H2,cb_prb_slots,9105,54.0
0.90,H3-H2,cb_prb_slots,9106,58.0
0.90,H3-H2,cb_prb_slots,9107,76.0
0.90,H3-H2,cb_prb_slots,9108,37.0
0.90,H2-F2,correct_delivery_probability,9101,0.0
0.90,H2-F2,correct_delivery_probability,9102,0.0
0.90,H2-F2,correct_delivery_probability,9103,0.0
0.90,H2-F2,correct_delivery_probability,9104,0.00039999999999995595
0.90,H2-F2,correct_delivery_probability,9105,0.0
0.90,H2-F2,correct_delivery_probability,9106,0.0
0.90,H2-F2,correct_delivery_probability,9107,0.0
0.90,H2-F2,correct_delivery_probability,9108,0.0
0.90,H2-F2,terminal_failure_probability,9101,0.0
0.90,H2-F2,terminal_failure_probability,9102,0.0
0.90,H2-F2,terminal_failure_probability,9103,0.0
0.90,H2-F2,terminal_failure_probability,9104,0.0
0.90,H2-F2,terminal_failure_probability,9105,0.0
0.90,H2-F2,terminal_failure_probability,9106,0.0
0.90,H2-F2,terminal_failure_probability,9107,0.0
0.90,H2-F2,terminal_failure_probability,9108,0.0
0.90,H2-F2,mean_latency,9101,-95.3472
0.90,H2-F2,mean_latency,9102,-88.0328
0.90,H2-F2,mean_latency,9103,-93.74359999999999
0.90,H2-F2,mean_latency,9104,-99.76441472589036
0.90,H2-F2,mean_latency,9105,-87.56679999999999
0.90,H2-F2,mean_latency,9106,-82.5856
0.90,H2-F2,mean_latency,9107,-85.8432
0.90,H2-F2,mean_latency,9108,-104.88919999999999
0.90,H2-F2,p95_latency,9101,-265.0500000000002
0.90,H2-F2,p95_latency,9102,-251.89999999999964
0.90,H2-F2,p95_latency,9103,-258.0
0.90,H2-F2,p95_latency,9104,-261.0
0.90,H2-F2,p95_latency,9105,-268.9499999999998
0.90,H2-F2,p95_latency,9106,-254.89999999999964
0.90,H2-F2,p95_latency,9107,-251.05000000000018
0.90,H2-F2,p95_latency,9108,-278.0
0.90,H2-F2,p99_latency,9101,-315.0100000000002
0.90,H2-F2,p99_latency,9102,-300.9899999999998
0.90,H2-F2,p99_latency,9103,-319.0
0.90,H2-F2,p99_latency,9104,-314.0
0.90,H2-F2,p99_latency,9105,-283.0
0.90,H2-F2,p99_latency,9106,-277.9899999999998
0.90,H2-F2,p99_latency,9107,-298.0100000000002
0.90,H2-F2,p99_latency,9108,-340.0
0.90,H2-F2,scheduled_attempts_per_packet,9101,-0.1512
0.90,H2-F2,scheduled_attempts_per_packet,9102,-0.12279999999999991
0.90,H2-F2,scheduled_attempts_per_packet,9103,-0.1492
0.90,H2-F2,scheduled_attempts_per_packet,9104,-0.14039999999999997
0.90,H2-F2,scheduled_attempts_per_packet,9105,-0.13639999999999997
0.90,H2-F2,scheduled_attempts_per_packet,9106,-0.12680000000000002
0.90,H2-F2,scheduled_attempts_per_packet,9107,-0.13080000000000003
0.90,H2-F2,scheduled_attempts_per_packet,9108,-0.15639999999999998
0.90,H2-F2,mean_queue,9101,-116.55149018048527
0.90,H2-F2,mean_queue,9102,-114.0201680672269
0.90,H2-F2,mean_queue,9103,-123.68571560929283
0.90,H2-F2,mean_queue,9104,-118.39328662842013
0.90,H2-F2,mean_queue,9105,-117.74300817283972
0.90,H2-F2,mean_queue,9106,-107.90753558712606
0.90,H2-F2,mean_queue,9107,-119.39174846154756
0.90,H2-F2,mean_queue,9108,-131.7007310959944
0.90,H2-F2,mean_wait,9101,-67.08544774034971
0.90,H2-F2,mean_wait,9102,-69.13259795703974
0.90,H2-F2,mean_wait,9103,-72.22345108429424
0.90,H2-F2,mean_wait,9104,-69.60062134922859
0.90,H2-F2,mean_wait,9105,-69.09012408796312
0.90,H2-F2,mean_wait,9106,-63.51252034134458
0.90,H2-F2,mean_wait,9107,-70.45581275620057
0.90,H2-F2,mean_wait,9108,-76.19478306199375
0.90,H2-F2,scheduled_prb_slots,9101,-378.0
0.90,H2-F2,scheduled_prb_slots,9102,-307.0
0.90,H2-F2,scheduled_prb_slots,9103,-373.0
0.90,H2-F2,scheduled_prb_slots,9104,-351.0
0.90,H2-F2,scheduled_prb_slots,9105,-341.0
0.90,H2-F2,scheduled_prb_slots,9106,-317.0
0.90,H2-F2,scheduled_prb_slots,9107,-327.0
0.90,H2-F2,scheduled_prb_slots,9108,-391.0
0.90,H2-F2,total_occupied_prb_slots,9101,-622.0
0.90,H2-F2,total_occupied_prb_slots,9102,-569.0
0.90,H2-F2,total_occupied_prb_slots,9103,-609.0
0.90,H2-F2,total_occupied_prb_slots,9104,-612.0
0.90,H2-F2,total_occupied_prb_slots,9105,-588.0
0.90,H2-F2,total_occupied_prb_slots,9106,-553.0
0.90,H2-F2,total_occupied_prb_slots,9107,-547.0
0.90,H2-F2,total_occupied_prb_slots,9108,-655.0
0.90,H2-F2,rlc_retransmissions_per_packet,9101,0.0012
0.90,H2-F2,rlc_retransmissions_per_packet,9102,0.002
0.90,H2-F2,rlc_retransmissions_per_packet,9103,0.0024
0.90,H2-F2,rlc_retransmissions_per_packet,9104,0.0016
0.90,H2-F2,rlc_retransmissions_per_packet,9105,0.002
0.90,H2-F2,rlc_retransmissions_per_packet,9106,0.0024
0.90,H2-F2,rlc_retransmissions_per_packet,9107,0.0024
0.90,H2-F2,rlc_retransmissions_per_packet,9108,0.0024
0.90,H2-F2,first_scheduled_success_probability,9101,0.3573347086337548
0.90,H2-F2,first_scheduled_success_probability,9102,0.3726845842710901
0.90,H2-F2,first_scheduled_success_probability,9103,0.37252489006373835
0.90,H2-F2,first_scheduled_success_probability,9104,0.3723360238325609
0.90,H2-F2,first_scheduled_success_probability,9105,0.389935726163562
0.90,H2-F2,first_scheduled_success_probability,9106,0.37241601519442424
0.90,H2-F2,first_scheduled_success_probability,9107,0.3468690106326646
0.90,H2-F2,first_scheduled_success_probability,9108,0.38450226244343894
0.90,H2-F2,scheduled_attempts_per_rescued_packet,9101,-0.41327656085412556
0.90,H2-F2,scheduled_attempts_per_rescued_packet,9102,-0.41955535444228764
0.90,H2-F2,scheduled_attempts_per_rescued_packet,9103,-0.4352379687731607
0.90,H2-F2,scheduled_attempts_per_rescued_packet,9104,-0.42210495493201594
0.90,H2-F2,scheduled_attempts_per_rescued_packet,9105,-0.44553539732067793
0.90,H2-F2,scheduled_attempts_per_rescued_packet,9106,-0.4149075246007534
0.90,H2-F2,scheduled_attempts_per_rescued_packet,9107,-0.399088093196313
0.90,H2-F2,scheduled_attempts_per_rescued_packet,9108,-0.44288317288712076
0.90,H2-F2,rescue_admission_rate,9101,0.0
0.90,H2-F2,rescue_admission_rate,9102,0.0
0.90,H2-F2,rescue_admission_rate,9103,0.0
0.90,H2-F2,rescue_admission_rate,9104,0.0
0.90,H2-F2,rescue_admission_rate,9105,0.0
0.90,H2-F2,rescue_admission_rate,9106,0.0
0.90,H2-F2,rescue_admission_rate,9107,0.0
0.90,H2-F2,rescue_admission_rate,9108,0.0
0.90,H2-F2,eligible_stage_population,9101,79.0
0.90,H2-F2,eligible_stage_population,9102,122.0
0.90,H2-F2,eligible_stage_population,9103,90.0
0.90,H2-F2,eligible_stage_population,9104,92.0
0.90,H2-F2,eligible_stage_population,9105,122.0
0.90,H2-F2,eligible_stage_population,9106,117.0
0.90,H2-F2,eligible_stage_population,9107,93.0
0.90,H2-F2,eligible_stage_population,9108,87.0
0.90,H2-F2,rescue_trigger_to_first_tx_mean,9101,-61.07028840458344
0.90,H2-F2,rescue_trigger_to_first_tx_mean,9102,-62.913144472097514
0.90,H2-F2,rescue_trigger_to_first_tx_mean,9103,-65.56833650377983
0.90,H2-F2,rescue_trigger_to_first_tx_mean,9104,-63.98320135458573
0.90,H2-F2,rescue_trigger_to_first_tx_mean,9105,-63.10826435729277
0.90,H2-F2,rescue_trigger_to_first_tx_mean,9106,-58.072676861031766
0.90,H2-F2,rescue_trigger_to_first_tx_mean,9107,-64.69094981700945
0.90,H2-F2,rescue_trigger_to_first_tx_mean,9108,-70.52915059673845
0.90,H2-F2,phy_attempts_per_packet,9101,-0.1299999999999999
0.90,H2-F2,phy_attempts_per_packet,9102,-0.10919999999999996
0.90,H2-F2,phy_attempts_per_packet,9103,-0.13319999999999999
0.90,H2-F2,phy_attempts_per_packet,9104,-0.10999999999999988
0.90,H2-F2,phy_attempts_per_packet,9105,-0.10360000000000014
0.90,H2-F2,phy_attempts_per_packet,9106,-0.10280000000000022
0.90,H2-F2,phy_attempts_per_packet,9107,-0.11439999999999984
0.90,H2-F2,phy_attempts_per_packet,9108,-0.12680000000000025
0.90,H2-F2,harq_episodes_per_packet,9101,-0.4516
0.90,H2-F2,harq_episodes_per_packet,9102,-0.4232
0.90,H2-F2,harq_episodes_per_packet,9103,-0.43520000000000003
0.90,H2-F2,harq_episodes_per_packet,9104,-0.42879999999999985
0.90,H2-F2,harq_episodes_per_packet,9105,-0.4276
0.90,H2-F2,harq_episodes_per_packet,9106,-0.4304000000000001
0.90,H2-F2,harq_episodes_per_packet,9107,-0.43199999999999994
0.90,H2-F2,harq_episodes_per_packet,9108,-0.4396
0.90,H2-F2,final_harq_failure_probability,9101,0.0012
0.90,H2-F2,final_harq_failure_probability,9102,0.002
0.90,H2-F2,final_harq_failure_probability,9103,0.0024
0.90,H2-F2,final_harq_failure_probability,9104,0.0016
0.90,H2-F2,final_harq_failure_probability,9105,0.002
0.90,H2-F2,final_harq_failure_probability,9106,0.0024
0.90,H2-F2,final_harq_failure_probability,9107,0.0024
0.90,H2-F2,final_harq_failure_probability,9108,0.0024
0.90,H2-F2,cb_attempts_per_slot,9101,1.2459083451021256
0.90,H2-F2,cb_attempts_per_slot,9102,1.1421150278293135
0.90,H2-F2,cb_attempts_per_slot,9103,1.2630810923493847
0.90,H2-F2,cb_attempts_per_slot,9104,1.2848356134157113
0.90,H2-F2,cb_attempts_per_slot,9105,1.2456925038862874
0.90,H2-F2,cb_attempts_per_slot,9106,1.1633667659723086
0.90,H2-F2,cb_attempts_per_slot,9107,1.1994176913173407
0.90,H2-F2,cb_attempts_per_slot,9108,1.3744324710551838
0.90,H2-F2,cb_overlap_probability,9101,0.07582417582417578
0.90,H2-F2,cb_overlap_probability,9102,0.06050551518096203
0.90,H2-F2,cb_overlap_probability,9103,0.06587235513108503
0.90,H2-F2,cb_overlap_probability,9104,0.06578937234256876
0.90,H2-F2,cb_overlap_probability,9105,0.07397539989367141
0.90,H2-F2,cb_overlap_probability,9106,0.05380599589694024
0.90,H2-F2,cb_overlap_probability,9107,0.05076015640806486
0.90,H2-F2,cb_overlap_probability,9108,0.05949800229995583
0.90,H2-F2,scheduled_attempts_per_slot,9101,0.002683970219242271
0.90,H2-F2,scheduled_attempts_per_slot,9102,0.0350023262893675
0.90,H2-F2,scheduled_attempts_per_slot,9103,0.011953072522178143
0.90,H2-F2,scheduled_attempts_per_slot,9104,0.016889158576051777
0.90,H2-F2,scheduled_attempts_per_slot,9105,0.016555120125850475
0.90,H2-F2,scheduled_attempts_per_slot,9106,0.021121395873229476
0.90,H2-F2,scheduled_attempts_per_slot,9107,0.02982058278114419
0.90,H2-F2,scheduled_attempts_per_slot,9108,0.02326560690599
0.90,H2-F2,p95_queue,9101,-197.55000000000007
0.90,H2-F2,p95_queue,9102,-186.79999999999995
0.90,H2-F2,p95_queue,9103,-198.30000000000007
0.90,H2-F2,p95_queue,9104,-215.0
0.90,H2-F2,p95_queue,9105,-178.89999999999998
0.90,H2-F2,p95_queue,9106,-173.0
0.90,H2-F2,p95_queue,9107,-195.0
0.90,H2-F2,p95_queue,9108,-216.25
0.90,H2-F2,max_queue,9101,-200.0
0.90,H2-F2,max_queue,9102,-195.0
0.90,H2-F2,max_queue,9103,-208.0
0.90,H2-F2,max_queue,9104,-230.0
0.90,H2-F2,max_queue,9105,-183.0
0.90,H2-F2,max_queue,9106,-187.0
0.90,H2-F2,max_queue,9107,-195.0
0.90,H2-F2,max_queue,9108,-221.0
0.90,H2-F2,p95_wait,9101,-100.0
0.90,H2-F2,p95_wait,9102,-92.0
0.90,H2-F2,p95_wait,9103,-100.0
0.90,H2-F2,p95_wait,9104,-109.0
0.90,H2-F2,p95_wait,9105,-90.0
0.90,H2-F2,p95_wait,9106,-89.0
0.90,H2-F2,p95_wait,9107,-98.0
0.90,H2-F2,p95_wait,9108,-110.0
0.90,H2-F2,fraction_at_cap2,9101,-0.0008855159301459636
0.90,H2-F2,fraction_at_cap2,9102,0.00020907884684973066
0.90,H2-F2,fraction_at_cap2,9103,-0.0031084242466355994
0.90,H2-F2,fraction_at_cap2,9104,-0.0014526331273904125
0.90,H2-F2,fraction_at_cap2,9105,-0.005934151858436709
0.90,H2-F2,fraction_at_cap2,9106,-0.00654315576296971
0.90,H2-F2,fraction_at_cap2,9107,-0.00790664162621213
0.90,H2-F2,fraction_at_cap2,9108,-0.005345467496018608
0.90,H2-F2,mean_residual_cb_prbs,9101,0.0024554499792053264
0.90,H2-F2,mean_residual_cb_prbs,9102,-0.0006617000867334966
0.90,H2-F2,mean_residual_cb_prbs,9103,0.003777824103027072
0.90,H2-F2,mean_residual_cb_prbs,9104,0.000891806413651608
0.90,H2-F2,mean_residual_cb_prbs,9105,0.008931480326540786
0.90,H2-F2,mean_residual_cb_prbs,9106,0.008726551640886981
0.90,H2-F2,mean_residual_cb_prbs,9107,0.010923307702301877
0.90,H2-F2,mean_residual_cb_prbs,9108,0.010405350619214104
0.90,H2-F2,cb_prb_slots,9101,-165.0
0.90,H2-F2,cb_prb_slots,9102,-149.0
0.90,H2-F2,cb_prb_slots,9103,-143.0
0.90,H2-F2,cb_prb_slots,9104,-151.0
0.90,H2-F2,cb_prb_slots,9105,-146.0
0.90,H2-F2,cb_prb_slots,9106,-136.0
0.90,H2-F2,cb_prb_slots,9107,-107.0
0.90,H2-F2,cb_prb_slots,9108,-139.0
0.90,H3-F3,correct_delivery_probability,9101,0.0
0.90,H3-F3,correct_delivery_probability,9102,0.0
0.90,H3-F3,correct_delivery_probability,9103,0.0
0.90,H3-F3,correct_delivery_probability,9104,0.0
0.90,H3-F3,correct_delivery_probability,9105,0.0
0.90,H3-F3,correct_delivery_probability,9106,0.0
0.90,H3-F3,correct_delivery_probability,9107,0.0
0.90,H3-F3,correct_delivery_probability,9108,0.0
0.90,H3-F3,terminal_failure_probability,9101,0.0
0.90,H3-F3,terminal_failure_probability,9102,0.0
0.90,H3-F3,terminal_failure_probability,9103,0.0
0.90,H3-F3,terminal_failure_probability,9104,0.0
0.90,H3-F3,terminal_failure_probability,9105,0.0
0.90,H3-F3,terminal_failure_probability,9106,0.0
0.90,H3-F3,terminal_failure_probability,9107,0.0
0.90,H3-F3,terminal_failure_probability,9108,0.0
0.90,H3-F3,mean_latency,9101,-49.866400000000006
0.90,H3-F3,mean_latency,9102,-56.1112
0.90,H3-F3,mean_latency,9103,-41.51559999999999
0.90,H3-F3,mean_latency,9104,-65.7988
0.90,H3-F3,mean_latency,9105,-50.589600000000004
0.90,H3-F3,mean_latency,9106,-45.7604
0.90,H3-F3,mean_latency,9107,-55.403999999999996
0.90,H3-F3,mean_latency,9108,-49.2568
0.90,H3-F3,p95_latency,9101,-208.94999999999982
0.90,H3-F3,p95_latency,9102,-241.0
0.90,H3-F3,p95_latency,9103,-191.0
0.90,H3-F3,p95_latency,9104,-252.0
0.90,H3-F3,p95_latency,9105,-222.05000000000018
0.90,H3-F3,p95_latency,9106,-205.0
0.90,H3-F3,p95_latency,9107,-237.0
0.90,H3-F3,p95_latency,9108,-232.0
0.90,H3-F3,p99_latency,9101,-199.02000000000044
0.90,H3-F3,p99_latency,9102,-253.01000000000022
0.90,H3-F3,p99_latency,9103,-191.0500000000011
0.90,H3-F3,p99_latency,9104,-232.02000000000044
0.90,H3-F3,p99_latency,9105,-228.02000000000044
0.90,H3-F3,p99_latency,9106,-217.98999999999978
0.90,H3-F3,p99_latency,9107,-266.96999999999935
0.90,H3-F3,p99_latency,9108,-215.02000000000044
0.90,H3-F3,scheduled_attempts_per_packet,9101,-0.08720000000000006
0.90,H3-F3,scheduled_attempts_per_packet,9102,-0.09080000000000005
0.90,H3-F3,scheduled_attempts_per_packet,9103,-0.12600000000000006
0.90,H3-F3,scheduled_attempts_per_packet,9104,-0.124
0.90,H3-F3,scheduled_attempts_per_packet,9105,-0.11520000000000002
0.90,H3-F3,scheduled_attempts_per_packet,9106,-0.11280000000000001
0.90,H3-F3,scheduled_attempts_per_packet,9107,-0.122
0.90,H3-F3,scheduled_attempts_per_packet,9108,-0.10520000000000002
0.90,H3-F3,mean_queue,9101,-103.60514224950843
0.90,H3-F3,mean_queue,9102,-119.17641171512851
0.90,H3-F3,mean_queue,9103,-95.04340895245808
0.90,H3-F3,mean_queue,9104,-110.34452188090034
0.90,H3-F3,mean_queue,9105,-111.94056732740944
0.90,H3-F3,mean_queue,9106,-97.97249260941669
0.90,H3-F3,mean_queue,9107,-122.39228810640246
0.90,H3-F3,mean_queue,9108,-103.40013326669998
0.90,H3-F3,mean_wait,9101,-61.13383853033599
0.90,H3-F3,mean_wait,9102,-72.50891485763398
0.90,H3-F3,mean_wait,9103,-53.55429479672077
0.90,H3-F3,mean_wait,9104,-64.93407814268362
0.90,H3-F3,mean_wait,9105,-65.98118956437685
0.90,H3-F3,mean_wait,9106,-56.67265734442529
0.90,H3-F3,mean_wait,9107,-71.86862280199422
0.90,H3-F3,mean_wait,9108,-60.267709800489556
0.90,H3-F3,scheduled_prb_slots,9101,-218.0
0.90,H3-F3,scheduled_prb_slots,9102,-227.0
0.90,H3-F3,scheduled_prb_slots,9103,-315.0
0.90,H3-F3,scheduled_prb_slots,9104,-310.0
0.90,H3-F3,scheduled_prb_slots,9105,-288.0
0.90,H3-F3,scheduled_prb_slots,9106,-282.0
0.90,H3-F3,scheduled_prb_slots,9107,-305.0
0.90,H3-F3,scheduled_prb_slots,9108,-263.0
0.90,H3-F3,total_occupied_prb_slots,9101,-390.0
0.90,H3-F3,total_occupied_prb_slots,9102,-449.0
0.90,H3-F3,total_occupied_prb_slots,9103,-439.0
0.90,H3-F3,total_occupied_prb_slots,9104,-542.0
0.90,H3-F3,total_occupied_prb_slots,9105,-430.0
0.90,H3-F3,total_occupied_prb_slots,9106,-430.0
0.90,H3-F3,total_occupied_prb_slots,9107,-463.0
0.90,H3-F3,total_occupied_prb_slots,9108,-421.0
0.90,H3-F3,rlc_retransmissions_per_packet,9101,0.0468
0.90,H3-F3,rlc_retransmissions_per_packet,9102,0.0316
0.90,H3-F3,rlc_retransmissions_per_packet,9103,0.0324
0.90,H3-F3,rlc_retransmissions_per_packet,9104,0.0368
0.90,H3-F3,rlc_retransmissions_per_packet,9105,0.0328
0.90,H3-F3,rlc_retransmissions_per_packet,9106,0.0352
0.90,H3-F3,rlc_retransmissions_per_packet,9107,0.0368
0.90,H3-F3,rlc_retransmissions_per_packet,9108,0.0304
0.90,H3-F3,first_scheduled_success_probability,9101,0.3768956714761377
0.90,H3-F3,first_scheduled_success_probability,9102,0.4134686987733015
0.90,H3-F3,first_scheduled_success_probability,9103,0.397469529613407
0.90,H3-F3,first_scheduled_success_probability,9104,0.4343246472901087
0.90,H3-F3,first_scheduled_success_probability,9105,0.43049242424242423
0.90,H3-F3,first_scheduled_success_probability,9106,0.3902439024390244
0.90,H3-F3,first_scheduled_success_probability,9107,0.39478407771090696
0.90,H3-F3,first_scheduled_success_probability,9108,0.4222293837504924
0.90,H3-F3,scheduled_attempts_per_rescued_packet,9101,-0.37182907880133187
0.90,H3-F3,scheduled_attempts_per_rescued_packet,9102,-0.4364865111914149
0.90,H3-F3,scheduled_attempts_per_rescued_packet,9103,-0.4230265663683108
0.90,H3-F3,scheduled_attempts_per_rescued_packet,9104,-0.4611248168992368
0.90,H3-F3,scheduled_attempts_per_rescued_packet,9105,-0.43001893939393954
0.90,H3-F3,scheduled_attempts_per_rescued_packet,9106,-0.3964674460794195
0.90,H3-F3,scheduled_attempts_per_rescued_packet,9107,-0.41959436816276696
0.90,H3-F3,scheduled_attempts_per_rescued_packet,9108,-0.4227378522576719
0.90,H3-F3,rescue_admission_rate,9101,0.0
0.90,H3-F3,rescue_admission_rate,9102,0.0
0.90,H3-F3,rescue_admission_rate,9103,0.0
0.90,H3-F3,rescue_admission_rate,9104,0.0
0.90,H3-F3,rescue_admission_rate,9105,0.0
0.90,H3-F3,rescue_admission_rate,9106,0.0
0.90,H3-F3,rescue_admission_rate,9107,0.0
0.90,H3-F3,rescue_admission_rate,9108,0.0
0.90,H3-F3,eligible_stage_population,9101,99.0
0.90,H3-F3,eligible_stage_population,9102,126.0
0.90,H3-F3,eligible_stage_population,9103,54.0
0.90,H3-F3,eligible_stage_population,9104,80.0
0.90,H3-F3,eligible_stage_population,9105,80.0
0.90,H3-F3,eligible_stage_population,9106,66.0
0.90,H3-F3,eligible_stage_population,9107,64.0
0.90,H3-F3,eligible_stage_population,9108,93.0
0.90,H3-F3,rescue_trigger_to_first_tx_mean,9101,-57.959938956714765
0.90,H3-F3,rescue_trigger_to_first_tx_mean,9102,-70.19457766348364
0.90,H3-F3,rescue_trigger_to_first_tx_mean,9103,-51.934341077889925
0.90,H3-F3,rescue_trigger_to_first_tx_mean,9104,-61.35088852054582
0.90,H3-F3,rescue_trigger_to_first_tx_mean,9105,-62.64109848484848
0.90,H3-F3,rescue_trigger_to_first_tx_mean,9106,-54.33690284216891
0.90,H3-F3,rescue_trigger_to_first_tx_mean,9107,-68.82158350663124
0.90,H3-F3,rescue_trigger_to_first_tx_mean,9108,-56.939517312994596
0.90,H3-F3,phy_attempts_per_packet,9101,-0.04400000000000004
0.90,H3-F3,phy_attempts_per_packet,9102,-0.010800000000000143
0.90,H3-F3,phy_attempts_per_packet,9103,-0.10639999999999983
0.90,H3-F3,phy_attempts_per_packet,9104,-0.053199999999999914
0.90,H3-F3,phy_attempts_per_packet,9105,-0.08119999999999994
0.90,H3-F3,phy_attempts_per_packet,9106,-0.058399999999999785
0.90,H3-F3,phy_attempts_per_packet,9107,-0.0596000000000001
0.90,H3-F3,phy_attempts_per_packet,9108,-0.06559999999999988
0.90,H3-F3,harq_episodes_per_packet,9101,-0.3136000000000001
0.90,H3-F3,harq_episodes_per_packet,9102,-0.3064
0.90,H3-F3,harq_episodes_per_packet,9103,-0.3236000000000001
0.90,H3-F3,harq_episodes_per_packet,9104,-0.31200000000000006
0.90,H3-F3,harq_episodes_per_packet,9105,-0.31920000000000015
0.90,H3-F3,harq_episodes_per_packet,9106,-0.3256000000000001
0.90,H3-F3,harq_episodes_per_packet,9107,-0.32400000000000007
0.90,H3-F3,harq_episodes_per_packet,9108,-0.3176000000000001
0.90,H3-F3,final_harq_failure_probability,9101,0.0468
0.90,H3-F3,final_harq_failure_probability,9102,0.0316
0.90,H3-F3,final_harq_failure_probability,9103,0.0324
0.90,H3-F3,final_harq_failure_probability,9104,0.0368
0.90,H3-F3,final_harq_failure_probability,9105,0.0328
0.90,H3-F3,final_harq_failure_probability,9106,0.0352
0.90,H3-F3,final_harq_failure_probability,9107,0.0368
0.90,H3-F3,final_harq_failure_probability,9108,0.0304
0.90,H3-F3,cb_attempts_per_slot,9101,1.75866738894908
0.90,H3-F3,cb_attempts_per_slot,9102,2.068815844922039
0.90,H3-F3,cb_attempts_per_slot,9103,1.8610092763837063
0.90,H3-F3,cb_attempts_per_slot,9104,2.315939129145966
0.90,H3-F3,cb_attempts_per_slot,9105,2.068386876281612
0.90,H3-F3,cb_attempts_per_slot,9106,1.9984137284591537
0.90,H3-F3,cb_attempts_per_slot,9107,2.280379623042558
0.90,H3-F3,cb_attempts_per_slot,9108,1.9978344161252704
0.90,H3-F3,cb_overlap_probability,9101,0.02615366642794381
0.90,H3-F3,cb_overlap_probability,9102,0.05015598386193976
0.90,H3-F3,cb_overlap_probability,9103,0.015379508784104212
0.90,H3-F3,cb_overlap_probability,9104,0.06525872829071722
0.90,H3-F3,cb_overlap_probability,9105,0.0376386633572896
0.90,H3-F3,cb_overlap_probability,9106,0.04228052306735797
0.90,H3-F3,cb_overlap_probability,9107,0.043497401032053906
0.90,H3-F3,cb_overlap_probability,9108,0.043381374722838206
0.90,H3-F3,scheduled_attempts_per_slot,9101,0.04056819549777302
0.90,H3-F3,scheduled_attempts_per_slot,9102,0.04066582385166462
0.90,H3-F3,scheduled_attempts_per_slot,9103,-0.07930341398643748
0.90,H3-F3,scheduled_attempts_per_slot,9104,0.016367983193818825
0.90,H3-F3,scheduled_attempts_per_slot,9105,-0.010765550239234534
0.90,H3-F3,scheduled_attempts_per_slot,9106,-0.024727810224240976
0.90,H3-F3,scheduled_attempts_per_slot,9107,0.010480656222359386
0.90,H3-F3,scheduled_attempts_per_slot,9108,-0.001332666999833254
0.90,H3-F3,p95_queue,9101,-175.04999999999995
0.90,H3-F3,p95_queue,9102,-189.0
0.90,H3-F3,p95_queue,9103,-169.5999999999999
0.90,H3-F3,p95_queue,9104,-198.0
0.90,H3-F3,p95_queue,9105,-191.5
0.90,H3-F3,p95_queue,9106,-187.64999999999998
0.90,H3-F3,p95_queue,9107,-220.5
0.90,H3-F3,p95_queue,9108,-178.0
0.90,H3-F3,max_queue,9101,-169.0
0.90,H3-F3,max_queue,9102,-196.0
0.90,H3-F3,max_queue,9103,-174.0
0.90,H3-F3,max_queue,9104,-205.0
0.90,H3-F3,max_queue,9105,-194.0
0.90,H3-F3,max_queue,9106,-190.0
0.90,H3-F3,max_queue,9107,-226.0
0.90,H3-F3,max_queue,9108,-183.0
0.90,H3-F3,p95_wait,9101,-86.0
0.90,H3-F3,p95_wait,9102,-96.0
0.90,H3-F3,p95_wait,9103,-84.0
0.90,H3-F3,p95_wait,9104,-100.0
0.90,H3-F3,p95_wait,9105,-97.0
0.90,H3-F3,p95_wait,9106,-93.40000000000009
0.90,H3-F3,p95_wait,9107,-111.0
0.90,H3-F3,p95_wait,9108,-90.20000000000005
0.90,H3-F3,fraction_at_cap2,9101,-0.005356927892139263
0.90,H3-F3,fraction_at_cap2,9102,-0.0010324483775810966
0.90,H3-F3,fraction_at_cap2,9103,-0.09345874508001473
0.90,H3-F3,fraction_at_cap2,9104,-0.01841398109304615
0.90,H3-F3,fraction_at_cap2,9105,-0.004408749145591306
0.90,H3-F3,fraction_at_cap2,9106,-0.02233037710000718
0.90,H3-F3,fraction_at_cap2,9107,-0.024111567494214503
0.90,H3-F3,fraction_at_cap2,9108,-0.00682991837414626
0.90,H3-F3,mean_residual_cb_prbs,9101,0.007363267926648653
0.90,H3-F3,mean_residual_cb_prbs,9102,0.0038769490096921544
0.90,H3-F3,mean_residual_cb_prbs,9103,0.14839113290070305
0.90,H3-F3,mean_residual_cb_prbs,9104,0.02716666344462304
0.90,H3-F3,mean_residual_cb_prbs,9105,0.008783321941217004
0.90,H3-F3,mean_residual_cb_prbs,9106,0.03975052274857571
0.90,H3-F3,mean_residual_cb_prbs,9107,0.03781171514078352
0.90,H3-F3,mean_residual_cb_prbs,9108,0.008870564717641471
0.90,H3-F3,cb_prb_slots,9101,-88.0
0.90,H3-F3,cb_prb_slots,9102,-127.0
0.90,H3-F3,cb_prb_slots,9103,-37.0
0.90,H3-F3,cb_prb_slots,9104,-118.0
0.90,H3-F3,cb_prb_slots,9105,-93.0
0.90,H3-F3,cb_prb_slots,9106,-95.0
0.90,H3-F3,cb_prb_slots,9107,-68.0
0.90,H3-F3,cb_prb_slots,9108,-96.0
0.90,F3-F2,correct_delivery_probability,9101,0.0
0.90,F3-F2,correct_delivery_probability,9102,0.0
0.90,F3-F2,correct_delivery_probability,9103,0.0
0.90,F3-F2,correct_delivery_probability,9104,0.00039999999999995595
0.90,F3-F2,correct_delivery_probability,9105,0.0
0.90,F3-F2,correct_delivery_probability,9106,0.0
0.90,F3-F2,correct_delivery_probability,9107,0.0
0.90,F3-F2,correct_delivery_probability,9108,0.0
0.90,F3-F2,terminal_failure_probability,9101,0.0
0.90,F3-F2,terminal_failure_probability,9102,0.0
0.90,F3-F2,terminal_failure_probability,9103,0.0
0.90,F3-F2,terminal_failure_probability,9104,0.0
0.90,F3-F2,terminal_failure_probability,9105,0.0
0.90,F3-F2,terminal_failure_probability,9106,0.0
0.90,F3-F2,terminal_failure_probability,9107,0.0
0.90,F3-F2,terminal_failure_probability,9108,0.0
0.90,F3-F2,mean_latency,9101,-101.87719999999999
0.90,F3-F2,mean_latency,9102,-92.106
0.90,F3-F2,mean_latency,9103,-107.8256
0.90,F3-F2,mean_latency,9104,-89.14561472589037
0.90,F3-F2,mean_latency,9105,-98.03479999999999
0.90,F3-F2,mean_latency,9106,-95.228
0.90,F3-F2,mean_latency,9107,-85.31439999999999
0.90,F3-F2,mean_latency,9108,-115.55319999999999
0.90,F3-F2,p95_latency,9101,-225.05000000000018
0.90,F3-F2,p95_latency,9102,-203.0
0.90,F3-F2,p95_latency,9103,-251.05000000000018
0.90,F3-F2,p95_latency,9104,-182.0
0.90,F3-F2,p95_latency,9105,-227.94999999999982
0.90,F3-F2,p95_latency,9106,-230.0
0.90,F3-F2,p95_latency,9107,-199.05000000000018
0.90,F3-F2,p95_latency,9108,-243.0
0.90,F3-F2,p99_latency,9101,-268.9899999999998
0.90,F3-F2,p99_latency,9102,-239.98999999999978
0.90,F3-F2,p99_latency,9103,-337.9599999999991
0.90,F3-F2,p99_latency,9104,-198.96999999999935
0.90,F3-F2,p99_latency,9105,-293.9899999999998
0.90,F3-F2,p99_latency,9106,-269.0
0.90,F3-F2,p99_latency,9107,-231.0
0.90,F3-F2,p99_latency,9108,-316.96999999999935
0.90,F3-F2,scheduled_attempts_per_packet,9101,-0.1419999999999999
0.90,F3-F2,scheduled_attempts_per_packet,9102,-0.13479999999999992
0.90,F3-F2,scheduled_attempts_per_packet,9103,-0.1359999999999999
0.90,F3-F2,scheduled_attempts_per_packet,9104,-0.10199999999999998
0.90,F3-F2,scheduled_attempts_per_packet,9105,-0.12639999999999996
0.90,F3-F2,scheduled_attempts_per_packet,9106,-0.11119999999999997
0.90,F3-F2,scheduled_attempts_per_packet,9107,-0.1048
0.90,F3-F2,scheduled_attempts_per_packet,9108,-0.15639999999999998
0.90,F3-F2,mean_queue,9101,-149.0708989033539
0.90,F3-F2,mean_queue,9102,-143.16547619047623
0.90,F3-F2,mean_queue,9103,-171.4879350621443
0.90,F3-F2,mean_queue,9104,-127.33061277490629
0.90,F3-F2,mean_queue,9105,-158.71499103157524
0.90,F3-F2,mean_queue,9106,-152.10084833349703
0.90,F3-F2,mean_queue,9107,-137.57931963170566
0.90,F3-F2,mean_queue,9108,-168.39048206393255
0.90,F3-F2,mean_wait,9101,-85.8293080993081
0.90,F3-F2,mean_wait,9102,-83.65263162707339
0.90,F3-F2,mean_wait,9103,-100.53628727076142
0.90,F3-F2,mean_wait,9104,-75.30380291568858
0.90,F3-F2,mean_wait,9105,-92.62408446410237
0.90,F3-F2,mean_wait,9106,-90.44013191022144
0.90,F3-F2,mean_wait,9107,-80.98479068841083
0.90,F3-F2,mean_wait,9108,-97.90249819552488
0.90,F3-F2,scheduled_prb_slots,9101,-355.0
0.90,F3-F2,scheduled_prb_slots,9102,-337.0
0.90,F3-F2,scheduled_prb_slots,9103,-340.0
0.90,F3-F2,scheduled_prb_slots,9104,-255.0
0.90,F3-F2,scheduled_prb_slots,9105,-316.0
0.90,F3-F2,scheduled_prb_slots,9106,-278.0
0.90,F3-F2,scheduled_prb_slots,9107,-262.0
0.90,F3-F2,scheduled_prb_slots,9108,-391.0
0.90,F3-F2,total_occupied_prb_slots,9101,-461.0
0.90,F3-F2,total_occupied_prb_slots,9102,-395.0
0.90,F3-F2,total_occupied_prb_slots,9103,-505.0
0.90,F3-F2,total_occupied_prb_slots,9104,-345.0
0.90,F3-F2,total_occupied_prb_slots,9105,-450.0
0.90,F3-F2,total_occupied_prb_slots,9106,-412.0
0.90,F3-F2,total_occupied_prb_slots,9107,-344.0
0.90,F3-F2,total_occupied_prb_slots,9108,-516.0
0.90,F3-F2,rlc_retransmissions_per_packet,9101,0.0
0.90,F3-F2,rlc_retransmissions_per_packet,9102,0.0004
0.90,F3-F2,rlc_retransmissions_per_packet,9103,0.0008
0.90,F3-F2,rlc_retransmissions_per_packet,9104,0.0
0.90,F3-F2,rlc_retransmissions_per_packet,9105,0.0
0.90,F3-F2,rlc_retransmissions_per_packet,9106,0.0
0.90,F3-F2,rlc_retransmissions_per_packet,9107,0.0
0.90,F3-F2,rlc_retransmissions_per_packet,9108,0.0
0.90,F3-F2,first_scheduled_success_probability,9101,-0.0036129859637701323
0.90,F3-F2,first_scheduled_success_probability,9102,0.009316047582202835
0.90,F3-F2,first_scheduled_success_probability,9103,0.026489739744880114
0.90,F3-F2,first_scheduled_success_probability,9104,-0.0430450871389107
0.90,F3-F2,first_scheduled_success_probability,9105,-0.004735906551549041
0.90,F3-F2,first_scheduled_success_probability,9106,0.010529076892180411
0.90,F3-F2,first_scheduled_success_probability,9107,-0.006596758584361262
0.90,F3-F2,first_scheduled_success_probability,9108,0.008352837156082593
0.90,F3-F2,scheduled_attempts_per_rescued_packet,9101,0.0034757219108725312
0.90,F3-F2,scheduled_attempts_per_rescued_packet,9102,0.0033343167433912413
0.90,F3-F2,scheduled_attempts_per_rescued_packet,9103,-0.019555080829036786
0.90,F3-F2,scheduled_attempts_per_rescued_packet,9104,0.0687050237031479
0.90,F3-F2,scheduled_attempts_per_rescued_packet,9105,-0.01239842559674953
0.90,F3-F2,scheduled_attempts_per_rescued_packet,9106,-0.00038526011205330946
0.90,F3-F2,scheduled_attempts_per_rescued_packet,9107,0.02434940974221389
0.90,F3-F2,scheduled_attempts_per_rescued_packet,9108,-0.024330368752275344
0.90,F3-F2,rescue_admission_rate,9101,0.0
0.90,F3-F2,rescue_admission_rate,9102,0.0
0.90,F3-F2,rescue_admission_rate,9103,0.0
0.90,F3-F2,rescue_admission_rate,9104,0.0
0.90,F3-F2,rescue_admission_rate,9105,0.0
0.90,F3-F2,rescue_admission_rate,9106,0.0
0.90,F3-F2,rescue_admission_rate,9107,0.0
0.90,F3-F2,rescue_admission_rate,9108,0.0
0.90,F3-F2,eligible_stage_population,9101,-231.0
0.90,F3-F2,eligible_stage_population,9102,-218.0
0.90,F3-F2,eligible_stage_population,9103,-204.0
0.90,F3-F2,eligible_stage_population,9104,-204.0
0.90,F3-F2,eligible_stage_population,9105,-194.0
0.90,F3-F2,eligible_stage_population,9106,-180.0
0.90,F3-F2,eligible_stage_population,9107,-184.0
0.90,F3-F2,eligible_stage_population,9108,-235.0
0.90,F3-F2,rescue_trigger_to_first_tx_mean,9101,-81.57315291607675
0.90,F3-F2,rescue_trigger_to_first_tx_mean,9102,-79.22804722594867
0.90,F3-F2,rescue_trigger_to_first_tx_mean,9103,-95.28015323624264
0.90,F3-F2,rescue_trigger_to_first_tx_mean,9104,-72.77800467241909
0.90,F3-F2,rescue_trigger_to_first_tx_mean,9105,-90.3425490942949
0.90,F3-F2,rescue_trigger_to_first_tx_mean,9106,-87.31325335770583
0.90,F3-F2,rescue_trigger_to_first_tx_mean,9107,-77.3344909817757
0.90,F3-F2,rescue_trigger_to_first_tx_mean,9108,-95.75686794611744
0.90,F3-F2,phy_attempts_per_packet,9101,0.6108000000000002
0.90,F3-F2,phy_attempts_per_packet,9102,0.5508000000000002
0.90,F3-F2,phy_attempts_per_packet,9103,0.5932
0.90,F3-F2,phy_attempts_per_packet,9104,0.6040000000000001
0.90,F3-F2,phy_attempts_per_packet,9105,0.5979999999999999
0.90,F3-F2,phy_attempts_per_packet,9106,0.6119999999999997
0.90,F3-F2,phy_attempts_per_packet,9107,0.5924
0.90,F3-F2,phy_attempts_per_packet,9108,0.5815999999999999
0.90,F3-F2,harq_episodes_per_packet,9101,-0.09240000000000004
0.90,F3-F2,harq_episodes_per_packet,9102,-0.08679999999999999
0.90,F3-F2,harq_episodes_per_packet,9103,-0.08079999999999998
0.90,F3-F2,harq_episodes_per_packet,9104,-0.0815999999999999
0.90,F3-F2,harq_episodes_per_packet,9105,-0.07759999999999989
0.90,F3-F2,harq_episodes_per_packet,9106,-0.07200000000000006
0.90,F3-F2,harq_episodes_per_packet,9107,-0.07359999999999989
0.90,F3-F2,harq_episodes_per_packet,9108,-0.09399999999999986
0.90,F3-F2,final_harq_failure_probability,9101,0.0
0.90,F3-F2,final_harq_failure_probability,9102,0.0004
0.90,F3-F2,final_harq_failure_probability,9103,0.0008
0.90,F3-F2,final_harq_failure_probability,9104,0.0
0.90,F3-F2,final_harq_failure_probability,9105,0.0
0.90,F3-F2,final_harq_failure_probability,9106,0.0
0.90,F3-F2,final_harq_failure_probability,9107,0.0
0.90,F3-F2,final_harq_failure_probability,9108,0.0
0.90,F3-F2,cb_attempts_per_slot,9101,3.237148053886231
0.90,F3-F2,cb_attempts_per_slot,9102,3.096536796536797
0.90,F3-F2,cb_attempts_per_slot,9103,3.4187098384178674
0.90,F3-F2,cb_attempts_per_slot,9104,2.718496630181413
0.90,F3-F2,cb_attempts_per_slot,9105,3.234090794405171
0.90,F3-F2,cb_attempts_per_slot,9106,3.2611548372312713
0.90,F3-F2,cb_attempts_per_slot,9107,2.8999208874076317
0.90,F3-F2,cb_attempts_per_slot,9108,3.4999486072566555
0.90,F3-F2,cb_overlap_probability,9101,0.18721250762788544
0.90,F3-F2,cb_overlap_probability,9102,0.14777382826142071
0.90,F3-F2,cb_overlap_probability,9103,0.1662289293048922
0.90,F3-F2,cb_overlap_probability,9104,0.15903862890808051
0.90,F3-F2,cb_overlap_probability,9105,0.16491473377237875
0.90,F3-F2,cb_overlap_probability,9106,0.15522969822881882
0.90,F3-F2,cb_overlap_probability,9107,0.14111572886314305
0.90,F3-F2,cb_overlap_probability,9108,0.16459706299930066
0.90,F3-F2,scheduled_attempts_per_slot,9101,-0.017167019778716597
0.90,F3-F2,scheduled_attempts_per_slot,9102,-0.014217361585782573
0.90,F3-F2,scheduled_attempts_per_slot,9103,0.048072590651666136
0.90,F3-F2,scheduled_attempts_per_slot,9104,-0.0054696209587514755
0.90,F3-F2,scheduled_attempts_per_slot,9105,0.02297728763641871
0.90,F3-F2,scheduled_attempts_per_slot,9106,0.06426921260247576
0.90,F3-F2,scheduled_attempts_per_slot,9107,0.0229527512666432
0.90,F3-F2,scheduled_attempts_per_slot,9108,0.019323671497584405
0.90,F3-F2,p95_queue,9101,-267.20000000000005
0.90,F3-F2,p95_queue,9102,-263.79999999999995
0.90,F3-F2,p95_queue,9103,-284.4
0.90,F3-F2,p95_queue,9104,-237.0
0.90,F3-F2,p95_queue,9105,-265.4
0.90,F3-F2,p95_queue,9106,-254.35000000000002
0.90,F3-F2,p95_queue,9107,-228.29999999999995
0.90,F3-F2,p95_queue,9108,-297.0
0.90,F3-F2,max_queue,9101,-267.0
0.90,F3-F2,max_queue,9102,-273.0
0.90,F3-F2,max_queue,9103,-288.0
0.90,F3-F2,max_queue,9104,-246.0
0.90,F3-F2,max_queue,9105,-276.0
0.90,F3-F2,max_queue,9106,-270.0
0.90,F3-F2,max_queue,9107,-239.0
0.90,F3-F2,max_queue,9108,-307.0
0.90,F3-F2,p95_wait,9101,-134.0
0.90,F3-F2,p95_wait,9102,-133.0
0.90,F3-F2,p95_wait,9103,-143.0
0.90,F3-F2,p95_wait,9104,-119.0
0.90,F3-F2,p95_wait,9105,-132.0
0.90,F3-F2,p95_wait,9106,-131.0
0.90,F3-F2,p95_wait,9107,-114.0
0.90,F3-F2,p95_wait,9108,-151.0
0.90,F3-F2,fraction_at_cap2,9101,-0.004168498851830571
0.90,F3-F2,fraction_at_cap2,9102,-0.008054226475279203
0.90,F3-F2,fraction_at_cap2,9103,-0.021332861965465355
0.90,F3-F2,fraction_at_cap2,9104,-0.0039082294517076566
0.90,F3-F2,fraction_at_cap2,9105,-0.026060040277631202
0.90,F3-F2,fraction_at_cap2,9106,-0.019784315651145135
0.90,F3-F2,fraction_at_cap2,9107,-0.025757040179097412
0.90,F3-F2,fraction_at_cap2,9108,-0.004111419467571209
0.90,F3-F2,mean_residual_cb_prbs,9101,0.007881727450797626
0.90,F3-F2,mean_residual_cb_prbs,9102,0.012303485987696483
0.90,F3-F2,mean_residual_cb_prbs,9103,0.03171681882144206
0.90,F3-F2,mean_residual_cb_prbs,9104,0.0073128863889735385
0.90,F3-F2,mean_residual_cb_prbs,9105,0.04805676485294974
0.90,F3-F2,mean_residual_cb_prbs,9106,0.02798004031220902
0.90,F3-F2,mean_residual_cb_prbs,9107,0.04106111868572082
0.90,F3-F2,mean_residual_cb_prbs,9108,0.007940178846746804
0.90,F3-F2,cb_prb_slots,9101,-47.0
0.90,F3-F2,cb_prb_slots,9102,22.0
0.90,F3-F2,cb_prb_slots,9103,-20.0
0.90,F3-F2,cb_prb_slots,9104,-23.0
0.90,F3-F2,cb_prb_slots,9105,1.0
0.90,F3-F2,cb_prb_slots,9106,17.0
0.90,F3-F2,cb_prb_slots,9107,37.0
0.90,F3-F2,cb_prb_slots,9108,-6.0
