policy,latency_slots,seed_mean,pointwise_ci95_lower,pointwise_ci95_upper,seed_count,seed_9101,seed_9102,seed_9103,seed_9104,seed_9105,seed_9106,seed_9107,seed_9108
Legacy-20,0.0,0.0,0.0,0.0,8,0.0,0.0,0.0,0.0,0.0,0.0,0.0,0.0
Legacy-20,1.0,0.08182732810875475,0.0649583408672981,0.0986963153502114,8,0.06164931945556445,0.1172468987595038,0.0896,0.06129807692307692,0.0828,0.0832,0.098,0.06082432973189276
Legacy-20,2.0,0.08207742818080918,0.06519668216833853,0.09895817419327983,8,0.06244995996797438,0.11764705882352941,0.09,0.06129807692307692,0.0828,0.0836,0.098,0.06082432973189276
Legacy-20,3.0,0.2800475404987702,0.23674357397229104,0.32335150702524934,8,0.24379503602882305,0.3745498199279712,0.302,0.2155448717948718,0.296,0.2748,0.3072,0.2264905962384954
Legacy-20,4.0,0.28049770061085344,0.23703844384695863,0.3239569573747483,8,0.24499599679743794,0.3753501400560224,0.302,0.2155448717948718,0.2968,0.2748,0.308,0.2264905962384954
Legacy-20,5.0,0.5222935441324094,0.4787587072852292,0.5658283809795895,8,0.49959967974379504,0.6182472989195679,0.5408,0.44471153846153844,0.5336,0.5224,0.5444,0.47458983593437376
Legacy-20,6.0,0.5228436842204702,0.479122174336921,0.5665651941040195,8,0.500400320256205,0.6190476190476191,0.5416,0.44471153846153844,0.5336,0.5228,0.5456,0.47498999599839936
Legacy-20,7.0,0.7255248334683692,0.6888967486503828,0.7621529182863556,8,0.7085668534827863,0.7971188475390156,0.7428,0.6466346153846154,0.7388,0.728,0.7464,0.6958783513405362
Legacy-20,8.0,0.7263251137086447,0.6897195278977578,0.7629306995195316,8,0.7093674939951962,0.7979191676670668,0.7428,0.6470352564102564,0.7392,0.7296,0.7472,0.6974789915966386
Legacy-20,9.0,0.7272253539168947,0.6905355261774431,0.7639151816563463,8,0.7097678142514011,0.798719487795118,0.744,0.6474358974358975,0.74,0.7304,0.7484,0.6990796318527411
Legacy-20,10.0,0.7278254940049556,0.6910711634535378,0.7645798245563733,8,0.710568454763811,0.7991196478591437,0.744,0.6474358974358975,0.7408,0.7316,0.7492,0.6998799519807923
Legacy-20,11.0,0.7286259345818145,0.6921481589349339,0.765103710228695,8,0.710968775020016,0.7995198079231692,0.7448,0.6490384615384616,0.742,0.732,0.7496,0.7010804321728692
Legacy-20,12.0,0.7290761948461253,0.6927657776645257,0.7653866120277248,8,0.7125700560448359,0.7995198079231692,0.7452,0.6494391025641025,0.742,0.7328,0.7496,0.7014805922368947
Legacy-20,13.0,0.7293262348621317,0.6929239376976463,0.7657285320266171,8,0.7125700560448359,0.7999199679871949,0.7456,0.6494391025641025,0.742,0.7332,0.75,0.7018807523009204
Legacy-20,14.0,0.7295263550063432,0.6932575983116754,0.765795111701011,8,0.7125700560448359,0.7999199679871949,0.7456,0.6498397435897436,0.7424,0.7332,0.75,0.7026810724289716
Legacy-20,15.0,0.7296764150303529,0.6933884025742815,0.7659644274864242,8,0.7125700560448359,0.8003201280512204,0.7456,0.6498397435897436,0.7424,0.7332,0.75,0.7034813925570228
Legacy-20,16.0,0.7298266554149682,0.6938019720715365,0.7658513387583998,8,0.7125700560448359,0.8003201280512204,0.7456,0.6510416666666666,0.7424,0.7332,0.75,0.7034813925570228
Legacy-20,17.0,0.7300768156713785,0.6941873807957241,0.7659662505470329,8,0.7125700560448359,0.8003201280512204,0.7464,0.6518429487179487,0.7424,0.7336,0.75,0.7034813925570228
Legacy-20,18.0,0.7301768957995836,0.6943562500108733,0.7659975415882938,8,0.7125700560448359,0.8003201280512204,0.7468,0.6522435897435898,0.7424,0.7336,0.75,0.7034813925570228
Legacy-20,19.0,0.7304270359517984,0.694660301329451,0.7661937705741457,8,0.7125700560448359,0.8007202881152461,0.7468,0.6526442307692307,0.7428,0.7336,0.75,0.704281712685074
Legacy-20,20.0,0.7304770559598015,0.6947393536209409,0.7662147582986621,8,0.7125700560448359,0.8007202881152461,0.7468,0.6526442307692307,0.7428,0.7336,0.75,0.7046818727490997
Legacy-20,21.0,0.7306271761200323,0.6949825833854217,0.7662717688546428,8,0.7129703763010409,0.8007202881152461,0.7468,0.6530448717948718,0.7432,0.7336,0.75,0.7046818727490997
Legacy-20,22.0,0.7308271761200323,0.6951284979799344,0.7665258542601303,8,0.7129703763010409,0.8007202881152461,0.7468,0.6530448717948718,0.744,0.734,0.7504,0.7046818727490997
Legacy-20,23.0,0.7322775364724168,0.696388213073207,0.7681668598716266,8,0.7157726180944756,0.8007202881152461,0.7496,0.6534455128205128,0.746,0.734,0.754,0.7046818727490997
Legacy-20,24.0,0.7342279967686249,0.6975438333559578,0.770912160181292,8,0.7185748598879104,0.803921568627451,0.7528,0.6534455128205128,0.748,0.7364,0.7556,0.7050820328131252
Legacy-20,25.0,0.736428577241083,0.6990120283987736,0.7738451260833924,8,0.722177742193755,0.8067226890756303,0.7568,0.6538461538461539,0.75,0.7388,0.758,0.7050820328131252
Legacy-20,26.0,0.7391289574892592,0.700645548139949,0.7776123668385695,8,0.7245796637309848,0.8095238095238095,0.762,0.6538461538461539,0.7532,0.7436,0.7612,0.7050820328131252
Legacy-20,27.0,0.7423297179856114,0.7026074445448516,0.7820519914263713,8,0.7293835068054444,0.8143257302921169,0.7672,0.6538461538461539,0.7564,0.7484,0.7632,0.7058823529411765
Legacy-20,28.0,0.7453805787143644,0.7047873150219093,0.7859738424068194,8,0.734187349879904,0.8179271708683473,0.772,0.6546474358974359,0.7596,0.752,0.766,0.7066826730692277
Legacy-20,29.0,0.7490313793068961,0.7069282267810104,0.7911345318327818,8,0.7385908726981585,0.8227290916366546,0.7808,0.6550480769230769,0.7628,0.7556,0.7692,0.7074829931972789
Legacy-20,30.0,0.753632239891322,0.7097960639729057,0.7974684158097383,8,0.7445956765412329,0.8271308523409364,0.7896,0.6550480769230769,0.7692,0.7624,0.7728,0.7082833133253301
Legacy-20,31.0,0.7585833207241294,0.7127671909104254,0.8043994505378333,8,0.7497998398718975,0.8339335734293718,0.7972,0.6558493589743589,0.7756,0.7672,0.7796,0.709483793517407
Legacy-20,32.0,0.7632843014046322,0.7159238210296032,0.8106447817796613,8,0.7570056044835869,0.8375350140056023,0.8048,0.6558493589743589,0.7816,0.7732,0.7852,0.7110844337735094
Legacy-20,33.0,0.7665849019011127,0.7182399220541774,0.814929881748048,8,0.7610088070456366,0.8391356542617047,0.8092,0.65625,0.786,0.7776,0.7916,0.7118847539015606
Legacy-20,34.0,0.7700853822213433,0.720488927871608,0.8196818365710785,8,0.7642113690952762,0.8411364545818327,0.814,0.65625,0.794,0.7812,0.7968,0.7130852340936374
Legacy-20,35.0,0.7718358826297502,0.7216614795273426,0.8220102857321578,8,0.767013610888711,0.8431372549019608,0.8172,0.6566506410256411,0.796,0.782,0.7988,0.7138855542216886
Legacy-20,36.0,0.7745363629499807,0.7234743800599228,0.8255983458400387,8,0.7702161729383507,0.8447378951580632,0.8224,0.6566506410256411,0.7996,0.7856,0.8016,0.7154861944777912
Legacy-20,37.0,0.7772368633744069,0.7253418206267245,0.8291319061220893,8,0.7734187349879904,0.8455382152861144,0.8276,0.657051282051282,0.8056,0.788,0.804,0.7166866746698679
Legacy-20,38.0,0.7792875441434195,0.7272387885839147,0.8313362997029243,8,0.7762209767814251,0.84593837535014,0.8312,0.6586538461538461,0.8088,0.7908,0.8048,0.7178871548619448
Legacy-20,39.0,0.7822382046960251,0.7293610224715317,0.8351153869205186,8,0.7786228983186549,0.8483393357342938,0.8368,0.6594551282051282,0.8156,0.7928,0.8056,0.720688275310124
Legacy-20,40.0,0.7849389453126819,0.7309677321708786,0.8389101584544852,8,0.7818254603682946,0.8523409363745498,0.8432,0.6602564102564102,0.818,0.7944,0.8076,0.7218887555022009
Legacy-20,41.0,0.7873891654167364,0.7322992134242632,0.8424791174092097,8,0.7822257806244995,0.8547418967587035,0.8472,0.6602564102564102,0.8228,0.7968,0.812,0.7230892356942777
Legacy-20,42.0,0.7898396658252202,0.7339794003452308,0.8456999313052097,8,0.7826261008807046,0.8579431772709084,0.852,0.6610576923076923,0.8264,0.7984,0.8144,0.725890356142457
Legacy-20,43.0,0.7927402061534412,0.7355075526784793,0.8499728596284031,8,0.7854283426741393,0.8619447779111644,0.8568,0.6610576923076923,0.8328,0.8012,0.8156,0.7270908363345339
Legacy-20,44.0,0.7959409468022135,0.7376202856306016,0.8542616079738254,8,0.7870296236989591,0.8667466986794717,0.8612,0.6622596153846154,0.838,0.8044,0.8188,0.7290916366546618
Legacy-20,45.0,0.7986414871785692,0.7392021433544053,0.8580808310027331,8,0.7886309047237791,0.8707482993197279,0.8648,0.6626602564102564,0.8436,0.8048,0.8228,0.7310924369747899
Legacy-20,46.0,0.8013420476751395,0.7410634224092013,0.8616206729410777,8,0.7906325060048038,0.8735494197679071,0.8672,0.6634615384615384,0.8492,0.8088,0.8256,0.7322929171668667
Legacy-20,47.0,0.8045428082196264,0.7432221329457809,0.865863483493472,8,0.7942353883106485,0.8771508603441377,0.872,0.6638621794871795,0.8536,0.81,0.8304,0.735094037615046
Legacy-20,48.0,0.8074936087641006,0.7453478625883522,0.869639354939849,8,0.7974379503602882,0.881952781112445,0.876,0.6642628205128205,0.856,0.8132,0.8328,0.7382953181272509
Legacy-20,49.0,0.8104446096771837,0.7482846371863578,0.8726045821680095,8,0.800640512409928,0.8843537414965986,0.878,0.6658653846153846,0.8604,0.8164,0.8348,0.7430972388955582
Legacy-20,50.0,0.8127450499493694,0.7496979521819007,0.875792147716838,8,0.8030424339471577,0.8863545418167267,0.8832,0.6658653846153846,0.8632,0.818,0.8372,0.7450980392156863
Legacy-20,51.0,0.8154459908544621,0.7526001835047624,0.8782917982041618,8,0.8066453162530024,0.8871548619447779,0.8848,0.6674679487179487,0.8664,0.8208,0.8408,0.749499799919968
Legacy-20,52.0,0.8177468317676735,0.754932358518708,0.880561305016639,8,0.8090472377902321,0.8879551820728291,0.8884,0.6694711538461539,0.8684,0.8216,0.8444,0.7527010804321729
Legacy-20,53.0,0.8190971320319715,0.7560631431646287,0.8821311208993143,8,0.8102481985588471,0.8879551820728291,0.8912,0.6698717948717948,0.87,0.8224,0.8464,0.7547018807523009
Legacy-20,54.0,0.8219979926966475,0.7590867403170598,0.8849092450762353,8,0.8134507606084868,0.8887555022008804,0.8948,0.6706730769230769,0.8712,0.8252,0.8504,0.7615046018407363
Legacy-20,55.0,0.8243986932171249,0.7612692462221482,0.8875281402121016,8,0.8170536429143315,0.8895558223289316,0.8984,0.671073717948718,0.8732,0.8272,0.8528,0.765906362545018
Legacy-20,56.0,0.8265990735294548,0.7628850769763537,0.890313070082556,8,0.8186549239391513,0.8899559823929571,0.9024,0.6714743589743589,0.876,0.8292,0.8568,0.7683073229291717
Legacy-20,57.0,0.829399854290426,0.7652632647320582,0.8935364438487937,8,0.8202562049639712,0.8931572629051621,0.9064,0.6730769230769231,0.8768,0.8332,0.8612,0.771108443377351
Legacy-20,58.0,0.8312002746829162,0.7670539567742739,0.8953465925915586,8,0.8210568454763811,0.8935574229691877,0.908,0.6738782051282052,0.8788,0.8368,0.8632,0.7743097238895558
Legacy-20,59.0,0.834101295780445,0.7701116159950795,0.8980909755658105,8,0.8214571657325861,0.8971588635454182,0.9108,0.6766826923076923,0.8804,0.842,0.8652,0.7791116446578632
Legacy-20,60.0,0.8370020562928935,0.772351291273491,0.901652821312296,8,0.8242594075260208,0.9019607843137255,0.9136,0.6770833333333334,0.882,0.848,0.8668,0.782312925170068
Legacy-20,61.0,0.8399027569898132,0.7746450942421584,0.905160419737468,8,0.8250600480384307,0.9051620648259304,0.918,0.6786858974358975,0.8844,0.8524,0.8704,0.7851140456182473
Legacy-20,62.0,0.8420035377828227,0.7765435043016135,0.9074635712640319,8,0.8274619695756605,0.9079631852741097,0.9204,0.6802884615384616,0.8856,0.8556,0.872,0.7867146858743498
Legacy-20,63.0,0.8437539382314636,0.7780883250267588,0.9094195514361684,8,0.8274619695756605,0.9091636654661864,0.9228,0.6814903846153846,0.8864,0.8592,0.8748,0.7887154861944778
Legacy-20,64.0,0.8455544987761687,0.7799268253662613,0.9111821721860761,8,0.8282626100880705,0.9103641456582633,0.9244,0.6826923076923077,0.888,0.8612,0.8772,0.7923169267707083
Legacy-20,65.0,0.847105059417066,0.7815311883288933,0.9126789305052387,8,0.8290632506004804,0.9115646258503401,0.9252,0.6842948717948718,0.8904,0.862,0.88,0.7943177270908364
Legacy-20,66.0,0.8486057601460243,0.7830568714511148,0.9141546488409338,8,0.8306645316253003,0.9143657462985194,0.926,0.6858974358974359,0.892,0.8632,0.8808,0.7959183673469388
Legacy-20,67.0,0.8504062406426973,0.7844678318967166,0.916344649388678,8,0.8310648518815053,0.9171668667466987,0.928,0.6870993589743589,0.8936,0.8664,0.8828,0.7971188475390156
Legacy-20,68.0,0.8520066811554023,0.7857782418079002,0.9182351205029045,8,0.8322658126501201,0.9183673469387755,0.9296,0.688301282051282,0.896,0.8684,0.8856,0.7975190076030412
Legacy-20,69.0,0.8535071616841138,0.7870778262619296,0.919936497106298,8,0.833466773418735,0.9199679871948779,0.9312,0.6895032051282052,0.8972,0.8704,0.888,0.7983193277310925
Legacy-20,70.0,0.854607602212838,0.7881653631776152,0.9210498412480609,8,0.8350680544435548,0.9207683073229291,0.9316,0.6907051282051282,0.8988,0.872,0.8896,0.7983193277310925
Legacy-20,71.0,0.8556580828858765,0.7894186598125198,0.9218975059592333,8,0.8350680544435548,0.9215686274509803,0.9324,0.6927083333333334,0.9,0.8736,0.8908,0.7991196478591437
Legacy-20,72.0,0.856908563414588,0.7907191008360397,0.9230980259931363,8,0.8362690152121698,0.9223689475790317,0.9332,0.6939102564102564,0.9016,0.874,0.8932,0.8007202881152461
Legacy-20,73.0,0.8585093042236295,0.7924888598194837,0.9245297486277753,8,0.8394715772618094,0.9227691076430572,0.9348,0.6955128205128205,0.9028,0.8748,0.8956,0.8023209283713485
Legacy-20,74.0,0.8597097646641646,0.7938704491033256,0.9255490802250036,8,0.8410728582866293,0.9231692677070829,0.9352,0.6963141025641025,0.9032,0.8764,0.8976,0.8047218887555022
Legacy-20,75.0,0.8610601852170011,0.7952094528952109,0.9269109175387913,8,0.8410728582866293,0.9235694277711084,0.9372,0.6979166666666666,0.9044,0.8776,0.9004,0.8063225290116046
Legacy-20,76.0,0.8623106256495331,0.796235440822274,0.9283858104767921,8,0.8426741393114492,0.9251700680272109,0.9392,0.6987179487179487,0.9052,0.8788,0.9016,0.8071228491396558
Legacy-20,77.0,0.8634108858016324,0.7970613827269378,0.929760388876327,8,0.8438751000800641,0.9263705482192878,0.94,0.6987179487179487,0.9072,0.8792,0.9032,0.8087234893957583
Legacy-20,78.0,0.8645116668511803,0.7986086527873092,0.9304146809150514,8,0.8454763811048839,0.927170868347339,0.9412,0.7015224358974359,0.9084,0.8796,0.9036,0.8091236494597839
Legacy-20,79.0,0.8656121874920905,0.7998364387457306,0.9313879362384503,8,0.8466773418734987,0.9279711884753902,0.9424,0.703125,0.9096,0.8808,0.9044,0.8099239695878351
Legacy-20,80.0,0.8665628683252571,0.8012687882242839,0.9318569484262302,8,0.8486789431545236,0.9283713485394157,0.9428,0.7051282051282052,0.9104,0.8812,0.9048,0.8111244497799119
Legacy-20,81.0,0.8682639095108081,0.8032664773804203,0.9332613416411959,8,0.8534827862289832,0.9295718287314926,0.944,0.7075320512820513,0.9124,0.882,0.9056,0.8115246098439376
Legacy-20,82.0,0.8693144902719202,0.8044980705457033,0.9341309099981371,8,0.8546837469975981,0.9303721488595438,0.9456,0.7095352564102564,0.9128,0.8828,0.9068,0.8119247699079631
Legacy-20,83.0,0.8705151709928752,0.8061558223342425,0.9348745196515079,8,0.8562850280224179,0.9311724689875951,0.946,0.7111378205128205,0.9144,0.8828,0.9072,0.8151260504201681
Legacy-20,84.0,0.871665811713843,0.8076380326314627,0.9356935907962234,8,0.8582866293034428,0.9319727891156463,0.9468,0.7127403846153846,0.9144,0.8844,0.908,0.8167266906762705
Legacy-20,85.0,0.8725162121945225,0.8087799387869326,0.9362524856021124,8,0.8590872698158527,0.9319727891156463,0.9472,0.7139423076923077,0.9156,0.886,0.908,0.818327330932373
Legacy-20,86.0,0.8737670732119294,0.8107141265521178,0.9368200198717409,8,0.8614891913530824,0.9323729491796718,0.9472,0.7163461538461539,0.9164,0.8864,0.9092,0.8207282913165266
Legacy-20,87.0,0.8751175135642882,0.8119749144388808,0.9382601126896957,8,0.8634907926341073,0.933173269307723,0.9484,0.7167467948717948,0.918,0.8872,0.9108,0.8231292517006803
Legacy-20,88.0,0.8760679340209324,0.8133694160439471,0.9387664519979178,8,0.8634907926341073,0.933173269307723,0.9484,0.717948717948718,0.9196,0.888,0.9112,0.8267306922769108
Legacy-20,89.0,0.8768683144775894,0.8143838012142942,0.9393528277408846,8,0.8638911128903123,0.9335734293717487,0.9484,0.7191506410256411,0.9216,0.888,0.912,0.8283313325330132
Legacy-20,90.0,0.878419215607195,0.8165058496037401,0.94033258161065,8,0.866293034427542,0.9335734293717487,0.9492,0.7219551282051282,0.9236,0.8888,0.9136,0.8303321328531412
Legacy-20,91.0,0.8798197562240699,0.8183271325799418,0.941312379868198,8,0.866693354683747,0.9335734293717487,0.95,0.7235576923076923,0.9252,0.892,0.9136,0.8339335734293718
Legacy-20,92.0,0.8807202167447782,0.819518112593449,0.9419223208961074,8,0.8678943154523618,0.9335734293717487,0.9508,0.7247596153846154,0.9252,0.8924,0.9152,0.8359343737494997
Legacy-20,93.0,0.8814706572735025,0.8204936054967044,0.9424477090503006,8,0.8694955964771818,0.9335734293717487,0.9512,0.7259615384615384,0.926,0.8924,0.9164,0.8367346938775511
Legacy-20,94.0,0.883221457994342,0.8226956849573237,0.9437472310313604,8,0.8722978382706165,0.9339735894357744,0.9512,0.7271634615384616,0.9284,0.8936,0.9172,0.8419367747098839
Legacy-20,95.0,0.8845219384588996,0.8240933143807069,0.9449505625370923,8,0.8742994395516414,0.9339735894357744,0.952,0.7279647435897436,0.9292,0.8948,0.9196,0.8443377350940376
Legacy-20,96.0,0.8861725190116079,0.8258593888575732,0.9464856491656426,8,0.8751000800640513,0.9351740696278511,0.9536,0.7291666666666666,0.9292,0.8964,0.9224,0.8483393357342938
Legacy-20,97.0,0.8871729194441526,0.8269257428080852,0.9474200960802199,8,0.877101681345076,0.9351740696278511,0.9536,0.7299679487179487,0.9304,0.8976,0.9244,0.849139655862345
Legacy-20,98.0,0.8884234599167006,0.828453374350649,0.9483935454827521,8,0.8787029623698959,0.9355742296918768,0.954,0.7307692307692307,0.9312,0.8988,0.9252,0.8531412565026011
Legacy-20,99.0,0.8895741005574953,0.8298291810759962,0.9493190200389944,8,0.8811048839071257,0.9371748699479792,0.954,0.7319711538461539,0.9312,0.9,0.9264,0.8547418967587035
Legacy-20,100.0,0.8902244208458157,0.8305628774703435,0.9498859642212878,8,0.8827061649319455,0.9375750300120048,0.954,0.7323717948717948,0.9312,0.9004,0.9276,0.8559423769507803
Legacy-20,101.0,0.8918253818390848,0.8327691064709616,0.950881657207208,8,0.8859087269815853,0.938375350140056,0.9544,0.734375,0.9316,0.902,0.928,0.8599439775910365
Legacy-20,102.0,0.893526102495873,0.834801594604082,0.9522506103876641,8,0.8879103282626101,0.9395758303321329,0.9544,0.7355769230769231,0.932,0.9056,0.9288,0.8643457382953181
Legacy-20,103.0,0.8948769033289241,0.8366725579823503,0.9530812486754979,8,0.8911128903122498,0.9395758303321329,0.9544,0.7371794871794872,0.9324,0.9076,0.9292,0.867547018807523
Legacy-20,104.0,0.8961279047230458,0.8390467794099783,0.9532090300361133,8,0.8919135308246597,0.9395758303321329,0.9544,0.7411858974358975,0.9324,0.91,0.9296,0.8699479791916767
Legacy-20,105.0,0.897178525403972,0.8405547843274195,0.9538022664805246,8,0.8931144915932746,0.9403761504601841,0.9544,0.7427884615384616,0.9324,0.912,0.9296,0.8727490996398559
Legacy-20,106.0,0.8983790459647091,0.8419351355590841,0.9548229563703341,8,0.8947157726180944,0.9411764705882353,0.9548,0.7439903846153846,0.9328,0.9156,0.9296,0.8743497398959584
Legacy-20,107.0,0.8993297267818564,0.8434197334163862,0.9552397201473266,8,0.8963170536429144,0.9415766306522609,0.9552,0.7459935897435898,0.9328,0.9168,0.9296,0.8763505402160864
Legacy-20,108.0,0.8999805078955583,0.8449549956044844,0.9550060201866322,8,0.8971176941553243,0.9419767907162865,0.9552,0.749198717948718,0.9328,0.9168,0.9296,0.8771508603441377
Legacy-20,109.0,0.9005809083762377,0.8458776137532824,0.955284202999193,8,0.8979183346677342,0.9419767907162865,0.9556,0.7504006410256411,0.9332,0.9172,0.9296,0.8787515006002401
Legacy-20,110.0,0.9011813289450935,0.8468236456707627,0.9555390122194243,8,0.8983186549239391,0.9423769507803121,0.956,0.7520032051282052,0.9336,0.9176,0.93,0.8795518207282913
Legacy-20,111.0,0.9017317294899267,0.8477538362849567,0.9557096226948968,8,0.8983186549239391,0.9427771108443377,0.9564,0.7536057692307693,0.934,0.918,0.93,0.8807523009203682
Legacy-20,112.0,0.9020819497863659,0.8482681368905407,0.9558957626821911,8,0.8987189751801441,0.9427771108443377,0.9568,0.7544070512820513,0.934,0.9184,0.9304,0.8811524609843937
Legacy-20,113.0,0.9026822301228338,0.8489561457217929,0.9564083145238746,8,0.899519615692554,0.9431772709083633,0.9572,0.7552083333333334,0.9344,0.9196,0.9308,0.8815526210484194
Legacy-20,114.0,0.9034827908599234,0.8501798071972789,0.956785774522568,8,0.9003202562049639,0.9439775910364145,0.9572,0.7572115384615384,0.9352,0.92,0.9316,0.8823529411764706
Legacy-20,115.0,0.9041832114447984,0.8511103137026014,0.9572561091869954,8,0.9011208967173739,0.9443777511004402,0.958,0.7588141025641025,0.936,0.9204,0.9324,0.8823529411764706
Legacy-20,116.0,0.9048335719736254,0.8519764712238246,0.9576906727234261,8,0.9011208967173739,0.9451780712284914,0.9588,0.7604166666666666,0.936,0.9216,0.9332,0.8823529411764706
Legacy-20,117.0,0.9053838322058977,0.8525168320161087,0.9582508323956866,8,0.9019215372297839,0.9463785514205683,0.9592,0.7608173076923077,0.936,0.9224,0.9332,0.8831532613045218
Legacy-20,118.0,0.9057841526385451,0.8531800734015524,0.9583882318755377,8,0.9023218574859888,0.9467787114845938,0.9596,0.7620192307692307,0.936,0.9228,0.9332,0.8835534213685474
Legacy-20,119.0,0.9066848536080226,0.854841829052618,0.9585278781634273,8,0.9027221777421938,0.9467787114845938,0.9596,0.764823717948718,0.9364,0.9236,0.934,0.8855542216886755
Legacy-20,120.0,0.9074854142649392,0.8558716859656327,0.9590991425642458,8,0.9039231385108086,0.9487795118047219,0.96,0.766426282051282,0.9368,0.924,0.934,0.885954381752701
Legacy-20,121.0,0.9081358949700161,0.8569450461867392,0.9593267437532931,8,0.9047237790232185,0.9487795118047219,0.9604,0.7684294871794872,0.9368,0.9248,0.9352,0.885954381752701
Legacy-20,122.0,0.9085862354908398,0.85772848906069,0.9594439819209897,8,0.9047237790232185,0.9491796718687475,0.9604,0.7700320512820513,0.9376,0.9256,0.9352,0.885954381752701
Legacy-20,123.0,0.9089864958193046,0.8583110747948237,0.9596619168437854,8,0.9055244195356285,0.9491796718687475,0.9604,0.7708333333333334,0.9384,0.926,0.9352,0.8863545418167267
Legacy-20,124.0,0.9094370166045417,0.8593808471287752,0.9594931860803082,8,0.9055244195356285,0.9495798319327731,0.9604,0.7732371794871795,0.9384,0.926,0.9356,0.8867547018807523
Legacy-20,125.0,0.9098872969249904,0.859877770299787,0.9598968235501938,8,0.9059247397918335,0.9511804721888756,0.9604,0.7740384615384616,0.9388,0.926,0.936,0.8867547018807523
Legacy-20,126.0,0.9104376373014871,0.8604950896213909,0.9603801849815833,8,0.9071257005604484,0.9523809523809523,0.9604,0.7748397435897436,0.9396,0.9264,0.936,0.8867547018807523
Legacy-20,127.0,0.9112381579263781,0.8615216480893173,0.9609546677634389,8,0.9079263410728583,0.9543817527010804,0.9604,0.7764423076923077,0.94,0.9276,0.936,0.8871548619447779
Legacy-20,128.0,0.9122389189519036,0.8630431657323309,0.9614346721714763,8,0.9091273018414732,0.9555822328931572,0.9612,0.7792467948717948,0.94,0.9276,0.9376,0.8875550220088035
Legacy-20,129.0,0.9132892392883587,0.8638834089785186,0.9626950695981988,8,0.9095276220976781,0.9571828731492596,0.9636,0.7800480769230769,0.9404,0.9296,0.9376,0.8883553421368547
Legacy-20,130.0,0.9139897199774163,0.8649415495503039,0.9630378904045287,8,0.9099279423538831,0.9575830332132853,0.9648,0.782051282051282,0.9404,0.9304,0.938,0.8887555022008804
Legacy-20,131.0,0.914489920249833,0.8654397711458278,0.9635400693538382,8,0.9099279423538831,0.957983193277311,0.9664,0.7828525641025641,0.9408,0.9308,0.938,0.8891556622649059
Legacy-20,132.0,0.9152404609629002,0.8665741370117666,0.9639067849140339,8,0.910328262610088,0.9587835134053622,0.9676,0.7848557692307693,0.9408,0.9308,0.9384,0.8903561424569828
Legacy-20,133.0,0.9158908014195701,0.8673882928685772,0.964393309970563,8,0.911128903122498,0.9587835134053622,0.9684,0.7860576923076923,0.9416,0.9308,0.9396,0.8907563025210085
Legacy-20,134.0,0.9165412820444738,0.8683693242856876,0.9647132398032601,8,0.9123298638911129,0.9587835134053622,0.9696,0.7876602564102564,0.9416,0.9308,0.94,0.8915566226490597
Legacy-20,135.0,0.9169915423409001,0.8689914007794878,0.9649916839023124,8,0.9123298638911129,0.9591836734693877,0.9704,0.7884615384615384,0.9416,0.9308,0.94,0.8931572629051621
Legacy-20,136.0,0.9174418828617239,0.8697093060152703,0.9651744597081775,8,0.9123298638911129,0.9591836734693877,0.972,0.7900641025641025,0.9416,0.9308,0.94,0.8935574229691877
Legacy-20,137.0,0.9181923635347623,0.8707834988086542,0.9656012282608704,8,0.9123298638911129,0.959983993597439,0.9732,0.7920673076923077,0.9416,0.9316,0.9404,0.8943577430972389
Legacy-20,138.0,0.9190430646004322,0.8722792262570339,0.9658069029438304,8,0.9127301841473179,0.9603841536614646,0.974,0.7952724358974359,0.9424,0.9324,0.9408,0.8943577430972389
Legacy-20,139.0,0.919443545305509,0.8731992129464744,0.9656878776645436,8,0.9135308246597278,0.9603841536614646,0.974,0.7972756410256411,0.9428,0.9324,0.9408,0.8943577430972389
Legacy-20,140.0,0.9199440861147686,0.8742617051795525,0.9656264670499848,8,0.9139311449159327,0.9607843137254902,0.974,0.7996794871794872,0.9436,0.9324,0.9408,0.8943577430972389
Legacy-20,141.0,0.9207947670120891,0.8755837609618499,0.9660057730623283,8,0.9151321056845476,0.961984793917567,0.9744,0.8020833333333334,0.944,0.9332,0.9408,0.8947579031612645
Legacy-20,142.0,0.9218454079415378,0.8771287789763638,0.9665620369067118,8,0.9151321056845476,0.9623849539815926,0.9756,0.8048878205128205,0.9456,0.9336,0.9416,0.8959583833533413
Legacy-20,143.0,0.9223958485985698,0.8781246393206691,0.9666670578764706,8,0.9151321056845476,0.9627851140456183,0.9756,0.8068910256410257,0.9464,0.9344,0.9416,0.896358543417367
Legacy-20,144.0,0.9232465896000729,0.8795789218122785,0.9669142573878673,8,0.9159327461969575,0.963985594237695,0.976,0.8096955128205128,0.9464,0.9348,0.942,0.8971588635454182
Legacy-20,145.0,0.9243976712827461,0.8818284647321825,0.9669668778333097,8,0.9159327461969575,0.9647859143657463,0.9764,0.8149038461538461,0.9472,0.9352,0.9436,0.8971588635454182
Legacy-20,146.0,0.925648612636839,0.8837577330626096,0.9675394922110683,8,0.9163330664531625,0.9659863945578231,0.978,0.8189102564102564,0.9476,0.9352,0.9452,0.8979591836734694
Legacy-20,147.0,0.926799353702496,0.8854080475887351,0.9681906598162568,8,0.9163330664531625,0.9671868747499,0.9788,0.8221153846153846,0.9492,0.9356,0.9464,0.8987595038015206
Legacy-20,148.0,0.9278997141511498,0.8863788480211544,0.9694205802811452,8,0.9167333867093675,0.9683873549419768,0.9796,0.8233173076923077,0.952,0.9356,0.9484,0.8991596638655462
Legacy-20,149.0,0.9285502950565889,0.887602475712748,0.9694981144004299,8,0.9167333867093675,0.9687875150060024,0.9796,0.8261217948717948,0.9524,0.936,0.9496,0.8991596638655462
Legacy-20,150.0,0.9291006956334606,0.8884210814019965,0.9697803098649248,8,0.9175340272217775,0.9687875150060024,0.9804,0.8277243589743589,0.9532,0.9364,0.9496,0.8991596638655462
Legacy-20,151.0,0.929851176306499,0.8895729334517676,0.9701294191612305,8,0.9175340272217775,0.969187675070028,0.9808,0.8297275641025641,0.954,0.9368,0.9504,0.9003601440576231
Legacy-20,152.0,0.9308017972439638,0.8909863309844303,0.9706172635034974,8,0.9179343474779824,0.9695878351340537,0.9808,0.8325320512820513,0.9548,0.9372,0.9532,0.9003601440576231
Legacy-20,153.0,0.9315523179650471,0.8921944567183566,0.9709101792117376,8,0.9187349879903923,0.9695878351340537,0.9808,0.8345352564102564,0.9556,0.9376,0.9544,0.9011604641856743
Legacy-20,154.0,0.9320527386140759,0.8930691008295689,0.9710363763985829,8,0.9187349879903923,0.9699879951980792,0.9808,0.8365384615384616,0.9564,0.938,0.9548,0.9011604641856743
Legacy-20,155.0,0.9327532794073163,0.8943219038810241,0.9711846549336086,8,0.9187349879903923,0.9699879951980792,0.9812,0.8389423076923077,0.9572,0.9384,0.9552,0.902360944377751
Legacy-20,156.0,0.9335540204889925,0.8959136928588385,0.9711943481191465,8,0.9191353082465973,0.9699879951980792,0.9812,0.8421474358974359,0.958,0.9384,0.956,0.9035614245698279
Legacy-20,157.0,0.9341041005210053,0.896434192405394,0.9717740086366167,8,0.9191353082465973,0.9699879951980792,0.9812,0.8421474358974359,0.9588,0.9388,0.9576,0.9051620648259304
Legacy-20,158.0,0.9346543407452745,0.897152291565457,0.9721563899250921,8,0.9199359487590072,0.9699879951980792,0.9812,0.8425480769230769,0.9596,0.9392,0.958,0.9067627050820328
Legacy-20,159.0,0.9351045410176911,0.8977025613731502,0.9725065206622321,8,0.9199359487590072,0.9699879951980792,0.9816,0.8433493589743589,0.9608,0.9392,0.9584,0.907563025210084
Legacy-20,160.0,0.9359047211859123,0.8984351966238652,0.9733742457479594,8,0.9199359487590072,0.9699879951980792,0.9828,0.84375,0.9616,0.9396,0.96,0.9095638255302121
Legacy-20,161.0,0.9366550214502103,0.8993792592359316,0.9739307836644889,8,0.9211369095276221,0.9699879951980792,0.9828,0.8441506410256411,0.9624,0.9408,0.9604,0.9115646258503401
Legacy-20,162.0,0.937155141610441,0.8998039201879489,0.9745063630329331,8,0.921537229783827,0.9699879951980792,0.9832,0.844551282051282,0.9632,0.9416,0.9616,0.9115646258503401
Legacy-20,163.0,0.9376053017866782,0.9003088687591163,0.9749017348142401,8,0.921937550040032,0.9699879951980792,0.9832,0.8449519230769231,0.9644,0.942,0.962,0.9123649459783914
Legacy-20,164.0,0.9379053217946814,0.9004982669425173,0.9753123766468456,8,0.921937550040032,0.9699879951980792,0.9836,0.8449519230769231,0.9652,0.9424,0.9624,0.912765106042417
Legacy-20,165.0,0.9387554818907454,0.9011342121425325,0.9763767516389583,8,0.922738190552442,0.9707883153261304,0.9836,0.8449519230769231,0.9652,0.9436,0.9656,0.9135654261704682
Legacy-20,166.0,0.9394056019387647,0.9017317664641267,0.9770794374134026,8,0.922738190552442,0.9711884753901561,0.984,0.8449519230769231,0.9656,0.9448,0.9664,0.9155662264905963
Legacy-20,167.0,0.9400057420108063,0.9024125414716481,0.9775989425499646,8,0.923138510808647,0.9711884753901561,0.984,0.8449519230769231,0.966,0.9468,0.9664,0.9175670268107243
Legacy-20,168.0,0.9405058020508351,0.9028122798066999,0.9781993242949704,8,0.9235388310648519,0.9711884753901561,0.9844,0.8449519230769231,0.9668,0.9488,0.9664,0.9179671868747499
Legacy-20,169.0,0.9411561223231363,0.9037108759656761,0.9786013686805964,8,0.9247397918334668,0.9711884753901561,0.9844,0.8453525641025641,0.9668,0.9496,0.9668,0.9203681472589036
Legacy-20,170.0,0.9416062423871747,0.9041025547535223,0.9791099300208271,8,0.9251401120896717,0.9719887955182073,0.9844,0.8453525641025641,0.9672,0.9508,0.9668,0.9211684673869548
Legacy-20,171.0,0.9425566027556554,0.9049754099261067,0.9801377955852042,8,0.9259407526020816,0.9735894357743097,0.9856,0.8461538461538461,0.9676,0.9524,0.9672,0.921968787515006
Legacy-20,172.0,0.9432068030280721,0.9056197631498186,0.9807938429063257,8,0.9259407526020816,0.9739895958383353,0.9864,0.8469551282051282,0.968,0.9544,0.9676,0.9223689475790317
Legacy-20,173.0,0.9435568630681009,0.9058661663698346,0.9812475597663672,8,0.9263410728582866,0.974389755902361,0.9864,0.8469551282051282,0.968,0.9556,0.9684,0.9223689475790317
Legacy-20,174.0,0.9442069631401554,0.9064206170563089,0.9819933092240019,8,0.9271417133706965,0.974389755902361,0.9864,0.8469551282051282,0.9684,0.9592,0.9684,0.9227691076430572
Legacy-20,175.0,0.9444570231801842,0.9066621890253765,0.9822518573349919,8,0.9275420336269016,0.974389755902361,0.9864,0.8469551282051282,0.9684,0.9604,0.9684,0.9231692677070829
Legacy-20,176.0,0.945057243316277,0.9072948232878602,0.982819663344694,8,0.9287429943955164,0.9747899159663865,0.9864,0.8469551282051282,0.9684,0.9616,0.9688,0.9247699079631853
Legacy-20,177.0,0.9456075036127033,0.9079558762702358,0.9832591309551708,8,0.9287429943955164,0.9755902360944377,0.9868,0.8477564102564102,0.9684,0.9628,0.9688,0.9259703881552621
Legacy-20,178.0,0.9459576036687385,0.9082470476303038,0.9836681597071731,8,0.9291433146517214,0.9759903961584634,0.9872,0.8477564102564102,0.9688,0.9632,0.9688,0.9267707082833133
Legacy-20,179.0,0.9463076837007514,0.9085129290160969,0.9841024383854058,8,0.9291433146517214,0.976390556222489,0.988,0.8477564102564102,0.9692,0.9632,0.9688,0.9279711884753902
Legacy-20,180.0,0.9468579641013731,0.9092143371998819,0.9845015910028644,8,0.9291433146517214,0.976390556222489,0.9892,0.8489583333333334,0.97,0.9636,0.9688,0.9287715086034414
Legacy-20,181.0,0.9474081843176391,0.9097727003398961,0.985043668295382,8,0.9299439551641313,0.9767907162865146,0.9896,0.8493589743589743,0.97,0.9636,0.9704,0.9295718287314926
Legacy-20,182.0,0.9481085246781166,0.9105261690251272,0.985690880331106,8,0.9307445956765412,0.9779911964785915,0.99,0.8501602564102564,0.97,0.964,0.9716,0.9303721488595438
Legacy-20,183.0,0.9486088250867416,0.9111640667762767,0.9860535833972065,8,0.9307445956765412,0.9787915166066427,0.9908,0.8513621794871795,0.9704,0.9644,0.9716,0.9307723089235694
Legacy-20,184.0,0.949059045254873,0.9116173615902918,0.9865007289194541,8,0.932746196957566,0.9787915166066427,0.9916,0.8513621794871795,0.9704,0.9648,0.9716,0.9311724689875951
Legacy-20,185.0,0.949609485767578,0.9125409401586912,0.9866780313764647,8,0.933947157726181,0.9791916766706683,0.9916,0.8525641025641025,0.9704,0.9652,0.9716,0.9323729491796718
Legacy-20,186.0,0.9501597058876516,0.9129078600562647,0.9874115517190386,8,0.9347477982385909,0.9811924769907964,0.9924,0.8525641025641025,0.9704,0.9652,0.9716,0.933173269307723
Legacy-20,187.0,0.9505097859196644,0.9131142905996781,0.9879052812396507,8,0.9347477982385909,0.9819927971188476,0.9932,0.8525641025641025,0.9708,0.9652,0.9716,0.9339735894357744
Legacy-20,188.0,0.9509100061359304,0.9135866520504385,0.9882333602214222,8,0.9355484387510008,0.9823929571828731,0.9936,0.8529647435897436,0.9712,0.9652,0.9716,0.9347739095638256
Legacy-20,189.0,0.9513102263521963,0.9141313329526977,0.988489119751695,8,0.9363490792634107,0.9823929571828731,0.9936,0.8533653846153846,0.972,0.9652,0.9716,0.9359743897559024
Legacy-20,190.0,0.9515603865284336,0.9144131195987658,0.9887076534581013,8,0.9367493995196157,0.9831932773109243,0.9936,0.8537660256410257,0.9724,0.9652,0.9716,0.9359743897559024
Legacy-20,191.0,0.9519105466405168,0.9147987840301761,0.9890223092508574,8,0.9379503602882305,0.9831932773109243,0.9936,0.8537660256410257,0.9728,0.9652,0.972,0.9367747098839536
Legacy-20,192.0,0.9522106467125712,0.915031893879118,0.9893893995460243,8,0.9387510008006406,0.9831932773109243,0.9944,0.8537660256410257,0.9732,0.9652,0.972,0.9371748699479792
Legacy-20,193.0,0.9525608669448564,0.9155025544510512,0.9896191794386616,8,0.9399519615692554,0.9831932773109243,0.9944,0.8541666666666666,0.9736,0.9652,0.9724,0.9375750300120048
Legacy-20,194.0,0.9532111272091672,0.9161083511495998,0.9903139032687347,8,0.9415532425940752,0.98359343737495,0.9948,0.8545673076923077,0.9748,0.9656,0.9732,0.9375750300120048
Legacy-20,195.0,0.9534612473533788,0.9164629944441133,0.9904595002626443,8,0.9415532425940752,0.98359343737495,0.9948,0.8549679487179487,0.9748,0.966,0.9736,0.938375350140056
Legacy-20,196.0,0.953911407465462,0.9168449385742684,0.9909778763566556,8,0.9427542033626901,0.9839935974389756,0.9948,0.8549679487179487,0.9752,0.966,0.9748,0.9387755102040817
Legacy-20,197.0,0.9544618080263145,0.9177644193255192,0.9911591967271098,8,0.9431545236188951,0.9839935974389756,0.9952,0.8565705128205128,0.9756,0.9664,0.9752,0.9395758303321329
Legacy-20,198.0,0.9547119081625228,0.9180196525943558,0.9914041637306898,8,0.9431545236188951,0.9843937575030012,0.9952,0.8569711538461539,0.9764,0.9664,0.9756,0.9395758303321329
Legacy-20,199.0,0.9550120884269363,0.918500556495534,0.9915236203583386,8,0.9431545236188951,0.9843937575030012,0.9952,0.8577724358974359,0.9764,0.9672,0.976,0.9399759903961584
Legacy-20,200.0,0.9553122285149972,0.9187546592407829,0.9918697977892115,8,0.9439551641313051,0.9851940776310524,0.9952,0.8577724358974359,0.9764,0.9672,0.9764,0.9403761504601841
Legacy-20,201.0,0.9556624287232599,0.9191235398927621,0.9922013175537577,8,0.944755804643715,0.9859943977591037,0.9952,0.8581730769230769,0.9764,0.9672,0.9772,0.9403761504601841
Legacy-20,202.0,0.9559626089876734,0.9195815864032698,0.992343631572077,8,0.944755804643715,0.9859943977591037,0.9952,0.8589743589743589,0.9764,0.9672,0.9784,0.9407763105242097
Legacy-20,203.0,0.9563628492921157,0.920072098255733,0.9926536003284984,8,0.94515612489992,0.9867947178871549,0.9952,0.8597756410256411,0.9776,0.9672,0.9784,0.9407763105242097
Legacy-20,204.0,0.9568632497246604,0.9208030577770795,0.9929234416722413,8,0.9471577261809447,0.9871948779511804,0.9952,0.8605769230769231,0.9776,0.9672,0.9788,0.9411764705882353
Legacy-20,205.0,0.957363509972952,0.9213144809562568,0.9934125389896473,8,0.9483586869495596,0.9879951980792316,0.9956,0.8609775641025641,0.978,0.9676,0.9788,0.9415766306522609
Legacy-20,206.0,0.9579140306940354,0.9223036343879177,0.993524427000153,8,0.9491593274619696,0.988795518207283,0.9956,0.8629807692307693,0.9784,0.9676,0.9792,0.9415766306522609
Legacy-20,207.0,0.9582642509904744,0.9227828883285111,0.9937456136524377,8,0.9495596477181746,0.9891956782713085,0.9956,0.8637820512820513,0.9784,0.968,0.98,0.9415766306522609
Legacy-20,208.0,0.9588644511987372,0.9233800428134104,0.994348859584064,8,0.9503602882305845,0.9891956782713085,0.9956,0.8641826923076923,0.9804,0.968,0.9808,0.9423769507803121
Legacy-20,209.0,0.959564931823641,0.9244256360096718,0.9947042276376102,8,0.9515612489991994,0.9895958383353342,0.9956,0.8657852564102564,0.9808,0.9688,0.9816,0.9427771108443377
Legacy-20,210.0,0.9599151722082564,0.9250111834361996,0.9948191609803132,8,0.9515612489991994,0.9895958383353342,0.9956,0.8669871794871795,0.9816,0.9692,0.982,0.9427771108443377
Legacy-20,211.0,0.9602654125126986,0.9255193033675898,0.9950115216578074,8,0.9519615692554043,0.9899959983993597,0.9956,0.8677884615384616,0.9824,0.9692,0.982,0.9431772709083633
Legacy-20,212.0,0.9606657328811922,0.9261742445824596,0.9951572211799248,8,0.9531625300240192,0.9899959983993597,0.9956,0.8685897435897436,0.9824,0.9692,0.9824,0.9439775910364145
Legacy-20,213.0,0.9611159931936376,0.9268586525883019,0.9953733337989733,8,0.9535628502802241,0.9899959983993597,0.9956,0.8693910256410257,0.9824,0.97,0.9828,0.9451780712284914
Legacy-20,214.0,0.9612660532336664,0.9270108634193487,0.9955212430479842,8,0.9539631705364291,0.9899959983993597,0.9956,0.8693910256410257,0.9828,0.97,0.9828,0.9455782312925171
Legacy-20,215.0,0.961516253506083,0.9275016067367327,0.9955309002754335,8,0.9539631705364291,0.9899959983993597,0.9956,0.8701923076923077,0.9828,0.9704,0.9828,0.9463785514205683
Legacy-20,216.0,0.9617664136983395,0.9278407313813357,0.9956920960153433,8,0.9547638110488391,0.9899959983993597,0.9956,0.8705929487179487,0.9828,0.9708,0.9832,0.9463785514205683
Legacy-20,217.0,0.9619664337063427,0.927916455380537,0.9960164120321484,8,0.9547638110488391,0.9903961584633854,0.996,0.8705929487179487,0.9828,0.9708,0.984,0.9463785514205683
Legacy-20,218.0,0.962416533842551,0.9283298551952427,0.9965032124898593,8,0.9547638110488391,0.9903961584633854,0.9964,0.8709935897435898,0.9836,0.9716,0.9848,0.9467787114845938
Legacy-20,219.0,0.9626665738745767,0.9285149662225041,0.9968181815266492,8,0.9551641313050441,0.9903961584633854,0.9968,0.8709935897435898,0.9836,0.9728,0.9848,0.9467787114845938
Legacy-20,220.0,0.9633168742832016,0.9293418950036273,0.9972918535627758,8,0.9551641313050441,0.990796318527411,0.9968,0.8721955128205128,0.9852,0.9736,0.9852,0.947579031612645
Legacy-20,221.0,0.9635669944274131,0.9296977929201669,0.9974361959346594,8,0.9551641313050441,0.990796318527411,0.9968,0.8725961538461539,0.9856,0.974,0.9852,0.9483793517406963
Legacy-20,222.0,0.9639671345796279,0.9301538500509023,0.9977804191083535,8,0.9551641313050441,0.990796318527411,0.9968,0.8729967948717948,0.9864,0.974,0.986,0.9495798319327731
Legacy-20,223.0,0.9644672146276599,0.9305570246401812,0.9983774046151387,8,0.955564451561249,0.990796318527411,0.9972,0.8729967948717948,0.9864,0.9756,0.9868,0.9503801520608244
Legacy-20,224.0,0.9646672346356631,0.9307201815387998,0.9986142877325264,8,0.955564451561249,0.990796318527411,0.9972,0.8729967948717948,0.9864,0.9764,0.9872,0.9507803121248499
Legacy-20,225.0,0.9650173146997143,0.9309708203653723,0.9990638090340563,8,0.9563650920736589,0.990796318527411,0.9972,0.8729967948717948,0.9868,0.9768,0.9884,0.9507803121248499
Legacy-20,226.0,0.9653673547157208,0.9312216903949261,0.9995130190365155,8,0.9563650920736589,0.9911964785914366,0.9972,0.8729967948717948,0.9868,0.9784,0.9888,0.9511804721888756
Legacy-20,227.0,0.9658174748599323,0.9316967795903058,0.9999381701295588,8,0.9563650920736589,0.9911964785914366,0.9972,0.8733974358974359,0.9872,0.98,0.9892,0.9519807923169268
Legacy-20,228.0,0.9659676551243457,0.9320336068013774,0.999901703447314,8,0.9563650920736589,0.9915966386554622,0.9972,0.874198717948718,0.9872,0.98,0.9892,0.9519807923169268
Legacy-20,229.0,0.9663678754047655,0.9325546566411463,1.0,8,0.9563650920736589,0.9923969587835134,0.9972,0.875,0.9872,0.9812,0.9892,0.9523809523809523
Legacy-20,230.0,0.9668683360056469,0.9335235522676772,1.0,8,0.9571657325860689,0.9923969587835134,0.9976,0.8766025641025641,0.9872,0.9812,0.9892,0.9535814325730292
Legacy-20,231.0,0.9672186564382943,0.9341585480886004,1.0,8,0.9575660528422738,0.992797118847539,0.998,0.8778044871794872,0.9872,0.9812,0.9892,0.9539815926370548
Legacy-20,232.0,0.9675188767347335,0.9346120197283267,1.0,8,0.9579663730984788,0.9931972789115646,0.998,0.8786057692307693,0.9872,0.9816,0.9896,0.9539815926370548
Legacy-20,233.0,0.9677689768709418,0.9348771150610461,1.0,8,0.9579663730984788,0.9935974389755903,0.998,0.8790064102564102,0.9872,0.9824,0.99,0.9539815926370548
Legacy-20,234.0,0.9680691571353552,0.9353412030879221,1.0,8,0.9579663730984788,0.9935974389755903,0.998,0.8798076923076923,0.9876,0.9828,0.9904,0.9543817527010804
Legacy-20,235.0,0.9681192372635603,0.9354991617359512,1.0,8,0.9579663730984788,0.9935974389755903,0.998,0.8802083333333334,0.9876,0.9828,0.9904,0.9543817527010804
Legacy-20,236.0,0.9683193974397974,0.9357562431126584,1.0,8,0.9583666933546837,0.9943977591036415,0.998,0.8806089743589743,0.9876,0.9828,0.9904,0.9543817527010804
Legacy-20,237.0,0.9686196176720827,0.9361799924377685,1.0,8,0.9595676541232986,0.9943977591036415,0.9984,0.8810096153846154,0.9876,0.9828,0.9904,0.954781912765106
Legacy-20,238.0,0.9689198378883487,0.936611845487277,1.0,8,0.9603682946357086,0.994797919167667,0.9984,0.8814102564102564,0.9876,0.9828,0.9904,0.9555822328931572
Legacy-20,239.0,0.9691200381607653,0.9370612927674823,1.0,8,0.9603682946357086,0.994797919167667,0.9984,0.8822115384615384,0.9876,0.9828,0.9904,0.9563825530212084
Legacy-20,240.0,0.969420158320996,0.9373923166814918,1.0,8,0.9607686148919136,0.994797919167667,0.9984,0.8826121794871795,0.9876,0.9836,0.9912,0.9563825530212084
Legacy-20,241.0,0.9697703986254383,0.9379187649811245,1.0,8,0.9611689351481185,0.9951980792316927,0.9984,0.8834134615384616,0.9876,0.9844,0.9912,0.9567827130852341
Legacy-20,242.0,0.9702205988978551,0.9384866506899131,1.0,8,0.9611689351481185,0.9951980792316927,0.9988,0.8842147435897436,0.9888,0.9844,0.9916,0.9575830332132853
Legacy-20,243.0,0.9705709192663485,0.9391184254011545,1.0,8,0.9623698959167334,0.9951980792316927,0.9988,0.8850160256410257,0.9888,0.9844,0.9916,0.9583833533413365
Legacy-20,244.0,0.971021379947403,0.9400504100570347,1.0,8,0.9627702161729383,0.9955982392957183,0.9988,0.8870192307692307,0.9892,0.9848,0.9916,0.9583833533413365
Legacy-20,245.0,0.9711214600114543,0.9401708969621483,1.0,8,0.9635708566853483,0.9955982392957183,0.9988,0.8870192307692307,0.9892,0.9848,0.9916,0.9583833533413365
Legacy-20,246.0,0.9714717202597458,0.9407057247961822,1.0,8,0.9647718174539631,0.9955982392957183,0.9988,0.8874198717948718,0.9892,0.9848,0.9916,0.9595838335334134
Legacy-20,247.0,0.9716218003237971,0.9408549039467822,1.0,8,0.9655724579663731,0.9955982392957183,0.9988,0.8874198717948718,0.9892,0.9852,0.9916,0.9595838335334134
Legacy-20,248.0,0.971872020604217,0.9413235271356925,1.0,8,0.9655724579663731,0.9959983993597439,0.9988,0.8882211538461539,0.9892,0.9852,0.9916,0.9603841536614646
Legacy-20,249.0,0.9722222007403226,0.9416782534319317,1.0,8,0.967173738991193,0.9959983993597439,0.9988,0.8882211538461539,0.9896,0.9856,0.9916,0.9607843137254902
Legacy-20,250.0,0.9724724410447649,0.9421846699374798,1.0,8,0.9675740592473979,0.9959983993597439,0.9988,0.8890224358974359,0.9896,0.9856,0.9916,0.9615846338535414
Legacy-20,251.0,0.9725724410447649,0.9422417579464601,1.0,8,0.9675740592473979,0.9959983993597439,0.9988,0.8890224358974359,0.9896,0.986,0.992,0.9615846338535414
Legacy-20,252.0,0.9727225010687746,0.9423888853053013,1.0,8,0.9675740592473979,0.9963985594237695,0.9988,0.8890224358974359,0.9896,0.986,0.992,0.9623849539815926
Legacy-20,253.0,0.9728226613251848,0.9427097552403686,1.0,8,0.9675740592473979,0.9963985594237695,0.9988,0.889823717948718,0.9896,0.986,0.992,0.9623849539815926
Legacy-20,254.0,0.9729227414533899,0.9429023896295136,1.0,8,0.9675740592473979,0.9963985594237695,0.9988,0.8902243589743589,0.9896,0.9864,0.992,0.9623849539815926
Legacy-20,255.0,0.9730728415895982,0.9431130937355318,1.0,8,0.9675740592473979,0.9967987194877951,0.9988,0.890625,0.9896,0.9868,0.992,0.9623849539815926
Legacy-20,256.0,0.9733229616536366,0.9433795777430921,1.0,8,0.9679743795036029,0.9971988795518207,0.9988,0.890625,0.9896,0.9868,0.992,0.9635854341736695
Legacy-20,257.0,0.973473202038252,0.943861089246746,1.0,8,0.9679743795036029,0.9971988795518207,0.9988,0.8918269230769231,0.9896,0.9868,0.992,0.9635854341736695
Legacy-20,258.0,0.9737734423426943,0.9443937747024017,1.0,8,0.9683746997598078,0.9971988795518207,0.9988,0.8926282051282052,0.99,0.9868,0.992,0.9643857543017207
Legacy-20,259.0,0.974173923031752,0.9453795801756142,1.0,8,0.9687750200160128,0.9971988795518207,0.9988,0.8946314102564102,0.99,0.9868,0.992,0.9651860744297719
Legacy-20,260.0,0.9746242633440948,0.9460090163395443,1.0,8,0.9707766212970377,0.9971988795518207,0.9988,0.8950320512820513,0.99,0.9868,0.992,0.9663865546218487
Legacy-20,261.0,0.9750246639209665,0.9468231890915796,1.0,8,0.9715772618094476,0.9971988795518207,0.9988,0.8966346153846154,0.99,0.9872,0.9924,0.9663865546218487
Legacy-20,262.0,0.9755251847222229,0.9479293134009368,1.0,8,0.9719775820656525,0.9971988795518207,0.9988,0.8990384615384616,0.9912,0.9872,0.9924,0.9663865546218487
Legacy-20,263.0,0.9759755250987197,0.9486313225964276,1.0,8,0.9731785428342674,0.9971988795518207,0.9988,0.8998397435897436,0.9916,0.9872,0.9924,0.9675870348139256
Legacy-20,264.0,0.9763759256595722,0.9494893315547741,1.0,8,0.9735788630904724,0.9971988795518207,0.9988,0.9014423076923077,0.9916,0.9876,0.9924,0.9683873549419768
Legacy-20,265.0,0.9769765265730145,0.9508233800385815,1.0,8,0.9735788630904724,0.9971988795518207,0.9988,0.9042467948717948,0.9924,0.9876,0.9928,0.969187675070028
Legacy-20,266.0,0.9773767869656331,0.9514806746658347,1.0,8,0.9735788630904724,0.9971988795518207,0.9988,0.905448717948718,0.9932,0.988,0.9932,0.9695878351340537
Legacy-20,267.0,0.977977287662694,0.9526040712663019,1.0,8,0.9739791833466773,0.9971988795518207,0.9992,0.9074519230769231,0.9936,0.9884,0.9932,0.9707883153261304
Legacy-20,268.0,0.9781274278309279,0.9528827942045508,1.0,8,0.9743795036028823,0.9971988795518207,0.9992,0.9078525641025641,0.9936,0.9884,0.9932,0.9711884753901561
Legacy-20,269.0,0.9784775479751394,0.9532592070884818,1.0,8,0.9743795036028823,0.9971988795518207,0.9996,0.9082532051282052,0.994,0.9884,0.994,0.9719887955182073
Legacy-20,270.0,0.978827808287585,0.9538523093477995,1.0,8,0.9747798238590872,0.9971988795518207,0.9996,0.9090544871794872,0.994,0.9888,0.994,0.9731892757102841
Legacy-20,271.0,0.9791279283516233,0.9541747382898941,1.0,8,0.9751801441152922,0.9971988795518207,0.9996,0.9090544871794872,0.994,0.9892,0.994,0.9747899159663865
Legacy-20,272.0,0.9793781085518829,0.9545397854957031,1.0,8,0.9759807846277022,0.9971988795518207,0.9996,0.9094551282051282,0.994,0.9896,0.994,0.9751900760304122
Legacy-20,273.0,0.9797785291367579,0.955384414977587,1.0,8,0.9767814251401121,0.9971988795518207,0.9996,0.9110576923076923,0.994,0.9896,0.9944,0.9755902360944377
Legacy-20,274.0,0.979878609264963,0.955580836390457,1.0,8,0.9767814251401121,0.9971988795518207,0.9996,0.9114583333333334,0.994,0.99,0.9944,0.9755902360944377
Legacy-20,275.0,0.980128809489245,0.9559327490423444,1.0,8,0.977982385908727,0.9971988795518207,0.9996,0.9118589743589743,0.994,0.99,0.9948,0.9755902360944377
Legacy-20,276.0,0.9805293102664789,0.9569930094832623,1.0,8,0.977982385908727,0.9971988795518207,0.9996,0.9142628205128205,0.994,0.99,0.9952,0.9759903961584634
Legacy-20,277.0,0.9808296507873027,0.9577185865649486,1.0,8,0.977982385908727,0.9971988795518207,1.0,0.9158653846153846,0.994,0.99,0.9952,0.976390556222489
Legacy-20,278.0,0.9811800113321488,0.9584844522797797,1.0,8,0.978382706164932,0.9971988795518207,1.0,0.9174679487179487,0.9944,0.9904,0.9952,0.976390556222489
Legacy-20,279.0,0.981630391804825,0.9592818329653044,1.0,8,0.9791833466773419,0.9971988795518207,1.0,0.9186698717948718,0.9948,0.9904,0.9952,0.9775910364145658
Legacy-20,280.0,0.9819306121012641,0.9597795178583752,1.0,8,0.9795836669335468,0.9971988795518207,1.0,0.9194711538461539,0.9952,0.9908,0.9952,0.9779911964785915
Legacy-20,281.0,0.9820306721412929,0.9598903830876123,1.0,8,0.9799839871897518,0.9971988795518207,1.0,0.9194711538461539,0.9952,0.9908,0.9952,0.978391356542617
Legacy-20,282.0,0.9822307722775012,0.9601272283666955,1.0,8,0.9799839871897518,0.9975990396158463,1.0,0.9198717948717948,0.996,0.9908,0.9952,0.978391356542617
Legacy-20,283.0,0.9824309925739403,0.9605640577209474,1.0,8,0.9803843074459567,0.9975990396158463,1.0,0.9206730769230769,0.996,0.9908,0.9952,0.9787915166066427
Legacy-20,284.0,0.9826812128703794,0.9610351066883762,1.0,8,0.9807846277021617,0.9975990396158463,1.0,0.9214743589743589,0.996,0.9912,0.9952,0.9791916766706683
Legacy-20,285.0,0.982781252902405,0.9611135245413793,1.0,8,0.9811849479583667,0.9975990396158463,1.0,0.9214743589743589,0.9964,0.9912,0.9952,0.9791916766706683
Legacy-20,286.0,0.9828313330306102,0.961276797266386,1.0,8,0.9811849479583667,0.9975990396158463,1.0,0.921875,0.9964,0.9912,0.9952,0.9791916766706683
Legacy-20,287.0,0.9828814131588153,0.9614400133088269,1.0,8,0.9811849479583667,0.9975990396158463,1.0,0.9222756410256411,0.9964,0.9912,0.9952,0.9791916766706683
Legacy-20,288.0,0.9831816133510588,0.9618471527320795,1.0,8,0.9815852682145717,0.9979991996798719,1.0,0.922676282051282,0.9964,0.9912,0.9952,0.9803921568627451
Legacy-20,289.0,0.983281773607469,0.962174175799007,1.0,8,0.9815852682145717,0.9979991996798719,1.0,0.9234775641025641,0.9964,0.9912,0.9952,0.9803921568627451
Legacy-20,290.0,0.9834320139920845,0.9626642910308616,1.0,8,0.9815852682145717,0.9979991996798719,1.0,0.9246794871794872,0.9964,0.9912,0.9952,0.9803921568627451
Legacy-20,291.0,0.9835822543766999,0.9631538806961798,1.0,8,0.9815852682145717,0.9979991996798719,1.0,0.9258814102564102,0.9964,0.9912,0.9952,0.9803921568627451
Legacy-20,292.0,0.9840326148573921,0.96389961707427,1.0,8,0.9827862289831866,0.9979991996798719,1.0,0.9270833333333334,0.9964,0.992,0.9956,0.9803921568627451
Legacy-20,293.0,0.9840826949855972,0.9640628572078008,1.0,8,0.9827862289831866,0.9979991996798719,1.0,0.9274839743589743,0.9964,0.992,0.9956,0.9803921568627451
Legacy-20,294.0,0.9842829353060587,0.9644934599397748,1.0,8,0.9835868694955965,0.9979991996798719,1.0,0.9282852564102564,0.9964,0.992,0.9956,0.9803921568627451
Legacy-20,295.0,0.9844831355944946,0.9649054633577625,1.0,8,0.9839871897518014,0.9979991996798719,1.0,0.9290865384615384,0.9964,0.9924,0.9956,0.9803921568627451
Legacy-20,296.0,0.9846332357307029,0.9651243970597168,1.0,8,0.9839871897518014,0.9983993597438976,1.0,0.9294871794871795,0.9964,0.9928,0.9956,0.9803921568627451
Legacy-20,297.0,0.9846833158589081,0.9652875584464304,1.0,8,0.9839871897518014,0.9983993597438976,1.0,0.9298878205128205,0.9964,0.9928,0.9956,0.9803921568627451
Legacy-20,298.0,0.9847333158589081,0.9653204866519532,1.0,8,0.9839871897518014,0.9983993597438976,1.0,0.9298878205128205,0.9964,0.9932,0.9956,0.9803921568627451
Legacy-20,299.0,0.9848834159951164,0.9655746591437202,1.0,8,0.9839871897518014,0.9983993597438976,1.0,0.9302884615384616,0.9964,0.9936,0.9956,0.9807923169267707
Legacy-20,300.0,0.9852337164037415,0.9662635955720111,1.0,8,0.9839871897518014,0.9983993597438976,1.0,0.9314903846153846,0.9968,0.9936,0.9956,0.9819927971188476
Legacy-20,301.0,0.9852337164037415,0.9662635955720111,1.0,8,0.9839871897518014,0.9983993597438976,1.0,0.9314903846153846,0.9968,0.9936,0.9956,0.9819927971188476
Legacy-20,302.0,0.9852337164037415,0.9662635955720111,1.0,8,0.9839871897518014,0.9983993597438976,1.0,0.9314903846153846,0.9968,0.9936,0.9956,0.9819927971188476
Legacy-20,303.0,0.9852337164037415,0.9662635955720111,1.0,8,0.9839871897518014,0.9983993597438976,1.0,0.9314903846153846,0.9968,0.9936,0.9956,0.9819927971188476
Legacy-20,304.0,0.9853338165399498,0.9664488819420577,1.0,8,0.9839871897518014,0.9987995198079231,1.0,0.9318910256410257,0.9968,0.9936,0.9956,0.9819927971188476
Legacy-20,305.0,0.9853338165399498,0.9664488819420577,1.0,8,0.9839871897518014,0.9987995198079231,1.0,0.9318910256410257,0.9968,0.9936,0.9956,0.9819927971188476
Legacy-20,306.0,0.9854338966681548,0.9666375178953143,1.0,8,0.9839871897518014,0.9987995198079231,1.0,0.9322916666666666,0.9972,0.9936,0.9956,0.9819927971188476
Legacy-20,307.0,0.9856840969405715,0.9671057759141968,1.0,8,0.9839871897518014,0.9987995198079231,1.0,0.9330929487179487,0.9972,0.9936,0.996,0.9827931172468988
Legacy-20,308.0,0.985884136956578,0.9672661868083742,1.0,8,0.9839871897518014,0.9987995198079231,1.0,0.9330929487179487,0.998,0.9936,0.996,0.98359343737495
Legacy-20,309.0,0.985934217084783,0.9674297000660163,1.0,8,0.9839871897518014,0.9987995198079231,1.0,0.9334935897435898,0.998,0.9936,0.996,0.98359343737495
Legacy-20,310.0,0.9860842972129882,0.9676542384705825,1.0,8,0.9839871897518014,0.9987995198079231,1.0,0.9338942307692307,0.998,0.994,0.9964,0.98359343737495
Legacy-20,311.0,0.9861842972129882,0.9677141108544502,1.0,8,0.9839871897518014,0.9987995198079231,1.0,0.9338942307692307,0.998,0.9944,0.9968,0.98359343737495
Legacy-20,312.0,0.9861842972129882,0.9677141108544502,1.0,8,0.9839871897518014,0.9987995198079231,1.0,0.9338942307692307,0.998,0.9944,0.9968,0.98359343737495
Legacy-20,313.0,0.9864343973491965,0.9680073995961715,1.0,8,0.9839871897518014,0.9987995198079231,1.0,0.9342948717948718,0.9988,0.9944,0.9972,0.9839935974389756
Legacy-20,314.0,0.9865845575414529,0.9682801290704468,1.0,8,0.9847878302642114,0.9987995198079231,1.0,0.9346955128205128,0.9988,0.9944,0.9972,0.9839935974389756
Legacy-20,315.0,0.986684577549456,0.9683680972025498,1.0,8,0.9847878302642114,0.9987995198079231,1.0,0.9346955128205128,0.9988,0.9948,0.9972,0.9843937575030012
Legacy-20,316.0,0.9867346175814817,0.9684218957681067,1.0,8,0.9851881505204163,0.9987995198079231,1.0,0.9346955128205128,0.9988,0.9948,0.9972,0.9843937575030012
Legacy-20,317.0,0.9868847377417125,0.9686656930991054,1.0,8,0.9855884707766213,0.9987995198079231,1.0,0.9350961538461539,0.9988,0.9948,0.9976,0.9843937575030012
Legacy-20,318.0,0.9869848378779208,0.9688529512910473,1.0,8,0.9855884707766213,0.9991996798719488,1.0,0.9354967948717948,0.9988,0.9948,0.9976,0.9843937575030012
Legacy-20,319.0,0.987134998134331,0.9692064097343595,1.0,8,0.9855884707766213,0.9991996798719488,1.0,0.9362980769230769,0.9988,0.9948,0.998,0.9843937575030012
Legacy-20,320.0,0.9872851583907413,0.9695586969268325,1.0,8,0.9855884707766213,0.9991996798719488,1.0,0.9370993589743589,0.9988,0.9948,0.9984,0.9843937575030012
Legacy-20,321.0,0.9873851984227668,0.9696449558410329,1.0,8,0.9859887910328262,0.9991996798719488,1.0,0.9370993589743589,0.9988,0.9952,0.9984,0.9843937575030012
Legacy-20,322.0,0.9874352384547925,0.9696977486225554,1.0,8,0.9863891112890312,0.9991996798719488,1.0,0.9370993589743589,0.9988,0.9952,0.9984,0.9843937575030012
Legacy-20,323.0,0.9876354186550521,0.9699881181809772,1.0,8,0.9871897518014412,0.9995998399359743,1.0,0.9375,0.9988,0.9952,0.9984,0.9843937575030012
Legacy-20,324.0,0.9877354786950809,0.9700958513673575,1.0,8,0.9875900720576462,0.9995998399359743,1.0,0.9375,0.9988,0.9952,0.9984,0.9847939175670268
Legacy-20,325.0,0.9878355187110873,0.970175006597299,1.0,8,0.9875900720576462,1.0,1.0,0.9375,0.9988,0.9952,0.9984,0.9851940776310524
Legacy-20,326.0,0.9878855587431129,0.9702252058048263,1.0,8,0.9879903923138511,1.0,1.0,0.9375,0.9988,0.9952,0.9984,0.9851940776310524
Legacy-20,327.0,0.9881358190715777,0.9707082847978687,1.0,8,0.988791032826261,1.0,1.0,0.938301282051282,0.9988,0.9952,0.9984,0.985594237695078
Legacy-20,328.0,0.988235859087584,0.9708183792379667,1.0,8,0.988791032826261,1.0,1.0,0.938301282051282,0.9988,0.9952,0.9984,0.9863945578231292
Legacy-20,329.0,0.9883359792478148,0.9710316242678446,1.0,8,0.989191353082466,1.0,1.0,0.9387019230769231,0.9988,0.9952,0.9984,0.9863945578231292
Legacy-20,330.0,0.9883860192798404,0.9710792833491292,1.0,8,0.9895916733386709,1.0,1.0,0.9387019230769231,0.9988,0.9952,0.9984,0.9863945578231292
Legacy-20,331.0,0.9884861194160487,0.9712985757084485,1.0,8,0.9895916733386709,1.0,1.0,0.9391025641025641,0.9988,0.9952,0.9984,0.9867947178871549
Legacy-20,332.0,0.9886862595682635,0.9716222099446565,1.0,8,0.9895916733386709,1.0,1.0,0.9395032051282052,0.9988,0.9952,0.9984,0.9879951980792316
Legacy-20,333.0,0.9888863997364974,0.9719212812367224,1.0,8,0.9899919935948759,1.0,1.0,0.9399038461538461,0.9988,0.9956,0.9984,0.9883953581432573
Legacy-20,334.0,0.989086600008914,0.972353622170204,1.0,8,0.9899919935948759,1.0,1.0,0.9407051282051282,0.9988,0.9956,0.9984,0.9891956782713085
Legacy-20,335.0,0.9892367201531256,0.9726174556090578,1.0,8,0.9899919935948759,1.0,1.0,0.9411057692307693,0.9988,0.9956,0.9984,0.9899959983993597
Legacy-20,336.0,0.9892367201531256,0.9726174556090578,1.0,8,0.9899919935948759,1.0,1.0,0.9411057692307693,0.9988,0.9956,0.9984,0.9899959983993597
Legacy-20,337.0,0.9893368002171768,0.9727122169134822,1.0,8,0.9907926341072858,1.0,1.0,0.9411057692307693,0.9988,0.9956,0.9984,0.9899959983993597
Legacy-20,338.0,0.9894369604735871,0.9730444957135925,1.0,8,0.9907926341072858,1.0,1.0,0.9419070512820513,0.9988,0.9956,0.9984,0.9899959983993597
Legacy-20,339.0,0.9895870405216192,0.9731866543528118,1.0,8,0.9911929543634908,1.0,1.0,0.9419070512820513,0.9988,0.9956,0.9984,0.990796318527411
Legacy-20,340.0,0.9896371206498242,0.9733530546778115,1.0,8,0.9911929543634908,1.0,1.0,0.9423076923076923,0.9988,0.9956,0.9984,0.990796318527411
Legacy-20,341.0,0.9896371206498242,0.9733530546778115,1.0,8,0.9911929543634908,1.0,1.0,0.9423076923076923,0.9988,0.9956,0.9984,0.990796318527411
Legacy-20,342.0,0.9900875011385197,0.9740982538989446,1.0,8,0.9923939151321057,1.0,1.0,0.9435096153846154,0.9992,0.996,0.9984,0.9911964785914366
Legacy-20,343.0,0.9901875411705453,0.9741770170517463,1.0,8,0.9927942353883107,1.0,1.0,0.9435096153846154,0.9992,0.9964,0.9984,0.9911964785914366
Legacy-20,344.0,0.9901875411705453,0.9741770170517463,1.0,8,0.9927942353883107,1.0,1.0,0.9435096153846154,0.9992,0.9964,0.9984,0.9911964785914366
Legacy-20,345.0,0.9902376212987505,0.9743437477287673,1.0,8,0.9927942353883107,1.0,1.0,0.9439102564102564,0.9992,0.9964,0.9984,0.9911964785914366
Legacy-20,346.0,0.9903377014269555,0.9745374573859422,1.0,8,0.9927942353883107,1.0,1.0,0.9443108974358975,0.9996,0.9964,0.9984,0.9911964785914366
Legacy-20,347.0,0.9904879017153915,0.9749142350042505,1.0,8,0.9931945556445156,1.0,1.0,0.9451121794871795,0.9996,0.9964,0.9984,0.9911964785914366
Legacy-20,348.0,0.9904879017153915,0.9749142350042505,1.0,8,0.9931945556445156,1.0,1.0,0.9451121794871795,0.9996,0.9964,0.9984,0.9911964785914366
Legacy-20,349.0,0.9907383023564171,0.9757472246555482,1.0,8,0.9931945556445156,1.0,1.0,0.9471153846153846,0.9996,0.9964,0.9984,0.9911964785914366
Legacy-20,350.0,0.9908383824846222,0.9759481974411419,1.0,8,0.9931945556445156,1.0,1.0,0.9475160256410257,0.9996,0.9968,0.9984,0.9911964785914366
Legacy-20,351.0,0.9909385427410324,0.976281140641386,1.0,8,0.9931945556445156,1.0,1.0,0.9483173076923077,0.9996,0.9968,0.9984,0.9911964785914366
Legacy-20,352.0,0.9910886629012632,0.9765247632511737,1.0,8,0.9935948759007206,1.0,1.0,0.9487179487179487,0.9996,0.9972,0.9984,0.9911964785914366
Legacy-20,353.0,0.9911887430294684,0.9767240094997726,1.0,8,0.9935948759007206,1.0,1.0,0.9491185897435898,0.9996,0.9976,0.9984,0.9911964785914366
Legacy-20,354.0,0.9914390634781349,0.9773085715807011,1.0,8,0.9943955164131305,1.0,1.0,0.9503205128205128,0.9996,0.9976,0.9984,0.9911964785914366
Legacy-20,355.0,0.9915392237345453,0.9776415486147352,1.0,8,0.9943955164131305,1.0,1.0,0.9511217948717948,0.9996,0.9976,0.9984,0.9911964785914366
Legacy-20,356.0,0.9916894039989587,0.9780251894198247,1.0,8,0.9943955164131305,1.0,1.0,0.9519230769230769,0.9996,0.9976,0.9984,0.9915966386554622
Legacy-20,357.0,0.9917394841271638,0.9781917079794803,1.0,8,0.9943955164131305,1.0,1.0,0.952323717948718,0.9996,0.9976,0.9984,0.9915966386554622
Legacy-20,358.0,0.9919398046399843,0.9788574229455588,1.0,8,0.9943955164131305,1.0,1.0,0.953926282051282,0.9996,0.9976,0.9984,0.9915966386554622
Legacy-20,359.0,0.9921400450245997,0.9793859743031338,1.0,8,0.9943955164131305,1.0,1.0,0.9551282051282052,0.9996,0.9976,0.9988,0.9915966386554622
Legacy-20,360.0,0.992190065032603,0.9794371486236655,1.0,8,0.9943955164131305,1.0,1.0,0.9551282051282052,0.9996,0.9976,0.9988,0.9919967987194878
Legacy-20,361.0,0.992240065032603,0.979469664444179,1.0,8,0.9943955164131305,1.0,1.0,0.9551282051282052,0.9996,0.998,0.9988,0.9919967987194878
Legacy-20,362.0,0.9923401851928337,0.979678849713634,1.0,8,0.9947958366693355,1.0,1.0,0.9555288461538461,0.9996,0.998,0.9988,0.9919967987194878
Legacy-20,363.0,0.9924903053530645,0.9799188305468838,1.0,8,0.9951961569255404,1.0,1.0,0.9559294871794872,0.9996,0.9984,0.9988,0.9919967987194878
Legacy-20,364.0,0.9926404656094747,0.980278421245702,1.0,8,0.9951961569255404,1.0,1.0,0.9567307692307693,1.0,0.9984,0.9988,0.9919967987194878
Legacy-20,365.0,0.9926404656094747,0.980278421245702,1.0,8,0.9951961569255404,1.0,1.0,0.9567307692307693,1.0,0.9984,0.9988,0.9919967987194878
Legacy-20,366.0,0.992740625865885,0.9806109739454335,1.0,8,0.9951961569255404,1.0,1.0,0.9575320512820513,1.0,0.9984,0.9988,0.9919967987194878
Legacy-20,367.0,0.9928908261543208,0.9809848884869093,1.0,8,0.9955964771817454,1.0,1.0,0.9583333333333334,1.0,0.9984,0.9988,0.9919967987194878
Legacy-20,368.0,0.992940846162324,0.9810373222410413,1.0,8,0.9955964771817454,1.0,1.0,0.9583333333333334,1.0,0.9984,0.9988,0.9923969587835134
Legacy-20,369.0,0.9930909062023529,0.9811593965628972,1.0,8,0.9959967974379503,1.0,1.0,0.9583333333333334,1.0,0.9984,0.9992,0.992797118847539
Legacy-20,370.0,0.9930909062023529,0.9811593965628972,1.0,8,0.9959967974379503,1.0,1.0,0.9583333333333334,1.0,0.9984,0.9992,0.992797118847539
Legacy-20,371.0,0.9931409462343784,0.9811991162368634,1.0,8,0.9963971176941553,1.0,1.0,0.9583333333333334,1.0,0.9984,0.9992,0.992797118847539
Legacy-20,372.0,0.9931909662423817,0.9812497010649274,1.0,8,0.9963971176941553,1.0,1.0,0.9583333333333334,1.0,0.9984,0.9992,0.9931972789115646
Legacy-20,373.0,0.9932909862503849,0.9813286102191185,1.0,8,0.9963971176941553,1.0,1.0,0.9583333333333334,1.0,0.9984,0.9996,0.9935974389755903
Legacy-20,374.0,0.9934912666670259,0.9818687903459284,1.0,8,0.9967974379503602,1.0,1.0,0.9595352564102564,1.0,0.9984,0.9996,0.9935974389755903
Legacy-20,375.0,0.9936414469314393,0.9822520897298723,1.0,8,0.9967974379503602,1.0,1.0,0.9603365384615384,1.0,0.9984,0.9996,0.9939975990396158
Legacy-20,376.0,0.993841707324058,0.9828018766750558,1.0,8,0.9967974379503602,1.0,1.0,0.9615384615384616,1.0,0.9984,0.9996,0.9943977591036415
Legacy-20,377.0,0.9938917273320611,0.9828492501136987,1.0,8,0.9967974379503602,1.0,1.0,0.9615384615384616,1.0,0.9984,0.9996,0.994797919167667
Legacy-20,378.0,0.9938917273320611,0.9828492501136987,1.0,8,0.9967974379503602,1.0,1.0,0.9615384615384616,1.0,0.9984,0.9996,0.994797919167667
Legacy-20,379.0,0.9939918474922919,0.9830555126185493,1.0,8,0.9971977582065652,1.0,1.0,0.9619391025641025,1.0,0.9984,0.9996,0.994797919167667
Legacy-20,380.0,0.994041927620497,0.9832228598840702,1.0,8,0.9971977582065652,1.0,1.0,0.9623397435897436,1.0,0.9984,0.9996,0.994797919167667
Legacy-20,381.0,0.9940920077487021,0.9833901813283201,1.0,8,0.9971977582065652,1.0,1.0,0.9627403846153846,1.0,0.9984,0.9996,0.994797919167667
Legacy-20,382.0,0.9943922681413206,0.9840017571545329,1.0,8,0.9971977582065652,1.0,1.0,0.9639423076923077,1.0,0.9988,1.0,0.9951980792316927
Legacy-20,383.0,0.9945925285339393,0.9845503912746352,1.0,8,0.9971977582065652,1.0,1.0,0.9651442307692307,1.0,0.9988,1.0,0.9955982392957183
Legacy-20,384.0,0.9946425485419425,0.9845957128873919,1.0,8,0.9971977582065652,1.0,1.0,0.9651442307692307,1.0,0.9988,1.0,0.9959983993597439
Legacy-20,385.0,0.9946425485419425,0.9845957128873919,1.0,8,0.9971977582065652,1.0,1.0,0.9651442307692307,1.0,0.9988,1.0,0.9959983993597439
Legacy-20,386.0,0.994842869054763,0.9852658025592775,1.0,8,0.9971977582065652,1.0,1.0,0.9667467948717948,1.0,0.9988,1.0,0.9959983993597439
Legacy-20,387.0,0.9949429892149938,0.985472826555633,1.0,8,0.9975980784627703,1.0,1.0,0.9671474358974359,1.0,0.9988,1.0,0.9959983993597439
Legacy-20,388.0,0.9951432496076124,0.9860205832547041,1.0,8,0.9975980784627703,1.0,1.0,0.9683493589743589,1.0,0.9988,1.0,0.9963985594237695
Legacy-20,389.0,0.9952434098640226,0.9863557524019064,1.0,8,0.9975980784627703,1.0,1.0,0.9691506410256411,1.0,0.9988,1.0,0.9963985594237695
Legacy-20,390.0,0.995393650248638,0.9868583122606704,1.0,8,0.9975980784627703,1.0,1.0,0.9703525641025641,1.0,0.9988,1.0,0.9963985594237695
Legacy-20,391.0,0.9954437303768431,0.987025776189463,1.0,8,0.9975980784627703,1.0,1.0,0.9707532051282052,1.0,0.9988,1.0,0.9963985594237695
Legacy-20,392.0,0.9954437303768431,0.987025776189463,1.0,8,0.9975980784627703,1.0,1.0,0.9707532051282052,1.0,0.9988,1.0,0.9963985594237695
Legacy-20,393.0,0.9955438906332534,0.987360612777753,1.0,8,0.9975980784627703,1.0,1.0,0.9715544871794872,1.0,0.9988,1.0,0.9963985594237695
Legacy-20,394.0,0.9955939707614585,0.9875279827818103,1.0,8,0.9975980784627703,1.0,1.0,0.9719551282051282,1.0,0.9988,1.0,0.9963985594237695
Legacy-20,395.0,0.9955939707614585,0.9875279827818103,1.0,8,0.9975980784627703,1.0,1.0,0.9719551282051282,1.0,0.9988,1.0,0.9963985594237695
Legacy-20,396.0,0.9957442111460739,0.9880298820137787,1.0,8,0.9975980784627703,1.0,1.0,0.9731570512820513,1.0,0.9988,1.0,0.9963985594237695
Legacy-20,397.0,0.9957442111460739,0.9880298820137787,1.0,8,0.9975980784627703,1.0,1.0,0.9731570512820513,1.0,0.9988,1.0,0.9963985594237695
Legacy-20,398.0,0.995944431442513,0.9884504227950923,1.0,8,0.9979983987189752,1.0,1.0,0.9739583333333334,1.0,0.9988,1.0,0.9967987194877951
Legacy-20,399.0,0.9960945515867244,0.9887054268523616,1.0,8,0.9979983987189752,1.0,1.0,0.9743589743589743,1.0,0.9988,1.0,0.9975990396158463
Legacy-20,400.0,0.9961946717469552,0.9889120957928892,1.0,8,0.9983987189751802,1.0,1.0,0.9747596153846154,1.0,0.9988,1.0,0.9975990396158463
Legacy-20,401.0,0.9962447518751604,0.9890799444261457,1.0,8,0.9983987189751802,1.0,1.0,0.9751602564102564,1.0,0.9988,1.0,0.9975990396158463
Legacy-20,402.0,0.9962447518751604,0.9890799444261457,1.0,8,0.9983987189751802,1.0,1.0,0.9751602564102564,1.0,0.9988,1.0,0.9975990396158463
Legacy-20,403.0,0.9962447518751604,0.9890799444261457,1.0,8,0.9983987189751802,1.0,1.0,0.9751602564102564,1.0,0.9988,1.0,0.9975990396158463
Legacy-20,404.0,0.9962447518751604,0.9890799444261457,1.0,8,0.9983987189751802,1.0,1.0,0.9751602564102564,1.0,0.9988,1.0,0.9975990396158463
Legacy-20,405.0,0.9962447518751604,0.9890799444261457,1.0,8,0.9983987189751802,1.0,1.0,0.9751602564102564,1.0,0.9988,1.0,0.9975990396158463
Legacy-20,406.0,0.9962447518751604,0.9890799444261457,1.0,8,0.9983987189751802,1.0,1.0,0.9751602564102564,1.0,0.9988,1.0,0.9975990396158463
Legacy-20,407.0,0.9962447518751604,0.9890799444261457,1.0,8,0.9983987189751802,1.0,1.0,0.9751602564102564,1.0,0.9988,1.0,0.9975990396158463
Legacy-20,408.0,0.9963949121315706,0.9894504256666875,1.0,8,0.9983987189751802,1.0,1.0,0.9759615384615384,1.0,0.9992,1.0,0.9975990396158463
Legacy-20,409.0,0.9963949121315706,0.9894504256666875,1.0,8,0.9983987189751802,1.0,1.0,0.9759615384615384,1.0,0.9992,1.0,0.9975990396158463
Legacy-20,410.0,0.9964449321395739,0.9894925125122875,1.0,8,0.9983987189751802,1.0,1.0,0.9759615384615384,1.0,0.9992,1.0,0.9979991996798719
Legacy-20,411.0,0.9964949321395739,0.9895256954156564,1.0,8,0.9983987189751802,1.0,1.0,0.9759615384615384,1.0,0.9996,1.0,0.9979991996798719
Legacy-20,412.0,0.9965950923959841,0.9898616129637382,1.0,8,0.9983987189751802,1.0,1.0,0.9767628205128205,1.0,0.9996,1.0,0.9979991996798719
Legacy-20,413.0,0.9965950923959841,0.9898616129637382,1.0,8,0.9983987189751802,1.0,1.0,0.9767628205128205,1.0,0.9996,1.0,0.9979991996798719
Legacy-20,414.0,0.9966451725241892,0.9900295416859791,1.0,8,0.9983987189751802,1.0,1.0,0.9771634615384616,1.0,0.9996,1.0,0.9979991996798719
Legacy-20,415.0,0.9966952526523943,0.990197448920185,1.0,8,0.9983987189751802,1.0,1.0,0.9775641025641025,1.0,0.9996,1.0,0.9979991996798719
Legacy-20,416.0,0.9967954129088046,0.9905331940730001,1.0,8,0.9983987189751802,1.0,1.0,0.9783653846153846,1.0,0.9996,1.0,0.9979991996798719
Legacy-20,417.0,0.9967954129088046,0.9905331940730001,1.0,8,0.9983987189751802,1.0,1.0,0.9783653846153846,1.0,0.9996,1.0,0.9979991996798719
Legacy-20,418.0,0.9967954129088046,0.9905331940730001,1.0,8,0.9983987189751802,1.0,1.0,0.9783653846153846,1.0,0.9996,1.0,0.9979991996798719
Legacy-20,419.0,0.9968454930370098,0.9907010293339794,1.0,8,0.9983987189751802,1.0,1.0,0.9787660256410257,1.0,0.9996,1.0,0.9979991996798719
Legacy-20,420.0,0.9968955731652148,0.9908688377736409,1.0,8,0.9983987189751802,1.0,1.0,0.9791666666666666,1.0,0.9996,1.0,0.9979991996798719
Legacy-20,421.0,0.99694565329342,0.9910366177888659,1.0,8,0.9983987189751802,1.0,1.0,0.9795673076923077,1.0,0.9996,1.0,0.9979991996798719
Legacy-20,422.0,0.9970456733014232,0.9911095982163725,1.0,8,0.9983987189751802,1.0,1.0,0.9795673076923077,1.0,1.0,1.0,0.9983993597438976
Legacy-20,423.0,0.9970456733014232,0.9911095982163725,1.0,8,0.9983987189751802,1.0,1.0,0.9795673076923077,1.0,1.0,1.0,0.9983993597438976
Legacy-20,424.0,0.9970456733014232,0.9911095982163725,1.0,8,0.9983987189751802,1.0,1.0,0.9795673076923077,1.0,1.0,1.0,0.9983993597438976
Legacy-20,425.0,0.9970957534296283,0.9912774891151153,1.0,8,0.9983987189751802,1.0,1.0,0.9799679487179487,1.0,1.0,1.0,0.9983993597438976
Legacy-20,426.0,0.9970957534296283,0.9912774891151153,1.0,8,0.9983987189751802,1.0,1.0,0.9799679487179487,1.0,1.0,1.0,0.9983993597438976
Legacy-20,427.0,0.9972459136218846,0.9915229887595292,1.0,8,0.9991993594875901,1.0,1.0,0.9803685897435898,1.0,1.0,1.0,0.9983993597438976
Legacy-20,428.0,0.9972459136218846,0.9915229887595292,1.0,8,0.9991993594875901,1.0,1.0,0.9803685897435898,1.0,1.0,1.0,0.9983993597438976
Legacy-20,429.0,0.9972959937500898,0.9916910688328443,1.0,8,0.9991993594875901,1.0,1.0,0.9807692307692307,1.0,1.0,1.0,0.9983993597438976
Legacy-20,430.0,0.9973961540065001,0.9920271709073402,1.0,8,0.9991993594875901,1.0,1.0,0.9815705128205128,1.0,1.0,1.0,0.9983993597438976
Legacy-20,431.0,0.9973961540065001,0.9920271709073402,1.0,8,0.9991993594875901,1.0,1.0,0.9815705128205128,1.0,1.0,1.0,0.9983993597438976
Legacy-20,432.0,0.9974462341347052,0.9921951902992022,1.0,8,0.9991993594875901,1.0,1.0,0.9819711538461539,1.0,1.0,1.0,0.9983993597438976
Legacy-20,433.0,0.9974462341347052,0.9921951902992022,1.0,8,0.9991993594875901,1.0,1.0,0.9819711538461539,1.0,1.0,1.0,0.9983993597438976
Legacy-20,434.0,0.9974462341347052,0.9921951902992022,1.0,8,0.9991993594875901,1.0,1.0,0.9819711538461539,1.0,1.0,1.0,0.9983993597438976
Legacy-20,435.0,0.9974963142629103,0.9923631866551527,1.0,8,0.9991993594875901,1.0,1.0,0.9823717948717948,1.0,1.0,1.0,0.9983993597438976
Legacy-20,436.0,0.9975463943911155,0.992531158350358,1.0,8,0.9991993594875901,1.0,1.0,0.9827724358974359,1.0,1.0,1.0,0.9983993597438976
Legacy-20,437.0,0.9976464945273238,0.9927411489818332,1.0,8,0.9991993594875901,1.0,1.0,0.9831730769230769,1.0,1.0,1.0,0.9987995198079231
Legacy-20,438.0,0.9976965746555289,0.9929092876444077,1.0,8,0.9991993594875901,1.0,1.0,0.983573717948718,1.0,1.0,1.0,0.9987995198079231
Legacy-20,439.0,0.9977466146875545,0.9929453340389808,1.0,8,0.999599679743795,1.0,1.0,0.983573717948718,1.0,1.0,1.0,0.9987995198079231
Legacy-20,440.0,0.9977966948157596,0.9931135282655114,1.0,8,0.999599679743795,1.0,1.0,0.9839743589743589,1.0,1.0,1.0,0.9987995198079231
Legacy-20,441.0,0.9978467749439648,0.9932817056301211,1.0,8,0.999599679743795,1.0,1.0,0.984375,1.0,1.0,1.0,0.9987995198079231
Legacy-20,442.0,0.9978467749439648,0.9932817056301211,1.0,8,0.999599679743795,1.0,1.0,0.984375,1.0,1.0,1.0,0.9987995198079231
Legacy-20,443.0,0.9978467749439648,0.9932817056301211,1.0,8,0.999599679743795,1.0,1.0,0.984375,1.0,1.0,1.0,0.9987995198079231
Legacy-20,444.0,0.9978467749439648,0.9932817056301211,1.0,8,0.999599679743795,1.0,1.0,0.984375,1.0,1.0,1.0,0.9987995198079231
Legacy-20,445.0,0.9978967949519679,0.9933218621725685,1.0,8,0.999599679743795,1.0,1.0,0.984375,1.0,1.0,1.0,0.9991996798719488
Legacy-20,446.0,0.9979468149599712,0.9933589886180986,1.0,8,0.999599679743795,1.0,1.0,0.984375,1.0,1.0,1.0,0.9995998399359743
Legacy-20,447.0,0.9979468149599712,0.9933589886180986,1.0,8,0.999599679743795,1.0,1.0,0.984375,1.0,1.0,1.0,0.9995998399359743
Legacy-20,448.0,0.9979468149599712,0.9933589886180986,1.0,8,0.999599679743795,1.0,1.0,0.984375,1.0,1.0,1.0,0.9995998399359743
Legacy-20,449.0,0.9979468149599712,0.9933589886180986,1.0,8,0.999599679743795,1.0,1.0,0.984375,1.0,1.0,1.0,0.9995998399359743
Legacy-20,450.0,0.9979468149599712,0.9933589886180986,1.0,8,0.999599679743795,1.0,1.0,0.984375,1.0,1.0,1.0,0.9995998399359743
Legacy-20,451.0,0.9979968950881764,0.9935274422191004,1.0,8,0.999599679743795,1.0,1.0,0.9847756410256411,1.0,1.0,1.0,0.9995998399359743
Legacy-20,452.0,0.9979968950881764,0.9935274422191004,1.0,8,0.999599679743795,1.0,1.0,0.9847756410256411,1.0,1.0,1.0,0.9995998399359743
Legacy-20,453.0,0.9979968950881764,0.9935274422191004,1.0,8,0.999599679743795,1.0,1.0,0.9847756410256411,1.0,1.0,1.0,0.9995998399359743
Legacy-20,454.0,0.9979968950881764,0.9935274422191004,1.0,8,0.999599679743795,1.0,1.0,0.9847756410256411,1.0,1.0,1.0,0.9995998399359743
Legacy-20,455.0,0.9979968950881764,0.9935274422191004,1.0,8,0.999599679743795,1.0,1.0,0.9847756410256411,1.0,1.0,1.0,0.9995998399359743
Legacy-20,456.0,0.9979968950881764,0.9935274422191004,1.0,8,0.999599679743795,1.0,1.0,0.9847756410256411,1.0,1.0,1.0,0.9995998399359743
Legacy-20,457.0,0.9979968950881764,0.9935274422191004,1.0,8,0.999599679743795,1.0,1.0,0.9847756410256411,1.0,1.0,1.0,0.9995998399359743
Legacy-20,458.0,0.9980469752163814,0.9936958922263155,1.0,8,0.999599679743795,1.0,1.0,0.985176282051282,1.0,1.0,1.0,0.9995998399359743
Legacy-20,459.0,0.9980969952243847,0.9937300688480913,1.0,8,0.999599679743795,1.0,1.0,0.985176282051282,1.0,1.0,1.0,1.0
Legacy-20,460.0,0.9981971554807949,0.9940670179991099,1.0,8,0.999599679743795,1.0,1.0,0.9859775641025641,1.0,1.0,1.0,1.0
Legacy-20,461.0,0.9981971554807949,0.9940670179991099,1.0,8,0.999599679743795,1.0,1.0,0.9859775641025641,1.0,1.0,1.0,1.0
Legacy-20,462.0,0.9981971554807949,0.9940670179991099,1.0,8,0.999599679743795,1.0,1.0,0.9859775641025641,1.0,1.0,1.0,1.0
Legacy-20,463.0,0.9981971554807949,0.9940670179991099,1.0,8,0.999599679743795,1.0,1.0,0.9859775641025641,1.0,1.0,1.0,1.0
Legacy-20,464.0,0.998247235609,0.9942354885847966,1.0,8,0.999599679743795,1.0,1.0,0.9863782051282052,1.0,1.0,1.0,1.0
Legacy-20,465.0,0.998247235609,0.9942354885847966,1.0,8,0.999599679743795,1.0,1.0,0.9863782051282052,1.0,1.0,1.0,1.0
Legacy-20,466.0,0.9983473958654103,0.9945724205252403,1.0,8,0.999599679743795,1.0,1.0,0.9871794871794872,1.0,1.0,1.0,1.0
Legacy-20,467.0,0.9983473958654103,0.9945724205252403,1.0,8,0.999599679743795,1.0,1.0,0.9871794871794872,1.0,1.0,1.0,1.0
Legacy-20,468.0,0.9983473958654103,0.9945724205252403,1.0,8,0.999599679743795,1.0,1.0,0.9871794871794872,1.0,1.0,1.0,1.0
Legacy-20,469.0,0.9984475561218206,0.9949093380987284,1.0,8,0.999599679743795,1.0,1.0,0.9879807692307693,1.0,1.0,1.0,1.0
Legacy-20,470.0,0.9984475561218206,0.9949093380987284,1.0,8,0.999599679743795,1.0,1.0,0.9879807692307693,1.0,1.0,1.0,1.0
Legacy-20,471.0,0.9984475561218206,0.9949093380987284,1.0,8,0.999599679743795,1.0,1.0,0.9879807692307693,1.0,1.0,1.0,1.0
Legacy-20,472.0,0.9984475561218206,0.9949093380987284,1.0,8,0.999599679743795,1.0,1.0,0.9879807692307693,1.0,1.0,1.0,1.0
Legacy-20,473.0,0.9984475561218206,0.9949093380987284,1.0,8,0.999599679743795,1.0,1.0,0.9879807692307693,1.0,1.0,1.0,1.0
Legacy-20,474.0,0.9984976362500256,0.995077790565391,1.0,8,0.999599679743795,1.0,1.0,0.9883814102564102,1.0,1.0,1.0,1.0
Legacy-20,475.0,0.9984976362500256,0.995077790565391,1.0,8,0.999599679743795,1.0,1.0,0.9883814102564102,1.0,1.0,1.0,1.0
Legacy-20,476.0,0.9984976362500256,0.995077790565391,1.0,8,0.999599679743795,1.0,1.0,0.9883814102564102,1.0,1.0,1.0,1.0
Legacy-20,477.0,0.9984976362500256,0.995077790565391,1.0,8,0.999599679743795,1.0,1.0,0.9883814102564102,1.0,1.0,1.0,1.0
Legacy-20,478.0,0.9984976362500256,0.995077790565391,1.0,8,0.999599679743795,1.0,1.0,0.9883814102564102,1.0,1.0,1.0,1.0
Legacy-20,479.0,0.9984976362500256,0.995077790565391,1.0,8,0.999599679743795,1.0,1.0,0.9883814102564102,1.0,1.0,1.0,1.0
Legacy-20,480.0,0.9985477163782308,0.9952462382143877,1.0,8,0.999599679743795,1.0,1.0,0.9887820512820513,1.0,1.0,1.0,1.0
Legacy-20,481.0,0.9985977965064359,0.9954146805082682,1.0,8,0.999599679743795,1.0,1.0,0.9891826923076923,1.0,1.0,1.0,1.0
Legacy-20,482.0,0.9985977965064359,0.9954146805082682,1.0,8,0.999599679743795,1.0,1.0,0.9891826923076923,1.0,1.0,1.0,1.0
Legacy-20,483.0,0.9985977965064359,0.9954146805082682,1.0,8,0.999599679743795,1.0,1.0,0.9891826923076923,1.0,1.0,1.0,1.0
Legacy-20,484.0,0.9986979567628462,0.9957515464492234,1.0,8,0.999599679743795,1.0,1.0,0.9899839743589743,1.0,1.0,1.0,1.0
Legacy-20,485.0,0.9986979567628462,0.9957515464492234,1.0,8,0.999599679743795,1.0,1.0,0.9899839743589743,1.0,1.0,1.0,1.0
Legacy-20,486.0,0.9986979567628462,0.9957515464492234,1.0,8,0.999599679743795,1.0,1.0,0.9899839743589743,1.0,1.0,1.0,1.0
Legacy-20,487.0,0.9987480368910513,0.9959199685355836,1.0,8,0.999599679743795,1.0,1.0,0.9903846153846154,1.0,1.0,1.0,1.0
Legacy-20,488.0,0.9987480368910513,0.9959199685355836,1.0,8,0.999599679743795,1.0,1.0,0.9903846153846154,1.0,1.0,1.0,1.0
Legacy-20,489.0,0.9988481971474615,0.9962567859696158,1.0,8,0.999599679743795,1.0,1.0,0.9911858974358975,1.0,1.0,1.0,1.0
Legacy-20,490.0,0.9988481971474615,0.9962567859696158,1.0,8,0.999599679743795,1.0,1.0,0.9911858974358975,1.0,1.0,1.0,1.0
Legacy-20,491.0,0.9989483173076923,0.9964610877403846,1.0,8,1.0,1.0,1.0,0.9915865384615384,1.0,1.0,1.0,1.0
Legacy-20,492.0,0.9989483173076923,0.9964610877403846,1.0,8,1.0,1.0,1.0,0.9915865384615384,1.0,1.0,1.0,1.0
Legacy-20,493.0,0.9989483173076923,0.9964610877403846,1.0,8,1.0,1.0,1.0,0.9915865384615384,1.0,1.0,1.0,1.0
Legacy-20,494.0,0.9989483173076923,0.9964610877403846,1.0,8,1.0,1.0,1.0,0.9915865384615384,1.0,1.0,1.0,1.0
Legacy-20,495.0,0.9989483173076923,0.9964610877403846,1.0,8,1.0,1.0,1.0,0.9915865384615384,1.0,1.0,1.0,1.0
Legacy-20,496.0,0.9989483173076923,0.9964610877403846,1.0,8,1.0,1.0,1.0,0.9915865384615384,1.0,1.0,1.0,1.0
Legacy-20,497.0,0.9989483173076923,0.9964610877403846,1.0,8,1.0,1.0,1.0,0.9915865384615384,1.0,1.0,1.0,1.0
Legacy-20,498.0,0.9989983974358975,0.996629607371795,1.0,8,1.0,1.0,1.0,0.9919871794871795,1.0,1.0,1.0,1.0
Legacy-20,499.0,0.9989983974358975,0.996629607371795,1.0,8,1.0,1.0,1.0,0.9919871794871795,1.0,1.0,1.0,1.0
Legacy-20,500.0,0.9989983974358975,0.996629607371795,1.0,8,1.0,1.0,1.0,0.9919871794871795,1.0,1.0,1.0,1.0
Legacy-20,501.0,0.9989983974358975,0.996629607371795,1.0,8,1.0,1.0,1.0,0.9919871794871795,1.0,1.0,1.0,1.0
Legacy-20,502.0,0.9989983974358975,0.996629607371795,1.0,8,1.0,1.0,1.0,0.9919871794871795,1.0,1.0,1.0,1.0
Legacy-20,503.0,0.9989983974358975,0.996629607371795,1.0,8,1.0,1.0,1.0,0.9919871794871795,1.0,1.0,1.0,1.0
Legacy-20,504.0,0.9989983974358975,0.996629607371795,1.0,8,1.0,1.0,1.0,0.9919871794871795,1.0,1.0,1.0,1.0
Legacy-20,505.0,0.9989983974358975,0.996629607371795,1.0,8,1.0,1.0,1.0,0.9919871794871795,1.0,1.0,1.0,1.0
Legacy-20,506.0,0.9989983974358975,0.996629607371795,1.0,8,1.0,1.0,1.0,0.9919871794871795,1.0,1.0,1.0,1.0
Legacy-20,507.0,0.9989983974358975,0.996629607371795,1.0,8,1.0,1.0,1.0,0.9919871794871795,1.0,1.0,1.0,1.0
Legacy-20,508.0,0.9989983974358975,0.996629607371795,1.0,8,1.0,1.0,1.0,0.9919871794871795,1.0,1.0,1.0,1.0
Legacy-20,509.0,0.9989983974358975,0.996629607371795,1.0,8,1.0,1.0,1.0,0.9919871794871795,1.0,1.0,1.0,1.0
Legacy-20,510.0,0.9989983974358975,0.996629607371795,1.0,8,1.0,1.0,1.0,0.9919871794871795,1.0,1.0,1.0,1.0
Legacy-20,511.0,0.9989983974358975,0.996629607371795,1.0,8,1.0,1.0,1.0,0.9919871794871795,1.0,1.0,1.0,1.0
Legacy-20,512.0,0.9989983974358975,0.996629607371795,1.0,8,1.0,1.0,1.0,0.9919871794871795,1.0,1.0,1.0,1.0
Legacy-20,513.0,0.9989983974358975,0.996629607371795,1.0,8,1.0,1.0,1.0,0.9919871794871795,1.0,1.0,1.0,1.0
Legacy-20,514.0,0.9989983974358975,0.996629607371795,1.0,8,1.0,1.0,1.0,0.9919871794871795,1.0,1.0,1.0,1.0
Legacy-20,515.0,0.9989983974358975,0.996629607371795,1.0,8,1.0,1.0,1.0,0.9919871794871795,1.0,1.0,1.0,1.0
Legacy-20,516.0,0.9989983974358975,0.996629607371795,1.0,8,1.0,1.0,1.0,0.9919871794871795,1.0,1.0,1.0,1.0
Legacy-20,517.0,0.9989983974358975,0.996629607371795,1.0,8,1.0,1.0,1.0,0.9919871794871795,1.0,1.0,1.0,1.0
Legacy-20,518.0,0.9989983974358975,0.996629607371795,1.0,8,1.0,1.0,1.0,0.9919871794871795,1.0,1.0,1.0,1.0
Legacy-20,519.0,0.9989983974358975,0.996629607371795,1.0,8,1.0,1.0,1.0,0.9919871794871795,1.0,1.0,1.0,1.0
Legacy-20,520.0,0.9990484775641025,0.9967981270032051,1.0,8,1.0,1.0,1.0,0.9923878205128205,1.0,1.0,1.0,1.0
Legacy-20,521.0,0.9990484775641025,0.9967981270032051,1.0,8,1.0,1.0,1.0,0.9923878205128205,1.0,1.0,1.0,1.0
Legacy-20,522.0,0.9990484775641025,0.9967981270032051,1.0,8,1.0,1.0,1.0,0.9923878205128205,1.0,1.0,1.0,1.0
Legacy-20,523.0,0.9990484775641025,0.9967981270032051,1.0,8,1.0,1.0,1.0,0.9923878205128205,1.0,1.0,1.0,1.0
Legacy-20,524.0,0.9990484775641025,0.9967981270032051,1.0,8,1.0,1.0,1.0,0.9923878205128205,1.0,1.0,1.0,1.0
Legacy-20,525.0,0.9990985576923077,0.9969666466346154,1.0,8,1.0,1.0,1.0,0.9927884615384616,1.0,1.0,1.0,1.0
Legacy-20,526.0,0.9990985576923077,0.9969666466346154,1.0,8,1.0,1.0,1.0,0.9927884615384616,1.0,1.0,1.0,1.0
Legacy-20,527.0,0.9990985576923077,0.9969666466346154,1.0,8,1.0,1.0,1.0,0.9927884615384616,1.0,1.0,1.0,1.0
Legacy-20,528.0,0.9990985576923077,0.9969666466346154,1.0,8,1.0,1.0,1.0,0.9927884615384616,1.0,1.0,1.0,1.0
Legacy-20,529.0,0.9990985576923077,0.9969666466346154,1.0,8,1.0,1.0,1.0,0.9927884615384616,1.0,1.0,1.0,1.0
Legacy-20,530.0,0.9991486378205128,0.9971351662660256,1.0,8,1.0,1.0,1.0,0.9931891025641025,1.0,1.0,1.0,1.0
Legacy-20,531.0,0.9991486378205128,0.9971351662660256,1.0,8,1.0,1.0,1.0,0.9931891025641025,1.0,1.0,1.0,1.0
Legacy-20,532.0,0.9991486378205128,0.9971351662660256,1.0,8,1.0,1.0,1.0,0.9931891025641025,1.0,1.0,1.0,1.0
Legacy-20,533.0,0.9991486378205128,0.9971351662660256,1.0,8,1.0,1.0,1.0,0.9931891025641025,1.0,1.0,1.0,1.0
Legacy-20,534.0,0.9991486378205128,0.9971351662660256,1.0,8,1.0,1.0,1.0,0.9931891025641025,1.0,1.0,1.0,1.0
Legacy-20,535.0,0.9991486378205128,0.9971351662660256,1.0,8,1.0,1.0,1.0,0.9931891025641025,1.0,1.0,1.0,1.0
Legacy-20,536.0,0.999198717948718,0.9973036858974359,1.0,8,1.0,1.0,1.0,0.9935897435897436,1.0,1.0,1.0,1.0
Legacy-20,537.0,0.999198717948718,0.9973036858974359,1.0,8,1.0,1.0,1.0,0.9935897435897436,1.0,1.0,1.0,1.0
Legacy-20,538.0,0.999198717948718,0.9973036858974359,1.0,8,1.0,1.0,1.0,0.9935897435897436,1.0,1.0,1.0,1.0
Legacy-20,539.0,0.9992487980769231,0.9974722055288462,1.0,8,1.0,1.0,1.0,0.9939903846153846,1.0,1.0,1.0,1.0
Legacy-20,540.0,0.9992487980769231,0.9974722055288462,1.0,8,1.0,1.0,1.0,0.9939903846153846,1.0,1.0,1.0,1.0
Legacy-20,541.0,0.9992988782051282,0.9976407251602564,1.0,8,1.0,1.0,1.0,0.9943910256410257,1.0,1.0,1.0,1.0
Legacy-20,542.0,0.9992988782051282,0.9976407251602564,1.0,8,1.0,1.0,1.0,0.9943910256410257,1.0,1.0,1.0,1.0
Legacy-20,543.0,0.9992988782051282,0.9976407251602564,1.0,8,1.0,1.0,1.0,0.9943910256410257,1.0,1.0,1.0,1.0
Legacy-20,544.0,0.9992988782051282,0.9976407251602564,1.0,8,1.0,1.0,1.0,0.9943910256410257,1.0,1.0,1.0,1.0
Legacy-20,545.0,0.9992988782051282,0.9976407251602564,1.0,8,1.0,1.0,1.0,0.9943910256410257,1.0,1.0,1.0,1.0
Legacy-20,546.0,0.9992988782051282,0.9976407251602564,1.0,8,1.0,1.0,1.0,0.9943910256410257,1.0,1.0,1.0,1.0
Legacy-20,547.0,0.9993489583333334,0.9978092447916667,1.0,8,1.0,1.0,1.0,0.9947916666666666,1.0,1.0,1.0,1.0
Legacy-20,548.0,0.9993489583333334,0.9978092447916667,1.0,8,1.0,1.0,1.0,0.9947916666666666,1.0,1.0,1.0,1.0
Legacy-20,549.0,0.9993489583333334,0.9978092447916667,1.0,8,1.0,1.0,1.0,0.9947916666666666,1.0,1.0,1.0,1.0
Legacy-20,550.0,0.9993489583333334,0.9978092447916667,1.0,8,1.0,1.0,1.0,0.9947916666666666,1.0,1.0,1.0,1.0
Legacy-20,551.0,0.9993489583333334,0.9978092447916667,1.0,8,1.0,1.0,1.0,0.9947916666666666,1.0,1.0,1.0,1.0
Legacy-20,552.0,0.9993990384615384,0.997977764423077,1.0,8,1.0,1.0,1.0,0.9951923076923077,1.0,1.0,1.0,1.0
Legacy-20,553.0,0.9993990384615384,0.997977764423077,1.0,8,1.0,1.0,1.0,0.9951923076923077,1.0,1.0,1.0,1.0
Legacy-20,554.0,0.9993990384615384,0.997977764423077,1.0,8,1.0,1.0,1.0,0.9951923076923077,1.0,1.0,1.0,1.0
Legacy-20,555.0,0.9994491185897436,0.9981462840544872,1.0,8,1.0,1.0,1.0,0.9955929487179487,1.0,1.0,1.0,1.0
Legacy-20,556.0,0.9994491185897436,0.9981462840544872,1.0,8,1.0,1.0,1.0,0.9955929487179487,1.0,1.0,1.0,1.0
Legacy-20,557.0,0.9994491185897436,0.9981462840544872,1.0,8,1.0,1.0,1.0,0.9955929487179487,1.0,1.0,1.0,1.0
Legacy-20,558.0,0.9994491185897436,0.9981462840544872,1.0,8,1.0,1.0,1.0,0.9955929487179487,1.0,1.0,1.0,1.0
Legacy-20,559.0,0.9994491185897436,0.9981462840544872,1.0,8,1.0,1.0,1.0,0.9955929487179487,1.0,1.0,1.0,1.0
Legacy-20,560.0,0.9994491185897436,0.9981462840544872,1.0,8,1.0,1.0,1.0,0.9955929487179487,1.0,1.0,1.0,1.0
Legacy-20,561.0,0.9994491185897436,0.9981462840544872,1.0,8,1.0,1.0,1.0,0.9955929487179487,1.0,1.0,1.0,1.0
Legacy-20,562.0,0.9994491185897436,0.9981462840544872,1.0,8,1.0,1.0,1.0,0.9955929487179487,1.0,1.0,1.0,1.0
Legacy-20,563.0,0.9994491185897436,0.9981462840544872,1.0,8,1.0,1.0,1.0,0.9955929487179487,1.0,1.0,1.0,1.0
Legacy-20,564.0,0.9994491185897436,0.9981462840544872,1.0,8,1.0,1.0,1.0,0.9955929487179487,1.0,1.0,1.0,1.0
Legacy-20,565.0,0.9995492788461539,0.9984833233173077,1.0,8,1.0,1.0,1.0,0.9963942307692307,1.0,1.0,1.0,1.0
Legacy-20,566.0,0.9995492788461539,0.9984833233173077,1.0,8,1.0,1.0,1.0,0.9963942307692307,1.0,1.0,1.0,1.0
Legacy-20,567.0,0.999599358974359,0.998651842948718,1.0,8,1.0,1.0,1.0,0.9967948717948718,1.0,1.0,1.0,1.0
Legacy-20,568.0,0.999599358974359,0.998651842948718,1.0,8,1.0,1.0,1.0,0.9967948717948718,1.0,1.0,1.0,1.0
Legacy-20,569.0,0.999599358974359,0.998651842948718,1.0,8,1.0,1.0,1.0,0.9967948717948718,1.0,1.0,1.0,1.0
Legacy-20,570.0,0.9996494391025641,0.9988203625801282,1.0,8,1.0,1.0,1.0,0.9971955128205128,1.0,1.0,1.0,1.0
Legacy-20,571.0,0.9996494391025641,0.9988203625801282,1.0,8,1.0,1.0,1.0,0.9971955128205128,1.0,1.0,1.0,1.0
Legacy-20,572.0,0.9996494391025641,0.9988203625801282,1.0,8,1.0,1.0,1.0,0.9971955128205128,1.0,1.0,1.0,1.0
Legacy-20,573.0,0.9996995192307693,0.9989888822115385,1.0,8,1.0,1.0,1.0,0.9975961538461539,1.0,1.0,1.0,1.0
Legacy-20,574.0,0.9997495993589743,0.9991574018429487,1.0,8,1.0,1.0,1.0,0.9979967948717948,1.0,1.0,1.0,1.0
Legacy-20,575.0,0.9997495993589743,0.9991574018429487,1.0,8,1.0,1.0,1.0,0.9979967948717948,1.0,1.0,1.0,1.0
Legacy-20,576.0,0.9997495993589743,0.9991574018429487,1.0,8,1.0,1.0,1.0,0.9979967948717948,1.0,1.0,1.0,1.0
Legacy-20,577.0,0.9997495993589743,0.9991574018429487,1.0,8,1.0,1.0,1.0,0.9979967948717948,1.0,1.0,1.0,1.0
Legacy-20,578.0,0.9997495993589743,0.9991574018429487,1.0,8,1.0,1.0,1.0,0.9979967948717948,1.0,1.0,1.0,1.0
Legacy-20,579.0,0.9997495993589743,0.9991574018429487,1.0,8,1.0,1.0,1.0,0.9979967948717948,1.0,1.0,1.0,1.0
Legacy-20,580.0,0.9997495993589743,0.9991574018429487,1.0,8,1.0,1.0,1.0,0.9979967948717948,1.0,1.0,1.0,1.0
Legacy-20,581.0,0.9997495993589743,0.9991574018429487,1.0,8,1.0,1.0,1.0,0.9979967948717948,1.0,1.0,1.0,1.0
Legacy-20,582.0,0.9997495993589743,0.9991574018429487,1.0,8,1.0,1.0,1.0,0.9979967948717948,1.0,1.0,1.0,1.0
Legacy-20,583.0,0.9997495993589743,0.9991574018429487,1.0,8,1.0,1.0,1.0,0.9979967948717948,1.0,1.0,1.0,1.0
Legacy-20,584.0,0.9997495993589743,0.9991574018429487,1.0,8,1.0,1.0,1.0,0.9979967948717948,1.0,1.0,1.0,1.0
Legacy-20,585.0,0.9997495993589743,0.9991574018429487,1.0,8,1.0,1.0,1.0,0.9979967948717948,1.0,1.0,1.0,1.0
Legacy-20,586.0,0.9997996794871795,0.9993259214743591,1.0,8,1.0,1.0,1.0,0.9983974358974359,1.0,1.0,1.0,1.0
Legacy-20,587.0,0.9997996794871795,0.9993259214743591,1.0,8,1.0,1.0,1.0,0.9983974358974359,1.0,1.0,1.0,1.0
Legacy-20,588.0,0.9997996794871795,0.9993259214743591,1.0,8,1.0,1.0,1.0,0.9983974358974359,1.0,1.0,1.0,1.0
Legacy-20,589.0,0.9997996794871795,0.9993259214743591,1.0,8,1.0,1.0,1.0,0.9983974358974359,1.0,1.0,1.0,1.0
Legacy-20,590.0,0.9997996794871795,0.9993259214743591,1.0,8,1.0,1.0,1.0,0.9983974358974359,1.0,1.0,1.0,1.0
Legacy-20,591.0,0.9997996794871795,0.9993259214743591,1.0,8,1.0,1.0,1.0,0.9983974358974359,1.0,1.0,1.0,1.0
Legacy-20,592.0,0.9997996794871795,0.9993259214743591,1.0,8,1.0,1.0,1.0,0.9983974358974359,1.0,1.0,1.0,1.0
Legacy-20,593.0,0.9997996794871795,0.9993259214743591,1.0,8,1.0,1.0,1.0,0.9983974358974359,1.0,1.0,1.0,1.0
Legacy-20,594.0,0.9997996794871795,0.9993259214743591,1.0,8,1.0,1.0,1.0,0.9983974358974359,1.0,1.0,1.0,1.0
Legacy-20,595.0,0.9997996794871795,0.9993259214743591,1.0,8,1.0,1.0,1.0,0.9983974358974359,1.0,1.0,1.0,1.0
Legacy-20,596.0,0.9997996794871795,0.9993259214743591,1.0,8,1.0,1.0,1.0,0.9983974358974359,1.0,1.0,1.0,1.0
Legacy-20,597.0,0.9997996794871795,0.9993259214743591,1.0,8,1.0,1.0,1.0,0.9983974358974359,1.0,1.0,1.0,1.0
Legacy-20,598.0,0.9997996794871795,0.9993259214743591,1.0,8,1.0,1.0,1.0,0.9983974358974359,1.0,1.0,1.0,1.0
Legacy-20,599.0,0.9997996794871795,0.9993259214743591,1.0,8,1.0,1.0,1.0,0.9983974358974359,1.0,1.0,1.0,1.0
Legacy-20,600.0,0.9997996794871795,0.9993259214743591,1.0,8,1.0,1.0,1.0,0.9983974358974359,1.0,1.0,1.0,1.0
Legacy-20,601.0,0.9997996794871795,0.9993259214743591,1.0,8,1.0,1.0,1.0,0.9983974358974359,1.0,1.0,1.0,1.0
Legacy-20,602.0,0.9997996794871795,0.9993259214743591,1.0,8,1.0,1.0,1.0,0.9983974358974359,1.0,1.0,1.0,1.0
Legacy-20,603.0,0.9997996794871795,0.9993259214743591,1.0,8,1.0,1.0,1.0,0.9983974358974359,1.0,1.0,1.0,1.0
Legacy-20,604.0,0.9997996794871795,0.9993259214743591,1.0,8,1.0,1.0,1.0,0.9983974358974359,1.0,1.0,1.0,1.0
Legacy-20,605.0,0.9997996794871795,0.9993259214743591,1.0,8,1.0,1.0,1.0,0.9983974358974359,1.0,1.0,1.0,1.0
Legacy-20,606.0,0.9998497596153846,0.9994944411057691,1.0,8,1.0,1.0,1.0,0.9987980769230769,1.0,1.0,1.0,1.0
Legacy-20,607.0,0.9998497596153846,0.9994944411057691,1.0,8,1.0,1.0,1.0,0.9987980769230769,1.0,1.0,1.0,1.0
Legacy-20,608.0,0.9998497596153846,0.9994944411057691,1.0,8,1.0,1.0,1.0,0.9987980769230769,1.0,1.0,1.0,1.0
Legacy-20,609.0,0.9998497596153846,0.9994944411057691,1.0,8,1.0,1.0,1.0,0.9987980769230769,1.0,1.0,1.0,1.0
Legacy-20,610.0,0.9998497596153846,0.9994944411057691,1.0,8,1.0,1.0,1.0,0.9987980769230769,1.0,1.0,1.0,1.0
Legacy-20,611.0,0.9998497596153846,0.9994944411057691,1.0,8,1.0,1.0,1.0,0.9987980769230769,1.0,1.0,1.0,1.0
Legacy-20,612.0,0.9998497596153846,0.9994944411057691,1.0,8,1.0,1.0,1.0,0.9987980769230769,1.0,1.0,1.0,1.0
Legacy-20,613.0,0.9998497596153846,0.9994944411057691,1.0,8,1.0,1.0,1.0,0.9987980769230769,1.0,1.0,1.0,1.0
Legacy-20,614.0,0.9998497596153846,0.9994944411057691,1.0,8,1.0,1.0,1.0,0.9987980769230769,1.0,1.0,1.0,1.0
Legacy-20,615.0,0.9998497596153846,0.9994944411057691,1.0,8,1.0,1.0,1.0,0.9987980769230769,1.0,1.0,1.0,1.0
Legacy-20,616.0,0.9998497596153846,0.9994944411057691,1.0,8,1.0,1.0,1.0,0.9987980769230769,1.0,1.0,1.0,1.0
Legacy-20,617.0,0.9998497596153846,0.9994944411057691,1.0,8,1.0,1.0,1.0,0.9987980769230769,1.0,1.0,1.0,1.0
Legacy-20,618.0,0.9998497596153846,0.9994944411057691,1.0,8,1.0,1.0,1.0,0.9987980769230769,1.0,1.0,1.0,1.0
Legacy-20,619.0,0.9998497596153846,0.9994944411057691,1.0,8,1.0,1.0,1.0,0.9987980769230769,1.0,1.0,1.0,1.0
Legacy-20,620.0,0.9998497596153846,0.9994944411057691,1.0,8,1.0,1.0,1.0,0.9987980769230769,1.0,1.0,1.0,1.0
Legacy-20,621.0,0.9998497596153846,0.9994944411057691,1.0,8,1.0,1.0,1.0,0.9987980769230769,1.0,1.0,1.0,1.0
Legacy-20,622.0,0.9998497596153846,0.9994944411057691,1.0,8,1.0,1.0,1.0,0.9987980769230769,1.0,1.0,1.0,1.0
Legacy-20,623.0,0.9998497596153846,0.9994944411057691,1.0,8,1.0,1.0,1.0,0.9987980769230769,1.0,1.0,1.0,1.0
Legacy-20,624.0,0.9998497596153846,0.9994944411057691,1.0,8,1.0,1.0,1.0,0.9987980769230769,1.0,1.0,1.0,1.0
Legacy-20,625.0,0.9998998397435898,0.9996629607371795,1.0,8,1.0,1.0,1.0,0.999198717948718,1.0,1.0,1.0,1.0
Legacy-20,626.0,0.9998998397435898,0.9996629607371795,1.0,8,1.0,1.0,1.0,0.999198717948718,1.0,1.0,1.0,1.0
Legacy-20,627.0,0.9998998397435898,0.9996629607371795,1.0,8,1.0,1.0,1.0,0.999198717948718,1.0,1.0,1.0,1.0
Legacy-20,628.0,0.9998998397435898,0.9996629607371795,1.0,8,1.0,1.0,1.0,0.999198717948718,1.0,1.0,1.0,1.0
Legacy-20,629.0,0.9998998397435898,0.9996629607371795,1.0,8,1.0,1.0,1.0,0.999198717948718,1.0,1.0,1.0,1.0
Legacy-20,630.0,0.9998998397435898,0.9996629607371795,1.0,8,1.0,1.0,1.0,0.999198717948718,1.0,1.0,1.0,1.0
Legacy-20,631.0,0.9998998397435898,0.9996629607371795,1.0,8,1.0,1.0,1.0,0.999198717948718,1.0,1.0,1.0,1.0
Legacy-20,632.0,0.9998998397435898,0.9996629607371795,1.0,8,1.0,1.0,1.0,0.999198717948718,1.0,1.0,1.0,1.0
Legacy-20,633.0,0.9998998397435898,0.9996629607371795,1.0,8,1.0,1.0,1.0,0.999198717948718,1.0,1.0,1.0,1.0
Legacy-20,634.0,0.9998998397435898,0.9996629607371795,1.0,8,1.0,1.0,1.0,0.999198717948718,1.0,1.0,1.0,1.0
Legacy-20,635.0,0.9998998397435898,0.9996629607371795,1.0,8,1.0,1.0,1.0,0.999198717948718,1.0,1.0,1.0,1.0
Legacy-20,636.0,0.9998998397435898,0.9996629607371795,1.0,8,1.0,1.0,1.0,0.999198717948718,1.0,1.0,1.0,1.0
Legacy-20,637.0,1.0,1.0,1.0,8,1.0,1.0,1.0,1.0,1.0,1.0,1.0,1.0
Legacy-15,0.0,0.0,0.0,0.0,8,0.0,0.0,0.0,0.0,0.0,0.0,0.0,0.0
Legacy-15,1.0,0.07937323358853118,0.06277116822448625,0.09597529895257612,8,0.0552663195835002,0.1168467386954782,0.08333333333333333,0.06610576923076923,0.0788,0.07303370786516854,0.0972,0.0644
Legacy-15,2.0,0.07957341411017804,0.06285436858555546,0.09629245963480063,8,0.0552663195835002,0.1172468987595038,0.08333333333333333,0.06610576923076923,0.0792,0.07343499197431781,0.0976,0.0644
Legacy-15,3.0,0.2740091513627315,0.22494907437933914,0.3230692283461239,8,0.21025230276331597,0.39175670268107243,0.281650641025641,0.21834935897435898,0.2924,0.2700642054574639,0.2988,0.2288
Legacy-15,4.0,0.2745598128146117,0.22537687182132146,0.32374275380790196,8,0.21105326391670004,0.39295718287314924,0.281650641025641,0.21915064102564102,0.2928,0.27086677367576245,0.2992,0.2288
Legacy-15,5.0,0.5183493190834619,0.46383574915476505,0.5728628890121588,8,0.4549459351221466,0.6534613845538215,0.5248397435897436,0.4463141025641026,0.5264,0.5104333868378812,0.5476,0.4828
Legacy-15,6.0,0.5188999402621023,0.46446506845157093,0.5733348120726337,8,0.4557468962755306,0.6538615446178472,0.5256410256410257,0.44711538461538464,0.5264,0.5108346709470305,0.5484,0.4832
Legacy-15,7.0,0.7244052967540033,0.6789307275320439,0.7698798659759628,8,0.6756107328794554,0.8311324529811924,0.7283653846153846,0.6502403846153846,0.738,0.71669341894061,0.7516,0.7036
Legacy-15,8.0,0.7251559382459958,0.679710920427848,0.7706009560641436,8,0.6760112134561473,0.8315326130452181,0.7287660256410257,0.6510416666666666,0.7396,0.7174959871589085,0.7524,0.7044
Legacy-15,9.0,0.7258066996249278,0.6804371132673582,0.7711762859824974,8,0.6772126551862234,0.8319327731092437,0.7303685897435898,0.6514423076923077,0.74,0.7178972712680578,0.7528,0.7048
Legacy-15,10.0,0.7263573408596868,0.6811145353526488,0.7716001463667249,8,0.6776131357629155,0.8323329331732693,0.7311698717948718,0.6526442307692307,0.7404,0.7182985553772071,0.7532,0.7052
Legacy-15,11.0,0.7268078418941541,0.6815127290610595,0.7721029547272488,8,0.6776131357629155,0.8327330932372949,0.7323717948717948,0.6530448717948718,0.7408,0.7186998394863563,0.7536,0.7056
Legacy-15,12.0,0.7274085233539604,0.6823431513860274,0.7724738953218935,8,0.6800160192230676,0.8327330932372949,0.7323717948717948,0.6530448717948718,0.7412,0.7195024077046549,0.7544,0.706
Legacy-15,13.0,0.7276086836103708,0.6825684321448944,0.7726489350758472,8,0.6800160192230676,0.8327330932372949,0.7327724358974359,0.6534455128205128,0.7416,0.7195024077046549,0.7548,0.706
Legacy-15,14.0,0.7280593852225651,0.6831929457399921,0.772925824705138,8,0.6804164997997597,0.8327330932372949,0.733573717948718,0.6542467948717948,0.7416,0.7203049759229535,0.7552,0.7064
Legacy-15,15.0,0.7283098667634961,0.6834383274944555,0.7731814060325366,8,0.6804164997997597,0.8327330932372949,0.733573717948718,0.6542467948717948,0.7424,0.7215088282504013,0.7552,0.7064
Legacy-15,16.0,0.7286102676617552,0.6838351967951916,0.7733853385283188,8,0.6804164997997597,0.8327330932372949,0.7339743589743589,0.6550480769230769,0.7428,0.7219101123595506,0.7556,0.7064
Legacy-15,17.0,0.728810588431809,0.6840894773367986,0.7735316995268194,8,0.6804164997997597,0.8327330932372949,0.734375,0.655448717948718,0.7432,0.7223113964686998,0.7556,0.7064
Legacy-15,18.0,0.7303119106120232,0.6850407250185484,0.7755830962054979,8,0.6808169803764518,0.8355342136854742,0.7379807692307693,0.6566506410256411,0.7444,0.7227126805778491,0.7572,0.7072
Legacy-15,19.0,0.7317632738852927,0.6857030419440372,0.7778235058265482,8,0.6808169803764518,0.8387354941976791,0.7395833333333334,0.657051282051282,0.7464,0.7247191011235955,0.7588,0.708
Legacy-15,20.0,0.7340151581047635,0.6870424656743145,0.7809878505352125,8,0.6824189026832199,0.8427370948379351,0.7419871794871795,0.657051282051282,0.7508,0.7271268057784912,0.7604,0.7096
Legacy-15,21.0,0.7363174025476737,0.6883713739209394,0.7842634311744081,8,0.685222266720064,0.8471388555422169,0.7459935897435898,0.657051282051282,0.7524,0.7291332263242376,0.7636,0.71
Legacy-15,22.0,0.7401221335373542,0.6906717884535756,0.7895724786211329,8,0.6864237084501401,0.8531412565026011,0.7544070512820513,0.6578525641025641,0.7548,0.7351524879614767,0.768,0.7112
Legacy-15,23.0,0.7439266441022684,0.6928177818899132,0.7950355063146236,8,0.6888265919102924,0.8591436574629852,0.7616185897435898,0.6578525641025641,0.7576,0.7411717495987159,0.7736,0.7116
Legacy-15,24.0,0.747179991779294,0.6943799867296686,0.7999799968289193,8,0.6908289947937525,0.865546218487395,0.766426282051282,0.6578525641025641,0.76,0.7455858747993579,0.7788,0.7124
Legacy-15,25.0,0.7511852046799488,0.6971054027312112,0.8052650066286863,8,0.6948338005606728,0.8711484593837535,0.7716346153846154,0.6582532051282052,0.7628,0.7536115569823435,0.784,0.7132
Legacy-15,26.0,0.7553887519705779,0.6992844428384111,0.8114930611027447,8,0.6980376451742091,0.8795518207282913,0.7776442307692307,0.6582532051282052,0.7676,0.757223113964687,0.7892,0.7156
Legacy-15,27.0,0.7602937021803239,0.7017832102556377,0.81880419410501,8,0.7008410092110533,0.8899559823929571,0.7868589743589743,0.6594551282051282,0.7724,0.7620385232744783,0.7932,0.7176
Legacy-15,28.0,0.7636970090214503,0.7040345319871795,0.8233594860557212,8,0.7048458149779736,0.8943577430972389,0.7924679487179487,0.6598557692307693,0.7756,0.7652487961476726,0.7992,0.718
Legacy-15,29.0,0.7676501950764011,0.7056851672101898,0.8296152229426124,8,0.7080496595915098,0.9051620648259304,0.797676282051282,0.6598557692307693,0.7768,0.7680577849117175,0.8036,0.722
Legacy-15,30.0,0.7703522195442789,0.7075156268182796,0.8331888122702782,8,0.7096515818982779,0.9087635054021609,0.8000801282051282,0.6606570512820513,0.7808,0.7704654895666132,0.8088,0.7236
Legacy-15,31.0,0.7730544041242208,0.7092247797327805,0.836884028515661,8,0.7124549459351222,0.9135654261704682,0.8024839743589743,0.6610576923076923,0.7832,0.7728731942215088,0.8132,0.7256
Legacy-15,32.0,0.7758559869228662,0.7108585211410233,0.840853452704709,8,0.7144573488185822,0.9199679871948779,0.8040865384615384,0.6618589743589743,0.7864,0.7740770465489567,0.8168,0.7292
Legacy-15,33.0,0.7782572284771032,0.7120025814235578,0.8445118755306487,8,0.7160592711253504,0.9255702280912365,0.8068910256410257,0.6626602564102564,0.7904,0.7740770465489567,0.82,0.7304
Legacy-15,34.0,0.7809091121340688,0.7134372871263704,0.8483809371417671,8,0.7164597517020425,0.9315726290516206,0.8096955128205128,0.6642628205128205,0.7936,0.7756821829855538,0.8232,0.7328
Legacy-15,35.0,0.7829609366829942,0.7146977291857788,0.8512241441802095,8,0.7172607128554265,0.9335734293717487,0.8120993589743589,0.6642628205128205,0.7968,0.7784911717495987,0.828,0.7332
Legacy-15,36.0,0.7852620385994447,0.7161001289046067,0.8544239482942826,8,0.7196635963155787,0.9371748699479792,0.813301282051282,0.6642628205128205,0.7996,0.7792937399678973,0.8336,0.7352
Legacy-15,37.0,0.7880143231545538,0.7182801794609386,0.857748466848169,8,0.7224669603524229,0.9407763105242097,0.8165064102564102,0.6654647435897436,0.8028,0.7813001605136437,0.8372,0.7376
Legacy-15,38.0,0.7903665679990437,0.7202509605195664,0.860482175478521,8,0.724068882659191,0.9439775910364145,0.8197115384615384,0.6666666666666666,0.8052,0.7837078651685393,0.8388,0.7408
Legacy-15,39.0,0.7927683918891175,0.7222000908723868,0.8633366929058482,8,0.7268722466960352,0.9463785514205683,0.8217147435897436,0.6670673076923077,0.808,0.7857142857142857,0.8432,0.7432
Legacy-15,40.0,0.7949705964602907,0.7246864608636769,0.8652547320569044,8,0.7300760913095715,0.9471788715486195,0.8253205128205128,0.6678685897435898,0.81,0.7877207062600321,0.8444,0.7472
Legacy-15,41.0,0.7969227615299628,0.7266266049023125,0.8672189181576131,8,0.7324789747697237,0.9479791916766707,0.828125,0.6682692307692307,0.8128,0.790529695024077,0.846,0.7492
Legacy-15,42.0,0.7997255875852022,0.7288228171770958,0.8706283579933085,8,0.7344813776531838,0.9503801520608244,0.8337339743589743,0.6690705128205128,0.8148,0.793338683788122,0.8504,0.7516
Legacy-15,43.0,0.8016771506644214,0.730871133535372,0.8724831677934707,8,0.736483780536644,0.9515806322529011,0.8365384615384616,0.6698717948717948,0.8164,0.7945425361155698,0.852,0.756
Legacy-15,44.0,0.8033286940891017,0.7323187726789502,0.8743386154992532,8,0.7376852222667201,0.9515806322529011,0.8401442307692307,0.6698717948717948,0.8188,0.7961476725521669,0.8548,0.7576
Legacy-15,45.0,0.8053807587654092,0.7339225654037279,0.8768389521270904,8,0.7384861834201041,0.9535814325730292,0.8433493589743589,0.671073717948718,0.8216,0.7985553772070626,0.8576,0.7588
Legacy-15,46.0,0.8074320614039714,0.7354414638486446,0.8794226589592982,8,0.7392871445734882,0.9563825530212084,0.8453525641025641,0.671875,0.824,0.7997592295345104,0.8608,0.762
Legacy-15,47.0,0.8094836650618563,0.7367546187889473,0.8822127113347653,8,0.7392871445734882,0.9595838335334134,0.8477564102564102,0.672676282051282,0.8268,0.8017656500802568,0.8636,0.7644
Legacy-15,48.0,0.8108846472357135,0.7377677961215274,0.8840014983498996,8,0.7396876251501802,0.961984793917567,0.8489583333333334,0.6730769230769231,0.8284,0.8029695024077047,0.8648,0.7672
Legacy-15,49.0,0.8125356689591487,0.7391729965882768,0.8858983413300207,8,0.7412895474569483,0.9631852741096438,0.8513621794871795,0.6734775641025641,0.8316,0.8033707865168539,0.8668,0.7692
Legacy-15,50.0,0.814136871557695,0.7405791691727764,0.8876945739426135,8,0.7420905086103324,0.963985594237695,0.8533653846153846,0.6742788461538461,0.8348,0.8045746388443018,0.8692,0.7708
Legacy-15,51.0,0.816138474958308,0.7423398354821452,0.8899371144344709,8,0.7428914697637164,0.9663865546218487,0.8553685897435898,0.6758814102564102,0.8368,0.8061797752808989,0.8716,0.774
Legacy-15,52.0,0.8175393160638655,0.7437092195148467,0.8913694126128844,8,0.7452943532238686,0.9679871948779512,0.8569711538461539,0.6762820512820513,0.8376,0.8061797752808989,0.8728,0.7772
Legacy-15,53.0,0.8187905186624118,0.7450711347425649,0.8925099025822587,8,0.7460953143772527,0.9687875150060024,0.8581730769230769,0.6778846153846154,0.8388,0.8073836276083467,0.8744,0.7788
Legacy-15,54.0,0.8200412600814946,0.7464987888996828,0.8935837312633064,8,0.7460953143772527,0.969187675070028,0.859375,0.6794871794871795,0.8416,0.807784911717496,0.8752,0.7816
Legacy-15,55.0,0.8210923019091252,0.748233603173208,0.8939510006450424,8,0.7476972366840208,0.969187675070028,0.8597756410256411,0.6822916666666666,0.8436,0.8081861958266453,0.8752,0.7828
Legacy-15,56.0,0.8225932439059349,0.7502024430040511,0.8949840448078187,8,0.7480977172607128,0.969187675070028,0.8605769230769231,0.6842948717948718,0.8452,0.8089887640449438,0.8768,0.7876
Legacy-15,57.0,0.824144025389101,0.7522788655185961,0.8960091852596059,8,0.7484981978374049,0.969187675070028,0.8609775641025641,0.686698717948718,0.8468,0.8093900481540931,0.8788,0.7928
Legacy-15,58.0,0.8259461903940399,0.7547167960745005,0.8971755847135794,8,0.7484981978374049,0.969187675070028,0.8633814102564102,0.6903044871794872,0.848,0.8117977528089888,0.88,0.7964
Legacy-15,59.0,0.8274472322698245,0.7562597136645476,0.8986347508751015,8,0.748898678414097,0.9695878351340537,0.8653846153846154,0.6923076923076923,0.8488,0.812199036918138,0.8836,0.7988
Legacy-15,60.0,0.8288482342906054,0.7576929403982884,0.9000035281829224,8,0.750100120144173,0.9699879951980792,0.8669871794871795,0.6931089743589743,0.8512,0.8130016051364366,0.8852,0.8012
Legacy-15,61.0,0.8299988554692457,0.7588158359669182,0.9011818749715732,8,0.7509010812975571,0.9703881552621049,0.8673878205128205,0.6943108974358975,0.852,0.8134028892455859,0.8888,0.8028
Legacy-15,62.0,0.8313000981799907,0.7600616088307606,0.9025385875292209,8,0.7517020424509411,0.9703881552621049,0.8697916666666666,0.6951121794871795,0.8528,0.8146067415730337,0.8916,0.8044
Legacy-15,63.0,0.8326010603938832,0.7615803761361731,0.9036217446515932,8,0.7533039647577092,0.9703881552621049,0.8701923076923077,0.6959134615384616,0.8552,0.8158105939004815,0.8932,0.8068
Legacy-15,64.0,0.8336019425758397,0.762376497414574,0.9048273877371055,8,0.7533039647577092,0.9703881552621049,0.8721955128205128,0.6959134615384616,0.856,0.8170144462279294,0.8952,0.8088
Legacy-15,65.0,0.8349029248458507,0.7638928322436207,0.9059130174480807,8,0.7545054064877853,0.9703881552621049,0.8729967948717948,0.6967147435897436,0.858,0.8182182985553772,0.8964,0.812
Legacy-15,66.0,0.8358539266093981,0.7650240642821986,0.9066837889365975,8,0.7557068482178614,0.9707883153261304,0.8745993589743589,0.6983173076923077,0.858,0.8186195826645265,0.898,0.8128
Legacy-15,67.0,0.8374054705004683,0.7664383243862442,0.9083726166146925,8,0.7565078093712455,0.9719887955182073,0.875801282051282,0.6991185897435898,0.8588,0.8210272873194222,0.9004,0.8156
Legacy-15,68.0,0.8389572349772687,0.7678555412959046,0.9100589286586328,8,0.7577092511013216,0.9731892757102841,0.8766025641025641,0.7003205128205128,0.86,0.8238362760834671,0.9036,0.8164
Legacy-15,69.0,0.8401086189172775,0.7687853611383574,0.9114318766961976,8,0.7581097316780137,0.9739895958383353,0.8774038461538461,0.7003205128205128,0.862,0.826645264847512,0.9048,0.8176
Legacy-15,70.0,0.8419106229588391,0.7711895693572154,0.9126316765604628,8,0.7605126151381658,0.9747899159663865,0.8794070512820513,0.703125,0.8636,0.8282504012841091,0.9052,0.8204
Legacy-15,71.0,0.8430115046263289,0.772383256177674,0.9136397530749838,8,0.7605126151381658,0.9747899159663865,0.8814102564102564,0.7047275641025641,0.864,0.8286516853932584,0.9072,0.8228
Legacy-15,72.0,0.8440626672088688,0.773589133833968,0.9145362005837696,8,0.7613135762915498,0.9747899159663865,0.8830128205128205,0.7059294871794872,0.8652,0.8298555377207063,0.9084,0.824
Legacy-15,73.0,0.8456645717730736,0.7757427578174645,0.9155863857286828,8,0.7617140568682419,0.9747899159663865,0.8842147435897436,0.7091346153846154,0.8672,0.8322632423756019,0.9096,0.8264
Legacy-15,74.0,0.847015654227447,0.7771648026849904,0.9168665057699035,8,0.7617140568682419,0.9755902360944377,0.8854166666666666,0.7107371794871795,0.87,0.8334670947030498,0.91,0.8292
Legacy-15,75.0,0.8486181609912611,0.7788932644998401,0.9183430574826821,8,0.762114537444934,0.976390556222489,0.8866185897435898,0.7127403846153846,0.8724,0.8378812199036918,0.9112,0.8296
Legacy-15,76.0,0.8502204466067244,0.7808920318143422,0.9195488613991065,8,0.76331597917501,0.9767907162865146,0.8878205128205128,0.7155448717948718,0.8752,0.841091492776886,0.9124,0.8296
Legacy-15,77.0,0.8517722105690965,0.7824501732866143,0.9210942478515787,8,0.763716459751702,0.9787915166066427,0.889823717948718,0.7175480769230769,0.876,0.8430979133226324,0.9128,0.8324
Legacy-15,78.0,0.8533240949809904,0.7838859828596065,0.9227622071023742,8,0.7645174209050861,0.9803921568627451,0.8922275641025641,0.71875,0.8764,0.8455056179775281,0.914,0.8348
Legacy-15,79.0,0.8548250167773352,0.7855261228796757,0.9241239106749948,8,0.7665198237885462,0.9815926370548219,0.8926282051282052,0.719551282051282,0.8792,0.8463081861958266,0.9144,0.8384
Legacy-15,80.0,0.8565772011795412,0.78786910465376,0.9252852977053223,8,0.7681217460953144,0.9819927971188476,0.8954326923076923,0.7231570512820513,0.8804,0.8479133226324238,0.9156,0.84
Legacy-15,81.0,0.8583793461930946,0.7899171572280909,0.9268415351580984,8,0.7709251101321586,0.9827931172468988,0.8970352564102564,0.7243589743589743,0.882,0.8507223113964687,0.9172,0.842
Legacy-15,82.0,0.8604818119767019,0.7921810952556323,0.9287825286977716,8,0.7737284741690028,0.98359343737495,0.8994391025641025,0.7255608974358975,0.884,0.8539325842696629,0.9192,0.8444
Legacy-15,83.0,0.8626847194943904,0.7944904595971761,0.9308789793916047,8,0.776131357629155,0.9847939175670268,0.9010416666666666,0.7267628205128205,0.8872,0.8587479935794543,0.9204,0.8464
Legacy-15,84.0,0.8642364634005668,0.7963285516936872,0.9321443751074464,8,0.7785342410893071,0.9851940776310524,0.9030448717948718,0.7275641025641025,0.8884,0.8607544141252006,0.9208,0.8496
Legacy-15,85.0,0.8663384077883164,0.7984729980504933,0.9342038175261395,8,0.7805366439727673,0.9875950380152061,0.9038461538461539,0.7295673076923077,0.8908,0.8631621187800963,0.9224,0.8528
Legacy-15,86.0,0.8675396698481745,0.8004797072579922,0.9345996324383569,8,0.7841409691629956,0.9875950380152061,0.9046474358974359,0.7315705128205128,0.8912,0.8635634028892456,0.9228,0.8548
Legacy-15,87.0,0.8688413133127938,0.8021036808861445,0.9355789457394431,8,0.7869443331998398,0.9879951980792316,0.9066506410256411,0.7323717948717948,0.8924,0.8651685393258427,0.9228,0.8564
Legacy-15,88.0,0.8700427762558047,0.803488806589268,0.9365967459223414,8,0.7889467360833,0.988795518207283,0.9086538461538461,0.733573717948718,0.8928,0.8663723916532905,0.9236,0.8576
Legacy-15,89.0,0.8709435375865827,0.8045774949376645,0.9373095802355009,8,0.7913496195434522,0.988795518207283,0.9094551282051282,0.7339743589743589,0.8928,0.8667736757624398,0.9256,0.8588
Legacy-15,90.0,0.8722451405207673,0.8064749163628763,0.9380153646786583,8,0.7933520224269123,0.9891956782713085,0.9114583333333334,0.7367788461538461,0.8944,0.8675762439807384,0.9256,0.8596
Legacy-15,91.0,0.8733965033275699,0.8081004500828775,0.9386925565722624,8,0.7953544253103725,0.9895958383353342,0.9122596153846154,0.7387820512820513,0.8944,0.8687800963081862,0.9268,0.8612
Legacy-15,92.0,0.8746473848025595,0.8097061297674398,0.9395886398376793,8,0.7977573087705246,0.9903961584633854,0.9126602564102564,0.7399839743589743,0.8956,0.8691813804173355,0.9272,0.8644
Legacy-15,93.0,0.8759984473617782,0.8110497280312007,0.9409471666923558,8,0.7997597116539847,0.9911964785914366,0.9126602564102564,0.7403846153846154,0.8976,0.8707865168539326,0.9292,0.8664
Legacy-15,94.0,0.8771991884754736,0.8124674354322056,0.9419309415187417,8,0.8009611533840608,0.9911964785914366,0.9138621794871795,0.7419871794871795,0.8992,0.8707865168539326,0.9312,0.8684
Legacy-15,95.0,0.8791511525010673,0.8148718912598001,0.9434304137423346,8,0.802563075690829,0.9919967987194878,0.9158653846153846,0.7451923076923077,0.9004,0.8723916532905297,0.9332,0.8716
Legacy-15,96.0,0.8801524354850137,0.8162449725646058,0.9440598984054215,8,0.8041649979975971,0.9919967987194878,0.9166666666666666,0.7463942307692307,0.902,0.8739967897271268,0.9332,0.8728
Legacy-15,97.0,0.8810036984128413,0.8174626582162393,0.9445447386094433,8,0.8061674008810573,0.9919967987194878,0.9170673076923077,0.7475961538461539,0.9024,0.8756019261637239,0.9344,0.8728
Legacy-15,98.0,0.8820550810666445,0.8190206736285742,0.9450894885047149,8,0.8073688426111334,0.9919967987194878,0.9190705128205128,0.75,0.9036,0.8764044943820225,0.9344,0.8736
Legacy-15,99.0,0.8832564238173285,0.8205155719901456,0.9459972756445114,8,0.8097717260712856,0.9923969587835134,0.9202724358974359,0.7512019230769231,0.906,0.8776083467094703,0.9348,0.874
Legacy-15,100.0,0.8842078467443331,0.8218615447389701,0.946554148749696,8,0.8117741289547457,0.9923969587835134,0.9222756410256411,0.7524038461538461,0.906,0.8788121990369181,0.9348,0.8752
Legacy-15,101.0,0.8852091895431324,0.8234307147894031,0.9469876642968618,8,0.8137765318382059,0.9923969587835134,0.9230769230769231,0.7544070512820513,0.9068,0.880016051364366,0.9352,0.876
Legacy-15,102.0,0.8861602113146445,0.8247766620196958,0.9475437606095932,8,0.815778934721666,0.9923969587835134,0.9242788461538461,0.7560096153846154,0.9088,0.8804173354735152,0.9356,0.876
Legacy-15,103.0,0.8868611532151849,0.8258982720619026,0.9478240343684672,8,0.8177813376051262,0.9923969587835134,0.9246794871794872,0.7572115384615384,0.91,0.8812199036918138,0.9356,0.876
Legacy-15,104.0,0.888212716181517,0.8279299683998069,0.948495463963227,8,0.8185822987585102,0.9923969587835134,0.9262820512820513,0.7612179487179487,0.912,0.8820224719101124,0.9368,0.8764
Legacy-15,105.0,0.8893140189162331,0.8293878476989462,0.9492401901335199,8,0.8201842210652783,0.992797118847539,0.9274839743589743,0.7628205128205128,0.9128,0.8832263242375602,0.9372,0.878
Legacy-15,106.0,0.8900145997254029,0.8303593454176773,0.9496698540331284,8,0.8217861433720465,0.9931972789115646,0.9278846153846154,0.7640224358974359,0.914,0.8832263242375602,0.9376,0.8784
Legacy-15,107.0,0.8907156015370656,0.8316473777486243,0.949783825325507,8,0.8225871045254305,0.9931972789115646,0.9286858974358975,0.7668269230769231,0.9144,0.8836276083467095,0.938,0.8784
Legacy-15,108.0,0.892016603509731,0.8332566181874645,0.9507765888319974,8,0.8241890268321986,0.9939975990396158,0.9290865384615384,0.7684294871794872,0.9164,0.884430176565008,0.9384,0.8812
Legacy-15,109.0,0.8930680868623249,0.8346621626387952,0.9514740110858545,8,0.8249899879855827,0.9939975990396158,0.9306891025641025,0.7704326923076923,0.9184,0.8860353130016051,0.9384,0.8816
Legacy-15,110.0,0.8938689484255806,0.8358099941448277,0.9519279027063335,8,0.8257909491389668,0.9943977591036415,0.9314903846153846,0.7724358974358975,0.9192,0.8864365971107544,0.9388,0.8824
Legacy-15,111.0,0.895070190686592,0.8375047534368898,0.9526356279362942,8,0.828994793752503,0.9951980792316927,0.9318910256410257,0.7740384615384616,0.9204,0.887239165329053,0.9392,0.8836
Legacy-15,112.0,0.8958213128996612,0.8390157419141399,0.9526268838851825,8,0.8305967160592711,0.9951980792316927,0.9318910256410257,0.7768429487179487,0.9204,0.8880417335473515,0.9396,0.884
Legacy-15,113.0,0.8963223758604981,0.8397054681525735,0.9529392835684227,8,0.8305967160592711,0.9955982392957183,0.9318910256410257,0.7780448717948718,0.9208,0.8900481540930979,0.9396,0.884
Legacy-15,114.0,0.8976745412355576,0.8417019752912305,0.9536471071798847,8,0.8317981577893472,0.9967987194877951,0.9318910256410257,0.78125,0.9212,0.8932584269662921,0.9396,0.8856
Legacy-15,115.0,0.8988266267877221,0.843459810184195,0.9541934433912491,8,0.8334000800961153,0.9967987194877951,0.9318910256410257,0.7832532051282052,0.9216,0.8968699839486356,0.94,0.8868
Legacy-15,116.0,0.8999286113838627,0.8455725877477005,0.9542846350200249,8,0.8354024829795755,0.9967987194877951,0.9318910256410257,0.7868589743589743,0.9216,0.8992776886035313,0.94,0.8876
Legacy-15,117.0,0.901179894576927,0.8468047396969585,0.9555550494568956,8,0.8374048858630356,0.9971988795518207,0.9322916666666666,0.7872596153846154,0.9216,0.9012841091492777,0.9436,0.8888
Legacy-15,118.0,0.9016805763902361,0.8474937711819435,0.9558673815985288,8,0.8382058470164198,0.9971988795518207,0.9322916666666666,0.7876602564102564,0.922,0.9024879614767255,0.9436,0.89
Legacy-15,119.0,0.9024815386041285,0.8485344390825893,0.9564286381256677,8,0.8398077693231878,0.9971988795518207,0.9326923076923077,0.7884615384615384,0.9224,0.9036918138041734,0.9448,0.8908
Legacy-15,120.0,0.903082320344528,0.8493991629587763,0.9567654777302796,8,0.8402082498998799,0.9971988795518207,0.9334935897435898,0.7896634615384616,0.9228,0.9044943820224719,0.9448,0.892
Legacy-15,121.0,0.9042340442427012,0.8511815942461837,0.9572864942392186,8,0.842611133360032,0.9971988795518207,0.9342948717948718,0.7916666666666666,0.9232,0.9065008025682183,0.9452,0.8932
Legacy-15,122.0,0.9049851061264504,0.8525044861893257,0.9574657260635752,8,0.8438125750901081,0.9971988795518207,0.9354967948717948,0.7940705128205128,0.9236,0.9069020866773676,0.9452,0.8936
Legacy-15,123.0,0.9056358675053825,0.8535412167945459,0.9577305182162191,8,0.8450140168201842,0.9975990396158463,0.9358974358974359,0.7956730769230769,0.924,0.9073033707865169,0.9452,0.8944
Legacy-15,124.0,0.9061363080661067,0.8544275364951297,0.9578450796370837,8,0.8474169002803364,0.9975990396158463,0.9358974358974359,0.796073717948718,0.924,0.9073033707865169,0.9452,0.8956
Legacy-15,125.0,0.906937129822474,0.8555693518791876,0.9583049077657604,8,0.8486183420104125,0.9975990396158463,0.9362980769230769,0.7972756410256411,0.9248,0.9081059390048154,0.9456,0.8972
Legacy-15,126.0,0.9077380711604321,0.8569662907982408,0.9585098515226235,8,0.8510212254705647,0.9979991996798719,0.9370993589743589,0.7992788461538461,0.9248,0.9081059390048154,0.9456,0.898
Legacy-15,127.0,0.9082887320496531,0.8579432635465873,0.9586342005527189,8,0.8538245895074089,0.9979991996798719,0.9375,0.8000801282051282,0.9248,0.9081059390048154,0.946,0.898
Legacy-15,128.0,0.9087392528348517,0.8586864116453187,0.9587920940243847,8,0.8546255506607929,0.9979991996798719,0.938301282051282,0.8012820512820513,0.9252,0.9081059390048154,0.946,0.8984
Legacy-15,129.0,0.909840274252861,0.860609144642417,0.9590714038633049,8,0.8582298758510212,0.9979991996798719,0.938301282051282,0.8036858974358975,0.9256,0.9081059390048154,0.9472,0.8996
Legacy-15,130.0,0.9108418372191931,0.8621995078351581,0.9594841666032281,8,0.8590308370044053,0.9979991996798719,0.9407051282051282,0.8068910256410257,0.926,0.908908507223114,0.9476,0.8996
Legacy-15,131.0,0.9118429393761437,0.8637435874413956,0.9599422913108918,8,0.8610332398878654,0.9979991996798719,0.9411057692307693,0.8088942307692307,0.9264,0.9097110754414125,0.9488,0.9008
Legacy-15,132.0,0.9124436804898391,0.8649347347864325,0.9599526261932458,8,0.8622346816179415,0.9979991996798719,0.9415064102564102,0.8112980769230769,0.9272,0.9097110754414125,0.9488,0.9008
Legacy-15,133.0,0.9131444416596532,0.8662210558763845,0.960067827442922,8,0.8630356427713256,0.9979991996798719,0.9419070512820513,0.8141025641025641,0.9284,0.9097110754414125,0.9492,0.9008
Legacy-15,134.0,0.9143959241442774,0.8684585340601854,0.9603333142283694,8,0.8654385262314778,0.9979991996798719,0.9427083333333334,0.8181089743589743,0.9292,0.9101123595505618,0.95,0.9016
Legacy-15,135.0,0.9153467654422965,0.8700663090147227,0.9606272218698704,8,0.8662394873848618,0.9979991996798719,0.9427083333333334,0.8217147435897436,0.9308,0.9101123595505618,0.9516,0.9016
Legacy-15,136.0,0.9163478071089632,0.8719171722986528,0.9607784419192736,8,0.8662394873848618,0.9979991996798719,0.9431089743589743,0.8265224358974359,0.9324,0.9101123595505618,0.9524,0.902
Legacy-15,137.0,0.9170985282628094,0.8733485745875966,0.9608484819380221,8,0.8662394873848618,0.9979991996798719,0.9431089743589743,0.8301282051282052,0.9328,0.9101123595505618,0.9532,0.9032
Legacy-15,138.0,0.9181492899470902,0.8745818442671293,0.9617167356270512,8,0.8670404485382459,0.9979991996798719,0.9435096153846154,0.8313301282051282,0.9352,0.9109149277688604,0.9544,0.9048
Legacy-15,139.0,0.9191000711249074,0.8759155680654341,0.9622845741843807,8,0.8678414096916299,0.9983993597438976,0.9439102564102564,0.8341346153846154,0.9364,0.9109149277688604,0.956,0.9052
Legacy-15,140.0,0.9194004517098144,0.8764889599298813,0.9623119434897476,8,0.868241890268322,0.9983993597438976,0.9443108974358975,0.8353365384615384,0.9364,0.9109149277688604,0.956,0.9056
Legacy-15,141.0,0.9197005318380196,0.876808130965081,0.9625929327109581,8,0.868241890268322,0.9983993597438976,0.9443108974358975,0.8357371794871795,0.9368,0.9109149277688604,0.9568,0.9064
Legacy-15,142.0,0.9204513129676829,0.8780197561570064,0.9628828697783594,8,0.8702442931517821,0.9983993597438976,0.9451121794871795,0.8373397435897436,0.9368,0.9109149277688604,0.9576,0.9072
Legacy-15,143.0,0.9212522746671085,0.8794196230092877,0.9630849263249293,8,0.8718462154585502,0.9983993597438976,0.9455128205128205,0.8397435897435898,0.9368,0.9113162118780096,0.9584,0.908
Legacy-15,144.0,0.9219030967288632,0.8803013969126172,0.9635047965451091,8,0.8718462154585502,0.9987995198079231,0.9455128205128205,0.8413461538461539,0.9368,0.9125200642054575,0.9592,0.9092
Legacy-15,145.0,0.922503878726496,0.8811950768699757,0.9638126805830163,8,0.8722466960352423,0.9987995198079231,0.9455128205128205,0.8425480769230769,0.9372,0.9137239165329053,0.9596,0.9104
Legacy-15,146.0,0.9230045002104852,0.8817669795199325,0.9642420209010378,8,0.8726471766119344,0.9987995198079231,0.9463141025641025,0.842948717948718,0.9376,0.9145264847512039,0.96,0.9112
Legacy-15,147.0,0.9237050209475685,0.8827201245871011,0.9646899173080358,8,0.8738486183420104,0.9991996798719488,0.9467147435897436,0.8441506410256411,0.9384,0.9145264847512039,0.9604,0.9124
Legacy-15,148.0,0.9243054815644113,0.8837240487651994,0.9648869143636232,8,0.8758510212254705,0.9991996798719488,0.9467147435897436,0.8449519230769231,0.9384,0.9145264847512039,0.9608,0.914
Legacy-15,149.0,0.9246556818367894,0.8842632681909871,0.9650480954825916,8,0.8766519823788547,0.9991996798719488,0.9467147435897436,0.8453525641025641,0.9388,0.9145264847512039,0.9608,0.9152
Legacy-15,150.0,0.9250059224786382,0.88467913374489,0.9653327112123864,8,0.8766519823788547,0.9991996798719488,0.9467147435897436,0.8457532051282052,0.9392,0.9149277688603531,0.9612,0.9164
Legacy-15,151.0,0.9254060827350484,0.8850520309759585,0.9657601344941383,8,0.8766519823788547,0.9991996798719488,0.9471153846153846,0.8461538461538461,0.9392,0.9149277688603531,0.9624,0.9176
Legacy-15,152.0,0.9260568847887999,0.8857841579709017,0.9663296116066981,8,0.8766519823788547,0.9991996798719488,0.9479166666666666,0.8469551282051282,0.9404,0.916131621187801,0.9628,0.9184
Legacy-15,153.0,0.9263572055588538,0.8860289994159996,0.9666854117017081,8,0.8766519823788547,0.9991996798719488,0.9487179487179487,0.8469551282051282,0.9412,0.9165329052969502,0.9628,0.9188
Legacy-15,154.0,0.9269580073553719,0.8866783773372305,0.9672376373735133,8,0.8766519823788547,0.9991996798719488,0.9503205128205128,0.8477564102564102,0.9424,0.9173354735152488,0.9628,0.9192
Legacy-15,155.0,0.9278087893530048,0.8874689574614947,0.968148621244515,8,0.8770524629555466,0.9991996798719488,0.9511217948717948,0.8481570512820513,0.9444,0.9185393258426966,0.964,0.92
Legacy-15,156.0,0.9282090900669401,0.8879178258529358,0.9685003542809444,8,0.8774529435322387,0.9991996798719488,0.9515224358974359,0.8481570512820513,0.9448,0.9189406099518459,0.964,0.9216
Legacy-15,157.0,0.9285093304515555,0.888200028083636,0.968818632819475,8,0.8774529435322387,0.9991996798719488,0.952323717948718,0.8485576923076923,0.946,0.9189406099518459,0.964,0.9216
Legacy-15,158.0,0.9292601325053069,0.888787504225267,0.9697327607853469,8,0.8774529435322387,0.9991996798719488,0.953926282051282,0.8485576923076923,0.9484,0.9201444622792937,0.964,0.9224
Legacy-15,159.0,0.9300110750165835,0.8894258393542616,0.9705963106789055,8,0.8778534241089307,0.9991996798719488,0.9551282051282052,0.8485576923076923,0.9504,0.9217495987158909,0.9644,0.9228
Legacy-15,160.0,0.9307121574709183,0.8905459212734498,0.9708783936683868,8,0.8786543852623148,0.9991996798719488,0.9559294871794872,0.8501602564102564,0.9504,0.9229534510433387,0.9644,0.924
Legacy-15,161.0,0.9312128590831126,0.8909783323032021,0.971447385863023,8,0.8790548658390068,0.9991996798719488,0.9575320512820513,0.8501602564102564,0.9512,0.9237560192616372,0.9644,0.9244
Legacy-15,162.0,0.9318636410807455,0.8916899496190546,0.9720373325424364,8,0.8794553464156989,0.9991996798719488,0.9583333333333334,0.8505608974358975,0.9524,0.9249598715890851,0.9644,0.9256
Legacy-15,163.0,0.9327648239766373,0.8927718086601116,0.972757839293163,8,0.8798558269923908,0.9991996798719488,0.9595352564102564,0.8517628205128205,0.9528,0.9265650080256822,0.9652,0.9272
Legacy-15,164.0,0.9336155052754797,0.8936739666962406,0.9735570438547188,8,0.880656788145775,0.9991996798719488,0.9607371794871795,0.8525641025641025,0.954,0.9269662921348315,0.9664,0.9284
Legacy-15,165.0,0.93401566553189,0.8940934456773804,0.9739378853863996,8,0.880656788145775,0.9991996798719488,0.9611378205128205,0.8529647435897436,0.9544,0.9269662921348315,0.9668,0.93
Legacy-15,166.0,0.9347665276577279,0.8949908842927006,0.9745421710227553,8,0.8810572687224669,0.9991996798719488,0.9619391025641025,0.8537660256410257,0.9548,0.9281701444622793,0.9672,0.932
Legacy-15,167.0,0.9351168884437497,0.8954130984380516,0.9748206784494479,8,0.881858229875851,0.9991996798719488,0.9623397435897436,0.8537660256410257,0.9552,0.9285714285714286,0.9672,0.9328
Legacy-15,168.0,0.9353169685719548,0.8956788716432444,0.9749550655006651,8,0.881858229875851,0.9991996798719488,0.9623397435897436,0.8541666666666666,0.9556,0.9285714285714286,0.9672,0.9336
Legacy-15,169.0,0.9359173291007432,0.8964001222572726,0.9754345359442138,8,0.8826591910292351,0.9991996798719488,0.9627403846153846,0.8549679487179487,0.9568,0.9285714285714286,0.968,0.9344
Legacy-15,170.0,0.9363174896143869,0.8967687430688722,0.9758662361599015,8,0.8826591910292351,0.9991996798719488,0.9627403846153846,0.8549679487179487,0.9576,0.9289727126805778,0.968,0.9364
Legacy-15,171.0,0.9366679307858472,0.8972196797369465,0.9761161818347479,8,0.8834601521826192,0.9991996798719488,0.9627403846153846,0.8549679487179487,0.958,0.9297752808988764,0.968,0.9372
Legacy-15,172.0,0.937118271258517,0.8979929640966393,0.9762435784203947,8,0.8846615939126953,0.9991996798719488,0.9627403846153846,0.8557692307692307,0.958,0.9297752808988764,0.968,0.9388
Legacy-15,173.0,0.9376187521887118,0.8987597330239137,0.97647777135351,8,0.8862635162194633,0.9991996798719488,0.9627403846153846,0.8561698717948718,0.958,0.9301765650080257,0.9684,0.94
Legacy-15,174.0,0.9384194134314354,0.8994963070704222,0.9773425197924487,8,0.8874649579495395,0.9991996798719488,0.9643429487179487,0.8561698717948718,0.9596,0.930577849117175,0.9688,0.9412
Legacy-15,175.0,0.9386196540732843,0.8997827457051538,0.9774565624414148,8,0.8874649579495395,0.9991996798719488,0.9643429487179487,0.8565705128205128,0.9596,0.9309791332263242,0.9688,0.942
Legacy-15,176.0,0.9391200349154246,0.9002789255564752,0.9779611442743741,8,0.8878654385262315,0.9991996798719488,0.9647435897435898,0.8569711538461539,0.96,0.9313804173354735,0.97,0.9428
Legacy-15,177.0,0.9394702555011548,0.9006667136253126,0.978273797376997,8,0.8882659191029235,0.9991996798719488,0.9647435897435898,0.8569711538461539,0.96,0.9317817014446228,0.97,0.9448
Legacy-15,178.0,0.9399705562150902,0.9011789622575168,0.9787621501726635,8,0.8886663996796156,0.9991996798719488,0.9647435897435898,0.8573717948717948,0.9604,0.9321829855537721,0.9712,0.946
Legacy-15,179.0,0.9403210372415542,0.9015317784351052,0.9791102960480033,8,0.8886663996796156,0.9991996798719488,0.9659455128205128,0.8577724358974359,0.9604,0.9325842696629213,0.9712,0.9468
Legacy-15,180.0,0.9407714781558197,0.9019530209088641,0.9795899354027754,8,0.8886663996796156,1.0,0.9663461538461539,0.858573717948718,0.9608,0.9329855537720706,0.9716,0.9472
Legacy-15,181.0,0.9412222398401006,0.9024994398004842,0.9799450398797169,8,0.8894673608329996,1.0,0.9675480769230769,0.8589743589743589,0.9608,0.9337881219903692,0.972,0.9472
Legacy-15,182.0,0.9415727811958847,0.9029353077497266,0.9802102546420428,8,0.8898678414096917,1.0,0.967948717948718,0.859375,0.9616,0.9345906902086677,0.972,0.9472
Legacy-15,183.0,0.9419230015243814,0.9032803524367959,0.9805656506119668,8,0.8902683219863836,1.0,0.9683493589743589,0.8597756410256411,0.962,0.9345906902086677,0.9732,0.9472
Legacy-15,184.0,0.9424733821092884,0.9039500663860716,0.9809966978325053,8,0.8906688025630757,1.0,0.96875,0.8609775641025641,0.9632,0.9345906902086677,0.9744,0.9472
Legacy-15,185.0,0.9425734622374936,0.9040176522130683,0.9811292722619189,8,0.8906688025630757,1.0,0.9691506410256411,0.8609775641025641,0.9632,0.9345906902086677,0.9744,0.9476
Legacy-15,186.0,0.9427237028793424,0.9041152750724782,0.9813321306862065,8,0.8906688025630757,1.0,0.969551282051282,0.8609775641025641,0.9632,0.934991974317817,0.9748,0.9476
Legacy-15,187.0,0.943124304307213,0.9046699520668734,0.9815786565475525,8,0.8914697637164598,1.0,0.9699519230769231,0.8613782051282052,0.9636,0.9357945425361156,0.9748,0.948
Legacy-15,188.0,0.9436754279027186,0.9051616369225477,0.9821892188828896,8,0.8914697637164598,1.0,0.9699519230769231,0.8613782051282052,0.9636,0.9386035313001605,0.976,0.9484
Legacy-15,189.0,0.9442765509837574,0.9058294813374712,0.9827236206300436,8,0.8914697637164598,1.0,0.9707532051282052,0.8621794871794872,0.9636,0.9406099518459069,0.9768,0.9488
Legacy-15,190.0,0.9450276740647963,0.9065354025501132,0.9835199455794793,8,0.8914697637164598,1.0,0.9715544871794872,0.8629807692307693,0.9636,0.9426163723916533,0.9788,0.9492
Legacy-15,191.0,0.9457289378605934,0.9072071782661196,0.9842506974550672,8,0.8918702442931518,1.0,0.9719551282051282,0.8629807692307693,0.964,0.9454253611556982,0.9792,0.9504
Legacy-15,192.0,0.9462799810706605,0.9078059723721122,0.9847539897692087,8,0.8918702442931518,1.0,0.9719551282051282,0.8633814102564102,0.9644,0.9478330658105939,0.9792,0.9516
Legacy-15,193.0,0.9467307029962069,0.9083506070100219,0.9851107989823918,8,0.8918702442931518,1.0,0.9723557692307693,0.8641826923076923,0.9644,0.9490369181380417,0.9796,0.9524
Legacy-15,194.0,0.9473818265917124,0.9088145725402927,0.9859490806431321,8,0.8918702442931518,1.0,0.9723557692307693,0.8641826923076923,0.9648,0.9518459069020867,0.9812,0.9528
Legacy-15,195.0,0.9479325485172588,0.9091467675955115,0.9867183294390062,8,0.8918702442931518,1.0,0.9735576923076923,0.8641826923076923,0.966,0.9530497592295345,0.982,0.9528
Legacy-15,196.0,0.9485329494155179,0.9097706908225375,0.9872952080084983,8,0.8918702442931518,1.0,0.9739583333333334,0.8649839743589743,0.9664,0.9534510433386838,0.9828,0.9548
Legacy-15,197.0,0.9491838115413559,0.9104036709936021,0.9879639520891097,8,0.8922707248698438,1.0,0.9747596153846154,0.8657852564102564,0.9664,0.9546548956661316,0.9848,0.9548
Legacy-15,198.0,0.9494841323114098,0.9108096550385485,0.9881586095842712,8,0.8922707248698438,1.0,0.9747596153846154,0.8665865384615384,0.9668,0.9550561797752809,0.9852,0.9552
Legacy-15,199.0,0.9497846736671939,0.9111798820075698,0.9883894653268179,8,0.8926712054465359,1.0,0.9751602564102564,0.8669871794871795,0.9668,0.9558587479935795,0.9856,0.9552
Legacy-15,200.0,0.9502854954235612,0.9120389993914652,0.9885319914556573,8,0.893872647176612,1.0,0.9755608974358975,0.8681891025641025,0.9668,0.956661316211878,0.986,0.9552
Legacy-15,201.0,0.9506357358081766,0.9124885051481745,0.9887829664681788,8,0.893872647176612,1.0,0.9759615384615384,0.8689903846153846,0.9676,0.956661316211878,0.986,0.956
Legacy-15,202.0,0.9512362968665765,0.9131302696812567,0.9893423240518964,8,0.89547456948338,1.0,0.9767628205128205,0.8689903846153846,0.968,0.9570626003210273,0.9872,0.9564
Legacy-15,203.0,0.9517369389211512,0.9134820353172111,0.9899918425250913,8,0.89547456948338,1.0,0.9767628205128205,0.8689903846153846,0.9688,0.9586677367576244,0.988,0.9572
Legacy-15,204.0,0.9519871391935293,0.9137672282757362,0.9902070501113224,8,0.8962755306367641,1.0,0.9771634615384616,0.8689903846153846,0.9692,0.9586677367576244,0.9884,0.9572
Legacy-15,205.0,0.9525380811903391,0.9147242222120416,0.9903519401686366,8,0.8966760112134562,1.0,0.9779647435897436,0.8709935897435898,0.9696,0.959470304975923,0.9884,0.9572
Legacy-15,206.0,0.9531384216630088,0.9154919729587815,0.9907848703672361,8,0.8978774529435323,1.0,0.9779647435897436,0.8717948717948718,0.97,0.959470304975923,0.99,0.958
Legacy-15,207.0,0.9534886623048576,0.9158479856193587,0.9911293389903566,8,0.8978774529435323,1.0,0.9779647435897436,0.8721955128205128,0.9704,0.9598715890850722,0.9904,0.9592
Legacy-15,208.0,0.9538392036606417,0.9162467223384128,0.9914316849828706,8,0.8982779335202242,1.0,0.9783653846153846,0.8725961538461539,0.9708,0.9606741573033708,0.9908,0.9592
Legacy-15,209.0,0.9541896443176352,0.9168173003059354,0.991561988329335,8,0.8990788946736084,1.0,0.9791666666666666,0.8733974358974359,0.9712,0.9606741573033708,0.9908,0.9592
Legacy-15,210.0,0.9545403659859482,0.9174714354195342,0.9916092965523621,8,0.8990788946736084,1.0,0.9795673076923077,0.875,0.9712,0.9614767255216693,0.9908,0.9592
Legacy-15,211.0,0.9546904461141533,0.917696575084023,0.9916843171442836,8,0.8990788946736084,1.0,0.9795673076923077,0.8754006410256411,0.9712,0.9614767255216693,0.9908,0.96
Legacy-15,212.0,0.9549908269562937,0.9181762118061302,0.9918054421064572,8,0.8994793752503003,1.0,0.9795673076923077,0.8762019230769231,0.9712,0.9618780096308186,0.9912,0.9604
Legacy-15,213.0,0.9551913082399913,0.9183070276096444,0.9920755888703382,8,0.8994793752503003,1.0,0.9803685897435898,0.8762019230769231,0.9712,0.9626805778491172,0.9912,0.9604
Legacy-15,214.0,0.9555418092263047,0.9187686111747448,0.9923150072778646,8,0.9006808169803765,1.0,0.9811698717948718,0.8762019230769231,0.9712,0.9630818619582665,0.9912,0.9608
Legacy-15,215.0,0.9559423102126181,0.9194895172268474,0.9923951031983889,8,0.9018822587104526,1.0,0.9811698717948718,0.8770032051282052,0.9716,0.9634831460674157,0.9912,0.9612
Legacy-15,216.0,0.9563427508696116,0.9202176594034109,0.9924678423358123,8,0.9026832198638366,1.0,0.9815705128205128,0.8782051282051282,0.972,0.9634831460674157,0.9912,0.9616
Legacy-15,217.0,0.9569433319841302,0.9211708786181598,0.9927157853501005,8,0.9038846615939127,1.0,0.9815705128205128,0.8794070512820513,0.9736,0.963884430176565,0.9912,0.962
Legacy-15,218.0,0.9574439731707353,0.9221492335544078,0.9927387127870627,8,0.9054865839006808,1.0,0.9815705128205128,0.8806089743589743,0.9736,0.9642857142857143,0.9912,0.9628
Legacy-15,219.0,0.9577442335151999,0.9226880100886642,0.9928004569417356,8,0.9066880256307569,1.0,0.9815705128205128,0.8810096153846154,0.974,0.9642857142857143,0.9912,0.9632
Legacy-15,220.0,0.9582449148140422,0.9234808601815225,0.9930089694465618,8,0.9074889867841409,1.0,0.9823717948717948,0.8822115384615384,0.9744,0.9646869983948636,0.9912,0.9636
Legacy-15,221.0,0.9584952956561826,0.9239508985876509,0.9930396927247144,8,0.907889467360833,1.0,0.9823717948717948,0.8830128205128205,0.9744,0.9650882825040128,0.9912,0.964
Legacy-15,222.0,0.9589458765134677,0.9247769558820971,0.9931147971448384,8,0.9090909090909091,1.0,0.9831730769230769,0.8842147435897436,0.9744,0.9650882825040128,0.9912,0.9644
Legacy-15,223.0,0.9596466178843966,0.9256781219011245,0.9936151138676688,8,0.9102923508209851,1.0,0.984375,0.8850160256410257,0.9752,0.9654895666131621,0.9912,0.9656
Legacy-15,224.0,0.9603472787736175,0.9267688870404414,0.9939256705067936,8,0.9130957148578294,1.0,0.985176282051282,0.8854166666666666,0.9756,0.9654895666131621,0.9912,0.9668
Legacy-15,225.0,0.9608478195186654,0.9275516921939871,0.9941439468433436,8,0.9150981177412896,1.0,0.9859775641025641,0.8858173076923077,0.976,0.9654895666131621,0.9912,0.9672
Legacy-15,226.0,0.9612483004488602,0.9282106756253616,0.9942859252723588,8,0.9167000400480577,1.0,0.9859775641025641,0.8862179487179487,0.976,0.9658908507223114,0.9916,0.9676
Legacy-15,227.0,0.9617485808494435,0.9286221378748094,0.9948750238240776,8,0.9175010012014417,1.0,0.9867788461538461,0.8862179487179487,0.9772,0.9658908507223114,0.9924,0.968
Legacy-15,228.0,0.9620487210497352,0.9290056553589843,0.995091786740486,8,0.9179014817781338,1.0,0.9867788461538461,0.8866185897435898,0.9772,0.9658908507223114,0.9928,0.9692
Legacy-15,229.0,0.9623990815785235,0.9296808848296002,0.9951172783274468,8,0.9187024429315178,1.0,0.9867788461538461,0.8878205128205128,0.9776,0.9658908507223114,0.9932,0.9692
Legacy-15,230.0,0.9627996827491607,0.9304193516646384,0.995180013833683,8,0.9195034040849018,1.0,0.9871794871794872,0.8890224358974359,0.9776,0.9662921348314607,0.9932,0.9696
Legacy-15,231.0,0.963049843005571,0.9306738308024887,0.9954258552086532,8,0.9195034040849018,1.0,0.9875801282051282,0.8894230769230769,0.9788,0.9662921348314607,0.9932,0.9696
Legacy-15,232.0,0.9632498430055709,0.9307523865931048,0.9957472994180371,8,0.9195034040849018,1.0,0.9875801282051282,0.8894230769230769,0.9788,0.9662921348314607,0.9944,0.97
Legacy-15,233.0,0.9633499832058626,0.9308760519025402,0.9958239145091851,8,0.9199038846615939,1.0,0.9879807692307693,0.8894230769230769,0.9788,0.9662921348314607,0.9944,0.97
Legacy-15,234.0,0.9637002636064459,0.9314893951951877,0.9959111320177041,8,0.920704845814978,1.0,0.9879807692307693,0.8902243589743589,0.9788,0.9662921348314607,0.9944,0.9712
Legacy-15,235.0,0.9639007451473769,0.9316401661312896,0.9961613241634641,8,0.920704845814978,1.0,0.9879807692307693,0.8902243589743589,0.9788,0.9674959871589085,0.9948,0.9712
Legacy-15,236.0,0.964050825275582,0.9318626757635828,0.996238974787581,8,0.920704845814978,1.0,0.9879807692307693,0.890625,0.9788,0.9674959871589085,0.9948,0.972
Legacy-15,237.0,0.9644010659174308,0.9322136191212412,0.9965885127136204,8,0.920704845814978,1.0,0.9879807692307693,0.8910256410256411,0.9804,0.9678972712680578,0.9948,0.9724
Legacy-15,238.0,0.9648518677139488,0.9330598743309564,0.9966438610969413,8,0.920704845814978,1.0,0.9883814102564102,0.8930288461538461,0.9808,0.9686998394863563,0.9948,0.9724
Legacy-15,239.0,0.9655029703853663,0.9341166288830697,0.9968893118876628,8,0.9227072486984381,1.0,0.9883814102564102,0.8938301282051282,0.9812,0.9703049759229535,0.9948,0.9728
Legacy-15,240.0,0.9661034914277983,0.9348566574830466,0.99735032537255,8,0.9235082098518221,1.0,0.9887820512820513,0.8946314102564102,0.9824,0.9707062600321027,0.9952,0.9736
Legacy-15,241.0,0.9664037918845002,0.9354551507427619,0.9973524330262385,8,0.9239086904285142,1.0,0.9887820512820513,0.8958333333333334,0.9828,0.9707062600321027,0.9952,0.974
Legacy-15,242.0,0.9668544934966945,0.936162745261124,0.997546241732265,8,0.9243091710052063,1.0,0.9891826923076923,0.8970352564102564,0.9832,0.9715088282504013,0.9952,0.9744
Legacy-15,243.0,0.9673551147234504,0.9371094941375399,0.9976007353093609,8,0.9247096515818983,1.0,0.9891826923076923,0.8990384615384616,0.9832,0.9719101123595506,0.9956,0.9752
Legacy-15,244.0,0.9679057960222927,0.938159683358049,0.9976519086865363,8,0.9255106127352823,1.0,0.9891826923076923,0.9010416666666666,0.9832,0.9723113964686998,0.996,0.976
Legacy-15,245.0,0.9683561766071996,0.9389539643065541,0.9977583889078452,8,0.9259110933119744,1.0,0.9891826923076923,0.9026442307692307,0.9832,0.9723113964686998,0.9964,0.9772
Legacy-15,246.0,0.9686563168074913,0.9393431559234124,0.9979694776915702,8,0.9263115738886664,1.0,0.9891826923076923,0.9030448717948718,0.9836,0.9723113964686998,0.9964,0.9784
Legacy-15,247.0,0.9689065574493401,0.9396360093758118,0.9981771055228683,8,0.9263115738886664,1.0,0.9891826923076923,0.9034455128205128,0.9836,0.9727126805778491,0.9964,0.9796
Legacy-15,248.0,0.9692069382914805,0.9400922282166894,0.9983216483662717,8,0.9267120544653584,1.0,0.9891826923076923,0.9042467948717948,0.9836,0.9731139646869984,0.9972,0.9796
Legacy-15,249.0,0.969557399261826,0.9407340320882683,0.9983807664353838,8,0.9271125350420505,1.0,0.9891826923076923,0.905448717948718,0.9836,0.9735152487961477,0.9972,0.9804
Legacy-15,250.0,0.9698579203042581,0.9412972823645798,0.9984185582439364,8,0.9279134961954345,1.0,0.9895833333333334,0.90625,0.9836,0.973916532905297,0.9972,0.9804
Legacy-15,251.0,0.970208340905133,0.9419352477443611,0.9984814340659048,8,0.9291149379255106,1.0,0.9899839743589743,0.907051282051282,0.9836,0.973916532905297,0.9976,0.9804
Legacy-15,252.0,0.9704085812897484,0.9422710647752013,0.9985460978042955,8,0.9291149379255106,1.0,0.9903846153846154,0.9078525641025641,0.9836,0.973916532905297,0.9976,0.9808
Legacy-15,253.0,0.9708091824603856,0.9431006013290449,0.9985177635917263,8,0.9299158990788947,1.0,0.9903846153846154,0.9094551282051282,0.9836,0.9743178170144462,0.998,0.9808
Legacy-15,254.0,0.9713599845141371,0.9436883181346534,0.9990316508936208,8,0.9299158990788947,1.0,0.9911858974358975,0.9102564102564102,0.9844,0.9755216693418941,0.998,0.9816
Legacy-15,255.0,0.97176070618245,0.9442676207168569,0.9992537916480432,8,0.9299158990788947,1.0,0.9919871794871795,0.9114583333333334,0.9844,0.9763242375601926,0.998,0.982
Legacy-15,256.0,0.9722113674251737,0.945112919923619,0.9993098149267283,8,0.9311173408089708,1.0,0.9923878205128205,0.9126602564102564,0.9844,0.9767255216693419,0.998,0.9824
Legacy-15,257.0,0.9725117279539621,0.9455466272521406,0.9994768286557837,8,0.9319183019623548,1.0,0.9931891025641025,0.9130608974358975,0.9844,0.9767255216693419,0.998,0.9828
Legacy-15,258.0,0.9729624695821243,0.9462722509397943,0.9996526882244543,8,0.9331197436924309,1.0,0.9935897435897436,0.9138621794871795,0.9844,0.9775280898876404,0.9984,0.9828
Legacy-15,259.0,0.9732129305524698,0.9467214302851465,0.9997044308197931,8,0.933520224269123,1.0,0.9939903846153846,0.9146634615384616,0.9844,0.9779293739967897,0.9984,0.9828
Legacy-15,260.0,0.9736635917951936,0.9475613861636142,0.999765797426773,8,0.934721665999199,1.0,0.9943910256410257,0.9158653846153846,0.9848,0.978330658105939,0.9984,0.9828
Legacy-15,261.0,0.9737637520516038,0.9478382834289117,0.9996892206742959,8,0.934721665999199,1.0,0.9943910256410257,0.9166666666666666,0.9848,0.978330658105939,0.9984,0.9828
Legacy-15,262.0,0.9740140324521871,0.9483710937500701,0.9996569711543041,8,0.935522627152583,1.0,0.9943910256410257,0.9174679487179487,0.9848,0.978330658105939,0.9984,0.9832
Legacy-15,263.0,0.9742144132943275,0.9486808184087713,0.9997480081798836,8,0.9359231077292751,1.0,0.9947916666666666,0.9178685897435898,0.9848,0.9787319422150883,0.9984,0.9832
Legacy-15,264.0,0.9744647338071479,0.9492681634350719,0.9996613041792239,8,0.9359231077292751,1.0,0.9947916666666666,0.9194711538461539,0.9848,0.9787319422150883,0.9984,0.9836
Legacy-15,265.0,0.9747150943359364,0.949902693776361,0.9995274948955117,8,0.9367240688826592,1.0,0.9947916666666666,0.9206730769230769,0.9848,0.9787319422150883,0.9984,0.9836
Legacy-15,266.0,0.9748653146644332,0.9502883339095857,0.9994422954192806,8,0.9371245494593512,1.0,0.9947916666666666,0.9214743589743589,0.9848,0.9787319422150883,0.9984,0.9836
Legacy-15,267.0,0.9752661164609512,0.9509555802325637,0.9995766526893387,8,0.9371245494593512,1.0,0.9955929487179487,0.9230769230769231,0.9848,0.9795345104333868,0.9984,0.9836
Legacy-15,268.0,0.9756168180731456,0.9516968117325907,0.9995368244137005,8,0.9375250300360433,1.0,0.9955929487179487,0.9246794871794872,0.9848,0.9803370786516854,0.9984,0.9836
Legacy-15,269.0,0.9759673794850483,0.9522564590061043,0.9996782999639923,8,0.9375250300360433,1.0,0.9955929487179487,0.9258814102564102,0.9852,0.9811396468699839,0.9984,0.984
Legacy-15,270.0,0.9761676198696636,0.9526932004880071,0.9996420392513201,8,0.9375250300360433,1.0,0.9955929487179487,0.9270833333333334,0.9856,0.9811396468699839,0.9984,0.984
Legacy-15,271.0,0.9764180007118041,0.9530349805134518,0.9998010209101563,8,0.9379255106127353,1.0,0.9959935897435898,0.9274839743589743,0.986,0.9815409309791332,0.9984,0.984
Legacy-15,272.0,0.9766181208559771,0.9533321989295612,0.999904042782393,8,0.9387264717661193,1.0,0.9959935897435898,0.9274839743589743,0.9868,0.9815409309791332,0.9984,0.984
Legacy-15,273.0,0.9769185615129706,0.9540999080320564,0.9997372149938849,8,0.9395274329195034,1.0,0.9959935897435898,0.9290865384615384,0.9868,0.9815409309791332,0.9984,0.984
Legacy-15,274.0,0.9773693231972514,0.954982600367788,0.9997560460267149,8,0.9403283940728875,1.0,0.9959935897435898,0.9306891025641025,0.9872,0.9823434991974318,0.9984,0.984
Legacy-15,275.0,0.9777197844248304,0.9554163618190965,1.0,8,0.9407288746495795,1.0,0.9959935897435898,0.9310897435897436,0.988,0.9831460674157303,0.9984,0.9844
Legacy-15,276.0,0.9778198444969168,0.955563860171362,1.0,8,0.9411293552262715,1.0,0.9959935897435898,0.9310897435897436,0.9884,0.9831460674157303,0.9984,0.9844
Legacy-15,277.0,0.9779701251547336,0.9558353678617324,1.0,8,0.9419303163796556,1.0,0.9959935897435898,0.9310897435897436,0.9884,0.9835473515248796,0.9984,0.9844
Legacy-15,278.0,0.9782705256994898,0.9564457310092048,1.0,8,0.9435322386864237,1.0,0.9963942307692307,0.9314903846153846,0.9884,0.9835473515248796,0.9984,0.9844
Legacy-15,279.0,0.9785209062843968,0.956982853549909,1.0,8,0.9439327192631157,1.0,0.9967948717948718,0.9326923076923077,0.9884,0.9835473515248796,0.9984,0.9844
Legacy-15,280.0,0.9786711869422136,0.9572511334252346,1.0,8,0.9447336804164999,1.0,0.9967948717948718,0.9326923076923077,0.9884,0.9839486356340289,0.9984,0.9844
Legacy-15,281.0,0.9787712470143001,0.9573772264897014,1.0,8,0.9451341609931918,1.0,0.9967948717948718,0.9326923076923077,0.9884,0.9839486356340289,0.9988,0.9844
Legacy-15,282.0,0.9789215276721167,0.9576424448552495,1.0,8,0.9459351221465759,1.0,0.9967948717948718,0.9326923076923077,0.9884,0.9843499197431782,0.9988,0.9844
Legacy-15,283.0,0.9791217482578468,0.9578573570959708,1.0,8,0.9463356027232679,1.0,0.9967948717948718,0.9326923076923077,0.9892,0.9847512038523274,0.9988,0.9844
Legacy-15,284.0,0.9794220887305166,0.9583761923595532,1.0,8,0.947537044453344,1.0,0.9971955128205128,0.9330929487179487,0.9896,0.9847512038523274,0.9988,0.9844
Legacy-15,285.0,0.9794720887305166,0.9584065485061365,1.0,8,0.947537044453344,1.0,0.9971955128205128,0.9330929487179487,0.99,0.9847512038523274,0.9988,0.9844
Legacy-15,286.0,0.9796722088746896,0.9586973087353353,1.0,8,0.9483380056067281,1.0,0.9971955128205128,0.9330929487179487,0.9904,0.9847512038523274,0.9988,0.9848
Legacy-15,287.0,0.979972569403478,0.959362885646053,1.0,8,0.9491389667601121,1.0,0.9971955128205128,0.9342948717948718,0.9908,0.9847512038523274,0.9988,0.9848
Legacy-15,288.0,0.9801227096037697,0.9596402311646761,1.0,8,0.9495394473368042,1.0,0.9971955128205128,0.9346955128205128,0.9912,0.9847512038523274,0.9988,0.9848
Legacy-15,289.0,0.9802228498040613,0.9598887963881778,1.0,8,0.9499399279134962,1.0,0.9971955128205128,0.9350961538461539,0.9912,0.9847512038523274,0.9988,0.9848
Legacy-15,290.0,0.9804228498040612,0.9599847169091796,1.0,8,0.9499399279134962,1.0,0.9971955128205128,0.9350961538461539,0.9924,0.9847512038523274,0.9992,0.9848
Legacy-15,291.0,0.9805228498040612,0.9600662443862756,1.0,8,0.9499399279134962,1.0,0.9971955128205128,0.9350961538461539,0.9924,0.9847512038523274,0.9992,0.9856
Legacy-15,292.0,0.9806229699482343,0.9602849377778763,1.0,8,0.9507408890668803,1.0,0.9971955128205128,0.9350961538461539,0.9924,0.9847512038523274,0.9992,0.9856
Legacy-15,293.0,0.980673130461878,0.9603266186319799,1.0,8,0.9507408890668803,1.0,0.9971955128205128,0.9350961538461539,0.9924,0.9851524879614767,0.9992,0.9856
Legacy-15,294.0,0.9807231905339644,0.960435262976883,1.0,8,0.9511413696435723,1.0,0.9971955128205128,0.9350961538461539,0.9924,0.9851524879614767,0.9992,0.9856
Legacy-15,295.0,0.9808232506060509,0.9605835086438391,1.0,8,0.9515418502202643,1.0,0.9971955128205128,0.9350961538461539,0.9924,0.9851524879614767,0.9992,0.986
Legacy-15,296.0,0.980973370750224,0.9608378830359715,1.0,8,0.9523428113736484,1.0,0.9971955128205128,0.9350961538461539,0.9924,0.9851524879614767,0.9992,0.9864
Legacy-15,297.0,0.9810233707502239,0.9608648769335019,1.0,8,0.9523428113736484,1.0,0.9971955128205128,0.9350961538461539,0.9928,0.9851524879614767,0.9992,0.9864
Legacy-15,298.0,0.9813235910787207,0.9613584347787256,1.0,8,0.9527432919503404,1.0,0.9971955128205128,0.9358974358974359,0.9932,0.9851524879614767,0.9992,0.9872
Legacy-15,299.0,0.9813235910787207,0.9613584347787256,1.0,8,0.9527432919503404,1.0,0.9971955128205128,0.9358974358974359,0.9932,0.9851524879614767,0.9992,0.9872
Legacy-15,300.0,0.981673991623477,0.9620939480590457,1.0,8,0.9543452142571085,1.0,0.9971955128205128,0.936698717948718,0.9936,0.9851524879614767,0.9992,0.9872
Legacy-15,301.0,0.9818242122092071,0.9622677902718977,1.0,8,0.9547456948338006,1.0,0.9971955128205128,0.936698717948718,0.994,0.985553772070626,0.9992,0.9872
Legacy-15,302.0,0.9821242722812936,0.9625595416171083,1.0,8,0.9551461754104926,1.0,0.9971955128205128,0.936698717948718,0.994,0.985553772070626,0.9992,0.9892
Legacy-15,303.0,0.9822743323533801,0.9627252983781388,1.0,8,0.9555466559871846,1.0,0.9971955128205128,0.936698717948718,0.9944,0.985553772070626,0.9992,0.9896
Legacy-15,304.0,0.9824745326257582,0.9631124491369258,1.0,8,0.9563476171405687,1.0,0.9971955128205128,0.9370993589743589,0.9944,0.985553772070626,0.9992,0.99
Legacy-15,305.0,0.9826248533958122,0.9634431850946368,1.0,8,0.9563476171405687,1.0,0.9971955128205128,0.9379006410256411,0.9944,0.9859550561797753,0.9992,0.99
Legacy-15,306.0,0.9827249935961039,0.9636913669434314,1.0,8,0.9567480977172607,1.0,0.9971955128205128,0.938301282051282,0.9944,0.9859550561797753,0.9992,0.99
Legacy-15,307.0,0.9828752742539205,0.9639426643935766,1.0,8,0.9575490588706448,1.0,0.9971955128205128,0.938301282051282,0.9944,0.9863563402889246,0.9992,0.99
Legacy-15,308.0,0.9830755549117371,0.9642167226386686,1.0,8,0.9583500200240288,1.0,0.9971955128205128,0.938301282051282,0.9948,0.9867576243980738,0.9992,0.99
Legacy-15,309.0,0.9832256750559102,0.9644556232895173,1.0,8,0.9591509811774129,1.0,0.9971955128205128,0.938301282051282,0.9948,0.9867576243980738,0.9992,0.9904
Legacy-15,310.0,0.9834258353123204,0.964689560650029,1.0,8,0.9591509811774129,1.0,0.9975961538461539,0.9387019230769231,0.9948,0.9867576243980738,0.9992,0.9912
Legacy-15,311.0,0.9836260556408172,0.9651157160212791,1.0,8,0.9595514617541049,1.0,0.9975961538461539,0.9395032051282052,0.9948,0.9867576243980738,0.9992,0.9916
Legacy-15,312.0,0.983776296282666,0.965320214379147,1.0,8,0.9595514617541049,1.0,0.9975961538461539,0.9399038461538461,0.9948,0.9871589085072231,0.9996,0.9916
Legacy-15,313.0,0.9838764565390763,0.9654849949303158,1.0,8,0.9595514617541049,1.0,0.9979967948717948,0.9403044871794872,0.9948,0.9871589085072231,0.9996,0.9916
Legacy-15,314.0,0.9840264565390763,0.9655761209532961,1.0,8,0.9595514617541049,1.0,0.9979967948717948,0.9403044871794872,0.9952,0.9871589085072231,0.9996,0.9924
Legacy-15,315.0,0.9840765166111628,0.9656789374339744,1.0,8,0.959951942330797,1.0,0.9979967948717948,0.9403044871794872,0.9952,0.9871589085072231,0.9996,0.9924
Legacy-15,316.0,0.9843771180390334,0.9661341908660279,1.0,8,0.960752903484181,1.0,0.9983974358974359,0.9407051282051282,0.9952,0.9879614767255217,0.9996,0.9924
Legacy-15,317.0,0.9845273183114115,0.9664831638002822,1.0,8,0.9615538646375651,1.0,0.9983974358974359,0.9411057692307693,0.9952,0.9879614767255217,0.9996,0.9924
Legacy-15,318.0,0.9846274585117031,0.9667304584682291,1.0,8,0.9619543452142572,1.0,0.9983974358974359,0.9415064102564102,0.9952,0.9879614767255217,0.9996,0.9924
Legacy-15,319.0,0.9847276187681133,0.9670229115353061,1.0,8,0.9619543452142572,1.0,0.9983974358974359,0.9423076923076923,0.9952,0.9879614767255217,0.9996,0.9924
Legacy-15,320.0,0.984827758968405,0.9672703123399571,1.0,8,0.9623548257909491,1.0,0.9983974358974359,0.9427083333333334,0.9952,0.9879614767255217,0.9996,0.9924
Legacy-15,321.0,0.9849279996102538,0.9674589313559856,1.0,8,0.9623548257909491,1.0,0.9983974358974359,0.9431089743589743,0.9952,0.9883627608346709,0.9996,0.9924
Legacy-15,322.0,0.9850282402521026,0.9676466139697909,1.0,8,0.9623548257909491,1.0,0.9983974358974359,0.9435096153846154,0.9952,0.9887640449438202,0.9996,0.9924
Legacy-15,323.0,0.9850783003241891,0.9677485255541686,1.0,8,0.9627553063676412,1.0,0.9983974358974359,0.9435096153846154,0.9952,0.9887640449438202,0.9996,0.9924
Legacy-15,324.0,0.9851783603962756,0.9678761054060727,1.0,8,0.9631557869443332,1.0,0.9983974358974359,0.9435096153846154,0.9956,0.9887640449438202,0.9996,0.9924
Legacy-15,325.0,0.9852786010381244,0.9680639346346942,1.0,8,0.9631557869443332,1.0,0.9983974358974359,0.9439102564102564,0.9956,0.9891653290529695,0.9996,0.9924
Legacy-15,326.0,0.9853786611102109,0.9681907687323146,1.0,8,0.9635562675210252,1.0,0.9983974358974359,0.9439102564102564,0.996,0.9891653290529695,0.9996,0.9924
Legacy-15,327.0,0.9856791420404056,0.9687782073550708,1.0,8,0.9651581898277933,1.0,0.9983974358974359,0.9443108974358975,0.996,0.9895666131621188,0.9996,0.9924
Legacy-15,328.0,0.9859295228825461,0.9692389017236578,1.0,8,0.9655586704044854,1.0,0.9983974358974359,0.9451121794871795,0.9964,0.9899678972712681,0.9996,0.9924
Legacy-15,329.0,0.9861298235964814,0.9695428224661555,1.0,8,0.9659591509811775,1.0,0.9983974358974359,0.9455128205128205,0.9964,0.9903691813804173,1.0,0.9924
Legacy-15,330.0,0.9861798836685679,0.9696411719521739,1.0,8,0.9663596315578694,1.0,0.9983974358974359,0.9455128205128205,0.9964,0.9903691813804173,1.0,0.9924
Legacy-15,331.0,0.9863301039970647,0.9700360491516599,1.0,8,0.9667601121345615,1.0,0.9983974358974359,0.9463141025641025,0.9964,0.9903691813804173,1.0,0.9924
Legacy-15,332.0,0.986580384397648,0.9705635454414824,1.0,8,0.9675610732879455,1.0,0.9983974358974359,0.9471153846153846,0.9964,0.9903691813804173,1.0,0.9928
Legacy-15,333.0,0.9869309855682851,0.9712653393305946,1.0,8,0.9683620344413296,1.0,0.9987980769230769,0.9483173076923077,0.9964,0.9907704654895666,1.0,0.9928
Legacy-15,334.0,0.9872813660569227,0.9719195412084102,1.0,8,0.9703644373247897,1.0,0.9987980769230769,0.9487179487179487,0.9968,0.9907704654895666,1.0,0.9928
Legacy-15,335.0,0.9874817672124152,0.9721858864828826,1.0,8,0.9703644373247897,1.0,0.9987980769230769,0.9491185897435898,0.9968,0.9915730337078652,1.0,0.9932
Legacy-15,336.0,0.9876319877981453,0.9723448311659137,1.0,8,0.9707649179014818,1.0,0.9987980769230769,0.9491185897435898,0.9972,0.9919743178170144,1.0,0.9932
Legacy-15,337.0,0.9879325892260159,0.9729109249591779,1.0,8,0.9715658790548658,1.0,0.9987980769230769,0.9499198717948718,0.9972,0.992776886035313,1.0,0.9932
Legacy-15,338.0,0.9881828698838326,0.9731830335735727,1.0,8,0.9723668402082499,1.0,0.9987980769230769,0.9499198717948718,0.998,0.9931781701444623,1.0,0.9932
Legacy-15,339.0,0.9882328698838326,0.973219210862133,1.0,8,0.9723668402082499,1.0,0.9987980769230769,0.9499198717948718,0.998,0.9931781701444623,1.0,0.9936
Legacy-15,340.0,0.9883329299559191,0.9733347596607873,1.0,8,0.9727673207849419,1.0,0.9987980769230769,0.9499198717948718,0.9984,0.9931781701444623,1.0,0.9936
Legacy-15,341.0,0.9884830501000921,0.9735519568741753,1.0,8,0.973568281938326,1.0,0.9987980769230769,0.9499198717948718,0.9984,0.9931781701444623,1.0,0.994
Legacy-15,342.0,0.988683290741941,0.9737877734119537,1.0,8,0.973568281938326,1.0,0.9987980769230769,0.9503205128205128,0.9992,0.9935794542536116,1.0,0.994
Legacy-15,343.0,0.9887333508140275,0.973878006173247,1.0,8,0.9739687625150181,1.0,0.9987980769230769,0.9503205128205128,0.9992,0.9935794542536116,1.0,0.994
Legacy-15,344.0,0.9887834108861139,0.9739674017868496,1.0,8,0.97436924309171,1.0,0.9987980769230769,0.9503205128205128,0.9992,0.9935794542536116,1.0,0.994
Legacy-15,345.0,0.9889336111584921,0.9741663687026845,1.0,8,0.9751702042450942,1.0,0.999198717948718,0.9503205128205128,0.9992,0.9935794542536116,1.0,0.994
Legacy-15,346.0,0.9889837716721357,0.9742034492047166,1.0,8,0.9751702042450942,1.0,0.999198717948718,0.9503205128205128,0.9992,0.9939807383627608,1.0,0.994
Legacy-15,347.0,0.9891840921849562,0.9746885447971216,1.0,8,0.9751702042450942,1.0,0.9995993589743589,0.9515224358974359,0.9992,0.9939807383627608,1.0,0.994
Legacy-15,348.0,0.9892341723131614,0.9748424798477064,1.0,8,0.9751702042450942,1.0,0.9995993589743589,0.9519230769230769,0.9992,0.9939807383627608,1.0,0.994
Legacy-15,349.0,0.9892842524413665,0.9749961879888474,1.0,8,0.9751702042450942,1.0,0.9995993589743589,0.952323717948718,0.9992,0.9939807383627608,1.0,0.994
Legacy-15,350.0,0.9894345732114204,0.9753394884638295,1.0,8,0.9751702042450942,1.0,0.9995993589743589,0.953125,0.9992,0.9943820224719101,1.0,0.994
Legacy-15,351.0,0.9895348942387077,0.9754097082812718,1.0,8,0.9751702042450942,1.0,0.9995993589743589,0.953125,0.9992,0.9951845906902087,1.0,0.994
Legacy-15,352.0,0.9895849743669128,0.9755628141774558,1.0,8,0.9751702042450942,1.0,0.9995993589743589,0.9535256410256411,0.9992,0.9951845906902087,1.0,0.994
Legacy-15,353.0,0.9897351145672044,0.9757118458870706,1.0,8,0.9755706848217861,1.0,1.0,0.9535256410256411,0.9992,0.9951845906902087,1.0,0.9944
Legacy-15,354.0,0.9898851946954096,0.9759366603549156,1.0,8,0.9755706848217861,1.0,1.0,0.953926282051282,0.9992,0.9951845906902087,1.0,0.9952
Legacy-15,355.0,0.990035435080025,0.9763952609695161,1.0,8,0.9755706848217861,1.0,1.0,0.9551282051282052,0.9992,0.9951845906902087,1.0,0.9952
Legacy-15,356.0,0.9902356754646404,0.9768859850008523,1.0,8,0.9755706848217861,1.0,1.0,0.9563301282051282,0.9992,0.9951845906902087,1.0,0.9956
Legacy-15,357.0,0.9903358357210507,0.9771888459700041,1.0,8,0.9755706848217861,1.0,1.0,0.9571314102564102,0.9992,0.9951845906902087,1.0,0.9956
Legacy-15,358.0,0.9904360763628994,0.9773747323002643,1.0,8,0.9755706848217861,1.0,1.0,0.9575320512820513,0.9992,0.9955858747993579,1.0,0.9956
Legacy-15,359.0,0.9905863971329534,0.977709791620416,1.0,8,0.9755706848217861,1.0,1.0,0.9583333333333334,0.9992,0.9959871589085072,1.0,0.9956
Legacy-15,360.0,0.9906865573893636,0.97800978436774,1.0,8,0.9755706848217861,1.0,1.0,0.9591346153846154,0.9992,0.9959871589085072,1.0,0.9956
Legacy-15,361.0,0.9907866975896552,0.9782571240636023,1.0,8,0.9759711653984782,1.0,1.0,0.9595352564102564,0.9992,0.9959871589085072,1.0,0.9956
Legacy-15,362.0,0.9909368578460654,0.9785904122854873,1.0,8,0.9759711653984782,1.0,1.0,0.9603365384615384,0.9992,0.9959871589085072,1.0,0.996
Legacy-15,363.0,0.9910870982306809,0.9790366201290526,1.0,8,0.9759711653984782,1.0,1.0,0.9615384615384616,0.9992,0.9959871589085072,1.0,0.996
Legacy-15,364.0,0.9911871783588859,0.9792178102142096,1.0,8,0.9759711653984782,1.0,1.0,0.9619391025641025,0.9992,0.9959871589085072,1.0,0.9964
Legacy-15,365.0,0.9912372584870911,0.9793654835054694,1.0,8,0.9759711653984782,1.0,1.0,0.9623397435897436,0.9992,0.9959871589085072,1.0,0.9964
Legacy-15,366.0,0.9913874991289399,0.9795786182792718,1.0,8,0.9759711653984782,1.0,1.0,0.9627403846153846,0.9992,0.9963884430176565,1.0,0.9968
Legacy-15,367.0,0.991487579257145,0.9797485309364865,1.0,8,0.9759711653984782,1.0,1.0,0.9631410256410257,0.9996,0.9963884430176565,1.0,0.9968
Legacy-15,368.0,0.9915877395135553,0.9800411319559628,1.0,8,0.9759711653984782,1.0,1.0,0.9639423076923077,0.9996,0.9963884430176565,1.0,0.9968
Legacy-15,369.0,0.9916877995856418,0.98017627020873,1.0,8,0.9763716459751702,1.0,1.0,0.9639423076923077,0.9996,0.9963884430176565,1.0,0.9972
Legacy-15,370.0,0.9919381601144301,0.9808223377212264,1.0,8,0.9771726071285542,1.0,1.0,0.9651442307692307,0.9996,0.9963884430176565,1.0,0.9972
Legacy-15,371.0,0.9921383804429269,0.9812491148905186,1.0,8,0.9775730877052463,1.0,1.0,0.9659455128205128,0.9996,0.9963884430176565,1.0,0.9976
Legacy-15,372.0,0.9922385406993373,0.981540890522258,1.0,8,0.9775730877052463,1.0,1.0,0.9667467948717948,0.9996,0.9963884430176565,1.0,0.9976
Legacy-15,373.0,0.9922385406993373,0.981540890522258,1.0,8,0.9775730877052463,1.0,1.0,0.9667467948717948,0.9996,0.9963884430176565,1.0,0.9976
Legacy-15,374.0,0.9922385406993373,0.981540890522258,1.0,8,0.9775730877052463,1.0,1.0,0.9667467948717948,0.9996,0.9963884430176565,1.0,0.9976
Legacy-15,375.0,0.9923886007714238,0.9817028514162252,1.0,8,0.9779735682819384,1.0,1.0,0.9667467948717948,0.9996,0.9963884430176565,1.0,0.9984
Legacy-15,376.0,0.9923886007714238,0.9817028514162252,1.0,8,0.9779735682819384,1.0,1.0,0.9667467948717948,0.9996,0.9963884430176565,1.0,0.9984
Legacy-15,377.0,0.9923886007714238,0.9817028514162252,1.0,8,0.9779735682819384,1.0,1.0,0.9667467948717948,0.9996,0.9963884430176565,1.0,0.9984
Legacy-15,378.0,0.9923886007714238,0.9817028514162252,1.0,8,0.9779735682819384,1.0,1.0,0.9667467948717948,0.9996,0.9963884430176565,1.0,0.9984
Legacy-15,379.0,0.9924886608435102,0.9818333158032228,1.0,8,0.9783740488586303,1.0,1.0,0.9667467948717948,0.9996,0.9963884430176565,1.0,0.9988
Legacy-15,380.0,0.9925387409717153,0.9819798465331807,1.0,8,0.9783740488586303,1.0,1.0,0.9671474358974359,0.9996,0.9963884430176565,1.0,0.9988
Legacy-15,381.0,0.9926388811720069,0.9822297972777483,1.0,8,0.9787745294353224,1.0,1.0,0.9675480769230769,0.9996,0.9963884430176565,1.0,0.9988
Legacy-15,382.0,0.9927890814443852,0.9825819865506403,1.0,8,0.9795754905887064,1.0,1.0,0.967948717948718,0.9996,0.9963884430176565,1.0,0.9988
Legacy-15,383.0,0.9928390814443852,0.9826078028856803,1.0,8,0.9795754905887064,1.0,1.0,0.967948717948718,0.9996,0.9963884430176565,1.0,0.9992
Legacy-15,384.0,0.9930393417888498,0.9830577596433654,1.0,8,0.9807769323187825,1.0,1.0,0.9683493589743589,0.9996,0.9963884430176565,1.0,0.9992
Legacy-15,385.0,0.9931394018609363,0.9831795215163307,1.0,8,0.9811774128954746,1.0,1.0,0.9683493589743589,1.0,0.9963884430176565,1.0,0.9992
Legacy-15,386.0,0.9932396224466664,0.983313556464375,1.0,8,0.9815778934721666,1.0,1.0,0.9683493589743589,1.0,0.9967897271268058,1.0,0.9992
Legacy-15,387.0,0.9932897829603101,0.9833486847168247,1.0,8,0.9815778934721666,1.0,1.0,0.9683493589743589,1.0,0.9971910112359551,1.0,0.9992
Legacy-15,388.0,0.9933899231606017,0.9835962253449523,1.0,8,0.9819783740488587,1.0,1.0,0.96875,1.0,0.9971910112359551,1.0,0.9992
Legacy-15,389.0,0.993490083417012,0.9838969243876873,1.0,8,0.9819783740488587,1.0,1.0,0.969551282051282,1.0,0.9971910112359551,1.0,0.9992
Legacy-15,390.0,0.993490083417012,0.9838969243876873,1.0,8,0.9819783740488587,1.0,1.0,0.969551282051282,1.0,0.9971910112359551,1.0,0.9992
Legacy-15,391.0,0.993790604459444,0.9845771232272452,1.0,8,0.9827793352022427,1.0,1.0,0.9707532051282052,1.0,0.9975922953451043,1.0,0.9992
Legacy-15,392.0,0.9938908451012928,0.9847599440936818,1.0,8,0.9827793352022427,1.0,1.0,0.9711538461538461,1.0,0.9979935794542536,1.0,0.9992
Legacy-15,393.0,0.9940410854859082,0.9852070268412635,1.0,8,0.9827793352022427,1.0,1.0,0.9723557692307693,1.0,0.9979935794542536,1.0,0.9992
Legacy-15,394.0,0.9940410854859082,0.9852070268412635,1.0,8,0.9827793352022427,1.0,1.0,0.9723557692307693,1.0,0.9979935794542536,1.0,0.9992
Legacy-15,395.0,0.9940410854859082,0.9852070268412635,1.0,8,0.9827793352022427,1.0,1.0,0.9723557692307693,1.0,0.9979935794542536,1.0,0.9992
Legacy-15,396.0,0.9940911455579947,0.9853074289382584,1.0,8,0.9831798157789348,1.0,1.0,0.9723557692307693,1.0,0.9979935794542536,1.0,0.9992
Legacy-15,397.0,0.9941912857582863,0.9855561651200604,1.0,8,0.9835802963556267,1.0,1.0,0.9727564102564102,1.0,0.9979935794542536,1.0,0.9992
Legacy-15,398.0,0.99424144627193,0.9855878821368004,1.0,8,0.9835802963556267,1.0,1.0,0.9727564102564102,1.0,0.9983948635634029,1.0,0.9992
Legacy-15,399.0,0.9943916666004268,0.9859860461565563,1.0,8,0.9839807769323188,1.0,1.0,0.9735576923076923,1.0,0.9983948635634029,1.0,0.9992
Legacy-15,400.0,0.9944417467286318,0.9861350558315831,1.0,8,0.9839807769323188,1.0,1.0,0.9739583333333334,1.0,0.9983948635634029,1.0,0.9992
Legacy-15,401.0,0.9944417467286318,0.9861350558315831,1.0,8,0.9839807769323188,1.0,1.0,0.9739583333333334,1.0,0.9983948635634029,1.0,0.9992
Legacy-15,402.0,0.994491826856837,0.9862835488337892,1.0,8,0.9839807769323188,1.0,1.0,0.9743589743589743,1.0,0.9983948635634029,1.0,0.9992
Legacy-15,403.0,0.9945418869289235,0.9863841317805603,1.0,8,0.9843812575090108,1.0,1.0,0.9743589743589743,1.0,0.9983948635634029,1.0,0.9992
Legacy-15,404.0,0.9945418869289235,0.9863841317805603,1.0,8,0.9843812575090108,1.0,1.0,0.9743589743589743,1.0,0.9983948635634029,1.0,0.9992
Legacy-15,405.0,0.9946420070730965,0.9865810300188702,1.0,8,0.9851822186623949,1.0,1.0,0.9743589743589743,1.0,0.9983948635634029,1.0,0.9992
Legacy-15,406.0,0.9947922274015932,0.9869795366015175,1.0,8,0.9855826992390869,1.0,1.0,0.9751602564102564,1.0,0.9983948635634029,1.0,0.9992
Legacy-15,407.0,0.9948923676018849,0.9872272355549175,1.0,8,0.985983179815779,1.0,1.0,0.9755608974358975,1.0,0.9983948635634029,1.0,0.9992
Legacy-15,408.0,0.9948923676018849,0.9872272355549175,1.0,8,0.985983179815779,1.0,1.0,0.9755608974358975,1.0,0.9983948635634029,1.0,0.9992
Legacy-15,409.0,0.9949424276739715,0.9873230091944943,1.0,8,0.9863836603924709,1.0,1.0,0.9755608974358975,1.0,0.9983948635634029,1.0,0.9992
Legacy-15,410.0,0.9949924877460579,0.9874172082133901,1.0,8,0.986784140969163,1.0,1.0,0.9755608974358975,1.0,0.9983948635634029,1.0,0.9992
Legacy-15,411.0,0.9951927480905225,0.9878451021853659,1.0,8,0.9879855826992391,1.0,1.0,0.9759615384615384,1.0,0.9983948635634029,1.0,0.9992
Legacy-15,412.0,0.9952428282187277,0.9879997052567249,1.0,8,0.9879855826992391,1.0,1.0,0.9763621794871795,1.0,0.9983948635634029,1.0,0.9992
Legacy-15,413.0,0.9952929083469328,0.9881538736804208,1.0,8,0.9879855826992391,1.0,1.0,0.9767628205128205,1.0,0.9983948635634029,1.0,0.9992
Legacy-15,414.0,0.9953931489887816,0.9883393863061407,1.0,8,0.9879855826992391,1.0,1.0,0.9771634615384616,1.0,0.9987961476725522,1.0,0.9992
Legacy-15,415.0,0.9954432090608681,0.9884305786564171,1.0,8,0.9883860632759311,1.0,1.0,0.9771634615384616,1.0,0.9987961476725522,1.0,0.9992
Legacy-15,416.0,0.9954432090608681,0.9884305786564171,1.0,8,0.9883860632759311,1.0,1.0,0.9771634615384616,1.0,0.9987961476725522,1.0,0.9992
Legacy-15,417.0,0.9955432090608681,0.9884839402047965,1.0,8,0.9883860632759311,1.0,1.0,0.9771634615384616,1.0,0.9987961476725522,1.0,1.0
Legacy-15,418.0,0.9955432090608681,0.9884839402047965,1.0,8,0.9883860632759311,1.0,1.0,0.9771634615384616,1.0,0.9987961476725522,1.0,1.0
Legacy-15,419.0,0.9956433492611597,0.9887285973100586,1.0,8,0.9887865438526231,1.0,1.0,0.9775641025641025,1.0,0.9987961476725522,1.0,1.0
Legacy-15,420.0,0.9956934093332462,0.9888174168820512,1.0,8,0.9891870244293152,1.0,1.0,0.9775641025641025,1.0,0.9987961476725522,1.0,1.0
Legacy-15,421.0,0.9956934093332462,0.9888174168820512,1.0,8,0.9891870244293152,1.0,1.0,0.9775641025641025,1.0,0.9987961476725522,1.0,1.0
Legacy-15,422.0,0.9959437698620346,0.9894596502947323,1.0,8,0.9899879855826993,1.0,1.0,0.9787660256410257,1.0,0.9987961476725522,1.0,1.0
Legacy-15,423.0,0.9961440302064992,0.9898696509744097,1.0,8,0.9911894273127754,1.0,1.0,0.9791666666666666,1.0,0.9987961476725522,1.0,1.0
Legacy-15,424.0,0.9962442708483481,0.9900599524235517,1.0,8,0.9911894273127754,1.0,1.0,0.9795673076923077,1.0,0.9991974317817014,1.0,1.0
Legacy-15,425.0,0.9962943309204345,0.9901416544658158,1.0,8,0.9915899078894673,1.0,1.0,0.9795673076923077,1.0,0.9991974317817014,1.0,1.0
Legacy-15,426.0,0.9963944711207262,0.9903807841631385,1.0,8,0.9919903884661594,1.0,1.0,0.9799679487179487,1.0,0.9991974317817014,1.0,1.0
Legacy-15,427.0,0.9964946113210178,0.9906191104447241,1.0,8,0.9923908690428515,1.0,1.0,0.9803685897435898,1.0,0.9991974317817014,1.0,1.0
Legacy-15,428.0,0.9965948519628666,0.9908093814988277,1.0,8,0.9923908690428515,1.0,1.0,0.9807692307692307,1.0,0.9995987158908507,1.0,1.0
Legacy-15,429.0,0.9966449320910717,0.9909687404158735,1.0,8,0.9923908690428515,1.0,1.0,0.9811698717948718,1.0,0.9995987158908507,1.0,1.0
Legacy-15,430.0,0.9967450722913633,0.9912075295309973,1.0,8,0.9927913496195434,1.0,1.0,0.9815705128205128,1.0,0.9995987158908507,1.0,1.0
Legacy-15,431.0,0.9968452928770936,0.9913134840162479,1.0,8,0.9931918301962355,1.0,1.0,0.9815705128205128,1.0,1.0,1.0,1.0
Legacy-15,432.0,0.996995473093353,0.9915319360528647,1.0,8,0.9943932719263116,1.0,1.0,0.9815705128205128,1.0,1.0,1.0,1.0
Legacy-15,433.0,0.9970455331654395,0.9915997935803308,1.0,8,0.9947937525030036,1.0,1.0,0.9815705128205128,1.0,1.0,1.0,1.0
Legacy-15,434.0,0.9970955932375261,0.9916651277298959,1.0,8,0.9951942330796957,1.0,1.0,0.9815705128205128,1.0,1.0,1.0,1.0
Legacy-15,435.0,0.9970955932375261,0.9916651277298959,1.0,8,0.9951942330796957,1.0,1.0,0.9815705128205128,1.0,1.0,1.0,1.0
Legacy-15,436.0,0.9970955932375261,0.9916651277298959,1.0,8,0.9951942330796957,1.0,1.0,0.9815705128205128,1.0,1.0,1.0,1.0
Legacy-15,437.0,0.9970955932375261,0.9916651277298959,1.0,8,0.9951942330796957,1.0,1.0,0.9815705128205128,1.0,1.0,1.0,1.0
Legacy-15,438.0,0.9970955932375261,0.9916651277298959,1.0,8,0.9951942330796957,1.0,1.0,0.9815705128205128,1.0,1.0,1.0,1.0
Legacy-15,439.0,0.9970955932375261,0.9916651277298959,1.0,8,0.9951942330796957,1.0,1.0,0.9815705128205128,1.0,1.0,1.0,1.0
Legacy-15,440.0,0.9970955932375261,0.9916651277298959,1.0,8,0.9951942330796957,1.0,1.0,0.9815705128205128,1.0,1.0,1.0,1.0
Legacy-15,441.0,0.9971456733657312,0.9918295195181442,1.0,8,0.9951942330796957,1.0,1.0,0.9819711538461539,1.0,1.0,1.0,1.0
Legacy-15,442.0,0.9971957534939363,0.9919937266135073,1.0,8,0.9951942330796957,1.0,1.0,0.9823717948717948,1.0,1.0,1.0,1.0
Legacy-15,443.0,0.9971957534939363,0.9919937266135073,1.0,8,0.9951942330796957,1.0,1.0,0.9823717948717948,1.0,1.0,1.0,1.0
Legacy-15,444.0,0.997295893694228,0.9922225691744576,1.0,8,0.9955947136563876,1.0,1.0,0.9827724358974359,1.0,1.0,1.0,1.0
Legacy-15,445.0,0.997295893694228,0.9922225691744576,1.0,8,0.9955947136563876,1.0,1.0,0.9827724358974359,1.0,1.0,1.0,1.0
Legacy-15,446.0,0.997295893694228,0.9922225691744576,1.0,8,0.9955947136563876,1.0,1.0,0.9827724358974359,1.0,1.0,1.0,1.0
Legacy-15,447.0,0.997295893694228,0.9922225691744576,1.0,8,0.9955947136563876,1.0,1.0,0.9827724358974359,1.0,1.0,1.0,1.0
Legacy-15,448.0,0.997295893694228,0.9922225691744576,1.0,8,0.9955947136563876,1.0,1.0,0.9827724358974359,1.0,1.0,1.0,1.0
Legacy-15,449.0,0.997295893694228,0.9922225691744576,1.0,8,0.9955947136563876,1.0,1.0,0.9827724358974359,1.0,1.0,1.0,1.0
Legacy-15,450.0,0.997295893694228,0.9922225691744576,1.0,8,0.9955947136563876,1.0,1.0,0.9827724358974359,1.0,1.0,1.0,1.0
Legacy-15,451.0,0.9973960539506382,0.9925514619175191,1.0,8,0.9955947136563876,1.0,1.0,0.983573717948718,1.0,1.0,1.0,1.0
Legacy-15,452.0,0.9973960539506382,0.9925514619175191,1.0,8,0.9955947136563876,1.0,1.0,0.983573717948718,1.0,1.0,1.0,1.0
Legacy-15,453.0,0.9974461340788433,0.9927156075904544,1.0,8,0.9955947136563876,1.0,1.0,0.9839743589743589,1.0,1.0,1.0,1.0
Legacy-15,454.0,0.9974962142070485,0.9928795329770765,1.0,8,0.9955947136563876,1.0,1.0,0.984375,1.0,1.0,1.0,1.0
Legacy-15,455.0,0.9976464345355452,0.9932733889251318,1.0,8,0.9959951942330797,1.0,1.0,0.985176282051282,1.0,1.0,1.0,1.0
Legacy-15,456.0,0.9977465947919555,0.9936012799142218,1.0,8,0.9959951942330797,1.0,1.0,0.9859775641025641,1.0,1.0,1.0,1.0
Legacy-15,457.0,0.9977966749201606,0.9937648300638049,1.0,8,0.9959951942330797,1.0,1.0,0.9863782051282052,1.0,1.0,1.0,1.0
Legacy-15,458.0,0.9977966749201606,0.9937648300638049,1.0,8,0.9959951942330797,1.0,1.0,0.9863782051282052,1.0,1.0,1.0,1.0
Legacy-15,459.0,0.997946915304776,0.9942536077807216,1.0,8,0.9959951942330797,1.0,1.0,0.9875801282051282,1.0,1.0,1.0,1.0
Legacy-15,460.0,0.997946915304776,0.9942536077807216,1.0,8,0.9959951942330797,1.0,1.0,0.9875801282051282,1.0,1.0,1.0,1.0
Legacy-15,461.0,0.997946915304776,0.9942536077807216,1.0,8,0.9959951942330797,1.0,1.0,0.9875801282051282,1.0,1.0,1.0,1.0
Legacy-15,462.0,0.997946915304776,0.9942536077807216,1.0,8,0.9959951942330797,1.0,1.0,0.9875801282051282,1.0,1.0,1.0,1.0
Legacy-15,463.0,0.997946915304776,0.9942536077807216,1.0,8,0.9959951942330797,1.0,1.0,0.9875801282051282,1.0,1.0,1.0,1.0
Legacy-15,464.0,0.997946915304776,0.9942536077807216,1.0,8,0.9959951942330797,1.0,1.0,0.9875801282051282,1.0,1.0,1.0,1.0
Legacy-15,465.0,0.9980470555050677,0.9944863314964075,1.0,8,0.9963956748097718,1.0,1.0,0.9879807692307693,1.0,1.0,1.0,1.0
Legacy-15,466.0,0.9980470555050677,0.9944863314964075,1.0,8,0.9963956748097718,1.0,1.0,0.9879807692307693,1.0,1.0,1.0,1.0
Legacy-15,467.0,0.9980470555050677,0.9944863314964075,1.0,8,0.9963956748097718,1.0,1.0,0.9879807692307693,1.0,1.0,1.0,1.0
Legacy-15,468.0,0.9980971155771541,0.9945530130120961,1.0,8,0.9967961553864637,1.0,1.0,0.9879807692307693,1.0,1.0,1.0,1.0
Legacy-15,469.0,0.9981471756492406,0.9946158014291727,1.0,8,0.9971966359631558,1.0,1.0,0.9879807692307693,1.0,1.0,1.0,1.0
Legacy-15,470.0,0.9981972357213271,0.9946746545459138,1.0,8,0.9975971165398478,1.0,1.0,0.9879807692307693,1.0,1.0,1.0,1.0
Legacy-15,471.0,0.9983975361780291,0.9952295860998275,1.0,8,0.9979975971165399,1.0,1.0,0.9891826923076923,1.0,1.0,1.0,1.0
Legacy-15,472.0,0.9983975361780291,0.9952295860998275,1.0,8,0.9979975971165399,1.0,1.0,0.9891826923076923,1.0,1.0,1.0,1.0
Legacy-15,473.0,0.9984475962501155,0.9952824849455912,1.0,8,0.9983980776932319,1.0,1.0,0.9891826923076923,1.0,1.0,1.0,1.0
Legacy-15,474.0,0.9984475962501155,0.9952824849455912,1.0,8,0.9983980776932319,1.0,1.0,0.9891826923076923,1.0,1.0,1.0,1.0
Legacy-15,475.0,0.9984475962501155,0.9952824849455912,1.0,8,0.9983980776932319,1.0,1.0,0.9891826923076923,1.0,1.0,1.0,1.0
Legacy-15,476.0,0.9984976763783207,0.9954496482436512,1.0,8,0.9983980776932319,1.0,1.0,0.9895833333333334,1.0,1.0,1.0,1.0
Legacy-15,477.0,0.9984976763783207,0.9954496482436512,1.0,8,0.9983980776932319,1.0,1.0,0.9895833333333334,1.0,1.0,1.0,1.0
Legacy-15,478.0,0.9984976763783207,0.9954496482436512,1.0,8,0.9983980776932319,1.0,1.0,0.9895833333333334,1.0,1.0,1.0,1.0
Legacy-15,479.0,0.9984976763783207,0.9954496482436512,1.0,8,0.9983980776932319,1.0,1.0,0.9895833333333334,1.0,1.0,1.0,1.0
Legacy-15,480.0,0.9984976763783207,0.9954496482436512,1.0,8,0.9983980776932319,1.0,1.0,0.9895833333333334,1.0,1.0,1.0,1.0
Legacy-15,481.0,0.9985477565065257,0.9956167025525212,1.0,8,0.9983980776932319,1.0,1.0,0.9899839743589743,1.0,1.0,1.0,1.0
Legacy-15,482.0,0.9985477565065257,0.9956167025525212,1.0,8,0.9983980776932319,1.0,1.0,0.9899839743589743,1.0,1.0,1.0,1.0
Legacy-15,483.0,0.9985477565065257,0.9956167025525212,1.0,8,0.9983980776932319,1.0,1.0,0.9899839743589743,1.0,1.0,1.0,1.0
Legacy-15,484.0,0.9985477565065257,0.9956167025525212,1.0,8,0.9983980776932319,1.0,1.0,0.9899839743589743,1.0,1.0,1.0,1.0
Legacy-15,485.0,0.9985978366347309,0.9957836342815458,1.0,8,0.9983980776932319,1.0,1.0,0.9903846153846154,1.0,1.0,1.0,1.0
Legacy-15,486.0,0.9985978366347309,0.9957836342815458,1.0,8,0.9983980776932319,1.0,1.0,0.9903846153846154,1.0,1.0,1.0,1.0
Legacy-15,487.0,0.9986479167629361,0.9959504275006963,1.0,8,0.9983980776932319,1.0,1.0,0.9907852564102564,1.0,1.0,1.0,1.0
Legacy-15,488.0,0.9986479167629361,0.9959504275006963,1.0,8,0.9983980776932319,1.0,1.0,0.9907852564102564,1.0,1.0,1.0,1.0
Legacy-15,489.0,0.9986479167629361,0.9959504275006963,1.0,8,0.9983980776932319,1.0,1.0,0.9907852564102564,1.0,1.0,1.0,1.0
Legacy-15,490.0,0.9986479167629361,0.9959504275006963,1.0,8,0.9983980776932319,1.0,1.0,0.9907852564102564,1.0,1.0,1.0,1.0
Legacy-15,491.0,0.9986479167629361,0.9959504275006963,1.0,8,0.9983980776932319,1.0,1.0,0.9907852564102564,1.0,1.0,1.0,1.0
Legacy-15,492.0,0.9986479167629361,0.9959504275006963,1.0,8,0.9983980776932319,1.0,1.0,0.9907852564102564,1.0,1.0,1.0,1.0
Legacy-15,493.0,0.9986479167629361,0.9959504275006963,1.0,8,0.9983980776932319,1.0,1.0,0.9907852564102564,1.0,1.0,1.0,1.0
Legacy-15,494.0,0.9986979768350226,0.9960015944301671,1.0,8,0.9987985582699239,1.0,1.0,0.9907852564102564,1.0,1.0,1.0,1.0
Legacy-15,495.0,0.9986979768350226,0.9960015944301671,1.0,8,0.9987985582699239,1.0,1.0,0.9907852564102564,1.0,1.0,1.0,1.0
Legacy-15,496.0,0.9986979768350226,0.9960015944301671,1.0,8,0.9987985582699239,1.0,1.0,0.9907852564102564,1.0,1.0,1.0,1.0
Legacy-15,497.0,0.9987480569632277,0.9961690569691565,1.0,8,0.9987985582699239,1.0,1.0,0.9911858974358975,1.0,1.0,1.0,1.0
Legacy-15,498.0,0.9987480569632277,0.9961690569691565,1.0,8,0.9987985582699239,1.0,1.0,0.9911858974358975,1.0,1.0,1.0,1.0
Legacy-15,499.0,0.9987981370914328,0.9963364182412261,1.0,8,0.9987985582699239,1.0,1.0,0.9915865384615384,1.0,1.0,1.0,1.0
Legacy-15,500.0,0.9988482172196379,0.9965036630493647,1.0,8,0.9987985582699239,1.0,1.0,0.9919871794871795,1.0,1.0,1.0,1.0
Legacy-15,501.0,0.9988482172196379,0.9965036630493647,1.0,8,0.9987985582699239,1.0,1.0,0.9919871794871795,1.0,1.0,1.0,1.0
Legacy-15,502.0,0.9988982973478431,0.9966707730159743,1.0,8,0.9987985582699239,1.0,1.0,0.9923878205128205,1.0,1.0,1.0,1.0
Legacy-15,503.0,0.9989483574199296,0.9967194782658146,1.0,8,0.999199038846616,1.0,1.0,0.9923878205128205,1.0,1.0,1.0,1.0
Legacy-15,504.0,0.9989483574199296,0.9967194782658146,1.0,8,0.999199038846616,1.0,1.0,0.9923878205128205,1.0,1.0,1.0,1.0
Legacy-15,505.0,0.9989483574199296,0.9967194782658146,1.0,8,0.999199038846616,1.0,1.0,0.9923878205128205,1.0,1.0,1.0,1.0
Legacy-15,506.0,0.9989984375481347,0.9968873046446091,1.0,8,0.999199038846616,1.0,1.0,0.9927884615384616,1.0,1.0,1.0,1.0
Legacy-15,507.0,0.9990484976202212,0.996930256188095,1.0,8,0.9995995194233079,1.0,1.0,0.9927884615384616,1.0,1.0,1.0,1.0
Legacy-15,508.0,0.9990985777484263,0.9970985837288215,1.0,8,0.9995995194233079,1.0,1.0,0.9931891025641025,1.0,1.0,1.0,1.0
Legacy-15,509.0,0.9990985777484263,0.9970985837288215,1.0,8,0.9995995194233079,1.0,1.0,0.9931891025641025,1.0,1.0,1.0,1.0
Legacy-15,510.0,0.9991486378205128,0.9971351662660256,1.0,8,1.0,1.0,1.0,0.9931891025641025,1.0,1.0,1.0,1.0
Legacy-15,511.0,0.999198717948718,0.9973036858974359,1.0,8,1.0,1.0,1.0,0.9935897435897436,1.0,1.0,1.0,1.0
Legacy-15,512.0,0.999198717948718,0.9973036858974359,1.0,8,1.0,1.0,1.0,0.9935897435897436,1.0,1.0,1.0,1.0
Legacy-15,513.0,0.9992487980769231,0.9974722055288462,1.0,8,1.0,1.0,1.0,0.9939903846153846,1.0,1.0,1.0,1.0
Legacy-15,514.0,0.9992988782051282,0.9976407251602564,1.0,8,1.0,1.0,1.0,0.9943910256410257,1.0,1.0,1.0,1.0
Legacy-15,515.0,0.9993489583333334,0.9978092447916667,1.0,8,1.0,1.0,1.0,0.9947916666666666,1.0,1.0,1.0,1.0
Legacy-15,516.0,0.9993489583333334,0.9978092447916667,1.0,8,1.0,1.0,1.0,0.9947916666666666,1.0,1.0,1.0,1.0
Legacy-15,517.0,0.9993489583333334,0.9978092447916667,1.0,8,1.0,1.0,1.0,0.9947916666666666,1.0,1.0,1.0,1.0
Legacy-15,518.0,0.9993990384615384,0.997977764423077,1.0,8,1.0,1.0,1.0,0.9951923076923077,1.0,1.0,1.0,1.0
Legacy-15,519.0,0.9993990384615384,0.997977764423077,1.0,8,1.0,1.0,1.0,0.9951923076923077,1.0,1.0,1.0,1.0
Legacy-15,520.0,0.9993990384615384,0.997977764423077,1.0,8,1.0,1.0,1.0,0.9951923076923077,1.0,1.0,1.0,1.0
Legacy-15,521.0,0.9993990384615384,0.997977764423077,1.0,8,1.0,1.0,1.0,0.9951923076923077,1.0,1.0,1.0,1.0
Legacy-15,522.0,0.9993990384615384,0.997977764423077,1.0,8,1.0,1.0,1.0,0.9951923076923077,1.0,1.0,1.0,1.0
Legacy-15,523.0,0.9993990384615384,0.997977764423077,1.0,8,1.0,1.0,1.0,0.9951923076923077,1.0,1.0,1.0,1.0
Legacy-15,524.0,0.9993990384615384,0.997977764423077,1.0,8,1.0,1.0,1.0,0.9951923076923077,1.0,1.0,1.0,1.0
Legacy-15,525.0,0.9994991987179487,0.9983148036858974,1.0,8,1.0,1.0,1.0,0.9959935897435898,1.0,1.0,1.0,1.0
Legacy-15,526.0,0.9994991987179487,0.9983148036858974,1.0,8,1.0,1.0,1.0,0.9959935897435898,1.0,1.0,1.0,1.0
Legacy-15,527.0,0.9994991987179487,0.9983148036858974,1.0,8,1.0,1.0,1.0,0.9959935897435898,1.0,1.0,1.0,1.0
Legacy-15,528.0,0.9994991987179487,0.9983148036858974,1.0,8,1.0,1.0,1.0,0.9959935897435898,1.0,1.0,1.0,1.0
Legacy-15,529.0,0.9994991987179487,0.9983148036858974,1.0,8,1.0,1.0,1.0,0.9959935897435898,1.0,1.0,1.0,1.0
Legacy-15,530.0,0.9995492788461539,0.9984833233173077,1.0,8,1.0,1.0,1.0,0.9963942307692307,1.0,1.0,1.0,1.0
Legacy-15,531.0,0.9995492788461539,0.9984833233173077,1.0,8,1.0,1.0,1.0,0.9963942307692307,1.0,1.0,1.0,1.0
Legacy-15,532.0,0.9995492788461539,0.9984833233173077,1.0,8,1.0,1.0,1.0,0.9963942307692307,1.0,1.0,1.0,1.0
Legacy-15,533.0,0.9995492788461539,0.9984833233173077,1.0,8,1.0,1.0,1.0,0.9963942307692307,1.0,1.0,1.0,1.0
Legacy-15,534.0,0.9995492788461539,0.9984833233173077,1.0,8,1.0,1.0,1.0,0.9963942307692307,1.0,1.0,1.0,1.0
Legacy-15,535.0,0.9995492788461539,0.9984833233173077,1.0,8,1.0,1.0,1.0,0.9963942307692307,1.0,1.0,1.0,1.0
Legacy-15,536.0,0.9995492788461539,0.9984833233173077,1.0,8,1.0,1.0,1.0,0.9963942307692307,1.0,1.0,1.0,1.0
Legacy-15,537.0,0.9995492788461539,0.9984833233173077,1.0,8,1.0,1.0,1.0,0.9963942307692307,1.0,1.0,1.0,1.0
Legacy-15,538.0,0.9995492788461539,0.9984833233173077,1.0,8,1.0,1.0,1.0,0.9963942307692307,1.0,1.0,1.0,1.0
Legacy-15,539.0,0.9995492788461539,0.9984833233173077,1.0,8,1.0,1.0,1.0,0.9963942307692307,1.0,1.0,1.0,1.0
Legacy-15,540.0,0.9995492788461539,0.9984833233173077,1.0,8,1.0,1.0,1.0,0.9963942307692307,1.0,1.0,1.0,1.0
Legacy-15,541.0,0.9995492788461539,0.9984833233173077,1.0,8,1.0,1.0,1.0,0.9963942307692307,1.0,1.0,1.0,1.0
Legacy-15,542.0,0.9995492788461539,0.9984833233173077,1.0,8,1.0,1.0,1.0,0.9963942307692307,1.0,1.0,1.0,1.0
Legacy-15,543.0,0.9996995192307693,0.9989888822115385,1.0,8,1.0,1.0,1.0,0.9975961538461539,1.0,1.0,1.0,1.0
Legacy-15,544.0,0.9996995192307693,0.9989888822115385,1.0,8,1.0,1.0,1.0,0.9975961538461539,1.0,1.0,1.0,1.0
Legacy-15,545.0,0.9996995192307693,0.9989888822115385,1.0,8,1.0,1.0,1.0,0.9975961538461539,1.0,1.0,1.0,1.0
Legacy-15,546.0,0.9996995192307693,0.9989888822115385,1.0,8,1.0,1.0,1.0,0.9975961538461539,1.0,1.0,1.0,1.0
Legacy-15,547.0,0.9996995192307693,0.9989888822115385,1.0,8,1.0,1.0,1.0,0.9975961538461539,1.0,1.0,1.0,1.0
Legacy-15,548.0,0.9996995192307693,0.9989888822115385,1.0,8,1.0,1.0,1.0,0.9975961538461539,1.0,1.0,1.0,1.0
Legacy-15,549.0,0.9996995192307693,0.9989888822115385,1.0,8,1.0,1.0,1.0,0.9975961538461539,1.0,1.0,1.0,1.0
Legacy-15,550.0,0.9996995192307693,0.9989888822115385,1.0,8,1.0,1.0,1.0,0.9975961538461539,1.0,1.0,1.0,1.0
Legacy-15,551.0,0.9996995192307693,0.9989888822115385,1.0,8,1.0,1.0,1.0,0.9975961538461539,1.0,1.0,1.0,1.0
Legacy-15,552.0,0.9996995192307693,0.9989888822115385,1.0,8,1.0,1.0,1.0,0.9975961538461539,1.0,1.0,1.0,1.0
Legacy-15,553.0,0.9996995192307693,0.9989888822115385,1.0,8,1.0,1.0,1.0,0.9975961538461539,1.0,1.0,1.0,1.0
Legacy-15,554.0,0.9996995192307693,0.9989888822115385,1.0,8,1.0,1.0,1.0,0.9975961538461539,1.0,1.0,1.0,1.0
Legacy-15,555.0,0.9996995192307693,0.9989888822115385,1.0,8,1.0,1.0,1.0,0.9975961538461539,1.0,1.0,1.0,1.0
Legacy-15,556.0,0.9996995192307693,0.9989888822115385,1.0,8,1.0,1.0,1.0,0.9975961538461539,1.0,1.0,1.0,1.0
Legacy-15,557.0,0.9996995192307693,0.9989888822115385,1.0,8,1.0,1.0,1.0,0.9975961538461539,1.0,1.0,1.0,1.0
Legacy-15,558.0,0.9996995192307693,0.9989888822115385,1.0,8,1.0,1.0,1.0,0.9975961538461539,1.0,1.0,1.0,1.0
Legacy-15,559.0,0.9996995192307693,0.9989888822115385,1.0,8,1.0,1.0,1.0,0.9975961538461539,1.0,1.0,1.0,1.0
Legacy-15,560.0,0.9996995192307693,0.9989888822115385,1.0,8,1.0,1.0,1.0,0.9975961538461539,1.0,1.0,1.0,1.0
Legacy-15,561.0,0.9997495993589743,0.9991574018429487,1.0,8,1.0,1.0,1.0,0.9979967948717948,1.0,1.0,1.0,1.0
Legacy-15,562.0,0.9997495993589743,0.9991574018429487,1.0,8,1.0,1.0,1.0,0.9979967948717948,1.0,1.0,1.0,1.0
Legacy-15,563.0,0.9997495993589743,0.9991574018429487,1.0,8,1.0,1.0,1.0,0.9979967948717948,1.0,1.0,1.0,1.0
Legacy-15,564.0,0.9997996794871795,0.9993259214743591,1.0,8,1.0,1.0,1.0,0.9983974358974359,1.0,1.0,1.0,1.0
Legacy-15,565.0,0.9997996794871795,0.9993259214743591,1.0,8,1.0,1.0,1.0,0.9983974358974359,1.0,1.0,1.0,1.0
Legacy-15,566.0,0.9997996794871795,0.9993259214743591,1.0,8,1.0,1.0,1.0,0.9983974358974359,1.0,1.0,1.0,1.0
Legacy-15,567.0,0.9997996794871795,0.9993259214743591,1.0,8,1.0,1.0,1.0,0.9983974358974359,1.0,1.0,1.0,1.0
Legacy-15,568.0,0.9997996794871795,0.9993259214743591,1.0,8,1.0,1.0,1.0,0.9983974358974359,1.0,1.0,1.0,1.0
Legacy-15,569.0,0.9997996794871795,0.9993259214743591,1.0,8,1.0,1.0,1.0,0.9983974358974359,1.0,1.0,1.0,1.0
Legacy-15,570.0,0.9997996794871795,0.9993259214743591,1.0,8,1.0,1.0,1.0,0.9983974358974359,1.0,1.0,1.0,1.0
Legacy-15,571.0,0.9997996794871795,0.9993259214743591,1.0,8,1.0,1.0,1.0,0.9983974358974359,1.0,1.0,1.0,1.0
Legacy-15,572.0,0.9998497596153846,0.9994944411057691,1.0,8,1.0,1.0,1.0,0.9987980769230769,1.0,1.0,1.0,1.0
Legacy-15,573.0,0.9998497596153846,0.9994944411057691,1.0,8,1.0,1.0,1.0,0.9987980769230769,1.0,1.0,1.0,1.0
Legacy-15,574.0,0.9998497596153846,0.9994944411057691,1.0,8,1.0,1.0,1.0,0.9987980769230769,1.0,1.0,1.0,1.0
Legacy-15,575.0,0.9998497596153846,0.9994944411057691,1.0,8,1.0,1.0,1.0,0.9987980769230769,1.0,1.0,1.0,1.0
Legacy-15,576.0,0.9998497596153846,0.9994944411057691,1.0,8,1.0,1.0,1.0,0.9987980769230769,1.0,1.0,1.0,1.0
Legacy-15,577.0,0.9998497596153846,0.9994944411057691,1.0,8,1.0,1.0,1.0,0.9987980769230769,1.0,1.0,1.0,1.0
Legacy-15,578.0,0.9998998397435898,0.9996629607371795,1.0,8,1.0,1.0,1.0,0.999198717948718,1.0,1.0,1.0,1.0
Legacy-15,579.0,0.9998998397435898,0.9996629607371795,1.0,8,1.0,1.0,1.0,0.999198717948718,1.0,1.0,1.0,1.0
Legacy-15,580.0,0.9998998397435898,0.9996629607371795,1.0,8,1.0,1.0,1.0,0.999198717948718,1.0,1.0,1.0,1.0
Legacy-15,581.0,0.9999499198717948,0.9998314803685897,1.0,8,1.0,1.0,1.0,0.9995993589743589,1.0,1.0,1.0,1.0
Legacy-15,582.0,0.9999499198717948,0.9998314803685897,1.0,8,1.0,1.0,1.0,0.9995993589743589,1.0,1.0,1.0,1.0
Legacy-15,583.0,0.9999499198717948,0.9998314803685897,1.0,8,1.0,1.0,1.0,0.9995993589743589,1.0,1.0,1.0,1.0
Legacy-15,584.0,0.9999499198717948,0.9998314803685897,1.0,8,1.0,1.0,1.0,0.9995993589743589,1.0,1.0,1.0,1.0
Legacy-15,585.0,0.9999499198717948,0.9998314803685897,1.0,8,1.0,1.0,1.0,0.9995993589743589,1.0,1.0,1.0,1.0
Legacy-15,586.0,0.9999499198717948,0.9998314803685897,1.0,8,1.0,1.0,1.0,0.9995993589743589,1.0,1.0,1.0,1.0
Legacy-15,587.0,0.9999499198717948,0.9998314803685897,1.0,8,1.0,1.0,1.0,0.9995993589743589,1.0,1.0,1.0,1.0
Legacy-15,588.0,1.0,1.0,1.0,8,1.0,1.0,1.0,1.0,1.0,1.0,1.0,1.0
Legacy-15,589.0,1.0,1.0,1.0,8,1.0,1.0,1.0,1.0,1.0,1.0,1.0,1.0
Legacy-15,590.0,1.0,1.0,1.0,8,1.0,1.0,1.0,1.0,1.0,1.0,1.0,1.0
Legacy-15,591.0,1.0,1.0,1.0,8,1.0,1.0,1.0,1.0,1.0,1.0,1.0,1.0
Legacy-15,592.0,1.0,1.0,1.0,8,1.0,1.0,1.0,1.0,1.0,1.0,1.0,1.0
Legacy-15,593.0,1.0,1.0,1.0,8,1.0,1.0,1.0,1.0,1.0,1.0,1.0,1.0
Legacy-15,594.0,1.0,1.0,1.0,8,1.0,1.0,1.0,1.0,1.0,1.0,1.0,1.0
Legacy-15,595.0,1.0,1.0,1.0,8,1.0,1.0,1.0,1.0,1.0,1.0,1.0,1.0
Legacy-15,596.0,1.0,1.0,1.0,8,1.0,1.0,1.0,1.0,1.0,1.0,1.0,1.0
Legacy-15,597.0,1.0,1.0,1.0,8,1.0,1.0,1.0,1.0,1.0,1.0,1.0,1.0
Legacy-15,598.0,1.0,1.0,1.0,8,1.0,1.0,1.0,1.0,1.0,1.0,1.0,1.0
Legacy-15,599.0,1.0,1.0,1.0,8,1.0,1.0,1.0,1.0,1.0,1.0,1.0,1.0
Legacy-15,600.0,1.0,1.0,1.0,8,1.0,1.0,1.0,1.0,1.0,1.0,1.0,1.0
Legacy-15,601.0,1.0,1.0,1.0,8,1.0,1.0,1.0,1.0,1.0,1.0,1.0,1.0
Legacy-15,602.0,1.0,1.0,1.0,8,1.0,1.0,1.0,1.0,1.0,1.0,1.0,1.0
Legacy-15,603.0,1.0,1.0,1.0,8,1.0,1.0,1.0,1.0,1.0,1.0,1.0,1.0
Legacy-15,604.0,1.0,1.0,1.0,8,1.0,1.0,1.0,1.0,1.0,1.0,1.0,1.0
Legacy-15,605.0,1.0,1.0,1.0,8,1.0,1.0,1.0,1.0,1.0,1.0,1.0,1.0
Legacy-15,606.0,1.0,1.0,1.0,8,1.0,1.0,1.0,1.0,1.0,1.0,1.0,1.0
Legacy-15,607.0,1.0,1.0,1.0,8,1.0,1.0,1.0,1.0,1.0,1.0,1.0,1.0
Legacy-15,608.0,1.0,1.0,1.0,8,1.0,1.0,1.0,1.0,1.0,1.0,1.0,1.0
Legacy-15,609.0,1.0,1.0,1.0,8,1.0,1.0,1.0,1.0,1.0,1.0,1.0,1.0
Legacy-15,610.0,1.0,1.0,1.0,8,1.0,1.0,1.0,1.0,1.0,1.0,1.0,1.0
Legacy-15,611.0,1.0,1.0,1.0,8,1.0,1.0,1.0,1.0,1.0,1.0,1.0,1.0
Legacy-15,612.0,1.0,1.0,1.0,8,1.0,1.0,1.0,1.0,1.0,1.0,1.0,1.0
Legacy-15,613.0,1.0,1.0,1.0,8,1.0,1.0,1.0,1.0,1.0,1.0,1.0,1.0
Legacy-15,614.0,1.0,1.0,1.0,8,1.0,1.0,1.0,1.0,1.0,1.0,1.0,1.0
Legacy-15,615.0,1.0,1.0,1.0,8,1.0,1.0,1.0,1.0,1.0,1.0,1.0,1.0
Legacy-15,616.0,1.0,1.0,1.0,8,1.0,1.0,1.0,1.0,1.0,1.0,1.0,1.0
Legacy-15,617.0,1.0,1.0,1.0,8,1.0,1.0,1.0,1.0,1.0,1.0,1.0,1.0
Legacy-15,618.0,1.0,1.0,1.0,8,1.0,1.0,1.0,1.0,1.0,1.0,1.0,1.0
Legacy-15,619.0,1.0,1.0,1.0,8,1.0,1.0,1.0,1.0,1.0,1.0,1.0,1.0
Legacy-15,620.0,1.0,1.0,1.0,8,1.0,1.0,1.0,1.0,1.0,1.0,1.0,1.0
Legacy-15,621.0,1.0,1.0,1.0,8,1.0,1.0,1.0,1.0,1.0,1.0,1.0,1.0
Legacy-15,622.0,1.0,1.0,1.0,8,1.0,1.0,1.0,1.0,1.0,1.0,1.0,1.0
Legacy-15,623.0,1.0,1.0,1.0,8,1.0,1.0,1.0,1.0,1.0,1.0,1.0,1.0
Legacy-15,624.0,1.0,1.0,1.0,8,1.0,1.0,1.0,1.0,1.0,1.0,1.0,1.0
Legacy-15,625.0,1.0,1.0,1.0,8,1.0,1.0,1.0,1.0,1.0,1.0,1.0,1.0
Legacy-15,626.0,1.0,1.0,1.0,8,1.0,1.0,1.0,1.0,1.0,1.0,1.0,1.0
Legacy-15,627.0,1.0,1.0,1.0,8,1.0,1.0,1.0,1.0,1.0,1.0,1.0,1.0
Legacy-15,628.0,1.0,1.0,1.0,8,1.0,1.0,1.0,1.0,1.0,1.0,1.0,1.0
Legacy-15,629.0,1.0,1.0,1.0,8,1.0,1.0,1.0,1.0,1.0,1.0,1.0,1.0
Legacy-15,630.0,1.0,1.0,1.0,8,1.0,1.0,1.0,1.0,1.0,1.0,1.0,1.0
Legacy-15,631.0,1.0,1.0,1.0,8,1.0,1.0,1.0,1.0,1.0,1.0,1.0,1.0
Legacy-15,632.0,1.0,1.0,1.0,8,1.0,1.0,1.0,1.0,1.0,1.0,1.0,1.0
Legacy-15,633.0,1.0,1.0,1.0,8,1.0,1.0,1.0,1.0,1.0,1.0,1.0,1.0
Legacy-15,634.0,1.0,1.0,1.0,8,1.0,1.0,1.0,1.0,1.0,1.0,1.0,1.0
Legacy-15,635.0,1.0,1.0,1.0,8,1.0,1.0,1.0,1.0,1.0,1.0,1.0,1.0
Legacy-15,636.0,1.0,1.0,1.0,8,1.0,1.0,1.0,1.0,1.0,1.0,1.0,1.0
Legacy-15,637.0,1.0,1.0,1.0,8,1.0,1.0,1.0,1.0,1.0,1.0,1.0,1.0
Fast-CB,0.0,0.0,0.0,0.0,8,0.0,0.0,0.0,0.0,0.0,0.0,0.0,0.0
Fast-CB,1.0,0.12068027009450151,0.08264536518740928,0.15871517500159374,8,0.13045218087234894,0.1579724409448819,0.13268608414239483,0.012315270935960592,0.13421052631578947,0.13765506202480993,0.14529058116232466,0.11486001435750179
Fast-CB,2.0,0.12098638480615971,0.08286997329358374,0.1591027963187357,8,0.13085234093637454,0.15846456692913385,0.13268608414239483,0.012315270935960592,0.13464912280701755,0.13805522208883553,0.14529058116232466,0.11557788944723618
Fast-CB,3.0,0.3872814177080788,0.2852369896273295,0.48932584578882804,8,0.4497799119647859,0.48523622047244097,0.39611650485436894,0.09852216748768473,0.4219298245614035,0.44417767106842737,0.436372745490982,0.36611629576453697
Fast-CB,4.0,0.38783831935749413,0.2855020816066059,0.49017455710838237,8,0.45098039215686275,0.4867125984251969,0.39611650485436894,0.09852216748768473,0.42280701754385963,0.44457783113245297,0.43687374749499,0.36611629576453697
Fast-CB,5.0,0.6372030100748602,0.5049292184289877,0.7694768017207327,8,0.7330932372949179,0.7524606299212598,0.6349514563106796,0.26108374384236455,0.6868421052631579,0.718687474989996,0.6823647294589178,0.628140703517588
Fast-CB,6.0,0.6382602569817304,0.5057125418199556,0.7708079721435052,8,0.735094037615046,0.7524606299212598,0.6368932038834951,0.26108374384236455,0.6877192982456141,0.7198879551820728,0.6833667334669339,0.6295764536970567
Fast-CB,7.0,0.807910337293276,0.6928672734093325,0.9229534011772195,8,0.8915566226490597,0.8917322834645669,0.7935275080906149,0.4802955665024631,0.8671052631578947,0.8887555022008804,0.8376753507014028,0.8126346015793252
Fast-CB,8.0,0.8089865045240883,0.6943930826157574,0.9235799264324192,8,0.8927571028411364,0.8917322834645669,0.7941747572815534,0.4827586206896552,0.8679824561403509,0.8899559823929571,0.8391783567134269,0.8133524766690596
Fast-CB,9.0,0.8184206681720168,0.7032997452204017,0.9335415911236318,8,0.902360944377751,0.9020669291338582,0.8045307443365696,0.49014778325123154,0.874561403508772,0.8991596638655462,0.8496993987975952,0.8248384781048098
Fast-CB,10.0,0.819121604433298,0.7037794263176248,0.9344637825489711,8,0.9031612645058024,0.9030511811023622,0.8051779935275081,0.49014778325123154,0.875,0.8999599839935974,0.8502004008016032,0.8262742282842785
Fast-CB,11.0,0.8428309408994721,0.7310924018201955,0.9545694799787486,8,0.9267707082833133,0.921751968503937,0.8284789644012945,0.5246305418719212,0.8991228070175439,0.9207683073229291,0.874749498997996,0.8463747307968413
Fast-CB,12.0,0.8433358208126897,0.7314749964537332,0.9551966451716462,8,0.927170868347339,0.922736220472441,0.8284789644012945,0.5246305418719212,0.8991228070175439,0.9207683073229291,0.875250501002004,0.8485283560660445
Fast-CB,13.0,0.8732273886545698,0.7674451215240166,0.9790096557851231,8,0.957983193277311,0.9414370078740157,0.8524271844660194,0.5738916256157636,0.9307017543859649,0.9499799919967987,0.904308617234469,0.8750897343862168
Fast-CB,14.0,0.8736348154466906,0.7677734497765403,0.979496181116841,8,0.957983193277311,0.9419291338582677,0.8530744336569579,0.5738916256157636,0.9307017543859649,0.9503801520608244,0.905310621242485,0.8758076094759512
Fast-CB,15.0,0.9053133332359218,0.8181017583910483,0.9925249080807953,8,0.9831932773109243,0.9562007874015748,0.8802588996763754,0.6625615763546798,0.9535087719298245,0.9759903961584634,0.9298597194388778,0.9009332376166547
Fast-CB,16.0,0.9060176786123808,0.8187024508611697,0.993332906363592,8,0.98359343737495,0.9566929133858267,0.8809061488673139,0.6625615763546798,0.9539473684210527,0.9759903961584634,0.9313627254509018,0.9030868628858578
Fast-CB,17.0,0.907875091069134,0.8206717049207604,0.9950784772175076,8,0.9859943977591037,0.9591535433070866,0.8822006472491909,0.6650246305418719,0.9552631578947368,0.9771908763505402,0.9343687374749499,0.9038047379755922
Fast-CB,18.0,0.9084235563374236,0.8212267775339961,0.995620335140851,8,0.9859943977591037,0.9591535433070866,0.883495145631068,0.6650246305418719,0.9557017543859649,0.9771908763505402,0.9348697394789579,0.9059583632447954
Fast-CB,19.0,0.9130294206171986,0.8283118898033769,0.9977469514310203,8,0.990796318527411,0.9606299212598425,0.887378640776699,0.6773399014778325,0.9587719298245614,0.9803921568627451,0.9393787575150301,0.9095477386934674
Fast-CB,20.0,0.9136987530913699,0.828972623349614,0.9984248828331259,8,0.9911964785914366,0.9606299212598425,0.8880258899676375,0.6773399014778325,0.9587719298245614,0.9803921568627451,0.9393787575150301,0.9138549892318737
Fast-CB,21.0,0.9208441827274472,0.8387858516894022,1.0,8,0.9951980792316927,0.9640748031496063,0.8964401294498382,0.6921182266009852,0.9640350877192982,0.9883953581432573,0.9468937875751503,0.9195979899497487
Fast-CB,22.0,0.9211061914869719,0.8389863720896495,1.0,8,0.9951980792316927,0.9640748031496063,0.8964401294498382,0.6921182266009852,0.9649122807017544,0.9883953581432573,0.9473947895791583,0.9203158650394831
Fast-CB,23.0,0.9309311925343059,0.8571997051415732,1.0,8,0.9975990396158463,0.9660433070866141,0.9074433656957929,0.7266009852216748,0.9714912280701754,0.994797919167667,0.9574148296593187,0.9260588657573582
Fast-CB,24.0,0.9316351799392767,0.8586113228829586,1.0,8,0.9975990396158463,0.9660433070866141,0.9087378640776699,0.729064039408867,0.9719298245614035,0.994797919167667,0.9574148296593187,0.927494615936827
Fast-CB,25.0,0.9325065431924451,0.860087026937925,1.0,8,0.9975990396158463,0.9670275590551181,0.9093851132686084,0.7315270935960592,0.9723684210526315,0.994797919167667,0.9584168336673347,0.9289303661162958
Fast-CB,26.0,0.9332695082691513,0.8608889315705313,1.0,8,0.9975990396158463,0.96751968503937,0.912621359223301,0.7315270935960592,0.9728070175438597,0.994797919167667,0.9589178356713427,0.9303661162957645
Fast-CB,27.0,0.9349059360960646,0.8645443688979105,1.0,8,0.9975990396158463,0.96751968503937,0.915210355987055,0.7389162561576355,0.9736842105263158,0.9955982392957183,0.9589178356713427,0.9318018664752333
Fast-CB,28.0,0.9355268803014466,0.865866782881389,1.0,8,0.9975990396158463,0.968011811023622,0.916504854368932,0.7413793103448276,0.9736842105263158,0.9955982392957183,0.9589178356713427,0.9325197415649676
Fast-CB,29.0,0.9382261103068935,0.87019851849702,1.0,8,0.9991996798719488,0.968503937007874,0.9197411003236245,0.7487684729064039,0.9763157894736842,0.9963985594237695,0.9629258517034068,0.9339554917444365
Fast-CB,30.0,0.9388569922520945,0.8715223421977462,1.0,8,0.9991996798719488,0.968503937007874,0.920388349514563,0.7512315270935961,0.9763157894736842,0.9963985594237695,0.9634268537074149,0.9353912419239052
Fast-CB,31.0,0.9429906762350629,0.8802084025902159,1.0,8,0.9995998399359743,0.9714566929133859,0.9262135922330097,0.7684729064039408,0.9785087719298246,0.9971988795518207,0.9649298597194389,0.9375448671931084
Fast-CB,32.0,0.9434560983037636,0.8806790550690321,1.0,8,0.9995998399359743,0.9719488188976378,0.9275080906148867,0.7684729064039408,0.9785087719298246,0.9971988795518207,0.9654308617234469,0.9389806173725772
Fast-CB,33.0,0.9442947888707532,0.882229882730107,1.0,8,0.9995998399359743,0.9719488188976378,0.9300970873786408,0.770935960591133,0.9789473684210527,0.9971988795518207,0.9659318637274549,0.9396984924623115
Fast-CB,34.0,0.9449157330761352,0.883550543900045,1.0,8,0.9995998399359743,0.9724409448818898,0.9313915857605178,0.7733990147783252,0.9789473684210527,0.9971988795518207,0.9659318637274549,0.9404163675520459
Fast-CB,35.0,0.9458355764707929,0.8851439921666039,1.0,8,1.0,0.9724409448818898,0.9333333333333333,0.7758620689655172,0.9789473684210527,0.9975990396158463,0.9659318637274549,0.9425699928212491
Fast-CB,36.0,0.9465018925765616,0.8864439572698042,1.0,8,1.0,0.9729330708661418,0.9333333333333333,0.7783251231527094,0.9793859649122807,0.9975990396158463,0.9664328657314629,0.9440057430007178
Fast-CB,37.0,0.9489752236760182,0.8914615239968047,1.0,8,1.0,0.9739173228346457,0.9378640776699029,0.7881773399014779,0.980701754385965,0.9991996798719488,0.9679358717434869,0.9440057430007178
Fast-CB,38.0,0.9498444498784651,0.8929514367802268,1.0,8,1.0,0.9753937007874016,0.9391585760517799,0.7906403940886699,0.980701754385965,0.9991996798719488,0.968937875751503,0.9447236180904522
Fast-CB,39.0,0.9529008230199273,0.9007277116101908,1.0,8,1.0,0.9758858267716536,0.943042071197411,0.8078817733990148,0.9820175438596491,1.0,0.968937875751503,0.9454414931801867
Fast-CB,40.0,0.9535034863269429,0.9019995009219848,1.0,8,1.0,0.9763779527559056,0.9436893203883495,0.8103448275862069,0.9820175438596491,1.0,0.9694388777555111,0.9461593682699211
Fast-CB,41.0,0.9547919380947805,0.9046487916050149,1.0,8,1.0,0.9763779527559056,0.945631067961165,0.8152709359605911,0.9820175438596491,1.0,0.9714428857715431,0.9475951184493898
Fast-CB,42.0,0.9552229535511655,0.9051295174344766,1.0,8,1.0,0.9763779527559056,0.946925566343042,0.8152709359605911,0.9820175438596491,1.0,0.9714428857715431,0.949748743718593
Fast-CB,43.0,0.957447950032664,0.910086879597904,1.0,8,1.0,0.9773622047244095,0.9495145631067962,0.8251231527093597,0.9820175438596491,1.0,0.9729458917835672,0.9526202440775305
Fast-CB,44.0,0.958122673117502,0.9113362828468724,1.0,8,1.0,0.9778543307086615,0.9495145631067962,0.8275862068965517,0.9824561403508771,1.0,0.9749498997995992,0.9526202440775305
Fast-CB,45.0,0.9609424502627011,0.9175354919083903,1.0,8,1.0,0.9798228346456693,0.9521035598705502,0.8399014778325123,0.9833333333333333,1.0,0.9754509018036072,0.9569274946159368
Fast-CB,46.0,0.961742360028019,0.9189717030179748,1.0,8,1.0,0.9808070866141733,0.9533980582524272,0.8423645320197044,0.9837719298245614,1.0,0.9759519038076152,0.9576453697056713
Fast-CB,47.0,0.9692608595999583,0.9351215036994042,1.0,8,1.0,0.984251968503937,0.9611650485436893,0.874384236453202,0.987280701754386,1.0,0.9814629258517034,0.9655419956927495
Fast-CB,48.0,0.970294538363359,0.9368694279212697,1.0,8,1.0,0.984744094488189,0.9631067961165048,0.8768472906403941,0.987280701754386,1.0,0.9819639278557114,0.968413496051687
Fast-CB,49.0,0.9710663316774147,0.937637103881844,1.0,8,1.0,0.985236220472441,0.9656957928802589,0.8768472906403941,0.987719298245614,1.0,0.9824649298597194,0.9705671213208902
Fast-CB,50.0,0.9719575885439166,0.9392221492272984,1.0,8,1.0,0.985236220472441,0.9669902912621359,0.8793103448275862,0.987719298245614,1.0,0.9829659318637275,0.9734386216798278
Fast-CB,51.0,0.9756709446380308,0.9468857542345106,1.0,8,1.0,0.9867125984251969,0.970873786407767,0.8940886699507389,0.9894736842105263,1.0,0.9864729458917836,0.9777458722182341
Fast-CB,52.0,0.9766584292171901,0.9478383253468571,1.0,8,1.0,0.9867125984251969,0.976051779935275,0.8940886699507389,0.9894736842105263,1.0,0.9884769539078156,0.9784637473079684
Fast-CB,53.0,0.9835431035474679,0.9618063435972901,1.0,8,1.0,0.9936023622047244,0.9838187702265372,0.9211822660098522,0.9929824561403509,1.0,0.9939879759519038,0.9827709978463748
Fast-CB,54.0,0.9840279160170045,0.9622601126250465,1.0,8,1.0,0.9936023622047244,0.9857605177993527,0.9211822660098522,0.9929824561403509,1.0,0.9944889779559118,0.9842067480258435
Fast-CB,55.0,0.9922551194768944,0.979685786838105,1.0,8,1.0,0.9970472440944882,0.9922330097087378,0.9556650246305419,0.9991228070175439,1.0,0.998997995991984,0.9949748743718593
Fast-CB,56.0,0.9930100604664103,0.9810338780646121,1.0,8,1.0,0.9980314960629921,0.9922330097087378,0.958128078817734,0.999561403508772,1.0,0.998997995991984,0.9971284996410624
Fast-CB,57.0,0.9936012755055629,0.9815291357730991,1.0,8,1.0,0.9990157480314961,0.9948220064724919,0.958128078817734,1.0,1.0,0.998997995991984,0.9978463747307968
Fast-CB,58.0,0.9940615169156797,0.9826621621647835,1.0,8,1.0,0.9990157480314961,0.9948220064724919,0.9605911330049262,1.0,1.0,0.999498997995992,0.9985642498205313
Fast-CB,59.0,0.9946736328837121,0.9839513809195083,1.0,8,1.0,0.999507874015748,0.9967637540453075,0.9630541871921182,1.0,1.0,0.999498997995992,0.9985642498205313
Fast-CB,60.0,0.9951521551921952,0.9851145316232159,1.0,8,1.0,0.999507874015748,0.997411003236246,0.9655172413793104,1.0,1.0,0.999498997995992,0.9992821249102656
Fast-CB,61.0,0.9951521551921952,0.9851145316232159,1.0,8,1.0,0.999507874015748,0.997411003236246,0.9655172413793104,1.0,1.0,0.999498997995992,0.9992821249102656
Fast-CB,62.0,0.9956306775006784,0.9862725983935374,1.0,8,1.0,0.999507874015748,0.9980582524271845,0.9679802955665024,1.0,1.0,0.999498997995992,1.0
Fast-CB,63.0,0.9959385592740774,0.9873072538085779,1.0,8,1.0,0.999507874015748,0.9980582524271845,0.9704433497536946,1.0,1.0,0.999498997995992,1.0
Fast-CB,64.0,0.9961618873198435,0.9874699283479837,1.0,8,1.0,1.0,0.9993527508090615,0.9704433497536946,1.0,1.0,0.999498997995992,1.0
Fast-CB,65.0,0.9961618873198435,0.9874699283479837,1.0,8,1.0,1.0,0.9993527508090615,0.9704433497536946,1.0,1.0,0.999498997995992,1.0
Fast-CB,66.0,0.9961618873198435,0.9874699283479837,1.0,8,1.0,1.0,0.9993527508090615,0.9704433497536946,1.0,1.0,0.999498997995992,1.0
Fast-CB,67.0,0.9961618873198435,0.9874699283479837,1.0,8,1.0,1.0,0.9993527508090615,0.9704433497536946,1.0,1.0,0.999498997995992,1.0
Fast-CB,68.0,0.9962245125703445,0.9875121040486977,1.0,8,1.0,1.0,0.9993527508090615,0.9704433497536946,1.0,1.0,1.0,1.0
Fast-CB,69.0,0.9968402761171425,0.9895837352587212,1.0,8,1.0,1.0,0.9993527508090615,0.9753694581280788,1.0,1.0,1.0,1.0
Fast-CB,70.0,0.9971481578905416,0.9906194817597025,1.0,8,1.0,1.0,0.9993527508090615,0.9778325123152709,1.0,1.0,1.0,1.0
Fast-CB,71.0,0.9971481578905416,0.9906194817597025,1.0,8,1.0,1.0,0.9993527508090615,0.9778325123152709,1.0,1.0,1.0,1.0
Fast-CB,72.0,0.9971481578905416,0.9906194817597025,1.0,8,1.0,1.0,0.9993527508090615,0.9778325123152709,1.0,1.0,1.0,1.0
Fast-CB,73.0,0.9971481578905416,0.9906194817597025,1.0,8,1.0,1.0,0.9993527508090615,0.9778325123152709,1.0,1.0,1.0,1.0
Fast-CB,74.0,0.9974560396639406,0.9916551590687341,1.0,8,1.0,1.0,0.9993527508090615,0.9802955665024631,1.0,1.0,1.0,1.0
Fast-CB,75.0,0.9974560396639406,0.9916551590687341,1.0,8,1.0,1.0,0.9993527508090615,0.9802955665024631,1.0,1.0,1.0,1.0
Fast-CB,76.0,0.9977639214373396,0.9926907374070382,1.0,8,1.0,1.0,0.9993527508090615,0.9827586206896551,1.0,1.0,1.0,1.0
Fast-CB,77.0,0.9977639214373396,0.9926907374070382,1.0,8,1.0,1.0,0.9993527508090615,0.9827586206896551,1.0,1.0,1.0,1.0
Fast-CB,78.0,0.9977639214373396,0.9926907374070382,1.0,8,1.0,1.0,0.9993527508090615,0.9827586206896551,1.0,1.0,1.0,1.0
Fast-CB,79.0,0.9980718032107386,0.993726167055033,1.0,8,1.0,1.0,0.9993527508090615,0.9852216748768473,1.0,1.0,1.0,1.0
Fast-CB,80.0,0.9980718032107386,0.993726167055033,1.0,8,1.0,1.0,0.9993527508090615,0.9852216748768473,1.0,1.0,1.0,1.0
Fast-CB,81.0,0.9980718032107386,0.993726167055033,1.0,8,1.0,1.0,0.9993527508090615,0.9852216748768473,1.0,1.0,1.0,1.0
Fast-CB,82.0,0.9980718032107386,0.993726167055033,1.0,8,1.0,1.0,0.9993527508090615,0.9852216748768473,1.0,1.0,1.0,1.0
Fast-CB,83.0,0.9983796849841376,0.9947613583187779,1.0,8,1.0,1.0,0.9993527508090615,0.9876847290640394,1.0,1.0,1.0,1.0
Fast-CB,84.0,0.9983796849841376,0.9947613583187779,1.0,8,1.0,1.0,0.9993527508090615,0.9876847290640394,1.0,1.0,1.0,1.0
Fast-CB,85.0,0.9986875667575367,0.995796131303694,1.0,8,1.0,1.0,0.9993527508090615,0.9901477832512315,1.0,1.0,1.0,1.0
Fast-CB,86.0,0.9986875667575367,0.995796131303694,1.0,8,1.0,1.0,0.9993527508090615,0.9901477832512315,1.0,1.0,1.0,1.0
Fast-CB,87.0,0.9986875667575367,0.995796131303694,1.0,8,1.0,1.0,0.9993527508090615,0.9901477832512315,1.0,1.0,1.0,1.0
Fast-CB,88.0,0.9986875667575367,0.995796131303694,1.0,8,1.0,1.0,0.9993527508090615,0.9901477832512315,1.0,1.0,1.0,1.0
Fast-CB,89.0,0.9986875667575367,0.995796131303694,1.0,8,1.0,1.0,0.9993527508090615,0.9901477832512315,1.0,1.0,1.0,1.0
Fast-CB,90.0,0.9986875667575367,0.995796131303694,1.0,8,1.0,1.0,0.9993527508090615,0.9901477832512315,1.0,1.0,1.0,1.0
Fast-CB,91.0,0.9989954485309356,0.9968300647364939,1.0,8,1.0,1.0,0.9993527508090615,0.9926108374384236,1.0,1.0,1.0,1.0
Fast-CB,92.0,0.9989954485309356,0.9968300647364939,1.0,8,1.0,1.0,0.9993527508090615,0.9926108374384236,1.0,1.0,1.0,1.0
Fast-CB,93.0,0.9989954485309356,0.9968300647364939,1.0,8,1.0,1.0,0.9993527508090615,0.9926108374384236,1.0,1.0,1.0,1.0
Fast-CB,94.0,0.9989954485309356,0.9968300647364939,1.0,8,1.0,1.0,0.9993527508090615,0.9926108374384236,1.0,1.0,1.0,1.0
Fast-CB,95.0,0.9989954485309356,0.9968300647364939,1.0,8,1.0,1.0,0.9993527508090615,0.9926108374384236,1.0,1.0,1.0,1.0
Fast-CB,96.0,0.9989954485309356,0.9968300647364939,1.0,8,1.0,1.0,0.9993527508090615,0.9926108374384236,1.0,1.0,1.0,1.0
Fast-CB,97.0,0.9993033303043346,0.9978618894149016,1.0,8,1.0,1.0,0.9993527508090615,0.9950738916256158,1.0,1.0,1.0,1.0
Fast-CB,98.0,0.9993033303043346,0.9978618894149016,1.0,8,1.0,1.0,0.9993527508090615,0.9950738916256158,1.0,1.0,1.0,1.0
Fast-CB,99.0,0.9993033303043346,0.9978618894149016,1.0,8,1.0,1.0,0.9993527508090615,0.9950738916256158,1.0,1.0,1.0,1.0
Fast-CB,100.0,0.999384236453202,0.9979279556650246,1.0,8,1.0,1.0,1.0,0.9950738916256158,1.0,1.0,1.0,1.0
Fast-CB,101.0,0.999384236453202,0.9979279556650246,1.0,8,1.0,1.0,1.0,0.9950738916256158,1.0,1.0,1.0,1.0
Fast-CB,102.0,0.999692118226601,0.9989639778325123,1.0,8,1.0,1.0,1.0,0.9975369458128078,1.0,1.0,1.0,1.0
Fast-CB,103.0,0.999692118226601,0.9989639778325123,1.0,8,1.0,1.0,1.0,0.9975369458128078,1.0,1.0,1.0,1.0
Fast-CB,104.0,0.999692118226601,0.9989639778325123,1.0,8,1.0,1.0,1.0,0.9975369458128078,1.0,1.0,1.0,1.0
Fast-CB,105.0,0.999692118226601,0.9989639778325123,1.0,8,1.0,1.0,1.0,0.9975369458128078,1.0,1.0,1.0,1.0
Fast-CB,106.0,0.999692118226601,0.9989639778325123,1.0,8,1.0,1.0,1.0,0.9975369458128078,1.0,1.0,1.0,1.0
Fast-CB,107.0,0.999692118226601,0.9989639778325123,1.0,8,1.0,1.0,1.0,0.9975369458128078,1.0,1.0,1.0,1.0
Fast-CB,108.0,0.999692118226601,0.9989639778325123,1.0,8,1.0,1.0,1.0,0.9975369458128078,1.0,1.0,1.0,1.0
Fast-CB,109.0,0.999692118226601,0.9989639778325123,1.0,8,1.0,1.0,1.0,0.9975369458128078,1.0,1.0,1.0,1.0
Fast-CB,110.0,0.999692118226601,0.9989639778325123,1.0,8,1.0,1.0,1.0,0.9975369458128078,1.0,1.0,1.0,1.0
Fast-CB,111.0,0.999692118226601,0.9989639778325123,1.0,8,1.0,1.0,1.0,0.9975369458128078,1.0,1.0,1.0,1.0
Fast-CB,112.0,0.999692118226601,0.9989639778325123,1.0,8,1.0,1.0,1.0,0.9975369458128078,1.0,1.0,1.0,1.0
Fast-CB,113.0,0.999692118226601,0.9989639778325123,1.0,8,1.0,1.0,1.0,0.9975369458128078,1.0,1.0,1.0,1.0
Fast-CB,114.0,0.999692118226601,0.9989639778325123,1.0,8,1.0,1.0,1.0,0.9975369458128078,1.0,1.0,1.0,1.0
Fast-CB,115.0,0.999692118226601,0.9989639778325123,1.0,8,1.0,1.0,1.0,0.9975369458128078,1.0,1.0,1.0,1.0
Fast-CB,116.0,0.999692118226601,0.9989639778325123,1.0,8,1.0,1.0,1.0,0.9975369458128078,1.0,1.0,1.0,1.0
Fast-CB,117.0,0.999692118226601,0.9989639778325123,1.0,8,1.0,1.0,1.0,0.9975369458128078,1.0,1.0,1.0,1.0
Fast-CB,118.0,0.999692118226601,0.9989639778325123,1.0,8,1.0,1.0,1.0,0.9975369458128078,1.0,1.0,1.0,1.0
Fast-CB,119.0,0.999692118226601,0.9989639778325123,1.0,8,1.0,1.0,1.0,0.9975369458128078,1.0,1.0,1.0,1.0
Fast-CB,120.0,0.999692118226601,0.9989639778325123,1.0,8,1.0,1.0,1.0,0.9975369458128078,1.0,1.0,1.0,1.0
Fast-CB,121.0,0.999692118226601,0.9989639778325123,1.0,8,1.0,1.0,1.0,0.9975369458128078,1.0,1.0,1.0,1.0
Fast-CB,122.0,0.999692118226601,0.9989639778325123,1.0,8,1.0,1.0,1.0,0.9975369458128078,1.0,1.0,1.0,1.0
Fast-CB,123.0,0.999692118226601,0.9989639778325123,1.0,8,1.0,1.0,1.0,0.9975369458128078,1.0,1.0,1.0,1.0
Fast-CB,124.0,0.999692118226601,0.9989639778325123,1.0,8,1.0,1.0,1.0,0.9975369458128078,1.0,1.0,1.0,1.0
Fast-CB,125.0,0.999692118226601,0.9989639778325123,1.0,8,1.0,1.0,1.0,0.9975369458128078,1.0,1.0,1.0,1.0
Fast-CB,126.0,0.999692118226601,0.9989639778325123,1.0,8,1.0,1.0,1.0,0.9975369458128078,1.0,1.0,1.0,1.0
Fast-CB,127.0,0.999692118226601,0.9989639778325123,1.0,8,1.0,1.0,1.0,0.9975369458128078,1.0,1.0,1.0,1.0
Fast-CB,128.0,0.999692118226601,0.9989639778325123,1.0,8,1.0,1.0,1.0,0.9975369458128078,1.0,1.0,1.0,1.0
Fast-CB,129.0,0.999692118226601,0.9989639778325123,1.0,8,1.0,1.0,1.0,0.9975369458128078,1.0,1.0,1.0,1.0
Fast-CB,130.0,0.999692118226601,0.9989639778325123,1.0,8,1.0,1.0,1.0,0.9975369458128078,1.0,1.0,1.0,1.0
Fast-CB,131.0,0.999692118226601,0.9989639778325123,1.0,8,1.0,1.0,1.0,0.9975369458128078,1.0,1.0,1.0,1.0
Fast-CB,132.0,0.999692118226601,0.9989639778325123,1.0,8,1.0,1.0,1.0,0.9975369458128078,1.0,1.0,1.0,1.0
Fast-CB,133.0,0.999692118226601,0.9989639778325123,1.0,8,1.0,1.0,1.0,0.9975369458128078,1.0,1.0,1.0,1.0
Fast-CB,134.0,0.999692118226601,0.9989639778325123,1.0,8,1.0,1.0,1.0,0.9975369458128078,1.0,1.0,1.0,1.0
Fast-CB,135.0,0.999692118226601,0.9989639778325123,1.0,8,1.0,1.0,1.0,0.9975369458128078,1.0,1.0,1.0,1.0
Fast-CB,136.0,0.999692118226601,0.9989639778325123,1.0,8,1.0,1.0,1.0,0.9975369458128078,1.0,1.0,1.0,1.0
Fast-CB,137.0,0.999692118226601,0.9989639778325123,1.0,8,1.0,1.0,1.0,0.9975369458128078,1.0,1.0,1.0,1.0
Fast-CB,138.0,0.999692118226601,0.9989639778325123,1.0,8,1.0,1.0,1.0,0.9975369458128078,1.0,1.0,1.0,1.0
Fast-CB,139.0,0.999692118226601,0.9989639778325123,1.0,8,1.0,1.0,1.0,0.9975369458128078,1.0,1.0,1.0,1.0
Fast-CB,140.0,0.999692118226601,0.9989639778325123,1.0,8,1.0,1.0,1.0,0.9975369458128078,1.0,1.0,1.0,1.0
Fast-CB,141.0,0.999692118226601,0.9989639778325123,1.0,8,1.0,1.0,1.0,0.9975369458128078,1.0,1.0,1.0,1.0
Fast-CB,142.0,0.999692118226601,0.9989639778325123,1.0,8,1.0,1.0,1.0,0.9975369458128078,1.0,1.0,1.0,1.0
Fast-CB,143.0,0.999692118226601,0.9989639778325123,1.0,8,1.0,1.0,1.0,0.9975369458128078,1.0,1.0,1.0,1.0
Fast-CB,144.0,0.999692118226601,0.9989639778325123,1.0,8,1.0,1.0,1.0,0.9975369458128078,1.0,1.0,1.0,1.0
Fast-CB,145.0,0.999692118226601,0.9989639778325123,1.0,8,1.0,1.0,1.0,0.9975369458128078,1.0,1.0,1.0,1.0
Fast-CB,146.0,0.999692118226601,0.9989639778325123,1.0,8,1.0,1.0,1.0,0.9975369458128078,1.0,1.0,1.0,1.0
Fast-CB,147.0,0.999692118226601,0.9989639778325123,1.0,8,1.0,1.0,1.0,0.9975369458128078,1.0,1.0,1.0,1.0
Fast-CB,148.0,0.999692118226601,0.9989639778325123,1.0,8,1.0,1.0,1.0,0.9975369458128078,1.0,1.0,1.0,1.0
Fast-CB,149.0,0.999692118226601,0.9989639778325123,1.0,8,1.0,1.0,1.0,0.9975369458128078,1.0,1.0,1.0,1.0
Fast-CB,150.0,1.0,1.0,1.0,8,1.0,1.0,1.0,1.0,1.0,1.0,1.0,1.0
Fast-CB,151.0,1.0,1.0,1.0,8,1.0,1.0,1.0,1.0,1.0,1.0,1.0,1.0
Fast-CB,152.0,1.0,1.0,1.0,8,1.0,1.0,1.0,1.0,1.0,1.0,1.0,1.0
Fast-CB,153.0,1.0,1.0,1.0,8,1.0,1.0,1.0,1.0,1.0,1.0,1.0,1.0
Fast-CB,154.0,1.0,1.0,1.0,8,1.0,1.0,1.0,1.0,1.0,1.0,1.0,1.0
Fast-CB,155.0,1.0,1.0,1.0,8,1.0,1.0,1.0,1.0,1.0,1.0,1.0,1.0
Fast-CB,156.0,1.0,1.0,1.0,8,1.0,1.0,1.0,1.0,1.0,1.0,1.0,1.0
Fast-CB,157.0,1.0,1.0,1.0,8,1.0,1.0,1.0,1.0,1.0,1.0,1.0,1.0
Fast-CB,158.0,1.0,1.0,1.0,8,1.0,1.0,1.0,1.0,1.0,1.0,1.0,1.0
Fast-CB,159.0,1.0,1.0,1.0,8,1.0,1.0,1.0,1.0,1.0,1.0,1.0,1.0
Fast-CB,160.0,1.0,1.0,1.0,8,1.0,1.0,1.0,1.0,1.0,1.0,1.0,1.0
Fast-CB,161.0,1.0,1.0,1.0,8,1.0,1.0,1.0,1.0,1.0,1.0,1.0,1.0
Fast-CB,162.0,1.0,1.0,1.0,8,1.0,1.0,1.0,1.0,1.0,1.0,1.0,1.0
Fast-CB,163.0,1.0,1.0,1.0,8,1.0,1.0,1.0,1.0,1.0,1.0,1.0,1.0
Fast-CB,164.0,1.0,1.0,1.0,8,1.0,1.0,1.0,1.0,1.0,1.0,1.0,1.0
Fast-CB,165.0,1.0,1.0,1.0,8,1.0,1.0,1.0,1.0,1.0,1.0,1.0,1.0
Fast-CB,166.0,1.0,1.0,1.0,8,1.0,1.0,1.0,1.0,1.0,1.0,1.0,1.0
Fast-CB,167.0,1.0,1.0,1.0,8,1.0,1.0,1.0,1.0,1.0,1.0,1.0,1.0
Fast-CB,168.0,1.0,1.0,1.0,8,1.0,1.0,1.0,1.0,1.0,1.0,1.0,1.0
Fast-CB,169.0,1.0,1.0,1.0,8,1.0,1.0,1.0,1.0,1.0,1.0,1.0,1.0
Fast-CB,170.0,1.0,1.0,1.0,8,1.0,1.0,1.0,1.0,1.0,1.0,1.0,1.0
Fast-CB,171.0,1.0,1.0,1.0,8,1.0,1.0,1.0,1.0,1.0,1.0,1.0,1.0
Fast-CB,172.0,1.0,1.0,1.0,8,1.0,1.0,1.0,1.0,1.0,1.0,1.0,1.0
Fast-CB,173.0,1.0,1.0,1.0,8,1.0,1.0,1.0,1.0,1.0,1.0,1.0,1.0
Fast-CB,174.0,1.0,1.0,1.0,8,1.0,1.0,1.0,1.0,1.0,1.0,1.0,1.0
Fast-CB,175.0,1.0,1.0,1.0,8,1.0,1.0,1.0,1.0,1.0,1.0,1.0,1.0
Fast-CB,176.0,1.0,1.0,1.0,8,1.0,1.0,1.0,1.0,1.0,1.0,1.0,1.0
Fast-CB,177.0,1.0,1.0,1.0,8,1.0,1.0,1.0,1.0,1.0,1.0,1.0,1.0
Fast-CB,178.0,1.0,1.0,1.0,8,1.0,1.0,1.0,1.0,1.0,1.0,1.0,1.0
Fast-CB,179.0,1.0,1.0,1.0,8,1.0,1.0,1.0,1.0,1.0,1.0,1.0,1.0
Fast-CB,180.0,1.0,1.0,1.0,8,1.0,1.0,1.0,1.0,1.0,1.0,1.0,1.0
Fast-CB,181.0,1.0,1.0,1.0,8,1.0,1.0,1.0,1.0,1.0,1.0,1.0,1.0
Fast-CB,182.0,1.0,1.0,1.0,8,1.0,1.0,1.0,1.0,1.0,1.0,1.0,1.0
Fast-CB,183.0,1.0,1.0,1.0,8,1.0,1.0,1.0,1.0,1.0,1.0,1.0,1.0
Fast-CB,184.0,1.0,1.0,1.0,8,1.0,1.0,1.0,1.0,1.0,1.0,1.0,1.0
Fast-CB,185.0,1.0,1.0,1.0,8,1.0,1.0,1.0,1.0,1.0,1.0,1.0,1.0
Fast-CB,186.0,1.0,1.0,1.0,8,1.0,1.0,1.0,1.0,1.0,1.0,1.0,1.0
Fast-CB,187.0,1.0,1.0,1.0,8,1.0,1.0,1.0,1.0,1.0,1.0,1.0,1.0
Fast-CB,188.0,1.0,1.0,1.0,8,1.0,1.0,1.0,1.0,1.0,1.0,1.0,1.0
Fast-CB,189.0,1.0,1.0,1.0,8,1.0,1.0,1.0,1.0,1.0,1.0,1.0,1.0
Fast-CB,190.0,1.0,1.0,1.0,8,1.0,1.0,1.0,1.0,1.0,1.0,1.0,1.0
Fast-CB,191.0,1.0,1.0,1.0,8,1.0,1.0,1.0,1.0,1.0,1.0,1.0,1.0
Fast-CB,192.0,1.0,1.0,1.0,8,1.0,1.0,1.0,1.0,1.0,1.0,1.0,1.0
Fast-CB,193.0,1.0,1.0,1.0,8,1.0,1.0,1.0,1.0,1.0,1.0,1.0,1.0
Fast-CB,194.0,1.0,1.0,1.0,8,1.0,1.0,1.0,1.0,1.0,1.0,1.0,1.0
Fast-CB,195.0,1.0,1.0,1.0,8,1.0,1.0,1.0,1.0,1.0,1.0,1.0,1.0
Fast-CB,196.0,1.0,1.0,1.0,8,1.0,1.0,1.0,1.0,1.0,1.0,1.0,1.0
Fast-CB,197.0,1.0,1.0,1.0,8,1.0,1.0,1.0,1.0,1.0,1.0,1.0,1.0
Fast-CB,198.0,1.0,1.0,1.0,8,1.0,1.0,1.0,1.0,1.0,1.0,1.0,1.0
Fast-CB,199.0,1.0,1.0,1.0,8,1.0,1.0,1.0,1.0,1.0,1.0,1.0,1.0
Fast-CB,200.0,1.0,1.0,1.0,8,1.0,1.0,1.0,1.0,1.0,1.0,1.0,1.0
Fast-CB,201.0,1.0,1.0,1.0,8,1.0,1.0,1.0,1.0,1.0,1.0,1.0,1.0
Fast-CB,202.0,1.0,1.0,1.0,8,1.0,1.0,1.0,1.0,1.0,1.0,1.0,1.0
Fast-CB,203.0,1.0,1.0,1.0,8,1.0,1.0,1.0,1.0,1.0,1.0,1.0,1.0
Fast-CB,204.0,1.0,1.0,1.0,8,1.0,1.0,1.0,1.0,1.0,1.0,1.0,1.0
Fast-CB,205.0,1.0,1.0,1.0,8,1.0,1.0,1.0,1.0,1.0,1.0,1.0,1.0
Fast-CB,206.0,1.0,1.0,1.0,8,1.0,1.0,1.0,1.0,1.0,1.0,1.0,1.0
Fast-CB,207.0,1.0,1.0,1.0,8,1.0,1.0,1.0,1.0,1.0,1.0,1.0,1.0
Fast-CB,208.0,1.0,1.0,1.0,8,1.0,1.0,1.0,1.0,1.0,1.0,1.0,1.0
Fast-CB,209.0,1.0,1.0,1.0,8,1.0,1.0,1.0,1.0,1.0,1.0,1.0,1.0
Fast-CB,210.0,1.0,1.0,1.0,8,1.0,1.0,1.0,1.0,1.0,1.0,1.0,1.0
Fast-CB,211.0,1.0,1.0,1.0,8,1.0,1.0,1.0,1.0,1.0,1.0,1.0,1.0
Fast-CB,212.0,1.0,1.0,1.0,8,1.0,1.0,1.0,1.0,1.0,1.0,1.0,1.0
Fast-CB,213.0,1.0,1.0,1.0,8,1.0,1.0,1.0,1.0,1.0,1.0,1.0,1.0
Fast-CB,214.0,1.0,1.0,1.0,8,1.0,1.0,1.0,1.0,1.0,1.0,1.0,1.0
Fast-CB,215.0,1.0,1.0,1.0,8,1.0,1.0,1.0,1.0,1.0,1.0,1.0,1.0
Fast-CB,216.0,1.0,1.0,1.0,8,1.0,1.0,1.0,1.0,1.0,1.0,1.0,1.0
Fast-CB,217.0,1.0,1.0,1.0,8,1.0,1.0,1.0,1.0,1.0,1.0,1.0,1.0
Fast-CB,218.0,1.0,1.0,1.0,8,1.0,1.0,1.0,1.0,1.0,1.0,1.0,1.0
Fast-CB,219.0,1.0,1.0,1.0,8,1.0,1.0,1.0,1.0,1.0,1.0,1.0,1.0
Fast-CB,220.0,1.0,1.0,1.0,8,1.0,1.0,1.0,1.0,1.0,1.0,1.0,1.0
Fast-CB,221.0,1.0,1.0,1.0,8,1.0,1.0,1.0,1.0,1.0,1.0,1.0,1.0
Fast-CB,222.0,1.0,1.0,1.0,8,1.0,1.0,1.0,1.0,1.0,1.0,1.0,1.0
Fast-CB,223.0,1.0,1.0,1.0,8,1.0,1.0,1.0,1.0,1.0,1.0,1.0,1.0
Fast-CB,224.0,1.0,1.0,1.0,8,1.0,1.0,1.0,1.0,1.0,1.0,1.0,1.0
Fast-CB,225.0,1.0,1.0,1.0,8,1.0,1.0,1.0,1.0,1.0,1.0,1.0,1.0
Fast-CB,226.0,1.0,1.0,1.0,8,1.0,1.0,1.0,1.0,1.0,1.0,1.0,1.0
Fast-CB,227.0,1.0,1.0,1.0,8,1.0,1.0,1.0,1.0,1.0,1.0,1.0,1.0
Fast-CB,228.0,1.0,1.0,1.0,8,1.0,1.0,1.0,1.0,1.0,1.0,1.0,1.0
Fast-CB,229.0,1.0,1.0,1.0,8,1.0,1.0,1.0,1.0,1.0,1.0,1.0,1.0
Fast-CB,230.0,1.0,1.0,1.0,8,1.0,1.0,1.0,1.0,1.0,1.0,1.0,1.0
Fast-CB,231.0,1.0,1.0,1.0,8,1.0,1.0,1.0,1.0,1.0,1.0,1.0,1.0
Fast-CB,232.0,1.0,1.0,1.0,8,1.0,1.0,1.0,1.0,1.0,1.0,1.0,1.0
Fast-CB,233.0,1.0,1.0,1.0,8,1.0,1.0,1.0,1.0,1.0,1.0,1.0,1.0
Fast-CB,234.0,1.0,1.0,1.0,8,1.0,1.0,1.0,1.0,1.0,1.0,1.0,1.0
Fast-CB,235.0,1.0,1.0,1.0,8,1.0,1.0,1.0,1.0,1.0,1.0,1.0,1.0
Fast-CB,236.0,1.0,1.0,1.0,8,1.0,1.0,1.0,1.0,1.0,1.0,1.0,1.0
Fast-CB,237.0,1.0,1.0,1.0,8,1.0,1.0,1.0,1.0,1.0,1.0,1.0,1.0
Fast-CB,238.0,1.0,1.0,1.0,8,1.0,1.0,1.0,1.0,1.0,1.0,1.0,1.0
Fast-CB,239.0,1.0,1.0,1.0,8,1.0,1.0,1.0,1.0,1.0,1.0,1.0,1.0
Fast-CB,240.0,1.0,1.0,1.0,8,1.0,1.0,1.0,1.0,1.0,1.0,1.0,1.0
Fast-CB,241.0,1.0,1.0,1.0,8,1.0,1.0,1.0,1.0,1.0,1.0,1.0,1.0
Fast-CB,242.0,1.0,1.0,1.0,8,1.0,1.0,1.0,1.0,1.0,1.0,1.0,1.0
Fast-CB,243.0,1.0,1.0,1.0,8,1.0,1.0,1.0,1.0,1.0,1.0,1.0,1.0
Fast-CB,244.0,1.0,1.0,1.0,8,1.0,1.0,1.0,1.0,1.0,1.0,1.0,1.0
Fast-CB,245.0,1.0,1.0,1.0,8,1.0,1.0,1.0,1.0,1.0,1.0,1.0,1.0
Fast-CB,246.0,1.0,1.0,1.0,8,1.0,1.0,1.0,1.0,1.0,1.0,1.0,1.0
Fast-CB,247.0,1.0,1.0,1.0,8,1.0,1.0,1.0,1.0,1.0,1.0,1.0,1.0
Fast-CB,248.0,1.0,1.0,1.0,8,1.0,1.0,1.0,1.0,1.0,1.0,1.0,1.0
Fast-CB,249.0,1.0,1.0,1.0,8,1.0,1.0,1.0,1.0,1.0,1.0,1.0,1.0
Fast-CB,250.0,1.0,1.0,1.0,8,1.0,1.0,1.0,1.0,1.0,1.0,1.0,1.0
Fast-CB,251.0,1.0,1.0,1.0,8,1.0,1.0,1.0,1.0,1.0,1.0,1.0,1.0
Fast-CB,252.0,1.0,1.0,1.0,8,1.0,1.0,1.0,1.0,1.0,1.0,1.0,1.0
Fast-CB,253.0,1.0,1.0,1.0,8,1.0,1.0,1.0,1.0,1.0,1.0,1.0,1.0
Fast-CB,254.0,1.0,1.0,1.0,8,1.0,1.0,1.0,1.0,1.0,1.0,1.0,1.0
Fast-CB,255.0,1.0,1.0,1.0,8,1.0,1.0,1.0,1.0,1.0,1.0,1.0,1.0
Fast-CB,256.0,1.0,1.0,1.0,8,1.0,1.0,1.0,1.0,1.0,1.0,1.0,1.0
Fast-CB,257.0,1.0,1.0,1.0,8,1.0,1.0,1.0,1.0,1.0,1.0,1.0,1.0
Fast-CB,258.0,1.0,1.0,1.0,8,1.0,1.0,1.0,1.0,1.0,1.0,1.0,1.0
Fast-CB,259.0,1.0,1.0,1.0,8,1.0,1.0,1.0,1.0,1.0,1.0,1.0,1.0
Fast-CB,260.0,1.0,1.0,1.0,8,1.0,1.0,1.0,1.0,1.0,1.0,1.0,1.0
Fast-CB,261.0,1.0,1.0,1.0,8,1.0,1.0,1.0,1.0,1.0,1.0,1.0,1.0
Fast-CB,262.0,1.0,1.0,1.0,8,1.0,1.0,1.0,1.0,1.0,1.0,1.0,1.0
Fast-CB,263.0,1.0,1.0,1.0,8,1.0,1.0,1.0,1.0,1.0,1.0,1.0,1.0
Fast-CB,264.0,1.0,1.0,1.0,8,1.0,1.0,1.0,1.0,1.0,1.0,1.0,1.0
Fast-CB,265.0,1.0,1.0,1.0,8,1.0,1.0,1.0,1.0,1.0,1.0,1.0,1.0
Fast-CB,266.0,1.0,1.0,1.0,8,1.0,1.0,1.0,1.0,1.0,1.0,1.0,1.0
Fast-CB,267.0,1.0,1.0,1.0,8,1.0,1.0,1.0,1.0,1.0,1.0,1.0,1.0
Fast-CB,268.0,1.0,1.0,1.0,8,1.0,1.0,1.0,1.0,1.0,1.0,1.0,1.0
Fast-CB,269.0,1.0,1.0,1.0,8,1.0,1.0,1.0,1.0,1.0,1.0,1.0,1.0
Fast-CB,270.0,1.0,1.0,1.0,8,1.0,1.0,1.0,1.0,1.0,1.0,1.0,1.0
Fast-CB,271.0,1.0,1.0,1.0,8,1.0,1.0,1.0,1.0,1.0,1.0,1.0,1.0
Fast-CB,272.0,1.0,1.0,1.0,8,1.0,1.0,1.0,1.0,1.0,1.0,1.0,1.0
Fast-CB,273.0,1.0,1.0,1.0,8,1.0,1.0,1.0,1.0,1.0,1.0,1.0,1.0
Fast-CB,274.0,1.0,1.0,1.0,8,1.0,1.0,1.0,1.0,1.0,1.0,1.0,1.0
Fast-CB,275.0,1.0,1.0,1.0,8,1.0,1.0,1.0,1.0,1.0,1.0,1.0,1.0
Fast-CB,276.0,1.0,1.0,1.0,8,1.0,1.0,1.0,1.0,1.0,1.0,1.0,1.0
Fast-CB,277.0,1.0,1.0,1.0,8,1.0,1.0,1.0,1.0,1.0,1.0,1.0,1.0
Fast-CB,278.0,1.0,1.0,1.0,8,1.0,1.0,1.0,1.0,1.0,1.0,1.0,1.0
Fast-CB,279.0,1.0,1.0,1.0,8,1.0,1.0,1.0,1.0,1.0,1.0,1.0,1.0
Fast-CB,280.0,1.0,1.0,1.0,8,1.0,1.0,1.0,1.0,1.0,1.0,1.0,1.0
Fast-CB,281.0,1.0,1.0,1.0,8,1.0,1.0,1.0,1.0,1.0,1.0,1.0,1.0
Fast-CB,282.0,1.0,1.0,1.0,8,1.0,1.0,1.0,1.0,1.0,1.0,1.0,1.0
Fast-CB,283.0,1.0,1.0,1.0,8,1.0,1.0,1.0,1.0,1.0,1.0,1.0,1.0
Fast-CB,284.0,1.0,1.0,1.0,8,1.0,1.0,1.0,1.0,1.0,1.0,1.0,1.0
Fast-CB,285.0,1.0,1.0,1.0,8,1.0,1.0,1.0,1.0,1.0,1.0,1.0,1.0
Fast-CB,286.0,1.0,1.0,1.0,8,1.0,1.0,1.0,1.0,1.0,1.0,1.0,1.0
Fast-CB,287.0,1.0,1.0,1.0,8,1.0,1.0,1.0,1.0,1.0,1.0,1.0,1.0
Fast-CB,288.0,1.0,1.0,1.0,8,1.0,1.0,1.0,1.0,1.0,1.0,1.0,1.0
Fast-CB,289.0,1.0,1.0,1.0,8,1.0,1.0,1.0,1.0,1.0,1.0,1.0,1.0
Fast-CB,290.0,1.0,1.0,1.0,8,1.0,1.0,1.0,1.0,1.0,1.0,1.0,1.0
Fast-CB,291.0,1.0,1.0,1.0,8,1.0,1.0,1.0,1.0,1.0,1.0,1.0,1.0
Fast-CB,292.0,1.0,1.0,1.0,8,1.0,1.0,1.0,1.0,1.0,1.0,1.0,1.0
Fast-CB,293.0,1.0,1.0,1.0,8,1.0,1.0,1.0,1.0,1.0,1.0,1.0,1.0
Fast-CB,294.0,1.0,1.0,1.0,8,1.0,1.0,1.0,1.0,1.0,1.0,1.0,1.0
Fast-CB,295.0,1.0,1.0,1.0,8,1.0,1.0,1.0,1.0,1.0,1.0,1.0,1.0
Fast-CB,296.0,1.0,1.0,1.0,8,1.0,1.0,1.0,1.0,1.0,1.0,1.0,1.0
Fast-CB,297.0,1.0,1.0,1.0,8,1.0,1.0,1.0,1.0,1.0,1.0,1.0,1.0
Fast-CB,298.0,1.0,1.0,1.0,8,1.0,1.0,1.0,1.0,1.0,1.0,1.0,1.0
Fast-CB,299.0,1.0,1.0,1.0,8,1.0,1.0,1.0,1.0,1.0,1.0,1.0,1.0
Fast-CB,300.0,1.0,1.0,1.0,8,1.0,1.0,1.0,1.0,1.0,1.0,1.0,1.0
Fast-CB,301.0,1.0,1.0,1.0,8,1.0,1.0,1.0,1.0,1.0,1.0,1.0,1.0
Fast-CB,302.0,1.0,1.0,1.0,8,1.0,1.0,1.0,1.0,1.0,1.0,1.0,1.0
Fast-CB,303.0,1.0,1.0,1.0,8,1.0,1.0,1.0,1.0,1.0,1.0,1.0,1.0
Fast-CB,304.0,1.0,1.0,1.0,8,1.0,1.0,1.0,1.0,1.0,1.0,1.0,1.0
Fast-CB,305.0,1.0,1.0,1.0,8,1.0,1.0,1.0,1.0,1.0,1.0,1.0,1.0
Fast-CB,306.0,1.0,1.0,1.0,8,1.0,1.0,1.0,1.0,1.0,1.0,1.0,1.0
Fast-CB,307.0,1.0,1.0,1.0,8,1.0,1.0,1.0,1.0,1.0,1.0,1.0,1.0
Fast-CB,308.0,1.0,1.0,1.0,8,1.0,1.0,1.0,1.0,1.0,1.0,1.0,1.0
Fast-CB,309.0,1.0,1.0,1.0,8,1.0,1.0,1.0,1.0,1.0,1.0,1.0,1.0
Fast-CB,310.0,1.0,1.0,1.0,8,1.0,1.0,1.0,1.0,1.0,1.0,1.0,1.0
Fast-CB,311.0,1.0,1.0,1.0,8,1.0,1.0,1.0,1.0,1.0,1.0,1.0,1.0
Fast-CB,312.0,1.0,1.0,1.0,8,1.0,1.0,1.0,1.0,1.0,1.0,1.0,1.0
Fast-CB,313.0,1.0,1.0,1.0,8,1.0,1.0,1.0,1.0,1.0,1.0,1.0,1.0
Fast-CB,314.0,1.0,1.0,1.0,8,1.0,1.0,1.0,1.0,1.0,1.0,1.0,1.0
Fast-CB,315.0,1.0,1.0,1.0,8,1.0,1.0,1.0,1.0,1.0,1.0,1.0,1.0
Fast-CB,316.0,1.0,1.0,1.0,8,1.0,1.0,1.0,1.0,1.0,1.0,1.0,1.0
Fast-CB,317.0,1.0,1.0,1.0,8,1.0,1.0,1.0,1.0,1.0,1.0,1.0,1.0
Fast-CB,318.0,1.0,1.0,1.0,8,1.0,1.0,1.0,1.0,1.0,1.0,1.0,1.0
Fast-CB,319.0,1.0,1.0,1.0,8,1.0,1.0,1.0,1.0,1.0,1.0,1.0,1.0
Fast-CB,320.0,1.0,1.0,1.0,8,1.0,1.0,1.0,1.0,1.0,1.0,1.0,1.0
Fast-CB,321.0,1.0,1.0,1.0,8,1.0,1.0,1.0,1.0,1.0,1.0,1.0,1.0
Fast-CB,322.0,1.0,1.0,1.0,8,1.0,1.0,1.0,1.0,1.0,1.0,1.0,1.0
Fast-CB,323.0,1.0,1.0,1.0,8,1.0,1.0,1.0,1.0,1.0,1.0,1.0,1.0
Fast-CB,324.0,1.0,1.0,1.0,8,1.0,1.0,1.0,1.0,1.0,1.0,1.0,1.0
Fast-CB,325.0,1.0,1.0,1.0,8,1.0,1.0,1.0,1.0,1.0,1.0,1.0,1.0
Fast-CB,326.0,1.0,1.0,1.0,8,1.0,1.0,1.0,1.0,1.0,1.0,1.0,1.0
Fast-CB,327.0,1.0,1.0,1.0,8,1.0,1.0,1.0,1.0,1.0,1.0,1.0,1.0
Fast-CB,328.0,1.0,1.0,1.0,8,1.0,1.0,1.0,1.0,1.0,1.0,1.0,1.0
Fast-CB,329.0,1.0,1.0,1.0,8,1.0,1.0,1.0,1.0,1.0,1.0,1.0,1.0
Fast-CB,330.0,1.0,1.0,1.0,8,1.0,1.0,1.0,1.0,1.0,1.0,1.0,1.0
Fast-CB,331.0,1.0,1.0,1.0,8,1.0,1.0,1.0,1.0,1.0,1.0,1.0,1.0
Fast-CB,332.0,1.0,1.0,1.0,8,1.0,1.0,1.0,1.0,1.0,1.0,1.0,1.0
Fast-CB,333.0,1.0,1.0,1.0,8,1.0,1.0,1.0,1.0,1.0,1.0,1.0,1.0
Fast-CB,334.0,1.0,1.0,1.0,8,1.0,1.0,1.0,1.0,1.0,1.0,1.0,1.0
Fast-CB,335.0,1.0,1.0,1.0,8,1.0,1.0,1.0,1.0,1.0,1.0,1.0,1.0
Fast-CB,336.0,1.0,1.0,1.0,8,1.0,1.0,1.0,1.0,1.0,1.0,1.0,1.0
Fast-CB,337.0,1.0,1.0,1.0,8,1.0,1.0,1.0,1.0,1.0,1.0,1.0,1.0
Fast-CB,338.0,1.0,1.0,1.0,8,1.0,1.0,1.0,1.0,1.0,1.0,1.0,1.0
Fast-CB,339.0,1.0,1.0,1.0,8,1.0,1.0,1.0,1.0,1.0,1.0,1.0,1.0
Fast-CB,340.0,1.0,1.0,1.0,8,1.0,1.0,1.0,1.0,1.0,1.0,1.0,1.0
Fast-CB,341.0,1.0,1.0,1.0,8,1.0,1.0,1.0,1.0,1.0,1.0,1.0,1.0
Fast-CB,342.0,1.0,1.0,1.0,8,1.0,1.0,1.0,1.0,1.0,1.0,1.0,1.0
Fast-CB,343.0,1.0,1.0,1.0,8,1.0,1.0,1.0,1.0,1.0,1.0,1.0,1.0
Fast-CB,344.0,1.0,1.0,1.0,8,1.0,1.0,1.0,1.0,1.0,1.0,1.0,1.0
Fast-CB,345.0,1.0,1.0,1.0,8,1.0,1.0,1.0,1.0,1.0,1.0,1.0,1.0
Fast-CB,346.0,1.0,1.0,1.0,8,1.0,1.0,1.0,1.0,1.0,1.0,1.0,1.0
Fast-CB,347.0,1.0,1.0,1.0,8,1.0,1.0,1.0,1.0,1.0,1.0,1.0,1.0
Fast-CB,348.0,1.0,1.0,1.0,8,1.0,1.0,1.0,1.0,1.0,1.0,1.0,1.0
Fast-CB,349.0,1.0,1.0,1.0,8,1.0,1.0,1.0,1.0,1.0,1.0,1.0,1.0
Fast-CB,350.0,1.0,1.0,1.0,8,1.0,1.0,1.0,1.0,1.0,1.0,1.0,1.0
Fast-CB,351.0,1.0,1.0,1.0,8,1.0,1.0,1.0,1.0,1.0,1.0,1.0,1.0
Fast-CB,352.0,1.0,1.0,1.0,8,1.0,1.0,1.0,1.0,1.0,1.0,1.0,1.0
Fast-CB,353.0,1.0,1.0,1.0,8,1.0,1.0,1.0,1.0,1.0,1.0,1.0,1.0
Fast-CB,354.0,1.0,1.0,1.0,8,1.0,1.0,1.0,1.0,1.0,1.0,1.0,1.0
Fast-CB,355.0,1.0,1.0,1.0,8,1.0,1.0,1.0,1.0,1.0,1.0,1.0,1.0
Fast-CB,356.0,1.0,1.0,1.0,8,1.0,1.0,1.0,1.0,1.0,1.0,1.0,1.0
Fast-CB,357.0,1.0,1.0,1.0,8,1.0,1.0,1.0,1.0,1.0,1.0,1.0,1.0
Fast-CB,358.0,1.0,1.0,1.0,8,1.0,1.0,1.0,1.0,1.0,1.0,1.0,1.0
Fast-CB,359.0,1.0,1.0,1.0,8,1.0,1.0,1.0,1.0,1.0,1.0,1.0,1.0
Fast-CB,360.0,1.0,1.0,1.0,8,1.0,1.0,1.0,1.0,1.0,1.0,1.0,1.0
Fast-CB,361.0,1.0,1.0,1.0,8,1.0,1.0,1.0,1.0,1.0,1.0,1.0,1.0
Fast-CB,362.0,1.0,1.0,1.0,8,1.0,1.0,1.0,1.0,1.0,1.0,1.0,1.0
Fast-CB,363.0,1.0,1.0,1.0,8,1.0,1.0,1.0,1.0,1.0,1.0,1.0,1.0
Fast-CB,364.0,1.0,1.0,1.0,8,1.0,1.0,1.0,1.0,1.0,1.0,1.0,1.0
Fast-CB,365.0,1.0,1.0,1.0,8,1.0,1.0,1.0,1.0,1.0,1.0,1.0,1.0
Fast-CB,366.0,1.0,1.0,1.0,8,1.0,1.0,1.0,1.0,1.0,1.0,1.0,1.0
Fast-CB,367.0,1.0,1.0,1.0,8,1.0,1.0,1.0,1.0,1.0,1.0,1.0,1.0
Fast-CB,368.0,1.0,1.0,1.0,8,1.0,1.0,1.0,1.0,1.0,1.0,1.0,1.0
Fast-CB,369.0,1.0,1.0,1.0,8,1.0,1.0,1.0,1.0,1.0,1.0,1.0,1.0
Fast-CB,370.0,1.0,1.0,1.0,8,1.0,1.0,1.0,1.0,1.0,1.0,1.0,1.0
Fast-CB,371.0,1.0,1.0,1.0,8,1.0,1.0,1.0,1.0,1.0,1.0,1.0,1.0
Fast-CB,372.0,1.0,1.0,1.0,8,1.0,1.0,1.0,1.0,1.0,1.0,1.0,1.0
Fast-CB,373.0,1.0,1.0,1.0,8,1.0,1.0,1.0,1.0,1.0,1.0,1.0,1.0
Fast-CB,374.0,1.0,1.0,1.0,8,1.0,1.0,1.0,1.0,1.0,1.0,1.0,1.0
Fast-CB,375.0,1.0,1.0,1.0,8,1.0,1.0,1.0,1.0,1.0,1.0,1.0,1.0
Fast-CB,376.0,1.0,1.0,1.0,8,1.0,1.0,1.0,1.0,1.0,1.0,1.0,1.0
Fast-CB,377.0,1.0,1.0,1.0,8,1.0,1.0,1.0,1.0,1.0,1.0,1.0,1.0
Fast-CB,378.0,1.0,1.0,1.0,8,1.0,1.0,1.0,1.0,1.0,1.0,1.0,1.0
Fast-CB,379.0,1.0,1.0,1.0,8,1.0,1.0,1.0,1.0,1.0,1.0,1.0,1.0
Fast-CB,380.0,1.0,1.0,1.0,8,1.0,1.0,1.0,1.0,1.0,1.0,1.0,1.0
Fast-CB,381.0,1.0,1.0,1.0,8,1.0,1.0,1.0,1.0,1.0,1.0,1.0,1.0
Fast-CB,382.0,1.0,1.0,1.0,8,1.0,1.0,1.0,1.0,1.0,1.0,1.0,1.0
Fast-CB,383.0,1.0,1.0,1.0,8,1.0,1.0,1.0,1.0,1.0,1.0,1.0,1.0
Fast-CB,384.0,1.0,1.0,1.0,8,1.0,1.0,1.0,1.0,1.0,1.0,1.0,1.0
Fast-CB,385.0,1.0,1.0,1.0,8,1.0,1.0,1.0,1.0,1.0,1.0,1.0,1.0
Fast-CB,386.0,1.0,1.0,1.0,8,1.0,1.0,1.0,1.0,1.0,1.0,1.0,1.0
Fast-CB,387.0,1.0,1.0,1.0,8,1.0,1.0,1.0,1.0,1.0,1.0,1.0,1.0
Fast-CB,388.0,1.0,1.0,1.0,8,1.0,1.0,1.0,1.0,1.0,1.0,1.0,1.0
Fast-CB,389.0,1.0,1.0,1.0,8,1.0,1.0,1.0,1.0,1.0,1.0,1.0,1.0
Fast-CB,390.0,1.0,1.0,1.0,8,1.0,1.0,1.0,1.0,1.0,1.0,1.0,1.0
Fast-CB,391.0,1.0,1.0,1.0,8,1.0,1.0,1.0,1.0,1.0,1.0,1.0,1.0
Fast-CB,392.0,1.0,1.0,1.0,8,1.0,1.0,1.0,1.0,1.0,1.0,1.0,1.0
Fast-CB,393.0,1.0,1.0,1.0,8,1.0,1.0,1.0,1.0,1.0,1.0,1.0,1.0
Fast-CB,394.0,1.0,1.0,1.0,8,1.0,1.0,1.0,1.0,1.0,1.0,1.0,1.0
Fast-CB,395.0,1.0,1.0,1.0,8,1.0,1.0,1.0,1.0,1.0,1.0,1.0,1.0
Fast-CB,396.0,1.0,1.0,1.0,8,1.0,1.0,1.0,1.0,1.0,1.0,1.0,1.0
Fast-CB,397.0,1.0,1.0,1.0,8,1.0,1.0,1.0,1.0,1.0,1.0,1.0,1.0
Fast-CB,398.0,1.0,1.0,1.0,8,1.0,1.0,1.0,1.0,1.0,1.0,1.0,1.0
Fast-CB,399.0,1.0,1.0,1.0,8,1.0,1.0,1.0,1.0,1.0,1.0,1.0,1.0
Fast-CB,400.0,1.0,1.0,1.0,8,1.0,1.0,1.0,1.0,1.0,1.0,1.0,1.0
Fast-CB,401.0,1.0,1.0,1.0,8,1.0,1.0,1.0,1.0,1.0,1.0,1.0,1.0
Fast-CB,402.0,1.0,1.0,1.0,8,1.0,1.0,1.0,1.0,1.0,1.0,1.0,1.0
Fast-CB,403.0,1.0,1.0,1.0,8,1.0,1.0,1.0,1.0,1.0,1.0,1.0,1.0
Fast-CB,404.0,1.0,1.0,1.0,8,1.0,1.0,1.0,1.0,1.0,1.0,1.0,1.0
Fast-CB,405.0,1.0,1.0,1.0,8,1.0,1.0,1.0,1.0,1.0,1.0,1.0,1.0
Fast-CB,406.0,1.0,1.0,1.0,8,1.0,1.0,1.0,1.0,1.0,1.0,1.0,1.0
Fast-CB,407.0,1.0,1.0,1.0,8,1.0,1.0,1.0,1.0,1.0,1.0,1.0,1.0
Fast-CB,408.0,1.0,1.0,1.0,8,1.0,1.0,1.0,1.0,1.0,1.0,1.0,1.0
Fast-CB,409.0,1.0,1.0,1.0,8,1.0,1.0,1.0,1.0,1.0,1.0,1.0,1.0
Fast-CB,410.0,1.0,1.0,1.0,8,1.0,1.0,1.0,1.0,1.0,1.0,1.0,1.0
Fast-CB,411.0,1.0,1.0,1.0,8,1.0,1.0,1.0,1.0,1.0,1.0,1.0,1.0
Fast-CB,412.0,1.0,1.0,1.0,8,1.0,1.0,1.0,1.0,1.0,1.0,1.0,1.0
Fast-CB,413.0,1.0,1.0,1.0,8,1.0,1.0,1.0,1.0,1.0,1.0,1.0,1.0
Fast-CB,414.0,1.0,1.0,1.0,8,1.0,1.0,1.0,1.0,1.0,1.0,1.0,1.0
Fast-CB,415.0,1.0,1.0,1.0,8,1.0,1.0,1.0,1.0,1.0,1.0,1.0,1.0
Fast-CB,416.0,1.0,1.0,1.0,8,1.0,1.0,1.0,1.0,1.0,1.0,1.0,1.0
Fast-CB,417.0,1.0,1.0,1.0,8,1.0,1.0,1.0,1.0,1.0,1.0,1.0,1.0
Fast-CB,418.0,1.0,1.0,1.0,8,1.0,1.0,1.0,1.0,1.0,1.0,1.0,1.0
Fast-CB,419.0,1.0,1.0,1.0,8,1.0,1.0,1.0,1.0,1.0,1.0,1.0,1.0
Fast-CB,420.0,1.0,1.0,1.0,8,1.0,1.0,1.0,1.0,1.0,1.0,1.0,1.0
Fast-CB,421.0,1.0,1.0,1.0,8,1.0,1.0,1.0,1.0,1.0,1.0,1.0,1.0
Fast-CB,422.0,1.0,1.0,1.0,8,1.0,1.0,1.0,1.0,1.0,1.0,1.0,1.0
Fast-CB,423.0,1.0,1.0,1.0,8,1.0,1.0,1.0,1.0,1.0,1.0,1.0,1.0
Fast-CB,424.0,1.0,1.0,1.0,8,1.0,1.0,1.0,1.0,1.0,1.0,1.0,1.0
Fast-CB,425.0,1.0,1.0,1.0,8,1.0,1.0,1.0,1.0,1.0,1.0,1.0,1.0
Fast-CB,426.0,1.0,1.0,1.0,8,1.0,1.0,1.0,1.0,1.0,1.0,1.0,1.0
Fast-CB,427.0,1.0,1.0,1.0,8,1.0,1.0,1.0,1.0,1.0,1.0,1.0,1.0
Fast-CB,428.0,1.0,1.0,1.0,8,1.0,1.0,1.0,1.0,1.0,1.0,1.0,1.0
Fast-CB,429.0,1.0,1.0,1.0,8,1.0,1.0,1.0,1.0,1.0,1.0,1.0,1.0
Fast-CB,430.0,1.0,1.0,1.0,8,1.0,1.0,1.0,1.0,1.0,1.0,1.0,1.0
Fast-CB,431.0,1.0,1.0,1.0,8,1.0,1.0,1.0,1.0,1.0,1.0,1.0,1.0
Fast-CB,432.0,1.0,1.0,1.0,8,1.0,1.0,1.0,1.0,1.0,1.0,1.0,1.0
Fast-CB,433.0,1.0,1.0,1.0,8,1.0,1.0,1.0,1.0,1.0,1.0,1.0,1.0
Fast-CB,434.0,1.0,1.0,1.0,8,1.0,1.0,1.0,1.0,1.0,1.0,1.0,1.0
Fast-CB,435.0,1.0,1.0,1.0,8,1.0,1.0,1.0,1.0,1.0,1.0,1.0,1.0
Fast-CB,436.0,1.0,1.0,1.0,8,1.0,1.0,1.0,1.0,1.0,1.0,1.0,1.0
Fast-CB,437.0,1.0,1.0,1.0,8,1.0,1.0,1.0,1.0,1.0,1.0,1.0,1.0
Fast-CB,438.0,1.0,1.0,1.0,8,1.0,1.0,1.0,1.0,1.0,1.0,1.0,1.0
Fast-CB,439.0,1.0,1.0,1.0,8,1.0,1.0,1.0,1.0,1.0,1.0,1.0,1.0
Fast-CB,440.0,1.0,1.0,1.0,8,1.0,1.0,1.0,1.0,1.0,1.0,1.0,1.0
Fast-CB,441.0,1.0,1.0,1.0,8,1.0,1.0,1.0,1.0,1.0,1.0,1.0,1.0
Fast-CB,442.0,1.0,1.0,1.0,8,1.0,1.0,1.0,1.0,1.0,1.0,1.0,1.0
Fast-CB,443.0,1.0,1.0,1.0,8,1.0,1.0,1.0,1.0,1.0,1.0,1.0,1.0
Fast-CB,444.0,1.0,1.0,1.0,8,1.0,1.0,1.0,1.0,1.0,1.0,1.0,1.0
Fast-CB,445.0,1.0,1.0,1.0,8,1.0,1.0,1.0,1.0,1.0,1.0,1.0,1.0
Fast-CB,446.0,1.0,1.0,1.0,8,1.0,1.0,1.0,1.0,1.0,1.0,1.0,1.0
Fast-CB,447.0,1.0,1.0,1.0,8,1.0,1.0,1.0,1.0,1.0,1.0,1.0,1.0
Fast-CB,448.0,1.0,1.0,1.0,8,1.0,1.0,1.0,1.0,1.0,1.0,1.0,1.0
Fast-CB,449.0,1.0,1.0,1.0,8,1.0,1.0,1.0,1.0,1.0,1.0,1.0,1.0
Fast-CB,450.0,1.0,1.0,1.0,8,1.0,1.0,1.0,1.0,1.0,1.0,1.0,1.0
Fast-CB,451.0,1.0,1.0,1.0,8,1.0,1.0,1.0,1.0,1.0,1.0,1.0,1.0
Fast-CB,452.0,1.0,1.0,1.0,8,1.0,1.0,1.0,1.0,1.0,1.0,1.0,1.0
Fast-CB,453.0,1.0,1.0,1.0,8,1.0,1.0,1.0,1.0,1.0,1.0,1.0,1.0
Fast-CB,454.0,1.0,1.0,1.0,8,1.0,1.0,1.0,1.0,1.0,1.0,1.0,1.0
Fast-CB,455.0,1.0,1.0,1.0,8,1.0,1.0,1.0,1.0,1.0,1.0,1.0,1.0
Fast-CB,456.0,1.0,1.0,1.0,8,1.0,1.0,1.0,1.0,1.0,1.0,1.0,1.0
Fast-CB,457.0,1.0,1.0,1.0,8,1.0,1.0,1.0,1.0,1.0,1.0,1.0,1.0
Fast-CB,458.0,1.0,1.0,1.0,8,1.0,1.0,1.0,1.0,1.0,1.0,1.0,1.0
Fast-CB,459.0,1.0,1.0,1.0,8,1.0,1.0,1.0,1.0,1.0,1.0,1.0,1.0
Fast-CB,460.0,1.0,1.0,1.0,8,1.0,1.0,1.0,1.0,1.0,1.0,1.0,1.0
Fast-CB,461.0,1.0,1.0,1.0,8,1.0,1.0,1.0,1.0,1.0,1.0,1.0,1.0
Fast-CB,462.0,1.0,1.0,1.0,8,1.0,1.0,1.0,1.0,1.0,1.0,1.0,1.0
Fast-CB,463.0,1.0,1.0,1.0,8,1.0,1.0,1.0,1.0,1.0,1.0,1.0,1.0
Fast-CB,464.0,1.0,1.0,1.0,8,1.0,1.0,1.0,1.0,1.0,1.0,1.0,1.0
Fast-CB,465.0,1.0,1.0,1.0,8,1.0,1.0,1.0,1.0,1.0,1.0,1.0,1.0
Fast-CB,466.0,1.0,1.0,1.0,8,1.0,1.0,1.0,1.0,1.0,1.0,1.0,1.0
Fast-CB,467.0,1.0,1.0,1.0,8,1.0,1.0,1.0,1.0,1.0,1.0,1.0,1.0
Fast-CB,468.0,1.0,1.0,1.0,8,1.0,1.0,1.0,1.0,1.0,1.0,1.0,1.0
Fast-CB,469.0,1.0,1.0,1.0,8,1.0,1.0,1.0,1.0,1.0,1.0,1.0,1.0
Fast-CB,470.0,1.0,1.0,1.0,8,1.0,1.0,1.0,1.0,1.0,1.0,1.0,1.0
Fast-CB,471.0,1.0,1.0,1.0,8,1.0,1.0,1.0,1.0,1.0,1.0,1.0,1.0
Fast-CB,472.0,1.0,1.0,1.0,8,1.0,1.0,1.0,1.0,1.0,1.0,1.0,1.0
Fast-CB,473.0,1.0,1.0,1.0,8,1.0,1.0,1.0,1.0,1.0,1.0,1.0,1.0
Fast-CB,474.0,1.0,1.0,1.0,8,1.0,1.0,1.0,1.0,1.0,1.0,1.0,1.0
Fast-CB,475.0,1.0,1.0,1.0,8,1.0,1.0,1.0,1.0,1.0,1.0,1.0,1.0
Fast-CB,476.0,1.0,1.0,1.0,8,1.0,1.0,1.0,1.0,1.0,1.0,1.0,1.0
Fast-CB,477.0,1.0,1.0,1.0,8,1.0,1.0,1.0,1.0,1.0,1.0,1.0,1.0
Fast-CB,478.0,1.0,1.0,1.0,8,1.0,1.0,1.0,1.0,1.0,1.0,1.0,1.0
Fast-CB,479.0,1.0,1.0,1.0,8,1.0,1.0,1.0,1.0,1.0,1.0,1.0,1.0
Fast-CB,480.0,1.0,1.0,1.0,8,1.0,1.0,1.0,1.0,1.0,1.0,1.0,1.0
Fast-CB,481.0,1.0,1.0,1.0,8,1.0,1.0,1.0,1.0,1.0,1.0,1.0,1.0
Fast-CB,482.0,1.0,1.0,1.0,8,1.0,1.0,1.0,1.0,1.0,1.0,1.0,1.0
Fast-CB,483.0,1.0,1.0,1.0,8,1.0,1.0,1.0,1.0,1.0,1.0,1.0,1.0
Fast-CB,484.0,1.0,1.0,1.0,8,1.0,1.0,1.0,1.0,1.0,1.0,1.0,1.0
Fast-CB,485.0,1.0,1.0,1.0,8,1.0,1.0,1.0,1.0,1.0,1.0,1.0,1.0
Fast-CB,486.0,1.0,1.0,1.0,8,1.0,1.0,1.0,1.0,1.0,1.0,1.0,1.0
Fast-CB,487.0,1.0,1.0,1.0,8,1.0,1.0,1.0,1.0,1.0,1.0,1.0,1.0
Fast-CB,488.0,1.0,1.0,1.0,8,1.0,1.0,1.0,1.0,1.0,1.0,1.0,1.0
Fast-CB,489.0,1.0,1.0,1.0,8,1.0,1.0,1.0,1.0,1.0,1.0,1.0,1.0
Fast-CB,490.0,1.0,1.0,1.0,8,1.0,1.0,1.0,1.0,1.0,1.0,1.0,1.0
Fast-CB,491.0,1.0,1.0,1.0,8,1.0,1.0,1.0,1.0,1.0,1.0,1.0,1.0
Fast-CB,492.0,1.0,1.0,1.0,8,1.0,1.0,1.0,1.0,1.0,1.0,1.0,1.0
Fast-CB,493.0,1.0,1.0,1.0,8,1.0,1.0,1.0,1.0,1.0,1.0,1.0,1.0
Fast-CB,494.0,1.0,1.0,1.0,8,1.0,1.0,1.0,1.0,1.0,1.0,1.0,1.0
Fast-CB,495.0,1.0,1.0,1.0,8,1.0,1.0,1.0,1.0,1.0,1.0,1.0,1.0
Fast-CB,496.0,1.0,1.0,1.0,8,1.0,1.0,1.0,1.0,1.0,1.0,1.0,1.0
Fast-CB,497.0,1.0,1.0,1.0,8,1.0,1.0,1.0,1.0,1.0,1.0,1.0,1.0
Fast-CB,498.0,1.0,1.0,1.0,8,1.0,1.0,1.0,1.0,1.0,1.0,1.0,1.0
Fast-CB,499.0,1.0,1.0,1.0,8,1.0,1.0,1.0,1.0,1.0,1.0,1.0,1.0
Fast-CB,500.0,1.0,1.0,1.0,8,1.0,1.0,1.0,1.0,1.0,1.0,1.0,1.0
Fast-CB,501.0,1.0,1.0,1.0,8,1.0,1.0,1.0,1.0,1.0,1.0,1.0,1.0
Fast-CB,502.0,1.0,1.0,1.0,8,1.0,1.0,1.0,1.0,1.0,1.0,1.0,1.0
Fast-CB,503.0,1.0,1.0,1.0,8,1.0,1.0,1.0,1.0,1.0,1.0,1.0,1.0
Fast-CB,504.0,1.0,1.0,1.0,8,1.0,1.0,1.0,1.0,1.0,1.0,1.0,1.0
Fast-CB,505.0,1.0,1.0,1.0,8,1.0,1.0,1.0,1.0,1.0,1.0,1.0,1.0
Fast-CB,506.0,1.0,1.0,1.0,8,1.0,1.0,1.0,1.0,1.0,1.0,1.0,1.0
Fast-CB,507.0,1.0,1.0,1.0,8,1.0,1.0,1.0,1.0,1.0,1.0,1.0,1.0
Fast-CB,508.0,1.0,1.0,1.0,8,1.0,1.0,1.0,1.0,1.0,1.0,1.0,1.0
Fast-CB,509.0,1.0,1.0,1.0,8,1.0,1.0,1.0,1.0,1.0,1.0,1.0,1.0
Fast-CB,510.0,1.0,1.0,1.0,8,1.0,1.0,1.0,1.0,1.0,1.0,1.0,1.0
Fast-CB,511.0,1.0,1.0,1.0,8,1.0,1.0,1.0,1.0,1.0,1.0,1.0,1.0
Fast-CB,512.0,1.0,1.0,1.0,8,1.0,1.0,1.0,1.0,1.0,1.0,1.0,1.0
Fast-CB,513.0,1.0,1.0,1.0,8,1.0,1.0,1.0,1.0,1.0,1.0,1.0,1.0
Fast-CB,514.0,1.0,1.0,1.0,8,1.0,1.0,1.0,1.0,1.0,1.0,1.0,1.0
Fast-CB,515.0,1.0,1.0,1.0,8,1.0,1.0,1.0,1.0,1.0,1.0,1.0,1.0
Fast-CB,516.0,1.0,1.0,1.0,8,1.0,1.0,1.0,1.0,1.0,1.0,1.0,1.0
Fast-CB,517.0,1.0,1.0,1.0,8,1.0,1.0,1.0,1.0,1.0,1.0,1.0,1.0
Fast-CB,518.0,1.0,1.0,1.0,8,1.0,1.0,1.0,1.0,1.0,1.0,1.0,1.0
Fast-CB,519.0,1.0,1.0,1.0,8,1.0,1.0,1.0,1.0,1.0,1.0,1.0,1.0
Fast-CB,520.0,1.0,1.0,1.0,8,1.0,1.0,1.0,1.0,1.0,1.0,1.0,1.0
Fast-CB,521.0,1.0,1.0,1.0,8,1.0,1.0,1.0,1.0,1.0,1.0,1.0,1.0
Fast-CB,522.0,1.0,1.0,1.0,8,1.0,1.0,1.0,1.0,1.0,1.0,1.0,1.0
Fast-CB,523.0,1.0,1.0,1.0,8,1.0,1.0,1.0,1.0,1.0,1.0,1.0,1.0
Fast-CB,524.0,1.0,1.0,1.0,8,1.0,1.0,1.0,1.0,1.0,1.0,1.0,1.0
Fast-CB,525.0,1.0,1.0,1.0,8,1.0,1.0,1.0,1.0,1.0,1.0,1.0,1.0
Fast-CB,526.0,1.0,1.0,1.0,8,1.0,1.0,1.0,1.0,1.0,1.0,1.0,1.0
Fast-CB,527.0,1.0,1.0,1.0,8,1.0,1.0,1.0,1.0,1.0,1.0,1.0,1.0
Fast-CB,528.0,1.0,1.0,1.0,8,1.0,1.0,1.0,1.0,1.0,1.0,1.0,1.0
Fast-CB,529.0,1.0,1.0,1.0,8,1.0,1.0,1.0,1.0,1.0,1.0,1.0,1.0
Fast-CB,530.0,1.0,1.0,1.0,8,1.0,1.0,1.0,1.0,1.0,1.0,1.0,1.0
Fast-CB,531.0,1.0,1.0,1.0,8,1.0,1.0,1.0,1.0,1.0,1.0,1.0,1.0
Fast-CB,532.0,1.0,1.0,1.0,8,1.0,1.0,1.0,1.0,1.0,1.0,1.0,1.0
Fast-CB,533.0,1.0,1.0,1.0,8,1.0,1.0,1.0,1.0,1.0,1.0,1.0,1.0
Fast-CB,534.0,1.0,1.0,1.0,8,1.0,1.0,1.0,1.0,1.0,1.0,1.0,1.0
Fast-CB,535.0,1.0,1.0,1.0,8,1.0,1.0,1.0,1.0,1.0,1.0,1.0,1.0
Fast-CB,536.0,1.0,1.0,1.0,8,1.0,1.0,1.0,1.0,1.0,1.0,1.0,1.0
Fast-CB,537.0,1.0,1.0,1.0,8,1.0,1.0,1.0,1.0,1.0,1.0,1.0,1.0
Fast-CB,538.0,1.0,1.0,1.0,8,1.0,1.0,1.0,1.0,1.0,1.0,1.0,1.0
Fast-CB,539.0,1.0,1.0,1.0,8,1.0,1.0,1.0,1.0,1.0,1.0,1.0,1.0
Fast-CB,540.0,1.0,1.0,1.0,8,1.0,1.0,1.0,1.0,1.0,1.0,1.0,1.0
Fast-CB,541.0,1.0,1.0,1.0,8,1.0,1.0,1.0,1.0,1.0,1.0,1.0,1.0
Fast-CB,542.0,1.0,1.0,1.0,8,1.0,1.0,1.0,1.0,1.0,1.0,1.0,1.0
Fast-CB,543.0,1.0,1.0,1.0,8,1.0,1.0,1.0,1.0,1.0,1.0,1.0,1.0
Fast-CB,544.0,1.0,1.0,1.0,8,1.0,1.0,1.0,1.0,1.0,1.0,1.0,1.0
Fast-CB,545.0,1.0,1.0,1.0,8,1.0,1.0,1.0,1.0,1.0,1.0,1.0,1.0
Fast-CB,546.0,1.0,1.0,1.0,8,1.0,1.0,1.0,1.0,1.0,1.0,1.0,1.0
Fast-CB,547.0,1.0,1.0,1.0,8,1.0,1.0,1.0,1.0,1.0,1.0,1.0,1.0
Fast-CB,548.0,1.0,1.0,1.0,8,1.0,1.0,1.0,1.0,1.0,1.0,1.0,1.0
Fast-CB,549.0,1.0,1.0,1.0,8,1.0,1.0,1.0,1.0,1.0,1.0,1.0,1.0
Fast-CB,550.0,1.0,1.0,1.0,8,1.0,1.0,1.0,1.0,1.0,1.0,1.0,1.0
Fast-CB,551.0,1.0,1.0,1.0,8,1.0,1.0,1.0,1.0,1.0,1.0,1.0,1.0
Fast-CB,552.0,1.0,1.0,1.0,8,1.0,1.0,1.0,1.0,1.0,1.0,1.0,1.0
Fast-CB,553.0,1.0,1.0,1.0,8,1.0,1.0,1.0,1.0,1.0,1.0,1.0,1.0
Fast-CB,554.0,1.0,1.0,1.0,8,1.0,1.0,1.0,1.0,1.0,1.0,1.0,1.0
Fast-CB,555.0,1.0,1.0,1.0,8,1.0,1.0,1.0,1.0,1.0,1.0,1.0,1.0
Fast-CB,556.0,1.0,1.0,1.0,8,1.0,1.0,1.0,1.0,1.0,1.0,1.0,1.0
Fast-CB,557.0,1.0,1.0,1.0,8,1.0,1.0,1.0,1.0,1.0,1.0,1.0,1.0
Fast-CB,558.0,1.0,1.0,1.0,8,1.0,1.0,1.0,1.0,1.0,1.0,1.0,1.0
Fast-CB,559.0,1.0,1.0,1.0,8,1.0,1.0,1.0,1.0,1.0,1.0,1.0,1.0
Fast-CB,560.0,1.0,1.0,1.0,8,1.0,1.0,1.0,1.0,1.0,1.0,1.0,1.0
Fast-CB,561.0,1.0,1.0,1.0,8,1.0,1.0,1.0,1.0,1.0,1.0,1.0,1.0
Fast-CB,562.0,1.0,1.0,1.0,8,1.0,1.0,1.0,1.0,1.0,1.0,1.0,1.0
Fast-CB,563.0,1.0,1.0,1.0,8,1.0,1.0,1.0,1.0,1.0,1.0,1.0,1.0
Fast-CB,564.0,1.0,1.0,1.0,8,1.0,1.0,1.0,1.0,1.0,1.0,1.0,1.0
Fast-CB,565.0,1.0,1.0,1.0,8,1.0,1.0,1.0,1.0,1.0,1.0,1.0,1.0
Fast-CB,566.0,1.0,1.0,1.0,8,1.0,1.0,1.0,1.0,1.0,1.0,1.0,1.0
Fast-CB,567.0,1.0,1.0,1.0,8,1.0,1.0,1.0,1.0,1.0,1.0,1.0,1.0
Fast-CB,568.0,1.0,1.0,1.0,8,1.0,1.0,1.0,1.0,1.0,1.0,1.0,1.0
Fast-CB,569.0,1.0,1.0,1.0,8,1.0,1.0,1.0,1.0,1.0,1.0,1.0,1.0
Fast-CB,570.0,1.0,1.0,1.0,8,1.0,1.0,1.0,1.0,1.0,1.0,1.0,1.0
Fast-CB,571.0,1.0,1.0,1.0,8,1.0,1.0,1.0,1.0,1.0,1.0,1.0,1.0
Fast-CB,572.0,1.0,1.0,1.0,8,1.0,1.0,1.0,1.0,1.0,1.0,1.0,1.0
Fast-CB,573.0,1.0,1.0,1.0,8,1.0,1.0,1.0,1.0,1.0,1.0,1.0,1.0
Fast-CB,574.0,1.0,1.0,1.0,8,1.0,1.0,1.0,1.0,1.0,1.0,1.0,1.0
Fast-CB,575.0,1.0,1.0,1.0,8,1.0,1.0,1.0,1.0,1.0,1.0,1.0,1.0
Fast-CB,576.0,1.0,1.0,1.0,8,1.0,1.0,1.0,1.0,1.0,1.0,1.0,1.0
Fast-CB,577.0,1.0,1.0,1.0,8,1.0,1.0,1.0,1.0,1.0,1.0,1.0,1.0
Fast-CB,578.0,1.0,1.0,1.0,8,1.0,1.0,1.0,1.0,1.0,1.0,1.0,1.0
Fast-CB,579.0,1.0,1.0,1.0,8,1.0,1.0,1.0,1.0,1.0,1.0,1.0,1.0
Fast-CB,580.0,1.0,1.0,1.0,8,1.0,1.0,1.0,1.0,1.0,1.0,1.0,1.0
Fast-CB,581.0,1.0,1.0,1.0,8,1.0,1.0,1.0,1.0,1.0,1.0,1.0,1.0
Fast-CB,582.0,1.0,1.0,1.0,8,1.0,1.0,1.0,1.0,1.0,1.0,1.0,1.0
Fast-CB,583.0,1.0,1.0,1.0,8,1.0,1.0,1.0,1.0,1.0,1.0,1.0,1.0
Fast-CB,584.0,1.0,1.0,1.0,8,1.0,1.0,1.0,1.0,1.0,1.0,1.0,1.0
Fast-CB,585.0,1.0,1.0,1.0,8,1.0,1.0,1.0,1.0,1.0,1.0,1.0,1.0
Fast-CB,586.0,1.0,1.0,1.0,8,1.0,1.0,1.0,1.0,1.0,1.0,1.0,1.0
Fast-CB,587.0,1.0,1.0,1.0,8,1.0,1.0,1.0,1.0,1.0,1.0,1.0,1.0
Fast-CB,588.0,1.0,1.0,1.0,8,1.0,1.0,1.0,1.0,1.0,1.0,1.0,1.0
Fast-CB,589.0,1.0,1.0,1.0,8,1.0,1.0,1.0,1.0,1.0,1.0,1.0,1.0
Fast-CB,590.0,1.0,1.0,1.0,8,1.0,1.0,1.0,1.0,1.0,1.0,1.0,1.0
Fast-CB,591.0,1.0,1.0,1.0,8,1.0,1.0,1.0,1.0,1.0,1.0,1.0,1.0
Fast-CB,592.0,1.0,1.0,1.0,8,1.0,1.0,1.0,1.0,1.0,1.0,1.0,1.0
Fast-CB,593.0,1.0,1.0,1.0,8,1.0,1.0,1.0,1.0,1.0,1.0,1.0,1.0
Fast-CB,594.0,1.0,1.0,1.0,8,1.0,1.0,1.0,1.0,1.0,1.0,1.0,1.0
Fast-CB,595.0,1.0,1.0,1.0,8,1.0,1.0,1.0,1.0,1.0,1.0,1.0,1.0
Fast-CB,596.0,1.0,1.0,1.0,8,1.0,1.0,1.0,1.0,1.0,1.0,1.0,1.0
Fast-CB,597.0,1.0,1.0,1.0,8,1.0,1.0,1.0,1.0,1.0,1.0,1.0,1.0
Fast-CB,598.0,1.0,1.0,1.0,8,1.0,1.0,1.0,1.0,1.0,1.0,1.0,1.0
Fast-CB,599.0,1.0,1.0,1.0,8,1.0,1.0,1.0,1.0,1.0,1.0,1.0,1.0
Fast-CB,600.0,1.0,1.0,1.0,8,1.0,1.0,1.0,1.0,1.0,1.0,1.0,1.0
Fast-CB,601.0,1.0,1.0,1.0,8,1.0,1.0,1.0,1.0,1.0,1.0,1.0,1.0
Fast-CB,602.0,1.0,1.0,1.0,8,1.0,1.0,1.0,1.0,1.0,1.0,1.0,1.0
Fast-CB,603.0,1.0,1.0,1.0,8,1.0,1.0,1.0,1.0,1.0,1.0,1.0,1.0
Fast-CB,604.0,1.0,1.0,1.0,8,1.0,1.0,1.0,1.0,1.0,1.0,1.0,1.0
Fast-CB,605.0,1.0,1.0,1.0,8,1.0,1.0,1.0,1.0,1.0,1.0,1.0,1.0
Fast-CB,606.0,1.0,1.0,1.0,8,1.0,1.0,1.0,1.0,1.0,1.0,1.0,1.0
Fast-CB,607.0,1.0,1.0,1.0,8,1.0,1.0,1.0,1.0,1.0,1.0,1.0,1.0
Fast-CB,608.0,1.0,1.0,1.0,8,1.0,1.0,1.0,1.0,1.0,1.0,1.0,1.0
Fast-CB,609.0,1.0,1.0,1.0,8,1.0,1.0,1.0,1.0,1.0,1.0,1.0,1.0
Fast-CB,610.0,1.0,1.0,1.0,8,1.0,1.0,1.0,1.0,1.0,1.0,1.0,1.0
Fast-CB,611.0,1.0,1.0,1.0,8,1.0,1.0,1.0,1.0,1.0,1.0,1.0,1.0
Fast-CB,612.0,1.0,1.0,1.0,8,1.0,1.0,1.0,1.0,1.0,1.0,1.0,1.0
Fast-CB,613.0,1.0,1.0,1.0,8,1.0,1.0,1.0,1.0,1.0,1.0,1.0,1.0
Fast-CB,614.0,1.0,1.0,1.0,8,1.0,1.0,1.0,1.0,1.0,1.0,1.0,1.0
Fast-CB,615.0,1.0,1.0,1.0,8,1.0,1.0,1.0,1.0,1.0,1.0,1.0,1.0
Fast-CB,616.0,1.0,1.0,1.0,8,1.0,1.0,1.0,1.0,1.0,1.0,1.0,1.0
Fast-CB,617.0,1.0,1.0,1.0,8,1.0,1.0,1.0,1.0,1.0,1.0,1.0,1.0
Fast-CB,618.0,1.0,1.0,1.0,8,1.0,1.0,1.0,1.0,1.0,1.0,1.0,1.0
Fast-CB,619.0,1.0,1.0,1.0,8,1.0,1.0,1.0,1.0,1.0,1.0,1.0,1.0
Fast-CB,620.0,1.0,1.0,1.0,8,1.0,1.0,1.0,1.0,1.0,1.0,1.0,1.0
Fast-CB,621.0,1.0,1.0,1.0,8,1.0,1.0,1.0,1.0,1.0,1.0,1.0,1.0
Fast-CB,622.0,1.0,1.0,1.0,8,1.0,1.0,1.0,1.0,1.0,1.0,1.0,1.0
Fast-CB,623.0,1.0,1.0,1.0,8,1.0,1.0,1.0,1.0,1.0,1.0,1.0,1.0
Fast-CB,624.0,1.0,1.0,1.0,8,1.0,1.0,1.0,1.0,1.0,1.0,1.0,1.0
Fast-CB,625.0,1.0,1.0,1.0,8,1.0,1.0,1.0,1.0,1.0,1.0,1.0,1.0
Fast-CB,626.0,1.0,1.0,1.0,8,1.0,1.0,1.0,1.0,1.0,1.0,1.0,1.0
Fast-CB,627.0,1.0,1.0,1.0,8,1.0,1.0,1.0,1.0,1.0,1.0,1.0,1.0
Fast-CB,628.0,1.0,1.0,1.0,8,1.0,1.0,1.0,1.0,1.0,1.0,1.0,1.0
Fast-CB,629.0,1.0,1.0,1.0,8,1.0,1.0,1.0,1.0,1.0,1.0,1.0,1.0
Fast-CB,630.0,1.0,1.0,1.0,8,1.0,1.0,1.0,1.0,1.0,1.0,1.0,1.0
Fast-CB,631.0,1.0,1.0,1.0,8,1.0,1.0,1.0,1.0,1.0,1.0,1.0,1.0
Fast-CB,632.0,1.0,1.0,1.0,8,1.0,1.0,1.0,1.0,1.0,1.0,1.0,1.0
Fast-CB,633.0,1.0,1.0,1.0,8,1.0,1.0,1.0,1.0,1.0,1.0,1.0,1.0
Fast-CB,634.0,1.0,1.0,1.0,8,1.0,1.0,1.0,1.0,1.0,1.0,1.0,1.0
Fast-CB,635.0,1.0,1.0,1.0,8,1.0,1.0,1.0,1.0,1.0,1.0,1.0,1.0
Fast-CB,636.0,1.0,1.0,1.0,8,1.0,1.0,1.0,1.0,1.0,1.0,1.0,1.0
Fast-CB,637.0,1.0,1.0,1.0,8,1.0,1.0,1.0,1.0,1.0,1.0,1.0,1.0
Fast-SB,0.0,0.0,0.0,0.0,8,0.0,0.0,0.0,0.0,0.0,0.0,0.0,0.0
Fast-SB,1.0,0.06525786314525811,0.05161852839154072,0.07889719789897551,8,0.054821928771508606,0.10244097639055623,0.0716,0.0552,0.0568,0.06,0.0672,0.054
Fast-SB,2.0,0.0654578831532613,0.05189083685765062,0.07902492944887199,8,0.055222088835534214,0.10244097639055623,0.0716,0.0552,0.0568,0.0604,0.0676,0.0544
Fast-SB,3.0,0.23162633053221288,0.2004568748398751,0.2627957862245507,8,0.20928371348539415,0.31732693077230895,0.2448,0.2084,0.2308,0.22,0.2212,0.2012
Fast-SB,4.0,0.2321764705882353,0.20071948852902424,0.2636334526474463,8,0.21048419367747098,0.31892757102841135,0.2448,0.2084,0.2312,0.2204,0.2216,0.2016
Fast-SB,5.0,0.4613002400960384,0.42796434355617774,0.4946361366358991,8,0.44737895158063223,0.5574229691876751,0.466,0.434,0.4464,0.45,0.4476,0.4416
Fast-SB,6.0,0.461800300120048,0.4284554091889044,0.49514519105119165,8,0.4481792717086835,0.5578231292517006,0.4668,0.434,0.4468,0.4508,0.448,0.442
Fast-SB,7.0,0.672969787915166,0.6480419595975155,0.6978976162328165,8,0.6534613845538215,0.742296918767507,0.6728,0.6428,0.6688,0.664,0.668,0.6716
Fast-SB,8.0,0.6737198279311725,0.6488314471849655,0.6986082086773794,8,0.6538615446178472,0.7426970788315326,0.6732,0.6432,0.67,0.6648,0.6688,0.6732
Fast-SB,9.0,0.6770207282913165,0.6484145950070589,0.7056268615755742,8,0.657062825130052,0.7575030012004802,0.6772,0.644,0.67,0.666,0.67,0.6744
Fast-SB,10.0,0.6787211484593838,0.6484206241382025,0.7090216727805652,8,0.6586634653861545,0.7643057222889156,0.6796,0.6444,0.6704,0.6672,0.6704,0.6748
Fast-SB,11.0,0.681571968787515,0.6474307033603213,0.7157132342147088,8,0.6606642657062826,0.7787114845938375,0.6828,0.6448,0.6712,0.668,0.6708,0.6756
Fast-SB,12.0,0.6830223689475791,0.6472984274079069,0.7187463104872512,8,0.662264905962385,0.7851140456182473,0.6832,0.6456,0.672,0.6684,0.6708,0.6768
Fast-SB,13.0,0.6840726690676271,0.6472792165632126,0.7208661215720416,8,0.6638655462184874,0.789515806322529,0.6844,0.6464,0.672,0.6688,0.6708,0.6768
Fast-SB,14.0,0.6848227691076431,0.6479453970134735,0.7217001412018126,8,0.6650660264105642,0.7903161264505802,0.6868,0.6468,0.6724,0.6696,0.6708,0.6768
Fast-SB,15.0,0.6857229891956783,0.6483265080984365,0.7231194702929201,8,0.6670668267306923,0.7927170868347339,0.6876,0.6468,0.6732,0.67,0.6712,0.6772
Fast-SB,16.0,0.6866231492597039,0.6490628624229902,0.7241834360964177,8,0.6690676270508203,0.7939175670268107,0.6888,0.6468,0.6752,0.67,0.6716,0.6776
Fast-SB,17.0,0.6876733093237295,0.6498520808340267,0.7254945378134323,8,0.6706682673069227,0.7955182072829131,0.6916,0.6476,0.676,0.6708,0.6716,0.6776
Fast-SB,18.0,0.6889734893957583,0.6507257456068049,0.7272212331847118,8,0.6722689075630253,0.7975190076030412,0.6956,0.648,0.6772,0.6716,0.6716,0.678
Fast-SB,19.0,0.6900735894357743,0.6516802049064827,0.728466973965066,8,0.6730692276910765,0.798719487795118,0.6972,0.6484,0.6812,0.672,0.672,0.678
Fast-SB,20.0,0.6910238095238095,0.6523105579435817,0.7297370611040372,8,0.6758703481392557,0.8003201280512204,0.6988,0.6484,0.6824,0.6724,0.672,0.678
Fast-SB,21.0,0.6928741096438575,0.6539334924032124,0.7318147268845027,8,0.6798719487795118,0.8023209283713485,0.702,0.6492,0.6844,0.6748,0.672,0.6784
Fast-SB,22.0,0.6949743697478992,0.6557308880795094,0.7342178514162889,8,0.6830732292917167,0.8043217286914766,0.7056,0.6492,0.6892,0.6768,0.6732,0.6784
Fast-SB,23.0,0.6969244897959184,0.657629347934653,0.7362196316571837,8,0.6846738695478192,0.8051220488195278,0.7104,0.6496,0.694,0.678,0.6752,0.6784
Fast-SB,24.0,0.6988245698279312,0.6595803570757297,0.7380687825801326,8,0.6858743497398959,0.8055222088835534,0.7156,0.6504,0.6976,0.6796,0.6768,0.6792
Fast-SB,25.0,0.700674649859944,0.6614611558687462,0.7398881438511418,8,0.6870748299319728,0.8059223689475791,0.7184,0.6504,0.7036,0.6796,0.6808,0.6796
Fast-SB,26.0,0.7027747899159664,0.6635562695460148,0.7419933102859181,8,0.6886754701880752,0.8071228491396558,0.7196,0.6508,0.7096,0.6824,0.6832,0.6808
Fast-SB,27.0,0.7041248899559824,0.6649564197143121,0.7432933601976528,8,0.6902761104441777,0.8075230092036815,0.7212,0.6508,0.7124,0.6856,0.684,0.6812
Fast-SB,28.0,0.7063750700280111,0.6670921565727002,0.7456579834833221,8,0.6922769107643058,0.8091236494597839,0.7228,0.6512,0.7172,0.6896,0.6872,0.6816
Fast-SB,29.0,0.7073251900760305,0.667776353342158,0.7468740268099029,8,0.6934773909563825,0.8103241296518607,0.7244,0.6512,0.7184,0.6912,0.688,0.6816
Fast-SB,30.0,0.7083753301320528,0.6681324168359652,0.7486182434281403,8,0.6934773909563825,0.81312525010004,0.7256,0.6516,0.7204,0.6924,0.6888,0.6816
Fast-SB,31.0,0.7092753901560624,0.6688473066030712,0.7497034737090537,8,0.6938775510204082,0.8139255702280912,0.7272,0.6516,0.722,0.6932,0.6908,0.6816
Fast-SB,32.0,0.7105755102040816,0.6700717448160948,0.7510792755920684,8,0.695078031212485,0.8151260504201681,0.728,0.652,0.7236,0.6948,0.6944,0.6816
Fast-SB,33.0,0.7122757302921169,0.6715107197026563,0.7530407408815775,8,0.6978791516606643,0.8167266906762705,0.73,0.652,0.7256,0.6976,0.6968,0.6816
Fast-SB,34.0,0.7133258503401361,0.6721091823107246,0.7545425183695476,8,0.6986794717887155,0.818327330932373,0.7324,0.6524,0.7276,0.6984,0.6972,0.6816
Fast-SB,35.0,0.7143759303721489,0.6727097127797412,0.7560421479645565,8,0.6990796318527411,0.8195278111244498,0.7348,0.6524,0.7304,0.7,0.6972,0.6816
Fast-SB,36.0,0.7163760704281713,0.6744786693989594,0.7582734714573832,8,0.7014805922368947,0.8199279711884754,0.7376,0.6524,0.7364,0.7024,0.6988,0.682
Fast-SB,37.0,0.7180761704681873,0.6757512062758572,0.7604011346605174,8,0.7026810724289716,0.8207282913165266,0.74,0.6524,0.742,0.7052,0.6992,0.6824
Fast-SB,38.0,0.7195762304921969,0.6768620559671304,0.7622904050172633,8,0.7030812324929971,0.8215286114445778,0.7436,0.6524,0.7448,0.7084,0.7004,0.6824
Fast-SB,39.0,0.7220264105642257,0.6789519713085973,0.765100849819854,8,0.7058823529411765,0.8223289315726291,0.7512,0.6532,0.7472,0.7116,0.7016,0.6832
Fast-SB,40.0,0.7242265906362545,0.6805635986791696,0.7678895825933394,8,0.7078831532613046,0.8239295718287315,0.7568,0.6532,0.7492,0.7156,0.7036,0.6836
Fast-SB,41.0,0.7258267106842737,0.6819257540671846,0.7697276673013629,8,0.7086834733893558,0.8255302120848339,0.7584,0.6536,0.7516,0.7172,0.7068,0.6848
Fast-SB,42.0,0.7274268507402961,0.6835254675856063,0.771328233894986,8,0.7106842737094838,0.8263305322128851,0.76,0.654,0.754,0.718,0.71,0.6864
Fast-SB,43.0,0.7290769707883153,0.684820445947892,0.7733334956287387,8,0.7118847539015606,0.827531012404962,0.7628,0.654,0.7564,0.72,0.7128,0.6872
Fast-SB,44.0,0.7306270908363346,0.6865097524561018,0.7747444292165674,8,0.7142857142857143,0.827531012404962,0.7648,0.654,0.758,0.7228,0.7144,0.6892
Fast-SB,45.0,0.732277230892357,0.6880118103270422,0.7765426514576718,8,0.7154861944777912,0.8291316526610645,0.7676,0.6552,0.7588,0.7256,0.716,0.6904
Fast-SB,46.0,0.7339274109643857,0.6897124479851264,0.778142373943645,8,0.7182873149259704,0.8299319727891157,0.7704,0.6564,0.76,0.7276,0.7168,0.692
Fast-SB,47.0,0.7352774709883954,0.6912871052864566,0.7792678366903341,8,0.7190876350540216,0.8303321328531412,0.7724,0.6572,0.7608,0.7288,0.7188,0.6948
Fast-SB,48.0,0.7367775910364146,0.6925698611323795,0.7809853209404497,8,0.7202881152460985,0.8315326130452181,0.7756,0.6584,0.7624,0.73,0.7204,0.6956
Fast-SB,49.0,0.7381276910764305,0.6940070167833486,0.7822483653695124,8,0.7214885954381752,0.8323329331732693,0.778,0.6596,0.7624,0.732,0.7224,0.6968
Fast-SB,50.0,0.740127931172469,0.6957021178288435,0.7845537445160945,8,0.7250900360144058,0.8335334133653461,0.7828,0.6604,0.764,0.7332,0.7236,0.6984
Fast-SB,51.0,0.7418281712685074,0.6972109428769739,0.7864453996600409,8,0.7282913165266106,0.8351340536214485,0.7848,0.6616,0.7664,0.734,0.7252,0.6992
Fast-SB,52.0,0.7433284113645459,0.6985618932943425,0.7880949294347492,8,0.7306922769107643,0.8375350140056023,0.7852,0.6628,0.7676,0.7344,0.7288,0.6996
Fast-SB,53.0,0.7453285514205682,0.7005552383932011,0.7901018644479353,8,0.7318927571028412,0.8391356542617047,0.7868,0.664,0.7692,0.7372,0.7336,0.7008
Fast-SB,54.0,0.7476787715086034,0.7027808794333257,0.7925766635838811,8,0.7338935574229691,0.8415366146458584,0.7888,0.6652,0.7712,0.7392,0.7384,0.7032
Fast-SB,55.0,0.749428931572629,0.7043136990096855,0.7945441641355725,8,0.7346938775510204,0.843937575030012,0.79,0.6664,0.7736,0.7404,0.7412,0.7052
Fast-SB,56.0,0.7517791716686675,0.706447426017593,0.7971109173197419,8,0.7366946778711485,0.8467386954781913,0.7916,0.6676,0.7768,0.742,0.7444,0.7084
Fast-SB,57.0,0.7534294117647059,0.7076639083758596,0.7991949151535522,8,0.7378951580632253,0.8503401360544217,0.7924,0.6692,0.7784,0.744,0.746,0.7092
Fast-SB,58.0,0.7546296318527411,0.7085823159263223,0.80067694777916,8,0.7398959583833533,0.8527410964385754,0.7928,0.67,0.7796,0.7448,0.7472,0.71
Fast-SB,59.0,0.7561297719087635,0.7097757381436168,0.8024838056739102,8,0.7406962785114045,0.8547418967587035,0.7952,0.6708,0.7804,0.7468,0.7492,0.7112
Fast-SB,60.0,0.7575799919967987,0.7104875040286415,0.804672479964956,8,0.7406962785114045,0.8591436574629852,0.796,0.6724,0.7824,0.7484,0.75,0.7116
Fast-SB,61.0,0.7598802721088436,0.7120413513825906,0.8077191928350965,8,0.7414965986394558,0.8639455782312925,0.798,0.674,0.7836,0.7528,0.7528,0.7124
Fast-SB,62.0,0.7620804921968788,0.7137523147946023,0.8104086695991553,8,0.7442977190876351,0.865546218487395,0.802,0.6744,0.786,0.7548,0.7568,0.7128
Fast-SB,63.0,0.7644307322929171,0.7152075718979752,0.813653892687859,8,0.7458983593437375,0.8687474989995998,0.8068,0.676,0.79,0.756,0.7592,0.7128
Fast-SB,64.0,0.7665809523809524,0.7166709485949586,0.8164909561669461,8,0.7474989995998399,0.8715486194477791,0.812,0.6768,0.7912,0.7576,0.7616,0.7144
Fast-SB,65.0,0.7689812324929972,0.7179267154661387,0.8200357495198557,8,0.7498999599839936,0.874749899959984,0.8188,0.6776,0.7936,0.7588,0.764,0.7144
Fast-SB,66.0,0.7708813325330132,0.7194983705285006,0.8222642945375257,8,0.7511004401760705,0.8755502200880352,0.8224,0.6784,0.7956,0.7632,0.7664,0.7144
Fast-SB,67.0,0.7726814925970388,0.7210210730680442,0.8243419121260334,8,0.7527010804321729,0.8771508603441377,0.824,0.6792,0.7984,0.7648,0.77,0.7152
Fast-SB,68.0,0.774381612645058,0.7227961191386909,0.8259671061514251,8,0.7539015606242497,0.8783513405362144,0.824,0.6796,0.8016,0.768,0.7716,0.718
Fast-SB,69.0,0.7765816926770708,0.7253610432532555,0.8278023421008861,8,0.7547018807523009,0.8791516606642658,0.826,0.6812,0.8024,0.7704,0.7772,0.7216
Fast-SB,70.0,0.7787318727490996,0.7271244069102685,0.8303393385879307,8,0.7559023609443778,0.8815526210484194,0.8288,0.6828,0.804,0.7724,0.782,0.7224
Fast-SB,71.0,0.7809820728291317,0.7292370125625317,0.8327271330957317,8,0.7583033213285314,0.8831532613045218,0.8308,0.684,0.8068,0.7732,0.7872,0.7244
Fast-SB,72.0,0.7834823929571829,0.730934864635647,0.8360299212787188,8,0.7603041216486595,0.8875550220088035,0.8336,0.6848,0.8088,0.7752,0.7912,0.7264
Fast-SB,73.0,0.7865826930772308,0.7333906264930969,0.8397747596613647,8,0.7611044417767107,0.8927571028411364,0.8364,0.6868,0.8104,0.7808,0.7952,0.7292
Fast-SB,74.0,0.7902830132052822,0.7367023786223773,0.843863647788187,8,0.7639055622248899,0.896358543417367,0.8396,0.688,0.812,0.7908,0.7992,0.7324
Fast-SB,75.0,0.794033593437375,0.7402268437304629,0.8478403431442871,8,0.7719087635054022,0.8999599839935974,0.8424,0.6888,0.8144,0.796,0.8028,0.736
Fast-SB,76.0,0.7972340336134454,0.7438806449671604,0.8505874222597303,8,0.7795118047218887,0.9011604641856743,0.8432,0.6896,0.8164,0.8024,0.8052,0.7404
Fast-SB,77.0,0.800684393757503,0.7480055825139509,0.8533632050010551,8,0.7863145258103241,0.9015606242496998,0.8456,0.6896,0.8176,0.806,0.8096,0.7492
Fast-SB,78.0,0.8033845738295318,0.7510066480370335,0.85576249962203,8,0.7887154861944778,0.9027611044417767,0.8472,0.69,0.822,0.8088,0.8108,0.7568
Fast-SB,79.0,0.806684693877551,0.7553395368055087,0.8580298509495934,8,0.7903161264505802,0.9035614245698279,0.8488,0.6924,0.8248,0.8108,0.8148,0.768
Fast-SB,80.0,0.8094849339735894,0.7586661168693409,0.860303751077838,8,0.7931172468987595,0.905562224889956,0.8508,0.696,0.8288,0.8128,0.816,0.7728
Fast-SB,81.0,0.8120850340136054,0.761612342465504,0.8625577255617068,8,0.7947178871548619,0.9059623849539816,0.8516,0.6968,0.8332,0.8148,0.8196,0.78
Fast-SB,82.0,0.8154352140856342,0.7650164433781028,0.8658539847931657,8,0.7963185274109644,0.9079631852741097,0.8524,0.6984,0.8372,0.8196,0.8256,0.786
Fast-SB,83.0,0.8189353341336535,0.7685812939610568,0.8692893743062502,8,0.7975190076030412,0.9091636654661864,0.854,0.6996,0.8416,0.8244,0.8312,0.794
Fast-SB,84.0,0.822285494197679,0.772154625931952,0.872416362463406,8,0.7991196478591437,0.910764305722289,0.8568,0.702,0.8424,0.8292,0.8372,0.8008
Fast-SB,85.0,0.8251856342537015,0.7751998784852955,0.8751713900221075,8,0.8007202881152461,0.9119647859143657,0.8588,0.7044,0.8472,0.8332,0.84,0.8052
Fast-SB,86.0,0.8284858143257303,0.7790255419186607,0.8779460867328,8,0.8027210884353742,0.9135654261704682,0.8612,0.7084,0.8496,0.8384,0.8436,0.8104
Fast-SB,87.0,0.8312860144057623,0.7815040571077969,0.8810679717037277,8,0.8047218887555022,0.9155662264905963,0.8636,0.7096,0.8508,0.8436,0.8488,0.8136
Fast-SB,88.0,0.8336860744297719,0.7844239801547748,0.8829481687047691,8,0.8059223689475791,0.9155662264905963,0.8648,0.7124,0.854,0.8464,0.852,0.8184
Fast-SB,89.0,0.8361361344537815,0.786986195915979,0.8852860729915841,8,0.8063225290116046,0.9163665466186475,0.866,0.7144,0.858,0.8488,0.8552,0.824
Fast-SB,90.0,0.8389862144857944,0.7901555092728841,0.8878169196987046,8,0.8075230092036815,0.916766706682673,0.8668,0.7172,0.8624,0.8544,0.8576,0.8292
Fast-SB,91.0,0.8413363145258104,0.7929508004408943,0.8897218286107265,8,0.8087234893957583,0.9175670268107243,0.8672,0.7204,0.866,0.8568,0.8604,0.8336
Fast-SB,92.0,0.8430364145658263,0.7949945325978968,0.8910782965337559,8,0.8103241296518607,0.9179671868747499,0.8688,0.7224,0.868,0.858,0.8612,0.8376
Fast-SB,93.0,0.844436474589836,0.7966173133126665,0.8922556358670054,8,0.8111244497799119,0.9183673469387755,0.87,0.7244,0.8704,0.8592,0.8628,0.8392
Fast-SB,94.0,0.8460866546618647,0.7984581425888312,0.8937151667348983,8,0.8143257302921169,0.9187675070028011,0.8716,0.7256,0.8732,0.8604,0.8632,0.8416
Fast-SB,95.0,0.8476868147258904,0.8004477789859865,0.8949258504657942,8,0.8163265306122449,0.9199679871948779,0.8728,0.728,0.874,0.8612,0.8648,0.8444
Fast-SB,96.0,0.8495370148059224,0.8018537160067613,0.8972203136050835,8,0.8171268507402961,0.9231692677070829,0.874,0.7296,0.8788,0.8628,0.8656,0.8452
Fast-SB,97.0,0.8505871548619448,0.8027110074804269,0.8984633022434627,8,0.818327330932373,0.9247699079631853,0.8748,0.7304,0.8808,0.8636,0.8668,0.8452
Fast-SB,98.0,0.851587274909964,0.8034813633240421,0.8996931864958859,8,0.8195278111244498,0.9259703881552621,0.8756,0.7308,0.8824,0.8656,0.8676,0.8452
Fast-SB,99.0,0.8529373349339736,0.8055641300973594,0.9003105397705878,8,0.8207282913165266,0.9259703881552621,0.8772,0.7344,0.8844,0.8664,0.8684,0.846
Fast-SB,100.0,0.8544375750300119,0.807528130883451,0.9013470191765729,8,0.8255302120848339,0.9259703881552621,0.8784,0.736,0.8864,0.8676,0.8692,0.8464
Fast-SB,101.0,0.8557877350940376,0.8093441265554815,0.9022313436325937,8,0.827531012404962,0.927170868347339,0.8796,0.7388,0.8872,0.8696,0.8696,0.8468
Fast-SB,102.0,0.8570378551420568,0.8111144930043425,0.9029612172797711,8,0.8299319727891157,0.927170868347339,0.88,0.7412,0.8888,0.872,0.8704,0.8468
Fast-SB,103.0,0.8590880152060825,0.8132257030835716,0.9049503273285934,8,0.8327330932372949,0.9275710284113645,0.8828,0.7428,0.8904,0.8764,0.8724,0.8476
Fast-SB,104.0,0.8607381352541017,0.8147506554703924,0.906725615037811,8,0.834733893557423,0.9279711884753902,0.886,0.744,0.8928,0.8796,0.8732,0.8476
Fast-SB,105.0,0.8619382152861145,0.8158749968664165,0.9080014337058124,8,0.8359343737494997,0.9283713485394157,0.8872,0.7448,0.8944,0.882,0.8744,0.8484
Fast-SB,106.0,0.8630382953181273,0.8167325386107436,0.9093440520255109,8,0.8363345338135254,0.9295718287314926,0.8888,0.7456,0.8952,0.8844,0.876,0.8484
Fast-SB,107.0,0.8641885354141656,0.8177757160480853,0.910601354780246,8,0.8387354941976791,0.9319727891156463,0.8892,0.7464,0.8952,0.8848,0.8784,0.8488
Fast-SB,108.0,0.8651886554621848,0.8185408501294578,0.9118364607949119,8,0.8395358143257303,0.9335734293717487,0.8912,0.7468,0.8956,0.8848,0.88,0.85
Fast-SB,109.0,0.8664887755102041,0.8201780676507833,0.9127994833696249,8,0.8415366146458584,0.9339735894357744,0.8924,0.7488,0.8968,0.886,0.8816,0.8508
Fast-SB,110.0,0.8679389955982393,0.8221067227281369,0.9137712684683417,8,0.8455382152861144,0.9343737494997999,0.8932,0.7508,0.8988,0.8864,0.8824,0.852
Fast-SB,111.0,0.8690891156462585,0.8235201906925309,0.914658040599986,8,0.8479391756702681,0.9343737494997999,0.8952,0.7524,0.9008,0.8864,0.8832,0.8524
Fast-SB,112.0,0.8704392757102841,0.8252487194818237,0.9156298319387446,8,0.8499399759903962,0.9355742296918768,0.8968,0.7548,0.9008,0.8868,0.8856,0.8532
Fast-SB,113.0,0.8723394757903161,0.8274477218028817,0.9172312297777505,8,0.8527410964385754,0.9367747098839536,0.8996,0.7576,0.9028,0.8888,0.8864,0.854
Fast-SB,114.0,0.8741896758703481,0.8292565131314481,0.9191228386092481,8,0.8555422168867547,0.9379751900760304,0.9032,0.7596,0.9064,0.8896,0.8868,0.8544
Fast-SB,115.0,0.875739855942377,0.830957768628584,0.9205219432561701,8,0.8575430172068828,0.9395758303321329,0.9052,0.762,0.9076,0.8908,0.8888,0.8544
Fast-SB,116.0,0.8771399359743898,0.8326470996589591,0.9216327722898204,8,0.8579431772709084,0.9407763105242097,0.9084,0.7648,0.9076,0.8912,0.8912,0.8552
Fast-SB,117.0,0.8785400160064025,0.8346788801069007,0.9224011519059043,8,0.8591436574629852,0.9411764705882353,0.9108,0.7684,0.908,0.892,0.8932,0.8556
Fast-SB,118.0,0.8803400360144058,0.8371222308859969,0.9235578411428147,8,0.8595438175270108,0.9411764705882353,0.9156,0.7728,0.9084,0.8932,0.8956,0.8564
Fast-SB,119.0,0.8818402160864346,0.8394801162888107,0.9242003158840585,8,0.8615446178471389,0.9427771108443377,0.9164,0.7776,0.9096,0.8936,0.8968,0.8564
Fast-SB,120.0,0.8834404361744698,0.8415328137026256,0.925348058646314,8,0.8635454181672669,0.9451780712284914,0.9172,0.7812,0.91,0.8944,0.8992,0.8568
Fast-SB,121.0,0.8848406362545018,0.8433045106549181,0.9263767618540856,8,0.8663465386154462,0.9463785514205683,0.9188,0.784,0.9112,0.8948,0.9004,0.8568
Fast-SB,122.0,0.8860907763105242,0.8450956573896303,0.9270858952314182,8,0.8687474989995998,0.9467787114845938,0.9196,0.7868,0.912,0.8948,0.9028,0.8572
Fast-SB,123.0,0.8870409963985594,0.845927177574795,0.9281548152223238,8,0.8707482993197279,0.9491796718687475,0.9208,0.788,0.9124,0.8952,0.9028,0.8572
Fast-SB,124.0,0.8888412164865946,0.8489245828273876,0.9287578501458017,8,0.8723489395758304,0.9519807923169268,0.9216,0.7948,0.9128,0.8964,0.9028,0.858
Fast-SB,125.0,0.8906914765906363,0.8511473603294434,0.9302355928518292,8,0.8735494197679071,0.9559823929571829,0.9236,0.7996,0.914,0.8968,0.9028,0.8592
Fast-SB,126.0,0.892091556622649,0.8538489762623015,0.9303341369829966,8,0.8743497398959584,0.9567827130852341,0.924,0.8056,0.914,0.8988,0.9028,0.8604
Fast-SB,127.0,0.8934416366546618,0.85623449687031,0.9306487764390137,8,0.874749899959984,0.957983193277311,0.9244,0.8108,0.914,0.9,0.9036,0.862
Fast-SB,128.0,0.8952418567426971,0.8583214377738408,0.9321622757115533,8,0.8759503801520608,0.9611844737895158,0.9272,0.8152,0.9144,0.9012,0.9036,0.8632
Fast-SB,129.0,0.8970920968387355,0.8606641173064493,0.9335200763710216,8,0.8771508603441377,0.9647859143657463,0.9292,0.8204,0.9148,0.9016,0.9036,0.8652
Fast-SB,130.0,0.8982922368947579,0.8627143456338444,0.9338701281556714,8,0.8791516606642658,0.9655862344937975,0.9296,0.8244,0.9148,0.9028,0.9036,0.8664
Fast-SB,131.0,0.8995923369347739,0.8646842945016822,0.9345003793678657,8,0.8795518207282913,0.9671868747499,0.9296,0.8284,0.9152,0.9032,0.9052,0.8684
Fast-SB,132.0,0.9008924969987995,0.8668572475835362,0.9349277464140627,8,0.8823529411764706,0.9675870348139256,0.9304,0.8328,0.9152,0.9044,0.906,0.8684
Fast-SB,133.0,0.9024926570628251,0.8687818209392553,0.936203493186395,8,0.8835534213685474,0.9695878351340537,0.9304,0.836,0.9176,0.9052,0.9076,0.87
Fast-SB,134.0,0.9042428971588635,0.8711680381011031,0.9373177562166239,8,0.8863545418167267,0.9715886354541817,0.9308,0.8404,0.9184,0.9068,0.9084,0.8712
Fast-SB,135.0,0.9054430972388956,0.8723205350326008,0.9385656594451904,8,0.8887555022008804,0.9731892757102841,0.9308,0.8404,0.9184,0.908,0.9108,0.8732
Fast-SB,136.0,0.9064931572629051,0.8732680076753494,0.9397183068504609,8,0.8895558223289316,0.9735894357743097,0.9312,0.8404,0.9208,0.9088,0.9132,0.8744
Fast-SB,137.0,0.9074432372949179,0.8742419824655674,0.9406444921242685,8,0.8903561424569828,0.974389755902361,0.9316,0.8404,0.9224,0.9092,0.914,0.8772
Fast-SB,138.0,0.9086433173269308,0.8753822382682833,0.9419043963855783,8,0.8907563025210085,0.9755902360944377,0.9316,0.8408,0.9244,0.9108,0.9156,0.8796
Fast-SB,139.0,0.9098934173669467,0.8766770018818641,0.9431098328520293,8,0.8915566226490597,0.9767907162865146,0.932,0.8416,0.9248,0.9116,0.9188,0.882
Fast-SB,140.0,0.9111934773909564,0.8784620473906715,0.9439249073912412,8,0.8927571028411364,0.9767907162865146,0.9324,0.8432,0.926,0.9128,0.9208,0.8848
Fast-SB,141.0,0.9123936374549819,0.8799797688249613,0.9448075060850025,8,0.8951580632252901,0.9775910364145658,0.9332,0.844,0.9268,0.9128,0.9212,0.8884
Fast-SB,142.0,0.9135437575030012,0.8810099465847342,0.9460775684212682,8,0.8959583833533413,0.9791916766706683,0.934,0.8444,0.9272,0.9132,0.9232,0.8912
Fast-SB,143.0,0.9147438575430172,0.8824017210476902,0.9470859940383443,8,0.8975590236094437,0.9795918367346939,0.9344,0.8448,0.9292,0.9136,0.924,0.8948
Fast-SB,144.0,0.9157439575830332,0.8832217061696586,0.9482662089964078,8,0.8987595038015206,0.9803921568627451,0.936,0.8452,0.9316,0.914,0.9244,0.8956
Fast-SB,145.0,0.917144037615046,0.8843068950149686,0.9499811802151235,8,0.8991596638655462,0.9815926370548219,0.938,0.8456,0.9356,0.9148,0.9244,0.898
Fast-SB,146.0,0.9183441376550621,0.885464637582349,0.9512236377277752,8,0.9003601440576231,0.9823929571828731,0.9396,0.846,0.9372,0.9156,0.9248,0.9008
Fast-SB,147.0,0.9197943177270909,0.886860626166897,0.9527280092872847,8,0.902360944377751,0.9839935974389756,0.94,0.8464,0.9388,0.918,0.9248,0.904
Fast-SB,148.0,0.9211444977991197,0.8877720299817368,0.9545169656165026,8,0.902360944377751,0.9875950380152061,0.9404,0.8476,0.9396,0.9204,0.9256,0.9056
Fast-SB,149.0,0.9225447378951581,0.8890006325687122,0.956088843221604,8,0.9051620648259304,0.9895958383353342,0.9408,0.8476,0.9396,0.9232,0.9264,0.908
Fast-SB,150.0,0.9239447979191677,0.8905517208636358,0.9573378749746997,8,0.9059623849539816,0.9899959983993597,0.9412,0.848,0.9404,0.9252,0.928,0.9128
Fast-SB,151.0,0.9254448579431773,0.8918204522851727,0.9590692636011819,8,0.9059623849539816,0.9911964785914366,0.9412,0.848,0.9424,0.9276,0.9296,0.9176
Fast-SB,152.0,0.92739493797519,0.893848435320098,0.9609414406302821,8,0.9071628651460584,0.9915966386554622,0.9416,0.8488,0.9436,0.9336,0.9316,0.9212
Fast-SB,153.0,0.9289950180072029,0.8956635951666738,0.9623264408477319,8,0.9087635054021609,0.9915966386554622,0.9428,0.8496,0.9436,0.9364,0.9336,0.9256
Fast-SB,154.0,0.9302950380152061,0.896974183160008,0.9636158928704042,8,0.9091636654661864,0.9915966386554622,0.9428,0.85,0.944,0.9396,0.936,0.9292
Fast-SB,155.0,0.9317950780312124,0.8985037023389577,0.9650864537234671,8,0.9095638255302121,0.9919967987194878,0.9428,0.8512,0.946,0.9428,0.938,0.932
Fast-SB,156.0,0.9330951180472189,0.90009357318594,0.9660966629084978,8,0.9103641456582633,0.9919967987194878,0.9444,0.8532,0.9488,0.9444,0.9388,0.9328
Fast-SB,157.0,0.9345951180472188,0.9014907762075834,0.9676994598868542,8,0.9103641456582633,0.9919967987194878,0.9456,0.854,0.952,0.946,0.9408,0.936
Fast-SB,158.0,0.9360451580632253,0.9030435267485292,0.9690467893779214,8,0.9111644657863145,0.9919967987194878,0.9464,0.8552,0.9536,0.9468,0.9452,0.938
Fast-SB,159.0,0.9377952380952381,0.9050002047248705,0.9705902714656057,8,0.9123649459783914,0.9923969587835134,0.9492,0.8572,0.9544,0.9476,0.9496,0.9396
Fast-SB,160.0,0.9394952581032413,0.9066797453303187,0.9723107708761639,8,0.912765106042417,0.9923969587835134,0.95,0.8588,0.956,0.9488,0.9564,0.9408
Fast-SB,161.0,0.9410952981192477,0.9082485602502777,0.9739420359882178,8,0.9135654261704682,0.9923969587835134,0.952,0.86,0.9564,0.9496,0.9612,0.9436
Fast-SB,162.0,0.9424952981192477,0.909685396406665,0.9753051998318304,8,0.9135654261704682,0.9923969587835134,0.954,0.8616,0.958,0.95,0.964,0.9464
Fast-SB,163.0,0.9436953381352541,0.9109644118102853,0.9764262644602228,8,0.9143657462985194,0.9923969587835134,0.9564,0.8628,0.9584,0.9512,0.966,0.948
Fast-SB,164.0,0.9448453381352541,0.9117749124295496,0.9779157638409586,8,0.9143657462985194,0.9923969587835134,0.9592,0.8628,0.9596,0.952,0.9676,0.9508
Fast-SB,165.0,0.9462454381752701,0.9132886467190311,0.979202229631509,8,0.9163665466186475,0.9923969587835134,0.9604,0.8636,0.9596,0.9536,0.9688,0.9552
Fast-SB,166.0,0.9474455582232892,0.9145583745898724,0.980332741856706,8,0.9187675070028011,0.9923969587835134,0.9616,0.864,0.962,0.954,0.9688,0.958
Fast-SB,167.0,0.9490456582633053,0.9161357375293245,0.9819555789972861,8,0.9207683073229291,0.9923969587835134,0.9632,0.8648,0.9636,0.9552,0.97,0.9624
Fast-SB,168.0,0.950795818327331,0.9179522014935159,0.983639435161146,8,0.923969587835134,0.9923969587835134,0.9648,0.8656,0.9672,0.9572,0.9708,0.9644
Fast-SB,169.0,0.9523458583433373,0.9191596885939444,0.9855320280927302,8,0.9243697478991597,0.992797118847539,0.966,0.866,0.9704,0.9612,0.9708,0.9672
Fast-SB,170.0,0.9551459783913565,0.9214494007045958,0.9888425560781172,8,0.9263705482192878,0.9931972789115646,0.9704,0.8668,0.9748,0.9664,0.972,0.9712
Fast-SB,171.0,0.9569960584233693,0.923085078599211,0.9909070382475277,8,0.9279711884753902,0.9931972789115646,0.9732,0.8676,0.9768,0.9716,0.972,0.9736
Fast-SB,172.0,0.9581961584633854,0.9242128077402129,0.9921795091865578,8,0.9299719887955182,0.9931972789115646,0.976,0.868,0.9772,0.9732,0.9728,0.9752
Fast-SB,173.0,0.9589461584633854,0.924916716224926,0.9929756007018448,8,0.9299719887955182,0.9931972789115646,0.9776,0.8688,0.9772,0.9764,0.9728,0.9756
Fast-SB,174.0,0.9601961784713886,0.9258106594502936,0.9945816974924836,8,0.9303721488595438,0.9931972789115646,0.9784,0.8692,0.978,0.982,0.9736,0.9768
Fast-SB,175.0,0.9610961784713885,0.9263243355632343,0.9958680213795427,8,0.9303721488595438,0.9931972789115646,0.9788,0.8692,0.9784,0.9844,0.9748,0.9796
Fast-SB,176.0,0.961546218487395,0.9267437354774165,0.9963487014973734,8,0.9307723089235694,0.9935974389755903,0.9792,0.8696,0.9784,0.9848,0.9748,0.9812
Fast-SB,177.0,0.9623462585034014,0.9277699332955422,0.9969225837112605,8,0.9311724689875951,0.9939975990396158,0.98,0.8712,0.9792,0.9848,0.976,0.9824
Fast-SB,178.0,0.9631462785114046,0.9292976721043221,0.996994884918487,8,0.9315726290516206,0.9939975990396158,0.982,0.8744,0.9796,0.9848,0.976,0.9828
Fast-SB,179.0,0.9637962785114046,0.9300471130653556,0.9975454439574536,8,0.9315726290516206,0.9939975990396158,0.9844,0.8756,0.9808,0.9848,0.9764,0.9828
Fast-SB,180.0,0.9642963185274109,0.93077579760038,0.9978168394544419,8,0.9319727891156463,0.9943977591036415,0.9848,0.8768,0.9808,0.9848,0.978,0.9828
Fast-SB,181.0,0.9649963785514206,0.9316215427558097,0.9983712143470316,8,0.933173269307723,0.9943977591036415,0.9856,0.8776,0.9816,0.9848,0.9796,0.9832
Fast-SB,182.0,0.9657465586234494,0.9326978573368987,0.9987952599100001,8,0.9367747098839536,0.9943977591036415,0.9864,0.878,0.982,0.9848,0.98,0.9836
Fast-SB,183.0,0.9665966786714686,0.9340833581979487,0.9991099991449884,8,0.9387755102040817,0.994797919167667,0.9868,0.88,0.9824,0.9856,0.98,0.9844
Fast-SB,184.0,0.9669967987194878,0.9347670661912053,0.9992265312477704,8,0.9411764705882353,0.994797919167667,0.9868,0.8804,0.9824,0.9856,0.98,0.9848
Fast-SB,185.0,0.9677469787915166,0.9357889584078211,0.9997049991752122,8,0.9447779111644657,0.994797919167667,0.9876,0.8808,0.9832,0.9856,0.98,0.9852
Fast-SB,186.0,0.9686970988395358,0.9368319270212937,1.0,8,0.9467787114845938,0.9951980792316927,0.9892,0.8816,0.9848,0.9856,0.9808,0.9856
Fast-SB,187.0,0.9694972388955583,0.9376132139345232,1.0,8,0.9495798319327731,0.9951980792316927,0.9908,0.8816,0.9864,0.9856,0.9812,0.9856
Fast-SB,188.0,0.9704473589435774,0.9386846548708933,1.0,8,0.9519807923169268,0.9951980792316927,0.9924,0.8824,0.988,0.9856,0.982,0.986
Fast-SB,189.0,0.971247418967587,0.9393326357041087,1.0,8,0.952781112444978,0.9955982392957183,0.9948,0.8828,0.9888,0.986,0.9832,0.986
Fast-SB,190.0,0.9716974189675871,0.9397249185553767,1.0,8,0.952781112444978,0.9955982392957183,0.9956,0.8832,0.9896,0.986,0.9844,0.9864
Fast-SB,191.0,0.9721975190076031,0.9405061607993976,1.0,8,0.954781912765106,0.9955982392957183,0.9956,0.884,0.99,0.986,0.9852,0.9864
Fast-SB,192.0,0.9728476190476191,0.9414443471408285,1.0,8,0.9563825530212084,0.9959983993597439,0.996,0.8852,0.9904,0.986,0.9864,0.9864
Fast-SB,193.0,0.9734977390956383,0.9426400532698246,1.0,8,0.957983193277311,0.9967987194877951,0.996,0.8872,0.9904,0.986,0.9872,0.9864
Fast-SB,194.0,0.9738477591036414,0.9430226292017757,1.0,8,0.9583833533413365,0.9967987194877951,0.996,0.8876,0.9912,0.986,0.9884,0.9864
Fast-SB,195.0,0.9744978591436575,0.943986625681022,1.0,8,0.9603841536614646,0.9967987194877951,0.9968,0.8888,0.9916,0.986,0.9892,0.9864
Fast-SB,196.0,0.9748979591836735,0.9446339735559457,1.0,8,0.961984793917567,0.9971988795518207,0.9968,0.8896,0.9916,0.986,0.9896,0.9864
Fast-SB,197.0,0.9755480192076831,0.9463260549662439,1.0,8,0.9631852741096438,0.9971988795518207,0.9968,0.8932,0.992,0.986,0.9896,0.9864
Fast-SB,198.0,0.9760481592637055,0.9470425454082313,1.0,8,0.9651860744297719,0.9979991996798719,0.9972,0.894,0.992,0.986,0.9896,0.9864
Fast-SB,199.0,0.9765482593037215,0.9476534187953978,1.0,8,0.9671868747499,0.9979991996798719,0.9972,0.8944,0.9928,0.9868,0.9896,0.9864
Fast-SB,200.0,0.9768982993197279,0.9483272886055736,1.0,8,0.9679871948779512,0.9979991996798719,0.9976,0.8956,0.9928,0.9868,0.9896,0.9868
Fast-SB,201.0,0.9773982993197279,0.9495763802138562,1.0,8,0.9679871948779512,0.9979991996798719,0.9976,0.8984,0.9928,0.9872,0.99,0.9872
Fast-SB,202.0,0.9777483193277311,0.9502296504118619,1.0,8,0.9683873549419768,0.9979991996798719,0.9976,0.8996,0.9932,0.9876,0.99,0.9876
Fast-SB,203.0,0.9783483393357343,0.9517729158223788,1.0,8,0.9683873549419768,0.9983993597438976,0.9976,0.9032,0.994,0.9876,0.99,0.9876
Fast-SB,204.0,0.9788984393757503,0.9527741060856977,1.0,8,0.9699879951980792,0.9987995198079231,0.9976,0.9048,0.994,0.9884,0.99,0.9876
Fast-SB,205.0,0.9793485394157663,0.953341898624395,1.0,8,0.9719887955182073,0.9987995198079231,0.998,0.9052,0.994,0.9892,0.99,0.9876
Fast-SB,206.0,0.9796985794317727,0.9540241807705618,1.0,8,0.9727891156462585,0.9987995198079231,0.998,0.9064,0.994,0.9896,0.9904,0.9876
Fast-SB,207.0,0.9798985994397759,0.9544473924462923,1.0,8,0.9731892757102841,0.9987995198079231,0.998,0.9072,0.994,0.99,0.9904,0.9876
Fast-SB,208.0,0.9803986794717887,0.9554156950283811,1.0,8,0.9747899159663865,0.9987995198079231,0.998,0.9088,0.994,0.9904,0.9904,0.988
Fast-SB,209.0,0.9808486994797919,0.9562606700839449,1.0,8,0.9751900760304122,0.9987995198079231,0.998,0.9104,0.9944,0.9916,0.9904,0.988
Fast-SB,210.0,0.9811487194877951,0.9567263388542983,1.0,8,0.9755902360944377,0.9987995198079231,0.9988,0.9112,0.9944,0.9916,0.9908,0.988
Fast-SB,211.0,0.9812987194877951,0.9570877418813392,1.0,8,0.9755902360944377,0.9987995198079231,0.9988,0.912,0.9944,0.992,0.9908,0.988
Fast-SB,212.0,0.9817988395358144,0.9579636363236924,1.0,8,0.9779911964785915,0.9987995198079231,0.9988,0.9132,0.9944,0.992,0.9912,0.988
Fast-SB,213.0,0.9823489595838335,0.9589882563013413,1.0,8,0.9803921568627451,0.9987995198079231,0.9988,0.9148,0.9944,0.992,0.9916,0.988
Fast-SB,214.0,0.9826489595838335,0.9595984845901608,1.0,8,0.9803921568627451,0.9987995198079231,0.9988,0.916,0.9944,0.992,0.992,0.9888
Fast-SB,215.0,0.9829990196078431,0.9601273769640057,1.0,8,0.9811924769907964,0.9991996798719488,0.9988,0.9168,0.9948,0.992,0.992,0.9892
Fast-SB,216.0,0.9832490396158463,0.9607114233447932,1.0,8,0.9815926370548219,0.9991996798719488,0.9988,0.918,0.9948,0.9924,0.992,0.9892
Fast-SB,217.0,0.9835990796318528,0.9613774109453374,1.0,8,0.9823929571828731,0.9991996798719488,0.9988,0.9192,0.9952,0.9924,0.9924,0.9892
Fast-SB,218.0,0.9839991796718688,0.9621291276995593,1.0,8,0.9843937575030012,0.9991996798719488,0.9988,0.9204,0.9952,0.9924,0.9924,0.9892
Fast-SB,219.0,0.9843492396958783,0.9627879458193194,1.0,8,0.9851940776310524,0.9995998399359743,0.9988,0.9216,0.9952,0.9924,0.9924,0.9896
Fast-SB,220.0,0.9846993197278912,0.9633448601362193,1.0,8,0.9867947178871549,0.9995998399359743,0.9988,0.9224,0.9952,0.9924,0.9928,0.9896
Fast-SB,221.0,0.9849993397358944,0.96383034185035,1.0,8,0.9871948779511804,0.9995998399359743,0.9988,0.9232,0.9956,0.9928,0.9928,0.99
Fast-SB,222.0,0.9852993797519007,0.9640619922348964,1.0,8,0.9879951980792316,0.9995998399359743,0.9988,0.9232,0.996,0.9932,0.9932,0.9904
Fast-SB,223.0,0.9854993797519007,0.964602580726668,1.0,8,0.9879951980792316,0.9995998399359743,0.9988,0.9244,0.996,0.9932,0.9932,0.9908
Fast-SB,224.0,0.9857993797519008,0.9650751618439657,1.0,8,0.9879951980792316,0.9995998399359743,0.9988,0.9252,0.996,0.994,0.994,0.9908
Fast-SB,225.0,0.9858493797519008,0.9652419756035812,1.0,8,0.9879951980792316,0.9995998399359743,0.9988,0.9256,0.996,0.994,0.994,0.9908
Fast-SB,226.0,0.9863993797519007,0.9661557227054731,1.0,8,0.9879951980792316,0.9995998399359743,0.9992,0.9272,0.9964,0.9944,0.994,0.9924
Fast-SB,227.0,0.9868493997599039,0.9671397674295804,1.0,8,0.9883953581432573,0.9995998399359743,0.9992,0.9292,0.9968,0.9944,0.9944,0.9928
Fast-SB,228.0,0.9876994197679072,0.9693334170576305,1.0,8,0.988795518207283,0.9995998399359743,0.9992,0.934,0.9968,0.9948,0.9948,0.9936
Fast-SB,229.0,0.9880494197679072,0.9701026423360402,1.0,8,0.988795518207283,0.9995998399359743,0.9992,0.9356,0.9968,0.9952,0.9956,0.9936
Fast-SB,230.0,0.9882494397759104,0.9704928749238408,1.0,8,0.988795518207283,1.0,0.9992,0.9364,0.9968,0.9952,0.996,0.9936
Fast-SB,231.0,0.9882494397759104,0.9704928749238408,1.0,8,0.988795518207283,1.0,0.9992,0.9364,0.9968,0.9952,0.996,0.9936
Fast-SB,232.0,0.9886994797919167,0.9713518941015522,1.0,8,0.9895958383353342,1.0,0.9996,0.938,0.9968,0.9952,0.9964,0.994
Fast-SB,233.0,0.9887994797919167,0.9715505103975692,1.0,8,0.9895958383353342,1.0,0.9996,0.9384,0.9968,0.9952,0.9968,0.994
Fast-SB,234.0,0.98904949979992,0.9722654592637292,1.0,8,0.9899959983993597,1.0,0.9996,0.94,0.9968,0.9952,0.9968,0.994
Fast-SB,235.0,0.9894495198079232,0.973220218212603,1.0,8,0.9903961584633854,1.0,0.9996,0.942,0.9968,0.9956,0.9968,0.9944
Fast-SB,236.0,0.9897495198079231,0.9742206626179022,1.0,8,0.9903961584633854,1.0,0.9996,0.9444,0.9968,0.9956,0.9968,0.9944
Fast-SB,237.0,0.9903995198079232,0.9757278034606301,1.0,8,0.9903961584633854,1.0,0.9996,0.9476,0.9972,0.9956,0.9972,0.9956
Fast-SB,238.0,0.9907495198079233,0.9764860056369389,1.0,8,0.9903961584633854,1.0,0.9996,0.9492,0.998,0.9956,0.9976,0.9956
Fast-SB,239.0,0.9908995198079231,0.976854682675163,1.0,8,0.9903961584633854,1.0,0.9996,0.95,0.998,0.996,0.9976,0.9956
Fast-SB,240.0,0.9912495198079232,0.9780182463060832,1.0,8,0.9903961584633854,1.0,0.9996,0.9528,0.998,0.996,0.9976,0.9956
Fast-SB,241.0,0.9914995398159264,0.9783381305366324,1.0,8,0.990796318527411,1.0,0.9996,0.9532,0.9984,0.9964,0.9976,0.996
Fast-SB,242.0,0.9919995598239296,0.9796173608512564,1.0,8,0.9911964785914366,1.0,0.9996,0.956,0.9988,0.9968,0.9976,0.996
Fast-SB,243.0,0.9927495798319328,0.9817210963293513,1.0,8,0.9915966386554622,1.0,1.0,0.9608,0.9988,0.9972,0.9976,0.996
Fast-SB,244.0,0.9931495798319327,0.9829178529239092,1.0,8,0.9915966386554622,1.0,1.0,0.9636,0.9988,0.9972,0.9976,0.9964
Fast-SB,245.0,0.9935995798319328,0.9842756299692696,1.0,8,0.9915966386554622,1.0,1.0,0.9668,0.9988,0.9972,0.9976,0.9968
Fast-SB,246.0,0.9939995798319328,0.9852011796091177,1.0,8,0.9915966386554622,1.0,1.0,0.9688,0.9988,0.9976,0.998,0.9972
Fast-SB,247.0,0.9940495798319328,0.985365554145875,1.0,8,0.9915966386554622,1.0,1.0,0.9692,0.9988,0.9976,0.998,0.9972
Fast-SB,248.0,0.9942495798319327,0.9857619110846046,1.0,8,0.9915966386554622,1.0,1.0,0.97,0.9988,0.998,0.998,0.9976
Fast-SB,249.0,0.9943995798319327,0.9862538134342312,1.0,8,0.9915966386554622,1.0,1.0,0.9712,0.9988,0.998,0.998,0.9976
Fast-SB,250.0,0.9944495798319328,0.9864175332515293,1.0,8,0.9915966386554622,1.0,1.0,0.9716,0.9988,0.998,0.998,0.9976
Fast-SB,251.0,0.9949495798319328,0.9877873094967173,1.0,8,0.9915966386554622,1.0,1.0,0.9748,0.9988,0.998,0.9984,0.998
Fast-SB,252.0,0.995049599839936,0.9880179526123035,1.0,8,0.9919967987194878,1.0,1.0,0.9752,0.9988,0.998,0.9984,0.998
Fast-SB,253.0,0.995149599839936,0.9880828094361818,1.0,8,0.9919967987194878,1.0,1.0,0.9752,0.9988,0.9984,0.9984,0.9984
Fast-SB,254.0,0.995399599839936,0.9886294699411052,1.0,8,0.9919967987194878,1.0,1.0,0.9764,0.9992,0.9984,0.9988,0.9984
Fast-SB,255.0,0.9956496398559423,0.9892547897023736,1.0,8,0.992797118847539,1.0,1.0,0.9776,0.9992,0.9984,0.9988,0.9984
Fast-SB,256.0,0.9957496598639456,0.9894848495715228,1.0,8,0.9931972789115646,1.0,1.0,0.978,0.9992,0.9984,0.9988,0.9984
Fast-SB,257.0,0.9957996598639456,0.9895168578013013,1.0,8,0.9931972789115646,1.0,1.0,0.978,0.9992,0.9984,0.9988,0.9988
Fast-SB,258.0,0.9958996598639456,0.9897097439107881,1.0,8,0.9931972789115646,1.0,1.0,0.9784,0.9992,0.9984,0.9992,0.9988
Fast-SB,259.0,0.9959496598639456,0.9898725912040063,1.0,8,0.9931972789115646,1.0,1.0,0.9788,0.9992,0.9984,0.9992,0.9988
Fast-SB,260.0,0.9960496598639456,0.990062662775316,1.0,8,0.9931972789115646,1.0,1.0,0.9792,0.9992,0.9984,0.9996,0.9988
Fast-SB,261.0,0.9960496598639456,0.990062662775316,1.0,8,0.9931972789115646,1.0,1.0,0.9792,0.9992,0.9984,0.9996,0.9988
Fast-SB,262.0,0.9960996598639456,0.9900958346721787,1.0,8,0.9931972789115646,1.0,1.0,0.9792,0.9992,0.9988,0.9996,0.9988
Fast-SB,263.0,0.9960996598639456,0.9900958346721787,1.0,8,0.9931972789115646,1.0,1.0,0.9792,0.9992,0.9988,0.9996,0.9988
Fast-SB,264.0,0.9960996598639456,0.9900958346721787,1.0,8,0.9931972789115646,1.0,1.0,0.9792,0.9992,0.9988,0.9996,0.9988
Fast-SB,265.0,0.9960996598639456,0.9900958346721787,1.0,8,0.9931972789115646,1.0,1.0,0.9792,0.9992,0.9988,0.9996,0.9988
Fast-SB,266.0,0.9960996598639456,0.9900958346721787,1.0,8,0.9931972789115646,1.0,1.0,0.9792,0.9992,0.9988,0.9996,0.9988
Fast-SB,267.0,0.9961496598639455,0.9901240788016707,1.0,8,0.9931972789115646,1.0,1.0,0.9792,0.9996,0.9988,0.9996,0.9988
Fast-SB,268.0,0.9961996598639455,0.990286346250043,1.0,8,0.9931972789115646,1.0,1.0,0.9796,0.9996,0.9988,0.9996,0.9988
Fast-SB,269.0,0.9962496598639456,0.9904483759733154,1.0,8,0.9931972789115646,1.0,1.0,0.98,0.9996,0.9988,0.9996,0.9988
Fast-SB,270.0,0.9963496798719488,0.9906807749831826,1.0,8,0.9935974389755903,1.0,1.0,0.9804,0.9996,0.9988,0.9996,0.9988
Fast-SB,271.0,0.996399699879952,0.9907489940834097,1.0,8,0.9939975990396158,1.0,1.0,0.9804,0.9996,0.9988,0.9996,0.9988
Fast-SB,272.0,0.9964497198879552,0.9908147879565466,1.0,8,0.9943977591036415,1.0,1.0,0.9804,0.9996,0.9988,0.9996,0.9988
Fast-SB,273.0,0.9965997398959584,0.9912066407339025,1.0,8,0.994797919167667,1.0,1.0,0.9812,0.9996,0.9988,0.9996,0.9988
Fast-SB,274.0,0.9965997398959584,0.9912066407339025,1.0,8,0.994797919167667,1.0,1.0,0.9812,0.9996,0.9988,0.9996,0.9988
Fast-SB,275.0,0.9966497398959584,0.9913706288990749,1.0,8,0.994797919167667,1.0,1.0,0.9816,0.9996,0.9988,0.9996,0.9988
Fast-SB,276.0,0.9966997398959584,0.9915344254439559,1.0,8,0.994797919167667,1.0,1.0,0.982,0.9996,0.9988,0.9996,0.9988
Fast-SB,277.0,0.9966997398959584,0.9915344254439559,1.0,8,0.994797919167667,1.0,1.0,0.982,0.9996,0.9988,0.9996,0.9988
Fast-SB,278.0,0.9967497398959584,0.9915668571089647,1.0,8,0.994797919167667,1.0,1.0,0.982,0.9996,0.9992,0.9996,0.9988
Fast-SB,279.0,0.9968497599039616,0.9917948925706547,1.0,8,0.9951980792316927,1.0,1.0,0.9824,0.9996,0.9992,0.9996,0.9988
Fast-SB,280.0,0.9968497599039616,0.9917948925706547,1.0,8,0.9951980792316927,1.0,1.0,0.9824,0.9996,0.9992,0.9996,0.9988
Fast-SB,281.0,0.9969997799119648,0.9921860054246683,1.0,8,0.9955982392957183,1.0,1.0,0.9832,0.9996,0.9992,0.9996,0.9988
Fast-SB,282.0,0.997099799919968,0.9924113325596532,1.0,8,0.9959983993597439,1.0,1.0,0.9836,0.9996,0.9992,0.9996,0.9988
Fast-SB,283.0,0.997149799919968,0.992576285751911,1.0,8,0.9959983993597439,1.0,1.0,0.984,0.9996,0.9992,0.9996,0.9988
Fast-SB,284.0,0.997199799919968,0.9927410665093347,1.0,8,0.9959983993597439,1.0,1.0,0.9844,0.9996,0.9992,0.9996,0.9988
Fast-SB,285.0,0.997199799919968,0.9927410665093347,1.0,8,0.9959983993597439,1.0,1.0,0.9844,0.9996,0.9992,0.9996,0.9988
Fast-SB,286.0,0.997349799919968,0.9932342300053463,1.0,8,0.9959983993597439,1.0,1.0,0.9856,0.9996,0.9992,0.9996,0.9988
Fast-SB,287.0,0.997349799919968,0.9932342300053463,1.0,8,0.9959983993597439,1.0,1.0,0.9856,0.9996,0.9992,0.9996,0.9988
Fast-SB,288.0,0.997349799919968,0.9932342300053463,1.0,8,0.9959983993597439,1.0,1.0,0.9856,0.9996,0.9992,0.9996,0.9988
Fast-SB,289.0,0.997349799919968,0.9932342300053463,1.0,8,0.9959983993597439,1.0,1.0,0.9856,0.9996,0.9992,0.9996,0.9988
Fast-SB,290.0,0.9974998199279712,0.9933578956370341,1.0,8,0.9963985594237695,1.0,1.0,0.9856,1.0,0.9992,0.9996,0.9992
Fast-SB,291.0,0.9975998599439776,0.9934724570168526,1.0,8,0.9971988795518207,1.0,1.0,0.9856,1.0,0.9992,0.9996,0.9992
Fast-SB,292.0,0.9976498799519808,0.9935246652017734,1.0,8,0.9975990396158463,1.0,1.0,0.9856,1.0,0.9992,0.9996,0.9992
Fast-SB,293.0,0.9976998799519807,0.9936913196545785,1.0,8,0.9975990396158463,1.0,1.0,0.986,1.0,0.9992,0.9996,0.9992
Fast-SB,294.0,0.9977998799519808,0.9940243307365595,1.0,8,0.9975990396158463,1.0,1.0,0.9868,1.0,0.9992,0.9996,0.9992
Fast-SB,295.0,0.997849899959984,0.9940746235563765,1.0,8,0.9979991996798719,1.0,1.0,0.9868,1.0,0.9992,0.9996,0.9992
Fast-SB,296.0,0.997849899959984,0.9940746235563765,1.0,8,0.9979991996798719,1.0,1.0,0.9868,1.0,0.9992,0.9996,0.9992
Fast-SB,297.0,0.997849899959984,0.9940746235563765,1.0,8,0.9979991996798719,1.0,1.0,0.9868,1.0,0.9992,0.9996,0.9992
Fast-SB,298.0,0.997849899959984,0.9940746235563765,1.0,8,0.9979991996798719,1.0,1.0,0.9868,1.0,0.9992,0.9996,0.9992
Fast-SB,299.0,0.9978999199679872,0.9941212111302317,1.0,8,0.9983993597438976,1.0,1.0,0.9868,1.0,0.9992,0.9996,0.9992
Fast-SB,300.0,0.9979999199679872,0.9943230228067318,1.0,8,0.9983993597438976,1.0,1.0,0.9872,1.0,0.9992,0.9996,0.9996
Fast-SB,301.0,0.9979999199679872,0.9943230228067318,1.0,8,0.9983993597438976,1.0,1.0,0.9872,1.0,0.9992,0.9996,0.9996
Fast-SB,302.0,0.9981999199679872,0.9948600901563275,1.0,8,0.9983993597438976,1.0,1.0,0.9884,1.0,0.9996,0.9996,0.9996
Fast-SB,303.0,0.9981999199679872,0.9948600901563275,1.0,8,0.9983993597438976,1.0,1.0,0.9884,1.0,0.9996,0.9996,0.9996
Fast-SB,304.0,0.9981999199679872,0.9948600901563275,1.0,8,0.9983993597438976,1.0,1.0,0.9884,1.0,0.9996,0.9996,0.9996
Fast-SB,305.0,0.9981999199679872,0.9948600901563275,1.0,8,0.9983993597438976,1.0,1.0,0.9884,1.0,0.9996,0.9996,0.9996
Fast-SB,306.0,0.9981999199679872,0.9948600901563275,1.0,8,0.9983993597438976,1.0,1.0,0.9884,1.0,0.9996,0.9996,0.9996
Fast-SB,307.0,0.9981999199679872,0.9948600901563275,1.0,8,0.9983993597438976,1.0,1.0,0.9884,1.0,0.9996,0.9996,0.9996
Fast-SB,308.0,0.9981999199679872,0.9948600901563275,1.0,8,0.9983993597438976,1.0,1.0,0.9884,1.0,0.9996,0.9996,0.9996
Fast-SB,309.0,0.9981999199679872,0.9948600901563275,1.0,8,0.9983993597438976,1.0,1.0,0.9884,1.0,0.9996,0.9996,0.9996
Fast-SB,310.0,0.9982499199679872,0.995027281122543,1.0,8,0.9983993597438976,1.0,1.0,0.9888,1.0,0.9996,0.9996,0.9996
Fast-SB,311.0,0.9982499199679872,0.995027281122543,1.0,8,0.9983993597438976,1.0,1.0,0.9888,1.0,0.9996,0.9996,0.9996
Fast-SB,312.0,0.9982499199679872,0.995027281122543,1.0,8,0.9983993597438976,1.0,1.0,0.9888,1.0,0.9996,0.9996,0.9996
Fast-SB,313.0,0.9982999199679872,0.9951943917986605,1.0,8,0.9983993597438976,1.0,1.0,0.9892,1.0,0.9996,0.9996,0.9996
Fast-SB,314.0,0.9983499199679873,0.9953614127456778,1.0,8,0.9983993597438976,1.0,1.0,0.9896,1.0,0.9996,0.9996,0.9996
Fast-SB,315.0,0.9983499199679873,0.9953614127456778,1.0,8,0.9983993597438976,1.0,1.0,0.9896,1.0,0.9996,0.9996,0.9996
Fast-SB,316.0,0.9983999199679872,0.9955283329938366,1.0,8,0.9983993597438976,1.0,1.0,0.99,1.0,0.9996,0.9996,0.9996
Fast-SB,317.0,0.9984499199679873,0.9955592651867017,1.0,8,0.9983993597438976,1.0,1.0,0.99,1.0,0.9996,0.9996,1.0
Fast-SB,318.0,0.9984499199679873,0.9955592651867017,1.0,8,0.9983993597438976,1.0,1.0,0.99,1.0,0.9996,0.9996,1.0
Fast-SB,319.0,0.9984999199679871,0.9955910089658572,1.0,8,0.9983993597438976,1.0,1.0,0.99,1.0,0.9996,1.0,1.0
Fast-SB,320.0,0.9985499199679873,0.9956235491419739,1.0,8,0.9983993597438976,1.0,1.0,0.99,1.0,1.0,1.0,1.0
Fast-SB,321.0,0.9985999199679871,0.9957902112310334,1.0,8,0.9983993597438976,1.0,1.0,0.9904,1.0,1.0,1.0,1.0
Fast-SB,322.0,0.9986999399759904,0.9960078753475605,1.0,8,0.9987995198079231,1.0,1.0,0.9908,1.0,1.0,1.0,1.0
Fast-SB,323.0,0.9987499399759904,0.9961750682453215,1.0,8,0.9987995198079231,1.0,1.0,0.9912,1.0,1.0,1.0,1.0
Fast-SB,324.0,0.9988999399759904,0.9966759753682098,1.0,8,0.9987995198079231,1.0,1.0,0.9924,1.0,1.0,1.0,1.0
Fast-SB,325.0,0.9989999599839936,0.9968922109634478,1.0,8,0.9991996798719488,1.0,1.0,0.9928,1.0,1.0,1.0,1.0
Fast-SB,326.0,0.9990499599839936,0.9970596855644855,1.0,8,0.9991996798719488,1.0,1.0,0.9932,1.0,1.0,1.0,1.0
Fast-SB,327.0,0.9990499599839936,0.9970596855644855,1.0,8,0.9991996798719488,1.0,1.0,0.9932,1.0,1.0,1.0,1.0
Fast-SB,328.0,0.9991499599839936,0.9973943224067527,1.0,8,0.9991996798719488,1.0,1.0,0.994,1.0,1.0,1.0,1.0
Fast-SB,329.0,0.9991499599839936,0.9973943224067527,1.0,8,0.9991996798719488,1.0,1.0,0.994,1.0,1.0,1.0,1.0
Fast-SB,330.0,0.9991499599839936,0.9973943224067527,1.0,8,0.9991996798719488,1.0,1.0,0.994,1.0,1.0,1.0,1.0
Fast-SB,331.0,0.9991499599839936,0.9973943224067527,1.0,8,0.9991996798719488,1.0,1.0,0.994,1.0,1.0,1.0,1.0
Fast-SB,332.0,0.9991499599839936,0.9973943224067527,1.0,8,0.9991996798719488,1.0,1.0,0.994,1.0,1.0,1.0,1.0
Fast-SB,333.0,0.9991499599839936,0.9973943224067527,1.0,8,0.9991996798719488,1.0,1.0,0.994,1.0,1.0,1.0,1.0
Fast-SB,334.0,0.9991499599839936,0.9973943224067527,1.0,8,0.9991996798719488,1.0,1.0,0.994,1.0,1.0,1.0,1.0
Fast-SB,335.0,0.9992499599839936,0.9977283822369519,1.0,8,0.9991996798719488,1.0,1.0,0.9948,1.0,1.0,1.0,1.0
Fast-SB,336.0,0.9992999599839936,0.9978951056155166,1.0,8,0.9991996798719488,1.0,1.0,0.9952,1.0,1.0,1.0,1.0
Fast-SB,337.0,0.9993499599839936,0.9980615505467553,1.0,8,0.9991996798719488,1.0,1.0,0.9956,1.0,1.0,1.0,1.0
Fast-SB,338.0,0.9993499599839936,0.9980615505467553,1.0,8,0.9991996798719488,1.0,1.0,0.9956,1.0,1.0,1.0,1.0
Fast-SB,339.0,0.9993499599839936,0.9980615505467553,1.0,8,0.9991996798719488,1.0,1.0,0.9956,1.0,1.0,1.0,1.0
Fast-SB,340.0,0.9993499599839936,0.9980615505467553,1.0,8,0.9991996798719488,1.0,1.0,0.9956,1.0,1.0,1.0,1.0
Fast-SB,341.0,0.9993999799919968,0.9981108017791159,1.0,8,0.9995998399359743,1.0,1.0,0.9956,1.0,1.0,1.0,1.0
Fast-SB,342.0,0.9993999799919968,0.9981108017791159,1.0,8,0.9995998399359743,1.0,1.0,0.9956,1.0,1.0,1.0,1.0
Fast-SB,343.0,0.9993999799919968,0.9981108017791159,1.0,8,0.9995998399359743,1.0,1.0,0.9956,1.0,1.0,1.0,1.0
Fast-SB,344.0,0.9993999799919968,0.9981108017791159,1.0,8,0.9995998399359743,1.0,1.0,0.9956,1.0,1.0,1.0,1.0
Fast-SB,345.0,0.9994499799919968,0.9982785138544218,1.0,8,0.9995998399359743,1.0,1.0,0.996,1.0,1.0,1.0,1.0
Fast-SB,346.0,0.9994499799919968,0.9982785138544218,1.0,8,0.9995998399359743,1.0,1.0,0.996,1.0,1.0,1.0,1.0
Fast-SB,347.0,0.9994999799919968,0.9984461054817239,1.0,8,0.9995998399359743,1.0,1.0,0.9964,1.0,1.0,1.0,1.0
Fast-SB,348.0,0.9995999799919968,0.9987807199586501,1.0,8,0.9995998399359743,1.0,1.0,0.9972,1.0,1.0,1.0,1.0
Fast-SB,349.0,0.9995999799919968,0.9987807199586501,1.0,8,0.9995998399359743,1.0,1.0,0.9972,1.0,1.0,1.0,1.0
Fast-SB,350.0,0.9995999799919968,0.9987807199586501,1.0,8,0.9995998399359743,1.0,1.0,0.9972,1.0,1.0,1.0,1.0
Fast-SB,351.0,0.9995999799919968,0.9987807199586501,1.0,8,0.9995998399359743,1.0,1.0,0.9972,1.0,1.0,1.0,1.0
Fast-SB,352.0,0.99965,0.99882225,1.0,8,1.0,1.0,1.0,0.9972,1.0,1.0,1.0,1.0
Fast-SB,353.0,0.99965,0.99882225,1.0,8,1.0,1.0,1.0,0.9972,1.0,1.0,1.0,1.0
Fast-SB,354.0,0.9997,0.9989905,1.0,8,1.0,1.0,1.0,0.9976,1.0,1.0,1.0,1.0
Fast-SB,355.0,0.9997,0.9989905,1.0,8,1.0,1.0,1.0,0.9976,1.0,1.0,1.0,1.0
Fast-SB,356.0,0.9997,0.9989905,1.0,8,1.0,1.0,1.0,0.9976,1.0,1.0,1.0,1.0
Fast-SB,357.0,0.9997,0.9989905,1.0,8,1.0,1.0,1.0,0.9976,1.0,1.0,1.0,1.0
Fast-SB,358.0,0.99975,0.99915875,1.0,8,1.0,1.0,1.0,0.998,1.0,1.0,1.0,1.0
Fast-SB,359.0,0.99975,0.99915875,1.0,8,1.0,1.0,1.0,0.998,1.0,1.0,1.0,1.0
Fast-SB,360.0,0.99975,0.99915875,1.0,8,1.0,1.0,1.0,0.998,1.0,1.0,1.0,1.0
Fast-SB,361.0,0.99975,0.99915875,1.0,8,1.0,1.0,1.0,0.998,1.0,1.0,1.0,1.0
Fast-SB,362.0,0.99975,0.99915875,1.0,8,1.0,1.0,1.0,0.998,1.0,1.0,1.0,1.0
Fast-SB,363.0,0.99975,0.99915875,1.0,8,1.0,1.0,1.0,0.998,1.0,1.0,1.0,1.0
Fast-SB,364.0,0.9998,0.999327,1.0,8,1.0,1.0,1.0,0.9984,1.0,1.0,1.0,1.0
Fast-SB,365.0,0.9998,0.999327,1.0,8,1.0,1.0,1.0,0.9984,1.0,1.0,1.0,1.0
Fast-SB,366.0,0.99985,0.9994952500000001,1.0,8,1.0,1.0,1.0,0.9988,1.0,1.0,1.0,1.0
Fast-SB,367.0,0.99985,0.9994952500000001,1.0,8,1.0,1.0,1.0,0.9988,1.0,1.0,1.0,1.0
Fast-SB,368.0,0.99985,0.9994952500000001,1.0,8,1.0,1.0,1.0,0.9988,1.0,1.0,1.0,1.0
Fast-SB,369.0,0.99985,0.9994952500000001,1.0,8,1.0,1.0,1.0,0.9988,1.0,1.0,1.0,1.0
Fast-SB,370.0,0.99985,0.9994952500000001,1.0,8,1.0,1.0,1.0,0.9988,1.0,1.0,1.0,1.0
Fast-SB,371.0,0.99985,0.9994952500000001,1.0,8,1.0,1.0,1.0,0.9988,1.0,1.0,1.0,1.0
Fast-SB,372.0,0.99985,0.9994952500000001,1.0,8,1.0,1.0,1.0,0.9988,1.0,1.0,1.0,1.0
Fast-SB,373.0,0.99985,0.9994952500000001,1.0,8,1.0,1.0,1.0,0.9988,1.0,1.0,1.0,1.0
Fast-SB,374.0,0.99985,0.9994952500000001,1.0,8,1.0,1.0,1.0,0.9988,1.0,1.0,1.0,1.0
Fast-SB,375.0,0.99985,0.9994952500000001,1.0,8,1.0,1.0,1.0,0.9988,1.0,1.0,1.0,1.0
Fast-SB,376.0,0.9999,0.9996635,1.0,8,1.0,1.0,1.0,0.9992,1.0,1.0,1.0,1.0
Fast-SB,377.0,0.9999,0.9996635,1.0,8,1.0,1.0,1.0,0.9992,1.0,1.0,1.0,1.0
Fast-SB,378.0,0.9999,0.9996635,1.0,8,1.0,1.0,1.0,0.9992,1.0,1.0,1.0,1.0
Fast-SB,379.0,0.9999,0.9996635,1.0,8,1.0,1.0,1.0,0.9992,1.0,1.0,1.0,1.0
Fast-SB,380.0,0.9999,0.9996635,1.0,8,1.0,1.0,1.0,0.9992,1.0,1.0,1.0,1.0
Fast-SB,381.0,0.9999,0.9996635,1.0,8,1.0,1.0,1.0,0.9992,1.0,1.0,1.0,1.0
Fast-SB,382.0,0.9999,0.9996635,1.0,8,1.0,1.0,1.0,0.9992,1.0,1.0,1.0,1.0
Fast-SB,383.0,0.9999,0.9996635,1.0,8,1.0,1.0,1.0,0.9992,1.0,1.0,1.0,1.0
Fast-SB,384.0,0.9999,0.9996635,1.0,8,1.0,1.0,1.0,0.9992,1.0,1.0,1.0,1.0
Fast-SB,385.0,0.9999,0.9996635,1.0,8,1.0,1.0,1.0,0.9992,1.0,1.0,1.0,1.0
Fast-SB,386.0,0.9999,0.9996635,1.0,8,1.0,1.0,1.0,0.9992,1.0,1.0,1.0,1.0
Fast-SB,387.0,0.9999,0.9996635,1.0,8,1.0,1.0,1.0,0.9992,1.0,1.0,1.0,1.0
Fast-SB,388.0,0.9999,0.9996635,1.0,8,1.0,1.0,1.0,0.9992,1.0,1.0,1.0,1.0
Fast-SB,389.0,0.9999,0.9996635,1.0,8,1.0,1.0,1.0,0.9992,1.0,1.0,1.0,1.0
Fast-SB,390.0,0.9999,0.9996635,1.0,8,1.0,1.0,1.0,0.9992,1.0,1.0,1.0,1.0
Fast-SB,391.0,0.9999,0.9996635,1.0,8,1.0,1.0,1.0,0.9992,1.0,1.0,1.0,1.0
Fast-SB,392.0,0.9999,0.9996635,1.0,8,1.0,1.0,1.0,0.9992,1.0,1.0,1.0,1.0
Fast-SB,393.0,0.9999,0.9996635,1.0,8,1.0,1.0,1.0,0.9992,1.0,1.0,1.0,1.0
Fast-SB,394.0,0.9999,0.9996635,1.0,8,1.0,1.0,1.0,0.9992,1.0,1.0,1.0,1.0
Fast-SB,395.0,0.9999,0.9996635,1.0,8,1.0,1.0,1.0,0.9992,1.0,1.0,1.0,1.0
Fast-SB,396.0,0.9999,0.9996635,1.0,8,1.0,1.0,1.0,0.9992,1.0,1.0,1.0,1.0
Fast-SB,397.0,0.9999,0.9996635,1.0,8,1.0,1.0,1.0,0.9992,1.0,1.0,1.0,1.0
Fast-SB,398.0,0.9999,0.9996635,1.0,8,1.0,1.0,1.0,0.9992,1.0,1.0,1.0,1.0
Fast-SB,399.0,0.99995,0.99983175,1.0,8,1.0,1.0,1.0,0.9996,1.0,1.0,1.0,1.0
Fast-SB,400.0,0.99995,0.99983175,1.0,8,1.0,1.0,1.0,0.9996,1.0,1.0,1.0,1.0
Fast-SB,401.0,0.99995,0.99983175,1.0,8,1.0,1.0,1.0,0.9996,1.0,1.0,1.0,1.0
Fast-SB,402.0,0.99995,0.99983175,1.0,8,1.0,1.0,1.0,0.9996,1.0,1.0,1.0,1.0
Fast-SB,403.0,0.99995,0.99983175,1.0,8,1.0,1.0,1.0,0.9996,1.0,1.0,1.0,1.0
Fast-SB,404.0,0.99995,0.99983175,1.0,8,1.0,1.0,1.0,0.9996,1.0,1.0,1.0,1.0
Fast-SB,405.0,0.99995,0.99983175,1.0,8,1.0,1.0,1.0,0.9996,1.0,1.0,1.0,1.0
Fast-SB,406.0,0.99995,0.99983175,1.0,8,1.0,1.0,1.0,0.9996,1.0,1.0,1.0,1.0
Fast-SB,407.0,0.99995,0.99983175,1.0,8,1.0,1.0,1.0,0.9996,1.0,1.0,1.0,1.0
Fast-SB,408.0,0.99995,0.99983175,1.0,8,1.0,1.0,1.0,0.9996,1.0,1.0,1.0,1.0
Fast-SB,409.0,0.99995,0.99983175,1.0,8,1.0,1.0,1.0,0.9996,1.0,1.0,1.0,1.0
Fast-SB,410.0,0.99995,0.99983175,1.0,8,1.0,1.0,1.0,0.9996,1.0,1.0,1.0,1.0
Fast-SB,411.0,0.99995,0.99983175,1.0,8,1.0,1.0,1.0,0.9996,1.0,1.0,1.0,1.0
Fast-SB,412.0,0.99995,0.99983175,1.0,8,1.0,1.0,1.0,0.9996,1.0,1.0,1.0,1.0
Fast-SB,413.0,0.99995,0.99983175,1.0,8,1.0,1.0,1.0,0.9996,1.0,1.0,1.0,1.0
Fast-SB,414.0,0.99995,0.99983175,1.0,8,1.0,1.0,1.0,0.9996,1.0,1.0,1.0,1.0
Fast-SB,415.0,0.99995,0.99983175,1.0,8,1.0,1.0,1.0,0.9996,1.0,1.0,1.0,1.0
Fast-SB,416.0,0.99995,0.99983175,1.0,8,1.0,1.0,1.0,0.9996,1.0,1.0,1.0,1.0
Fast-SB,417.0,0.99995,0.99983175,1.0,8,1.0,1.0,1.0,0.9996,1.0,1.0,1.0,1.0
Fast-SB,418.0,0.99995,0.99983175,1.0,8,1.0,1.0,1.0,0.9996,1.0,1.0,1.0,1.0
Fast-SB,419.0,0.99995,0.99983175,1.0,8,1.0,1.0,1.0,0.9996,1.0,1.0,1.0,1.0
Fast-SB,420.0,0.99995,0.99983175,1.0,8,1.0,1.0,1.0,0.9996,1.0,1.0,1.0,1.0
Fast-SB,421.0,0.99995,0.99983175,1.0,8,1.0,1.0,1.0,0.9996,1.0,1.0,1.0,1.0
Fast-SB,422.0,0.99995,0.99983175,1.0,8,1.0,1.0,1.0,0.9996,1.0,1.0,1.0,1.0
Fast-SB,423.0,0.99995,0.99983175,1.0,8,1.0,1.0,1.0,0.9996,1.0,1.0,1.0,1.0
Fast-SB,424.0,0.99995,0.99983175,1.0,8,1.0,1.0,1.0,0.9996,1.0,1.0,1.0,1.0
Fast-SB,425.0,0.99995,0.99983175,1.0,8,1.0,1.0,1.0,0.9996,1.0,1.0,1.0,1.0
Fast-SB,426.0,0.99995,0.99983175,1.0,8,1.0,1.0,1.0,0.9996,1.0,1.0,1.0,1.0
Fast-SB,427.0,1.0,1.0,1.0,8,1.0,1.0,1.0,1.0,1.0,1.0,1.0,1.0
Fast-SB,428.0,1.0,1.0,1.0,8,1.0,1.0,1.0,1.0,1.0,1.0,1.0,1.0
Fast-SB,429.0,1.0,1.0,1.0,8,1.0,1.0,1.0,1.0,1.0,1.0,1.0,1.0
Fast-SB,430.0,1.0,1.0,1.0,8,1.0,1.0,1.0,1.0,1.0,1.0,1.0,1.0
Fast-SB,431.0,1.0,1.0,1.0,8,1.0,1.0,1.0,1.0,1.0,1.0,1.0,1.0
Fast-SB,432.0,1.0,1.0,1.0,8,1.0,1.0,1.0,1.0,1.0,1.0,1.0,1.0
Fast-SB,433.0,1.0,1.0,1.0,8,1.0,1.0,1.0,1.0,1.0,1.0,1.0,1.0
Fast-SB,434.0,1.0,1.0,1.0,8,1.0,1.0,1.0,1.0,1.0,1.0,1.0,1.0
Fast-SB,435.0,1.0,1.0,1.0,8,1.0,1.0,1.0,1.0,1.0,1.0,1.0,1.0
Fast-SB,436.0,1.0,1.0,1.0,8,1.0,1.0,1.0,1.0,1.0,1.0,1.0,1.0
Fast-SB,437.0,1.0,1.0,1.0,8,1.0,1.0,1.0,1.0,1.0,1.0,1.0,1.0
Fast-SB,438.0,1.0,1.0,1.0,8,1.0,1.0,1.0,1.0,1.0,1.0,1.0,1.0
Fast-SB,439.0,1.0,1.0,1.0,8,1.0,1.0,1.0,1.0,1.0,1.0,1.0,1.0
Fast-SB,440.0,1.0,1.0,1.0,8,1.0,1.0,1.0,1.0,1.0,1.0,1.0,1.0
Fast-SB,441.0,1.0,1.0,1.0,8,1.0,1.0,1.0,1.0,1.0,1.0,1.0,1.0
Fast-SB,442.0,1.0,1.0,1.0,8,1.0,1.0,1.0,1.0,1.0,1.0,1.0,1.0
Fast-SB,443.0,1.0,1.0,1.0,8,1.0,1.0,1.0,1.0,1.0,1.0,1.0,1.0
Fast-SB,444.0,1.0,1.0,1.0,8,1.0,1.0,1.0,1.0,1.0,1.0,1.0,1.0
Fast-SB,445.0,1.0,1.0,1.0,8,1.0,1.0,1.0,1.0,1.0,1.0,1.0,1.0
Fast-SB,446.0,1.0,1.0,1.0,8,1.0,1.0,1.0,1.0,1.0,1.0,1.0,1.0
Fast-SB,447.0,1.0,1.0,1.0,8,1.0,1.0,1.0,1.0,1.0,1.0,1.0,1.0
Fast-SB,448.0,1.0,1.0,1.0,8,1.0,1.0,1.0,1.0,1.0,1.0,1.0,1.0
Fast-SB,449.0,1.0,1.0,1.0,8,1.0,1.0,1.0,1.0,1.0,1.0,1.0,1.0
Fast-SB,450.0,1.0,1.0,1.0,8,1.0,1.0,1.0,1.0,1.0,1.0,1.0,1.0
Fast-SB,451.0,1.0,1.0,1.0,8,1.0,1.0,1.0,1.0,1.0,1.0,1.0,1.0
Fast-SB,452.0,1.0,1.0,1.0,8,1.0,1.0,1.0,1.0,1.0,1.0,1.0,1.0
Fast-SB,453.0,1.0,1.0,1.0,8,1.0,1.0,1.0,1.0,1.0,1.0,1.0,1.0
Fast-SB,454.0,1.0,1.0,1.0,8,1.0,1.0,1.0,1.0,1.0,1.0,1.0,1.0
Fast-SB,455.0,1.0,1.0,1.0,8,1.0,1.0,1.0,1.0,1.0,1.0,1.0,1.0
Fast-SB,456.0,1.0,1.0,1.0,8,1.0,1.0,1.0,1.0,1.0,1.0,1.0,1.0
Fast-SB,457.0,1.0,1.0,1.0,8,1.0,1.0,1.0,1.0,1.0,1.0,1.0,1.0
Fast-SB,458.0,1.0,1.0,1.0,8,1.0,1.0,1.0,1.0,1.0,1.0,1.0,1.0
Fast-SB,459.0,1.0,1.0,1.0,8,1.0,1.0,1.0,1.0,1.0,1.0,1.0,1.0
Fast-SB,460.0,1.0,1.0,1.0,8,1.0,1.0,1.0,1.0,1.0,1.0,1.0,1.0
Fast-SB,461.0,1.0,1.0,1.0,8,1.0,1.0,1.0,1.0,1.0,1.0,1.0,1.0
Fast-SB,462.0,1.0,1.0,1.0,8,1.0,1.0,1.0,1.0,1.0,1.0,1.0,1.0
Fast-SB,463.0,1.0,1.0,1.0,8,1.0,1.0,1.0,1.0,1.0,1.0,1.0,1.0
Fast-SB,464.0,1.0,1.0,1.0,8,1.0,1.0,1.0,1.0,1.0,1.0,1.0,1.0
Fast-SB,465.0,1.0,1.0,1.0,8,1.0,1.0,1.0,1.0,1.0,1.0,1.0,1.0
Fast-SB,466.0,1.0,1.0,1.0,8,1.0,1.0,1.0,1.0,1.0,1.0,1.0,1.0
Fast-SB,467.0,1.0,1.0,1.0,8,1.0,1.0,1.0,1.0,1.0,1.0,1.0,1.0
Fast-SB,468.0,1.0,1.0,1.0,8,1.0,1.0,1.0,1.0,1.0,1.0,1.0,1.0
Fast-SB,469.0,1.0,1.0,1.0,8,1.0,1.0,1.0,1.0,1.0,1.0,1.0,1.0
Fast-SB,470.0,1.0,1.0,1.0,8,1.0,1.0,1.0,1.0,1.0,1.0,1.0,1.0
Fast-SB,471.0,1.0,1.0,1.0,8,1.0,1.0,1.0,1.0,1.0,1.0,1.0,1.0
Fast-SB,472.0,1.0,1.0,1.0,8,1.0,1.0,1.0,1.0,1.0,1.0,1.0,1.0
Fast-SB,473.0,1.0,1.0,1.0,8,1.0,1.0,1.0,1.0,1.0,1.0,1.0,1.0
Fast-SB,474.0,1.0,1.0,1.0,8,1.0,1.0,1.0,1.0,1.0,1.0,1.0,1.0
Fast-SB,475.0,1.0,1.0,1.0,8,1.0,1.0,1.0,1.0,1.0,1.0,1.0,1.0
Fast-SB,476.0,1.0,1.0,1.0,8,1.0,1.0,1.0,1.0,1.0,1.0,1.0,1.0
Fast-SB,477.0,1.0,1.0,1.0,8,1.0,1.0,1.0,1.0,1.0,1.0,1.0,1.0
Fast-SB,478.0,1.0,1.0,1.0,8,1.0,1.0,1.0,1.0,1.0,1.0,1.0,1.0
Fast-SB,479.0,1.0,1.0,1.0,8,1.0,1.0,1.0,1.0,1.0,1.0,1.0,1.0
Fast-SB,480.0,1.0,1.0,1.0,8,1.0,1.0,1.0,1.0,1.0,1.0,1.0,1.0
Fast-SB,481.0,1.0,1.0,1.0,8,1.0,1.0,1.0,1.0,1.0,1.0,1.0,1.0
Fast-SB,482.0,1.0,1.0,1.0,8,1.0,1.0,1.0,1.0,1.0,1.0,1.0,1.0
Fast-SB,483.0,1.0,1.0,1.0,8,1.0,1.0,1.0,1.0,1.0,1.0,1.0,1.0
Fast-SB,484.0,1.0,1.0,1.0,8,1.0,1.0,1.0,1.0,1.0,1.0,1.0,1.0
Fast-SB,485.0,1.0,1.0,1.0,8,1.0,1.0,1.0,1.0,1.0,1.0,1.0,1.0
Fast-SB,486.0,1.0,1.0,1.0,8,1.0,1.0,1.0,1.0,1.0,1.0,1.0,1.0
Fast-SB,487.0,1.0,1.0,1.0,8,1.0,1.0,1.0,1.0,1.0,1.0,1.0,1.0
Fast-SB,488.0,1.0,1.0,1.0,8,1.0,1.0,1.0,1.0,1.0,1.0,1.0,1.0
Fast-SB,489.0,1.0,1.0,1.0,8,1.0,1.0,1.0,1.0,1.0,1.0,1.0,1.0
Fast-SB,490.0,1.0,1.0,1.0,8,1.0,1.0,1.0,1.0,1.0,1.0,1.0,1.0
Fast-SB,491.0,1.0,1.0,1.0,8,1.0,1.0,1.0,1.0,1.0,1.0,1.0,1.0
Fast-SB,492.0,1.0,1.0,1.0,8,1.0,1.0,1.0,1.0,1.0,1.0,1.0,1.0
Fast-SB,493.0,1.0,1.0,1.0,8,1.0,1.0,1.0,1.0,1.0,1.0,1.0,1.0
Fast-SB,494.0,1.0,1.0,1.0,8,1.0,1.0,1.0,1.0,1.0,1.0,1.0,1.0
Fast-SB,495.0,1.0,1.0,1.0,8,1.0,1.0,1.0,1.0,1.0,1.0,1.0,1.0
Fast-SB,496.0,1.0,1.0,1.0,8,1.0,1.0,1.0,1.0,1.0,1.0,1.0,1.0
Fast-SB,497.0,1.0,1.0,1.0,8,1.0,1.0,1.0,1.0,1.0,1.0,1.0,1.0
Fast-SB,498.0,1.0,1.0,1.0,8,1.0,1.0,1.0,1.0,1.0,1.0,1.0,1.0
Fast-SB,499.0,1.0,1.0,1.0,8,1.0,1.0,1.0,1.0,1.0,1.0,1.0,1.0
Fast-SB,500.0,1.0,1.0,1.0,8,1.0,1.0,1.0,1.0,1.0,1.0,1.0,1.0
Fast-SB,501.0,1.0,1.0,1.0,8,1.0,1.0,1.0,1.0,1.0,1.0,1.0,1.0
Fast-SB,502.0,1.0,1.0,1.0,8,1.0,1.0,1.0,1.0,1.0,1.0,1.0,1.0
Fast-SB,503.0,1.0,1.0,1.0,8,1.0,1.0,1.0,1.0,1.0,1.0,1.0,1.0
Fast-SB,504.0,1.0,1.0,1.0,8,1.0,1.0,1.0,1.0,1.0,1.0,1.0,1.0
Fast-SB,505.0,1.0,1.0,1.0,8,1.0,1.0,1.0,1.0,1.0,1.0,1.0,1.0
Fast-SB,506.0,1.0,1.0,1.0,8,1.0,1.0,1.0,1.0,1.0,1.0,1.0,1.0
Fast-SB,507.0,1.0,1.0,1.0,8,1.0,1.0,1.0,1.0,1.0,1.0,1.0,1.0
Fast-SB,508.0,1.0,1.0,1.0,8,1.0,1.0,1.0,1.0,1.0,1.0,1.0,1.0
Fast-SB,509.0,1.0,1.0,1.0,8,1.0,1.0,1.0,1.0,1.0,1.0,1.0,1.0
Fast-SB,510.0,1.0,1.0,1.0,8,1.0,1.0,1.0,1.0,1.0,1.0,1.0,1.0
Fast-SB,511.0,1.0,1.0,1.0,8,1.0,1.0,1.0,1.0,1.0,1.0,1.0,1.0
Fast-SB,512.0,1.0,1.0,1.0,8,1.0,1.0,1.0,1.0,1.0,1.0,1.0,1.0
Fast-SB,513.0,1.0,1.0,1.0,8,1.0,1.0,1.0,1.0,1.0,1.0,1.0,1.0
Fast-SB,514.0,1.0,1.0,1.0,8,1.0,1.0,1.0,1.0,1.0,1.0,1.0,1.0
Fast-SB,515.0,1.0,1.0,1.0,8,1.0,1.0,1.0,1.0,1.0,1.0,1.0,1.0
Fast-SB,516.0,1.0,1.0,1.0,8,1.0,1.0,1.0,1.0,1.0,1.0,1.0,1.0
Fast-SB,517.0,1.0,1.0,1.0,8,1.0,1.0,1.0,1.0,1.0,1.0,1.0,1.0
Fast-SB,518.0,1.0,1.0,1.0,8,1.0,1.0,1.0,1.0,1.0,1.0,1.0,1.0
Fast-SB,519.0,1.0,1.0,1.0,8,1.0,1.0,1.0,1.0,1.0,1.0,1.0,1.0
Fast-SB,520.0,1.0,1.0,1.0,8,1.0,1.0,1.0,1.0,1.0,1.0,1.0,1.0
Fast-SB,521.0,1.0,1.0,1.0,8,1.0,1.0,1.0,1.0,1.0,1.0,1.0,1.0
Fast-SB,522.0,1.0,1.0,1.0,8,1.0,1.0,1.0,1.0,1.0,1.0,1.0,1.0
Fast-SB,523.0,1.0,1.0,1.0,8,1.0,1.0,1.0,1.0,1.0,1.0,1.0,1.0
Fast-SB,524.0,1.0,1.0,1.0,8,1.0,1.0,1.0,1.0,1.0,1.0,1.0,1.0
Fast-SB,525.0,1.0,1.0,1.0,8,1.0,1.0,1.0,1.0,1.0,1.0,1.0,1.0
Fast-SB,526.0,1.0,1.0,1.0,8,1.0,1.0,1.0,1.0,1.0,1.0,1.0,1.0
Fast-SB,527.0,1.0,1.0,1.0,8,1.0,1.0,1.0,1.0,1.0,1.0,1.0,1.0
Fast-SB,528.0,1.0,1.0,1.0,8,1.0,1.0,1.0,1.0,1.0,1.0,1.0,1.0
Fast-SB,529.0,1.0,1.0,1.0,8,1.0,1.0,1.0,1.0,1.0,1.0,1.0,1.0
Fast-SB,530.0,1.0,1.0,1.0,8,1.0,1.0,1.0,1.0,1.0,1.0,1.0,1.0
Fast-SB,531.0,1.0,1.0,1.0,8,1.0,1.0,1.0,1.0,1.0,1.0,1.0,1.0
Fast-SB,532.0,1.0,1.0,1.0,8,1.0,1.0,1.0,1.0,1.0,1.0,1.0,1.0
Fast-SB,533.0,1.0,1.0,1.0,8,1.0,1.0,1.0,1.0,1.0,1.0,1.0,1.0
Fast-SB,534.0,1.0,1.0,1.0,8,1.0,1.0,1.0,1.0,1.0,1.0,1.0,1.0
Fast-SB,535.0,1.0,1.0,1.0,8,1.0,1.0,1.0,1.0,1.0,1.0,1.0,1.0
Fast-SB,536.0,1.0,1.0,1.0,8,1.0,1.0,1.0,1.0,1.0,1.0,1.0,1.0
Fast-SB,537.0,1.0,1.0,1.0,8,1.0,1.0,1.0,1.0,1.0,1.0,1.0,1.0
Fast-SB,538.0,1.0,1.0,1.0,8,1.0,1.0,1.0,1.0,1.0,1.0,1.0,1.0
Fast-SB,539.0,1.0,1.0,1.0,8,1.0,1.0,1.0,1.0,1.0,1.0,1.0,1.0
Fast-SB,540.0,1.0,1.0,1.0,8,1.0,1.0,1.0,1.0,1.0,1.0,1.0,1.0
Fast-SB,541.0,1.0,1.0,1.0,8,1.0,1.0,1.0,1.0,1.0,1.0,1.0,1.0
Fast-SB,542.0,1.0,1.0,1.0,8,1.0,1.0,1.0,1.0,1.0,1.0,1.0,1.0
Fast-SB,543.0,1.0,1.0,1.0,8,1.0,1.0,1.0,1.0,1.0,1.0,1.0,1.0
Fast-SB,544.0,1.0,1.0,1.0,8,1.0,1.0,1.0,1.0,1.0,1.0,1.0,1.0
Fast-SB,545.0,1.0,1.0,1.0,8,1.0,1.0,1.0,1.0,1.0,1.0,1.0,1.0
Fast-SB,546.0,1.0,1.0,1.0,8,1.0,1.0,1.0,1.0,1.0,1.0,1.0,1.0
Fast-SB,547.0,1.0,1.0,1.0,8,1.0,1.0,1.0,1.0,1.0,1.0,1.0,1.0
Fast-SB,548.0,1.0,1.0,1.0,8,1.0,1.0,1.0,1.0,1.0,1.0,1.0,1.0
Fast-SB,549.0,1.0,1.0,1.0,8,1.0,1.0,1.0,1.0,1.0,1.0,1.0,1.0
Fast-SB,550.0,1.0,1.0,1.0,8,1.0,1.0,1.0,1.0,1.0,1.0,1.0,1.0
Fast-SB,551.0,1.0,1.0,1.0,8,1.0,1.0,1.0,1.0,1.0,1.0,1.0,1.0
Fast-SB,552.0,1.0,1.0,1.0,8,1.0,1.0,1.0,1.0,1.0,1.0,1.0,1.0
Fast-SB,553.0,1.0,1.0,1.0,8,1.0,1.0,1.0,1.0,1.0,1.0,1.0,1.0
Fast-SB,554.0,1.0,1.0,1.0,8,1.0,1.0,1.0,1.0,1.0,1.0,1.0,1.0
Fast-SB,555.0,1.0,1.0,1.0,8,1.0,1.0,1.0,1.0,1.0,1.0,1.0,1.0
Fast-SB,556.0,1.0,1.0,1.0,8,1.0,1.0,1.0,1.0,1.0,1.0,1.0,1.0
Fast-SB,557.0,1.0,1.0,1.0,8,1.0,1.0,1.0,1.0,1.0,1.0,1.0,1.0
Fast-SB,558.0,1.0,1.0,1.0,8,1.0,1.0,1.0,1.0,1.0,1.0,1.0,1.0
Fast-SB,559.0,1.0,1.0,1.0,8,1.0,1.0,1.0,1.0,1.0,1.0,1.0,1.0
Fast-SB,560.0,1.0,1.0,1.0,8,1.0,1.0,1.0,1.0,1.0,1.0,1.0,1.0
Fast-SB,561.0,1.0,1.0,1.0,8,1.0,1.0,1.0,1.0,1.0,1.0,1.0,1.0
Fast-SB,562.0,1.0,1.0,1.0,8,1.0,1.0,1.0,1.0,1.0,1.0,1.0,1.0
Fast-SB,563.0,1.0,1.0,1.0,8,1.0,1.0,1.0,1.0,1.0,1.0,1.0,1.0
Fast-SB,564.0,1.0,1.0,1.0,8,1.0,1.0,1.0,1.0,1.0,1.0,1.0,1.0
Fast-SB,565.0,1.0,1.0,1.0,8,1.0,1.0,1.0,1.0,1.0,1.0,1.0,1.0
Fast-SB,566.0,1.0,1.0,1.0,8,1.0,1.0,1.0,1.0,1.0,1.0,1.0,1.0
Fast-SB,567.0,1.0,1.0,1.0,8,1.0,1.0,1.0,1.0,1.0,1.0,1.0,1.0
Fast-SB,568.0,1.0,1.0,1.0,8,1.0,1.0,1.0,1.0,1.0,1.0,1.0,1.0
Fast-SB,569.0,1.0,1.0,1.0,8,1.0,1.0,1.0,1.0,1.0,1.0,1.0,1.0
Fast-SB,570.0,1.0,1.0,1.0,8,1.0,1.0,1.0,1.0,1.0,1.0,1.0,1.0
Fast-SB,571.0,1.0,1.0,1.0,8,1.0,1.0,1.0,1.0,1.0,1.0,1.0,1.0
Fast-SB,572.0,1.0,1.0,1.0,8,1.0,1.0,1.0,1.0,1.0,1.0,1.0,1.0
Fast-SB,573.0,1.0,1.0,1.0,8,1.0,1.0,1.0,1.0,1.0,1.0,1.0,1.0
Fast-SB,574.0,1.0,1.0,1.0,8,1.0,1.0,1.0,1.0,1.0,1.0,1.0,1.0
Fast-SB,575.0,1.0,1.0,1.0,8,1.0,1.0,1.0,1.0,1.0,1.0,1.0,1.0
Fast-SB,576.0,1.0,1.0,1.0,8,1.0,1.0,1.0,1.0,1.0,1.0,1.0,1.0
Fast-SB,577.0,1.0,1.0,1.0,8,1.0,1.0,1.0,1.0,1.0,1.0,1.0,1.0
Fast-SB,578.0,1.0,1.0,1.0,8,1.0,1.0,1.0,1.0,1.0,1.0,1.0,1.0
Fast-SB,579.0,1.0,1.0,1.0,8,1.0,1.0,1.0,1.0,1.0,1.0,1.0,1.0
Fast-SB,580.0,1.0,1.0,1.0,8,1.0,1.0,1.0,1.0,1.0,1.0,1.0,1.0
Fast-SB,581.0,1.0,1.0,1.0,8,1.0,1.0,1.0,1.0,1.0,1.0,1.0,1.0
Fast-SB,582.0,1.0,1.0,1.0,8,1.0,1.0,1.0,1.0,1.0,1.0,1.0,1.0
Fast-SB,583.0,1.0,1.0,1.0,8,1.0,1.0,1.0,1.0,1.0,1.0,1.0,1.0
Fast-SB,584.0,1.0,1.0,1.0,8,1.0,1.0,1.0,1.0,1.0,1.0,1.0,1.0
Fast-SB,585.0,1.0,1.0,1.0,8,1.0,1.0,1.0,1.0,1.0,1.0,1.0,1.0
Fast-SB,586.0,1.0,1.0,1.0,8,1.0,1.0,1.0,1.0,1.0,1.0,1.0,1.0
Fast-SB,587.0,1.0,1.0,1.0,8,1.0,1.0,1.0,1.0,1.0,1.0,1.0,1.0
Fast-SB,588.0,1.0,1.0,1.0,8,1.0,1.0,1.0,1.0,1.0,1.0,1.0,1.0
Fast-SB,589.0,1.0,1.0,1.0,8,1.0,1.0,1.0,1.0,1.0,1.0,1.0,1.0
Fast-SB,590.0,1.0,1.0,1.0,8,1.0,1.0,1.0,1.0,1.0,1.0,1.0,1.0
Fast-SB,591.0,1.0,1.0,1.0,8,1.0,1.0,1.0,1.0,1.0,1.0,1.0,1.0
Fast-SB,592.0,1.0,1.0,1.0,8,1.0,1.0,1.0,1.0,1.0,1.0,1.0,1.0
Fast-SB,593.0,1.0,1.0,1.0,8,1.0,1.0,1.0,1.0,1.0,1.0,1.0,1.0
Fast-SB,594.0,1.0,1.0,1.0,8,1.0,1.0,1.0,1.0,1.0,1.0,1.0,1.0
Fast-SB,595.0,1.0,1.0,1.0,8,1.0,1.0,1.0,1.0,1.0,1.0,1.0,1.0
Fast-SB,596.0,1.0,1.0,1.0,8,1.0,1.0,1.0,1.0,1.0,1.0,1.0,1.0
Fast-SB,597.0,1.0,1.0,1.0,8,1.0,1.0,1.0,1.0,1.0,1.0,1.0,1.0
Fast-SB,598.0,1.0,1.0,1.0,8,1.0,1.0,1.0,1.0,1.0,1.0,1.0,1.0
Fast-SB,599.0,1.0,1.0,1.0,8,1.0,1.0,1.0,1.0,1.0,1.0,1.0,1.0
Fast-SB,600.0,1.0,1.0,1.0,8,1.0,1.0,1.0,1.0,1.0,1.0,1.0,1.0
Fast-SB,601.0,1.0,1.0,1.0,8,1.0,1.0,1.0,1.0,1.0,1.0,1.0,1.0
Fast-SB,602.0,1.0,1.0,1.0,8,1.0,1.0,1.0,1.0,1.0,1.0,1.0,1.0
Fast-SB,603.0,1.0,1.0,1.0,8,1.0,1.0,1.0,1.0,1.0,1.0,1.0,1.0
Fast-SB,604.0,1.0,1.0,1.0,8,1.0,1.0,1.0,1.0,1.0,1.0,1.0,1.0
Fast-SB,605.0,1.0,1.0,1.0,8,1.0,1.0,1.0,1.0,1.0,1.0,1.0,1.0
Fast-SB,606.0,1.0,1.0,1.0,8,1.0,1.0,1.0,1.0,1.0,1.0,1.0,1.0
Fast-SB,607.0,1.0,1.0,1.0,8,1.0,1.0,1.0,1.0,1.0,1.0,1.0,1.0
Fast-SB,608.0,1.0,1.0,1.0,8,1.0,1.0,1.0,1.0,1.0,1.0,1.0,1.0
Fast-SB,609.0,1.0,1.0,1.0,8,1.0,1.0,1.0,1.0,1.0,1.0,1.0,1.0
Fast-SB,610.0,1.0,1.0,1.0,8,1.0,1.0,1.0,1.0,1.0,1.0,1.0,1.0
Fast-SB,611.0,1.0,1.0,1.0,8,1.0,1.0,1.0,1.0,1.0,1.0,1.0,1.0
Fast-SB,612.0,1.0,1.0,1.0,8,1.0,1.0,1.0,1.0,1.0,1.0,1.0,1.0
Fast-SB,613.0,1.0,1.0,1.0,8,1.0,1.0,1.0,1.0,1.0,1.0,1.0,1.0
Fast-SB,614.0,1.0,1.0,1.0,8,1.0,1.0,1.0,1.0,1.0,1.0,1.0,1.0
Fast-SB,615.0,1.0,1.0,1.0,8,1.0,1.0,1.0,1.0,1.0,1.0,1.0,1.0
Fast-SB,616.0,1.0,1.0,1.0,8,1.0,1.0,1.0,1.0,1.0,1.0,1.0,1.0
Fast-SB,617.0,1.0,1.0,1.0,8,1.0,1.0,1.0,1.0,1.0,1.0,1.0,1.0
Fast-SB,618.0,1.0,1.0,1.0,8,1.0,1.0,1.0,1.0,1.0,1.0,1.0,1.0
Fast-SB,619.0,1.0,1.0,1.0,8,1.0,1.0,1.0,1.0,1.0,1.0,1.0,1.0
Fast-SB,620.0,1.0,1.0,1.0,8,1.0,1.0,1.0,1.0,1.0,1.0,1.0,1.0
Fast-SB,621.0,1.0,1.0,1.0,8,1.0,1.0,1.0,1.0,1.0,1.0,1.0,1.0
Fast-SB,622.0,1.0,1.0,1.0,8,1.0,1.0,1.0,1.0,1.0,1.0,1.0,1.0
Fast-SB,623.0,1.0,1.0,1.0,8,1.0,1.0,1.0,1.0,1.0,1.0,1.0,1.0
Fast-SB,624.0,1.0,1.0,1.0,8,1.0,1.0,1.0,1.0,1.0,1.0,1.0,1.0
Fast-SB,625.0,1.0,1.0,1.0,8,1.0,1.0,1.0,1.0,1.0,1.0,1.0,1.0
Fast-SB,626.0,1.0,1.0,1.0,8,1.0,1.0,1.0,1.0,1.0,1.0,1.0,1.0
Fast-SB,627.0,1.0,1.0,1.0,8,1.0,1.0,1.0,1.0,1.0,1.0,1.0,1.0
Fast-SB,628.0,1.0,1.0,1.0,8,1.0,1.0,1.0,1.0,1.0,1.0,1.0,1.0
Fast-SB,629.0,1.0,1.0,1.0,8,1.0,1.0,1.0,1.0,1.0,1.0,1.0,1.0
Fast-SB,630.0,1.0,1.0,1.0,8,1.0,1.0,1.0,1.0,1.0,1.0,1.0,1.0
Fast-SB,631.0,1.0,1.0,1.0,8,1.0,1.0,1.0,1.0,1.0,1.0,1.0,1.0
Fast-SB,632.0,1.0,1.0,1.0,8,1.0,1.0,1.0,1.0,1.0,1.0,1.0,1.0
Fast-SB,633.0,1.0,1.0,1.0,8,1.0,1.0,1.0,1.0,1.0,1.0,1.0,1.0
Fast-SB,634.0,1.0,1.0,1.0,8,1.0,1.0,1.0,1.0,1.0,1.0,1.0,1.0
Fast-SB,635.0,1.0,1.0,1.0,8,1.0,1.0,1.0,1.0,1.0,1.0,1.0,1.0
Fast-SB,636.0,1.0,1.0,1.0,8,1.0,1.0,1.0,1.0,1.0,1.0,1.0,1.0
Fast-SB,637.0,1.0,1.0,1.0,8,1.0,1.0,1.0,1.0,1.0,1.0,1.0,1.0
