policy,latency_slots,seed_mean,pointwise_ci95_lower,pointwise_ci95_upper,seed_count,seed_9101,seed_9102,seed_9103,seed_9104,seed_9105,seed_9106,seed_9107,seed_9108
Legacy-20,0.0,0.0,0.0,0.0,8,0.0,0.0,0.0,0.0,0.0,0.0,0.0,0.0
Legacy-20,1.0,0.0818,0.06491998631093987,0.09868001368906013,8,0.0616,0.1172,0.0896,0.0612,0.0828,0.0832,0.098,0.0608
Legacy-20,2.0,0.08205,0.0651582155876317,0.0989417844123683,8,0.0624,0.1176,0.09,0.0612,0.0828,0.0836,0.098,0.0608
Legacy-20,3.0,0.27995,0.23659977855644382,0.32330022144355614,8,0.2436,0.3744,0.302,0.2152,0.296,0.2748,0.3072,0.2264
Legacy-20,4.0,0.2804,0.23689465114822905,0.3239053488517709,8,0.2448,0.3752,0.302,0.2152,0.2968,0.2748,0.308,0.2264
Legacy-20,5.0,0.5221,0.47845098841448,0.5657490115855199,8,0.4992,0.618,0.5408,0.444,0.5336,0.5224,0.5444,0.4744
Legacy-20,6.0,0.52265,0.4788142335286135,0.5664857664713864,8,0.5,0.6188,0.5416,0.444,0.5336,0.5228,0.5456,0.4748
Legacy-20,7.0,0.72525,0.6884121627681585,0.7620878372318414,8,0.708,0.7968,0.7428,0.6456,0.7388,0.728,0.7464,0.6956
Legacy-20,8.0,0.72605,0.6892338596858126,0.7628661403141873,8,0.7088,0.7976,0.7428,0.646,0.7392,0.7296,0.7472,0.6972
Legacy-20,9.0,0.72695,0.6900482311865339,0.7638517688134661,8,0.7092,0.7984,0.744,0.6464,0.74,0.7304,0.7484,0.6988
Legacy-20,10.0,0.72755,0.6905826809688853,0.7645173190311148,8,0.71,0.7988,0.744,0.6464,0.7408,0.7316,0.7492,0.6996
Legacy-20,11.0,0.72835,0.6916586481765263,0.7650413518234738,8,0.7104,0.7992,0.7448,0.648,0.742,0.732,0.7496,0.7008
Legacy-20,12.0,0.7288,0.6922760333049263,0.7653239666950737,8,0.712,0.7992,0.7452,0.6484,0.742,0.7328,0.7496,0.7012
Legacy-20,13.0,0.72905,0.6924338563356514,0.7656661436643486,8,0.712,0.7996,0.7456,0.6484,0.742,0.7332,0.75,0.7016
Legacy-20,14.0,0.72925,0.692766993471642,0.765733006528358,8,0.712,0.7996,0.7456,0.6488,0.7424,0.7332,0.75,0.7024
Legacy-20,15.0,0.7294,0.6928979167874334,0.7659020832125667,8,0.712,0.8,0.7456,0.6488,0.7424,0.7332,0.75,0.7032
Legacy-20,16.0,0.72955,0.6933117973789351,0.765788202621065,8,0.712,0.8,0.7456,0.65,0.7424,0.7332,0.75,0.7032
Legacy-20,17.0,0.7298,0.6936967431663015,0.7659032568336985,8,0.712,0.8,0.7464,0.6508,0.7424,0.7336,0.75,0.7032
Legacy-20,18.0,0.7299,0.693865528109977,0.765934471890023,8,0.712,0.8,0.7468,0.6512,0.7424,0.7336,0.75,0.7032
Legacy-20,19.0,0.73015,0.6941695903264459,0.7661304096735541,8,0.712,0.8004,0.7468,0.6516,0.7428,0.7336,0.75,0.704
Legacy-20,20.0,0.7302,0.6942484437849247,0.7661515562150752,8,0.712,0.8004,0.7468,0.6516,0.7428,0.7336,0.75,0.7044
Legacy-20,21.0,0.73035,0.6944917163357167,0.7662082836642834,8,0.7124,0.8004,0.7468,0.652,0.7432,0.7336,0.75,0.7044
Legacy-20,22.0,0.73055,0.6946367193626937,0.7664632806373064,8,0.7124,0.8004,0.7468,0.652,0.744,0.734,0.7504,0.7044
Legacy-20,23.0,0.732,0.6958936448391699,0.76810635516083,8,0.7152,0.8004,0.7496,0.6524,0.746,0.734,0.754,0.7044
Legacy-20,24.0,0.73395,0.6970493138498995,0.7708506861501004,8,0.718,0.8036,0.7528,0.6524,0.748,0.7364,0.7556,0.7048
Legacy-20,25.0,0.73615,0.698517108353126,0.773782891646874,8,0.7216,0.8064,0.7568,0.6528,0.75,0.7388,0.758,0.7048
Legacy-20,26.0,0.73885,0.7001467241614624,0.7775532758385376,8,0.724,0.8092,0.762,0.6528,0.7532,0.7436,0.7612,0.7048
Legacy-20,27.0,0.74205,0.7021084226875633,0.7819915773124366,8,0.7288,0.814,0.7672,0.6528,0.7564,0.7484,0.7632,0.7056
Legacy-20,28.0,0.7451,0.7042875703409051,0.7859124296590949,8,0.7336,0.8176,0.772,0.6536,0.7596,0.752,0.766,0.7064
Legacy-20,29.0,0.74875,0.7064275667398188,0.7910724332601813,8,0.738,0.8224,0.7808,0.654,0.7628,0.7556,0.7692,0.7072
Legacy-20,30.0,0.75335,0.7092916894446567,0.7974083105553432,8,0.744,0.8268,0.7896,0.654,0.7692,0.7624,0.7728,0.708
Legacy-20,31.0,0.7583,0.7122612272709963,0.8043387727290037,8,0.7492,0.8336,0.7972,0.6548,0.7756,0.7672,0.7796,0.7092
Legacy-20,32.0,0.763,0.7154143596209349,0.8105856403790651,8,0.7564,0.8372,0.8048,0.6548,0.7816,0.7732,0.7852,0.7108
Legacy-20,33.0,0.7663,0.7177262819789049,0.8148737180210951,8,0.7604,0.8388,0.8092,0.6552,0.786,0.7776,0.7916,0.7116
Legacy-20,34.0,0.7698,0.7199705267609048,0.8196294732390953,8,0.7636,0.8408,0.814,0.6552,0.794,0.7812,0.7968,0.7128
Legacy-20,35.0,0.77155,0.721143251310057,0.821956748689943,8,0.7664,0.8428,0.8172,0.6556,0.796,0.782,0.7988,0.7136
Legacy-20,36.0,0.77425,0.7229534241494515,0.8255465758505485,8,0.7696,0.8444,0.8224,0.6556,0.7996,0.7856,0.8016,0.7152
Legacy-20,37.0,0.77695,0.7248178409178894,0.8290821590821107,8,0.7728,0.8452,0.8276,0.656,0.8056,0.788,0.804,0.7164
Legacy-20,38.0,0.779,0.7267126365170322,0.8312873634829678,8,0.7756,0.8456,0.8312,0.6576,0.8088,0.7908,0.8048,0.7176
Legacy-20,39.0,0.78195,0.7288322782552922,0.8350677217447079,8,0.778,0.848,0.8368,0.6584,0.8156,0.7928,0.8056,0.7204
Legacy-20,40.0,0.78465,0.7304398317657003,0.8388601682342997,8,0.7812,0.852,0.8432,0.6592,0.818,0.7944,0.8076,0.7216
Legacy-20,41.0,0.7871,0.731768313512638,0.842431686487362,8,0.7816,0.8544,0.8472,0.6592,0.8228,0.7968,0.812,0.7228
Legacy-20,42.0,0.78955,0.7334462984930871,0.8456537015069129,8,0.782,0.8576,0.852,0.66,0.8264,0.7984,0.8144,0.7256
Legacy-20,43.0,0.79245,0.7349741915940311,0.8499258084059689,8,0.7848,0.8616,0.8568,0.66,0.8328,0.8012,0.8156,0.7268
Legacy-20,44.0,0.79565,0.7370854073321754,0.8542145926678245,8,0.7864,0.8664,0.8612,0.6612,0.838,0.8044,0.8188,0.7288
Legacy-20,45.0,0.79835,0.7386664073031344,0.8580335926968656,8,0.788,0.8704,0.8648,0.6616,0.8436,0.8048,0.8228,0.7308
Legacy-20,46.0,0.80105,0.7405255520200573,0.8615744479799428,8,0.79,0.8732,0.8672,0.6624,0.8492,0.8088,0.8256,0.732
Legacy-20,47.0,0.80425,0.7426831368105288,0.8658168631894713,8,0.7936,0.8768,0.872,0.6628,0.8536,0.81,0.8304,0.7348
Legacy-20,48.0,0.8072,0.7448082954747073,0.8695917045252928,8,0.7968,0.8816,0.876,0.6632,0.856,0.8132,0.8328,0.738
Legacy-20,49.0,0.81015,0.7477419210496207,0.8725580789503794,8,0.8,0.884,0.878,0.6648,0.8604,0.8164,0.8348,0.7428
Legacy-20,50.0,0.81245,0.7491541774889668,0.8757458225110332,8,0.8024,0.886,0.8832,0.6648,0.8632,0.818,0.8372,0.7448
Legacy-20,51.0,0.81515,0.7520526820057897,0.8782473179942104,8,0.806,0.8868,0.8848,0.6664,0.8664,0.8208,0.8408,0.7492
Legacy-20,52.0,0.81745,0.7543821948354251,0.8805178051645749,8,0.8084,0.8876,0.8884,0.6684,0.8684,0.8216,0.8444,0.7524
Legacy-20,53.0,0.8188,0.7555111051639276,0.8820888948360723,8,0.8096,0.8876,0.8912,0.6688,0.87,0.8224,0.8464,0.7544
Legacy-20,54.0,0.8217,0.7585302093269372,0.8848697906730628,8,0.8128,0.8884,0.8948,0.6696,0.8712,0.8252,0.8504,0.7612
Legacy-20,55.0,0.8241,0.76071049951096,0.8874895004890401,8,0.8164,0.8892,0.8984,0.67,0.8732,0.8272,0.8528,0.7656
Legacy-20,56.0,0.8263,0.7623235494925226,0.8902764505074775,8,0.818,0.8896,0.9024,0.6704,0.876,0.8292,0.8568,0.768
Legacy-20,57.0,0.8291000000000001,0.7646990666862773,0.8935009333137228,8,0.8196,0.8928,0.9064,0.672,0.8768,0.8332,0.8612,0.7708
Legacy-20,58.0,0.8309,0.7664861645410265,0.8953138354589735,8,0.8204,0.8932,0.908,0.6728,0.8788,0.8368,0.8632,0.774
Legacy-20,59.0,0.8338,0.7695396069550947,0.8980603930449053,8,0.8208,0.8968,0.9108,0.6756,0.8804,0.842,0.8652,0.7788
Legacy-20,60.0,0.8367,0.7717780884295272,0.9016219115704728,8,0.8236,0.9016,0.9136,0.676,0.882,0.848,0.8668,0.782
Legacy-20,61.0,0.8396,0.7740689512629972,0.9051310487370028,8,0.8244,0.9048,0.918,0.6776,0.8844,0.8524,0.8704,0.7848
Legacy-20,62.0,0.8417,0.7759664305855503,0.9074335694144497,8,0.8268,0.9076,0.9204,0.6792,0.8856,0.8556,0.872,0.7864
Legacy-20,63.0,0.84345,0.7775083670010934,0.9093916329989067,8,0.8268,0.9088,0.9228,0.6804,0.8864,0.8592,0.8748,0.7884
Legacy-20,64.0,0.8452500000000001,0.7793441226223363,0.9111558773776638,8,0.8276,0.91,0.9244,0.6816,0.888,0.8612,0.8772,0.792
Legacy-20,65.0,0.8468,0.7809463819260584,0.9126536180739416,8,0.8284,0.9112,0.9252,0.6832,0.8904,0.862,0.88,0.794
Legacy-20,66.0,0.8483,0.782471685048204,0.9141283149517961,8,0.83,0.914,0.926,0.6848,0.892,0.8632,0.8808,0.7956
Legacy-20,67.0,0.8501,0.7838812669764061,0.9163187330235938,8,0.8304,0.9168,0.928,0.686,0.8936,0.8664,0.8828,0.7968
Legacy-20,68.0,0.8517,0.7851901375908913,0.9182098624091087,8,0.8316,0.918,0.9296,0.6872,0.896,0.8684,0.8856,0.7972
Legacy-20,69.0,0.8532,0.786488552196793,0.9199114478032069,8,0.8328,0.9196,0.9312,0.6884,0.8972,0.8704,0.888,0.798
Legacy-20,70.0,0.8543000000000001,0.787575198691352,0.9210248013086482,8,0.8344,0.9204,0.9316,0.6896,0.8988,0.872,0.8896,0.798
Legacy-20,71.0,0.85535,0.7888266385213463,0.9218733614786538,8,0.8344,0.9212,0.9324,0.6916,0.9,0.8736,0.8908,0.7988
Legacy-20,72.0,0.8566,0.7901256476698397,0.9230743523301603,8,0.8356,0.922,0.9332,0.6928,0.9016,0.874,0.8932,0.8004
Legacy-20,73.0,0.8582,0.7918941434131623,0.9245058565868376,8,0.8388,0.9224,0.9348,0.6944,0.9028,0.8748,0.8956,0.802
Legacy-20,74.0,0.8593999999999999,0.7932739426560365,0.9255260573439634,8,0.8404,0.9228,0.9352,0.6952,0.9032,0.8764,0.8976,0.8044
Legacy-20,75.0,0.86075,0.7946105464670752,0.9268894535329248,8,0.8404,0.9232,0.9372,0.6968,0.9044,0.8776,0.9004,0.806
Legacy-20,76.0,0.862,0.7956363252502868,0.9283636747497132,8,0.842,0.9248,0.9392,0.6976,0.9052,0.8788,0.9016,0.8068
Legacy-20,77.0,0.8631,0.7964617145663567,0.9297382854336432,8,0.8432,0.926,0.94,0.6976,0.9072,0.8792,0.9032,0.8084
Legacy-20,78.0,0.8642,0.798007999797127,0.9303920002028729,8,0.8448,0.9268,0.9412,0.7004,0.9084,0.8796,0.9036,0.8088
Legacy-20,79.0,0.8653,0.7992346899892127,0.9313653100107873,8,0.846,0.9276,0.9424,0.702,0.9096,0.8808,0.9044,0.8096
Legacy-20,80.0,0.86625,0.8006660694225248,0.9318339305774751,8,0.848,0.928,0.9428,0.704,0.9104,0.8812,0.9048,0.8108
Legacy-20,81.0,0.86795,0.8026638976346229,0.9332361023653771,8,0.8528,0.9292,0.944,0.7064,0.9124,0.882,0.9056,0.8112
Legacy-20,82.0,0.869,0.8038946568135259,0.9341053431864741,8,0.854,0.93,0.9456,0.7084,0.9128,0.8828,0.9068,0.8116
Legacy-20,83.0,0.8702,0.8055508437001246,0.9348491562998753,8,0.8556,0.9308,0.946,0.71,0.9144,0.8828,0.9072,0.8148
Legacy-20,84.0,0.87135,0.8070319532713324,0.9356680467286675,8,0.8576,0.9316,0.9468,0.7116,0.9144,0.8844,0.908,0.8164
Legacy-20,85.0,0.8722,0.8081720511439395,0.9362279488560604,8,0.8584,0.9316,0.9472,0.7128,0.9156,0.886,0.908,0.818
Legacy-20,86.0,0.8734500000000001,0.8101045854856797,0.9367954145143205,8,0.8608,0.932,0.9472,0.7152,0.9164,0.8864,0.9092,0.8204
Legacy-20,87.0,0.8748,0.8113643185749759,0.9382356814250241,8,0.8628,0.9328,0.9484,0.7156,0.918,0.8872,0.9108,0.8228
Legacy-20,88.0,0.87575,0.8127559739805914,0.9387440260194087,8,0.8628,0.9328,0.9484,0.7168,0.9196,0.888,0.9112,0.8264
Legacy-20,89.0,0.8765499999999999,0.8137689219851605,0.9393310780148394,8,0.8632,0.9332,0.9484,0.718,0.9216,0.888,0.912,0.828
Legacy-20,90.0,0.8781,0.815888682545755,0.940311317454245,8,0.8656,0.9332,0.9492,0.7208,0.9236,0.8888,0.9136,0.83
Legacy-20,91.0,0.8795,0.8177062241278644,0.9412937758721355,8,0.866,0.9332,0.95,0.7224,0.9252,0.892,0.9136,0.8336
Legacy-20,92.0,0.8804,0.8188957077049553,0.9419042922950446,8,0.8672,0.9332,0.9508,0.7236,0.9252,0.8924,0.9152,0.8356
Legacy-20,93.0,0.88115,0.8198704976936035,0.9424295023063964,8,0.8688,0.9332,0.9512,0.7248,0.926,0.8924,0.9164,0.8364
Legacy-20,94.0,0.8829,0.8220700903998347,0.9437299096001653,8,0.8716,0.9336,0.9512,0.726,0.9284,0.8936,0.9172,0.8416
Legacy-20,95.0,0.8842,0.8234659895692702,0.9449340104307298,8,0.8736,0.9336,0.952,0.7268,0.9292,0.8948,0.9196,0.844
Legacy-20,96.0,0.88585,0.8252295190444947,0.9464704809555053,8,0.8744,0.9348,0.9536,0.728,0.9292,0.8964,0.9224,0.848
Legacy-20,97.0,0.88685,0.8262947996199955,0.9474052003800045,8,0.8764,0.9348,0.9536,0.7288,0.9304,0.8976,0.9244,0.8488
Legacy-20,98.0,0.8881,0.8278205950596368,0.9483794049403632,8,0.878,0.9352,0.954,0.7296,0.9312,0.8988,0.9252,0.8528
Legacy-20,99.0,0.88925,0.8291961779693326,0.9493038220306673,8,0.8804,0.9368,0.954,0.7308,0.9312,0.9,0.9264,0.8544
Legacy-20,100.0,0.8899,0.8299297099833712,0.9498702900166288,8,0.882,0.9372,0.954,0.7312,0.9312,0.9004,0.9276,0.8556
Legacy-20,101.0,0.8915,0.8321344620041583,0.9508655379958416,8,0.8852,0.938,0.9544,0.7332,0.9316,0.902,0.928,0.8596
Legacy-20,102.0,0.8932,0.8341645323603805,0.9522354676396195,8,0.8872,0.9392,0.9544,0.7344,0.932,0.9056,0.9288,0.864
Legacy-20,103.0,0.89455,0.8360341352721484,0.9530658647278515,8,0.8904,0.9392,0.9544,0.736,0.9324,0.9076,0.9292,0.8672
Legacy-20,104.0,0.8958,0.8384044451322977,0.9531955548677024,8,0.8912,0.9392,0.9544,0.74,0.9324,0.91,0.9296,0.8696
Legacy-20,105.0,0.89685,0.8399108138268336,0.9537891861731664,8,0.8924,0.94,0.9544,0.7416,0.9324,0.912,0.9296,0.8724
Legacy-20,106.0,0.89805,0.8412895952767405,0.9548104047232595,8,0.894,0.9408,0.9548,0.7428,0.9328,0.9156,0.9296,0.874
Legacy-20,107.0,0.899,0.8427729376748679,0.9552270623251321,8,0.8956,0.9412,0.9552,0.7448,0.9328,0.9168,0.9296,0.876
Legacy-20,108.0,0.89965,0.8443065635838519,0.954993436416148,8,0.8964,0.9416,0.9552,0.748,0.9328,0.9168,0.9296,0.8768
Legacy-20,109.0,0.90025,0.8452281593677338,0.9552718406322662,8,0.8972,0.9416,0.9556,0.7492,0.9332,0.9172,0.9296,0.8784
Legacy-20,110.0,0.9008499999999999,0.8461729777244623,0.9555270222755375,8,0.8976,0.942,0.956,0.7508,0.9336,0.9176,0.93,0.8792
Legacy-20,111.0,0.9014,0.8471017425509805,0.9556982574490195,8,0.8976,0.9424,0.9564,0.7524,0.934,0.918,0.93,0.8804
Legacy-20,112.0,0.90175,0.8476153507368136,0.9558846492631865,8,0.898,0.9424,0.9568,0.7532,0.934,0.9184,0.9304,0.8808
Legacy-20,113.0,0.90235,0.8483026532481044,0.9563973467518956,8,0.8988,0.9428,0.9572,0.754,0.9344,0.9196,0.9308,0.8812
Legacy-20,114.0,0.90315,0.8495250544862915,0.9567749455137086,8,0.8996,0.9436,0.9572,0.756,0.9352,0.92,0.9316,0.882
Legacy-20,115.0,0.90385,0.8504545644902415,0.9572454355097586,8,0.9004,0.944,0.958,0.7576,0.936,0.9204,0.9324,0.882
Legacy-20,116.0,0.9045,0.8513193431785175,0.9576806568214824,8,0.9004,0.9448,0.9588,0.7592,0.936,0.9216,0.9332,0.882
Legacy-20,117.0,0.90505,0.8518599722451426,0.9582400277548574,8,0.9012,0.946,0.9592,0.7596,0.936,0.9224,0.9332,0.8828
Legacy-20,118.0,0.90545,0.8525226081181054,0.9583773918818945,8,0.9016,0.9464,0.9596,0.7608,0.936,0.9228,0.9332,0.8832
Legacy-20,119.0,0.90635,0.8541815284590429,0.958518471540957,8,0.902,0.9464,0.9596,0.7636,0.9364,0.9236,0.934,0.8852
Legacy-20,120.0,0.90715,0.8552117822924782,0.9590882177075218,8,0.9032,0.9484,0.96,0.7652,0.9368,0.924,0.934,0.8856
Legacy-20,121.0,0.9078,0.8562836208515057,0.9593163791484944,8,0.904,0.9484,0.9604,0.7672,0.9368,0.9248,0.9352,0.8856
Legacy-20,122.0,0.90825,0.8570656993685181,0.9594343006314819,8,0.904,0.9488,0.9604,0.7688,0.9376,0.9256,0.9352,0.8856
Legacy-20,123.0,0.90865,0.8576477337479184,0.9596522662520816,8,0.9048,0.9488,0.9604,0.7696,0.9384,0.926,0.9352,0.886
Legacy-20,124.0,0.9091,0.8587159837962333,0.9594840162037668,8,0.9048,0.9492,0.9604,0.772,0.9384,0.926,0.9356,0.8864
Legacy-20,125.0,0.90955,0.8592133645408415,0.9598866354591584,8,0.9052,0.9508,0.9604,0.7728,0.9388,0.926,0.936,0.8864
Legacy-20,126.0,0.9101,0.8598312508400384,0.9603687491599616,8,0.9064,0.952,0.9604,0.7736,0.9396,0.9264,0.936,0.8864
Legacy-20,127.0,0.9109,0.860857791136239,0.9609422088637611,8,0.9072,0.954,0.9604,0.7752,0.94,0.9276,0.936,0.8868
Legacy-20,128.0,0.9119,0.86237847475556,0.9614215252444401,8,0.9084,0.9552,0.9612,0.778,0.94,0.9276,0.9376,0.8872
Legacy-20,129.0,0.91295,0.8632181372272443,0.9626818627727558,8,0.9088,0.9568,0.9636,0.7788,0.9404,0.9296,0.9376,0.888
Legacy-20,130.0,0.91365,0.8642749758257744,0.9630250241742255,8,0.9092,0.9572,0.9648,0.7808,0.9404,0.9304,0.938,0.8884
Legacy-20,131.0,0.91415,0.8647725484472091,0.963527451552791,8,0.9092,0.9576,0.9664,0.7816,0.9408,0.9308,0.938,0.8888
Legacy-20,132.0,0.9149,0.8659059961631601,0.96389400383684,8,0.9096,0.9584,0.9676,0.7836,0.9408,0.9308,0.9384,0.89
Legacy-20,133.0,0.91555,0.8667191312539796,0.9643808687460204,8,0.9104,0.9584,0.9684,0.7848,0.9416,0.9308,0.9396,0.8904
Legacy-20,134.0,0.9162,0.8676996215891051,0.964700378410895,8,0.9116,0.9584,0.9696,0.7864,0.9416,0.9308,0.94,0.8912
Legacy-20,135.0,0.91665,0.868320952821994,0.964979047178006,8,0.9116,0.9588,0.9704,0.7872,0.9416,0.9308,0.94,0.8928
Legacy-20,136.0,0.9171,0.8690379362345638,0.9651620637654362,8,0.9116,0.9588,0.972,0.7888,0.9416,0.9308,0.94,0.8932
Legacy-20,137.0,0.9178499999999999,0.8701108185914075,0.9655891814085924,8,0.9116,0.9596,0.9732,0.7908,0.9416,0.9316,0.9404,0.894
Legacy-20,138.0,0.9187,0.871604592653772,0.9657954073462279,8,0.912,0.96,0.974,0.794,0.9424,0.9324,0.9408,0.894
Legacy-20,139.0,0.9191,0.872523908319289,0.965676091680711,8,0.9128,0.96,0.974,0.796,0.9428,0.9324,0.9408,0.894
Legacy-20,140.0,0.9196,0.8735854447515323,0.9656145552484676,8,0.9132,0.9604,0.974,0.7984,0.9436,0.9324,0.9408,0.894
Legacy-20,141.0,0.92045,0.8749072550290271,0.9659927449709729,8,0.9144,0.9616,0.9744,0.8008,0.944,0.9332,0.9408,0.8944
Legacy-20,142.0,0.9215,0.8764496542462135,0.9665503457537865,8,0.9144,0.962,0.9756,0.8036,0.9456,0.9336,0.9416,0.8956
Legacy-20,143.0,0.92205,0.877443947690544,0.9666560523094561,8,0.9144,0.9624,0.9756,0.8056,0.9464,0.9344,0.9416,0.896
Legacy-20,144.0,0.9229,0.8788976512189407,0.9669023487810594,8,0.9152,0.9636,0.976,0.8084,0.9464,0.9348,0.942,0.8968
Legacy-20,145.0,0.92405,0.8811444274441161,0.9669555725558839,8,0.9152,0.9644,0.9764,0.8136,0.9472,0.9352,0.9436,0.8968
Legacy-20,146.0,0.9253,0.8830723306083559,0.9675276693916441,8,0.9156,0.9656,0.978,0.8176,0.9476,0.9352,0.9452,0.8976
Legacy-20,147.0,0.92645,0.8847207686226044,0.9681792313773956,8,0.9156,0.9668,0.9788,0.8208,0.9492,0.9356,0.9464,0.8984
Legacy-20,148.0,0.92755,0.8856903828281147,0.9694096171718852,8,0.916,0.968,0.9796,0.822,0.952,0.9356,0.9484,0.8988
Legacy-20,149.0,0.9282,0.8869125300657521,0.969487469934248,8,0.916,0.9684,0.9796,0.8248,0.9524,0.936,0.9496,0.8988
Legacy-20,150.0,0.92875,0.8877306885942077,0.9697693114057923,8,0.9168,0.9684,0.9804,0.8264,0.9532,0.9364,0.9496,0.8988
Legacy-20,151.0,0.9295,0.8888806762475402,0.9701193237524598,8,0.9168,0.9688,0.9808,0.8284,0.954,0.9368,0.9504,0.9
Legacy-20,152.0,0.93045,0.8902921537546833,0.9706078462453167,8,0.9172,0.9692,0.9808,0.8312,0.9548,0.9372,0.9532,0.9
Legacy-20,153.0,0.9312,0.8914985797951042,0.9709014202048959,8,0.918,0.9692,0.9808,0.8332,0.9556,0.9376,0.9544,0.9008
Legacy-20,154.0,0.9317,0.8923723691539359,0.971027630846064,8,0.918,0.9696,0.9808,0.8352,0.9564,0.938,0.9548,0.9008
Legacy-20,155.0,0.9324,0.8936230655193802,0.9711769344806198,8,0.918,0.9696,0.9812,0.8376,0.9572,0.9384,0.9552,0.902
Legacy-20,156.0,0.9332,0.8952128957577142,0.9711871042422858,8,0.9184,0.9696,0.9812,0.8408,0.958,0.9384,0.956,0.9032
Legacy-20,157.0,0.93375,0.8957309633361362,0.9717690366638637,8,0.9184,0.9696,0.9812,0.8408,0.9588,0.9388,0.9576,0.9048
Legacy-20,158.0,0.9343,0.8964474380226384,0.9721525619773617,8,0.9192,0.9696,0.9812,0.8412,0.9596,0.9392,0.958,0.9064
Legacy-20,159.0,0.93475,0.896996489971248,0.9725035100287519,8,0.9192,0.9696,0.9816,0.842,0.9608,0.9392,0.9584,0.9072
Legacy-20,160.0,0.93555,0.8977267117818409,0.973373288218159,8,0.9192,0.9696,0.9828,0.8424,0.9616,0.9396,0.96,0.9092
Legacy-20,161.0,0.9363,0.898668461935404,0.9739315380645961,8,0.9204,0.9696,0.9828,0.8428,0.9624,0.9408,0.9604,0.9112
Legacy-20,162.0,0.9368,0.8990919944990835,0.9745080055009164,8,0.9208,0.9696,0.9832,0.8432,0.9632,0.9416,0.9616,0.9112
Legacy-20,163.0,0.93725,0.8995956698554611,0.9749043301445389,8,0.9212,0.9696,0.9832,0.8436,0.9644,0.942,0.962,0.912
Legacy-20,164.0,0.93755,0.8997842165872759,0.9753157834127241,8,0.9212,0.9696,0.9836,0.8436,0.9652,0.9424,0.9624,0.9124
Legacy-20,165.0,0.9384,0.9004187858183248,0.9763812141816752,8,0.922,0.9704,0.9836,0.8436,0.9652,0.9436,0.9656,0.9132
Legacy-20,166.0,0.93905,0.9010141537457521,0.977085846254248,8,0.922,0.9708,0.984,0.8436,0.9656,0.9448,0.9664,0.9152
Legacy-20,167.0,0.93965,0.9016921710081203,0.9776078289918797,8,0.9224,0.9708,0.984,0.8436,0.966,0.9468,0.9664,0.9172
Legacy-20,168.0,0.94015,0.9020902129070262,0.9782097870929739,8,0.9228,0.9708,0.9844,0.8436,0.9668,0.9488,0.9664,0.9176
Legacy-20,169.0,0.9408,0.9029870382313909,0.978612961768609,8,0.924,0.9708,0.9844,0.844,0.9668,0.9496,0.9668,0.92
Legacy-20,170.0,0.94125,0.9033781545275245,0.9791218454724756,8,0.9244,0.9716,0.9844,0.844,0.9672,0.9508,0.9668,0.9208
Legacy-20,171.0,0.9422,0.9042507763847533,0.9801492236152468,8,0.9252,0.9732,0.9856,0.8448,0.9676,0.9524,0.9672,0.9216
Legacy-20,172.0,0.94285,0.9048934340604996,0.9808065659395003,8,0.9252,0.9736,0.9864,0.8456,0.968,0.9544,0.9676,0.922
Legacy-20,173.0,0.9432,0.905139346908989,0.9812606530910111,8,0.9256,0.974,0.9864,0.8456,0.968,0.9556,0.9684,0.922
Legacy-20,174.0,0.9438500000000001,0.9056916680696686,0.9820083319303315,8,0.9264,0.974,0.9864,0.8456,0.9684,0.9592,0.9684,0.9224
Legacy-20,175.0,0.9441,0.9059325341259077,0.9822674658740924,8,0.9268,0.974,0.9864,0.8456,0.9684,0.9604,0.9684,0.9228
Legacy-20,176.0,0.9447,0.9065643684523815,0.9828356315476184,8,0.928,0.9744,0.9864,0.8456,0.9684,0.9616,0.9688,0.9244
Legacy-20,177.0,0.94525,0.907224448738029,0.9832755512619711,8,0.928,0.9752,0.9868,0.8464,0.9684,0.9628,0.9688,0.9256
Legacy-20,178.0,0.9456,0.9075154216644059,0.9836845783355941,8,0.9284,0.9756,0.9872,0.8464,0.9688,0.9632,0.9688,0.9264
Legacy-20,179.0,0.94595,0.9077809902081404,0.9841190097918595,8,0.9284,0.976,0.988,0.8464,0.9692,0.9632,0.9688,0.9276
Legacy-20,180.0,0.9465,0.9084810421485919,0.9845189578514081,8,0.9284,0.976,0.9892,0.8476,0.97,0.9636,0.9688,0.9284
Legacy-20,181.0,0.9470500000000001,0.909038950495683,0.9850610495043172,8,0.9292,0.9764,0.9896,0.848,0.97,0.9636,0.9704,0.9292
Legacy-20,182.0,0.94775,0.9097923815139315,0.9857076184860685,8,0.93,0.9776,0.99,0.8488,0.97,0.964,0.9716,0.93
Legacy-20,183.0,0.94825,0.9104298807247906,0.9860701192752095,8,0.93,0.9784,0.9908,0.85,0.9704,0.9644,0.9716,0.9304
Legacy-20,184.0,0.9487,0.9108837630418021,0.9865162369581979,8,0.932,0.9784,0.9916,0.85,0.9704,0.9648,0.9716,0.9308
Legacy-20,185.0,0.94925,0.9118067658859489,0.9866932341140512,8,0.9332,0.9788,0.9916,0.8512,0.9704,0.9652,0.9716,0.932
Legacy-20,186.0,0.9498,0.9121755756778734,0.9874244243221265,8,0.934,0.9808,0.9924,0.8512,0.9704,0.9652,0.9716,0.9328
Legacy-20,187.0,0.95015,0.9123823124541296,0.9879176875458705,8,0.934,0.9816,0.9932,0.8512,0.9708,0.9652,0.9716,0.9336
Legacy-20,188.0,0.95055,0.9128547371317648,0.9882452628682352,8,0.9348,0.982,0.9936,0.8516,0.9712,0.9652,0.9716,0.9344
Legacy-20,189.0,0.95095,0.9133987288251354,0.9885012711748645,8,0.9356,0.982,0.9936,0.852,0.972,0.9652,0.9716,0.9356
Legacy-20,190.0,0.9512,0.9136810593604473,0.9887189406395528,8,0.936,0.9828,0.9936,0.8524,0.9724,0.9652,0.9716,0.9356
Legacy-20,191.0,0.95155,0.9140666684808196,0.9890333315191804,8,0.9372,0.9828,0.9936,0.8524,0.9728,0.9652,0.972,0.9364
Legacy-20,192.0,0.95185,0.9143000055527158,0.9893999944472841,8,0.938,0.9828,0.9944,0.8524,0.9732,0.9652,0.972,0.9368
Legacy-20,193.0,0.9522,0.9147706126591113,0.9896293873408888,8,0.9392,0.9828,0.9944,0.8528,0.9736,0.9652,0.9724,0.9372
Legacy-20,194.0,0.95285,0.9153764755833487,0.9903235244166513,8,0.9408,0.9832,0.9948,0.8532,0.9748,0.9656,0.9732,0.9372
Legacy-20,195.0,0.9531,0.9157301133574294,0.9904698866425705,8,0.9408,0.9832,0.9948,0.8536,0.9748,0.966,0.9736,0.938
Legacy-20,196.0,0.95355,0.9161123146521402,0.9909876853478599,8,0.942,0.9836,0.9948,0.8536,0.9752,0.966,0.9748,0.9384
Legacy-20,197.0,0.9541,0.9170302348407183,0.9911697651592816,8,0.9424,0.9836,0.9952,0.8552,0.9756,0.9664,0.9752,0.9392
Legacy-20,198.0,0.95435,0.9172851119397395,0.9914148880602606,8,0.9424,0.984,0.9952,0.8556,0.9764,0.9664,0.9756,0.9392
Legacy-20,199.0,0.95465,0.9177646910992282,0.9915353089007718,8,0.9424,0.984,0.9952,0.8564,0.9764,0.9672,0.976,0.9396
Legacy-20,200.0,0.95495,0.9180196603533133,0.9918803396466866,8,0.9432,0.9848,0.9952,0.8564,0.9764,0.9672,0.9764,0.94
Legacy-20,201.0,0.9553,0.9183892192466561,0.992210780753344,8,0.944,0.9856,0.9952,0.8568,0.9764,0.9672,0.9772,0.94
Legacy-20,202.0,0.9556,0.9188461737949056,0.9923538262050944,8,0.944,0.9856,0.9952,0.8576,0.9764,0.9672,0.9784,0.9404
Legacy-20,203.0,0.956,0.9193367241877418,0.9926632758122581,8,0.9444,0.9864,0.9952,0.8584,0.9776,0.9672,0.9784,0.9404
Legacy-20,204.0,0.9565,0.9200685805720431,0.9929314194279569,8,0.9464,0.9868,0.9952,0.8592,0.9776,0.9672,0.9788,0.9408
Legacy-20,205.0,0.9570000000000001,0.9205807551443315,0.9934192448556687,8,0.9476,0.9876,0.9956,0.8596,0.978,0.9676,0.9788,0.9412
Legacy-20,206.0,0.95755,0.9215698124013517,0.9935301875986483,8,0.9484,0.9884,0.9956,0.8616,0.9784,0.9676,0.9792,0.9412
Legacy-20,207.0,0.9579,0.9220487083262182,0.9937512916737817,8,0.9488,0.9888,0.9956,0.8624,0.9784,0.968,0.98,0.9412
Legacy-20,208.0,0.9585,0.9226446968183227,0.9943553031816773,8,0.9496,0.9888,0.9956,0.8628,0.9804,0.968,0.9808,0.942
Legacy-20,209.0,0.9592,0.9236894302133657,0.9947105697866344,8,0.9508,0.9892,0.9956,0.8644,0.9808,0.9688,0.9816,0.9424
Legacy-20,210.0,0.95955,0.9242735681743716,0.9948264318256285,8,0.9508,0.9892,0.9956,0.8656,0.9816,0.9692,0.982,0.9424
Legacy-20,211.0,0.9599,0.9247814279501368,0.9950185720498631,8,0.9512,0.9896,0.9956,0.8664,0.9824,0.9692,0.982,0.9428
Legacy-20,212.0,0.9603,0.9254362694854258,0.9951637305145743,8,0.9524,0.9896,0.9956,0.8672,0.9824,0.9692,0.9824,0.9436
Legacy-20,213.0,0.96075,0.9261191278348402,0.9953808721651598,8,0.9528,0.9896,0.9956,0.868,0.9824,0.97,0.9828,0.9448
Legacy-20,214.0,0.9609,0.9262712909799852,0.9955287090200148,8,0.9532,0.9896,0.9956,0.868,0.9828,0.97,0.9828,0.9452
Legacy-20,215.0,0.9611500000000001,0.9267608517730261,0.995539148226974,8,0.9532,0.9896,0.9956,0.8688,0.9828,0.9704,0.9828,0.946
Legacy-20,216.0,0.9614,0.9270999281758353,0.9957000718241648,8,0.954,0.9896,0.9956,0.8692,0.9828,0.9708,0.9832,0.946
Legacy-20,217.0,0.9616,0.927175755775492,0.996024244224508,8,0.954,0.99,0.996,0.8692,0.9828,0.9708,0.984,0.946
Legacy-20,218.0,0.96205,0.9275875073606153,0.9965124926393846,8,0.954,0.99,0.9964,0.8696,0.9836,0.9716,0.9848,0.9464
Legacy-20,219.0,0.9623,0.9277720413562119,0.9968279586437881,8,0.9544,0.99,0.9968,0.8696,0.9836,0.9728,0.9848,0.9464
Legacy-20,220.0,0.96295,0.9285968849136802,0.9973031150863197,8,0.9544,0.9904,0.9968,0.8708,0.9852,0.9736,0.9852,0.9472
Legacy-20,221.0,0.9632,0.9289516828964024,0.9974483171035975,8,0.9544,0.9904,0.9968,0.8712,0.9856,0.974,0.9852,0.948
Legacy-20,222.0,0.9636,0.9294063199699126,0.9977936800300874,8,0.9544,0.9904,0.9968,0.8716,0.9864,0.974,0.986,0.9492
Legacy-20,223.0,0.9641,0.9298079660130186,0.9983920339869813,8,0.9548,0.9904,0.9972,0.8716,0.9864,0.9756,0.9868,0.95
Legacy-20,224.0,0.9643,0.9299702394545616,0.9986297605454385,8,0.9548,0.9904,0.9972,0.8716,0.9864,0.9764,0.9872,0.9504
Legacy-20,225.0,0.96465,0.9302206786736789,0.9990793213263212,8,0.9556,0.9904,0.9972,0.8716,0.9868,0.9768,0.9884,0.9504
Legacy-20,226.0,0.965,0.9304705371850978,0.9995294628149022,8,0.9556,0.9908,0.9972,0.8716,0.9868,0.9784,0.9888,0.9508
Legacy-20,227.0,0.96545,0.930943714479538,0.999956285520462,8,0.9556,0.9908,0.9972,0.872,0.9872,0.98,0.9892,0.9516
Legacy-20,228.0,0.9656,0.9312803656612887,0.9999196343387113,8,0.9556,0.9912,0.9972,0.8728,0.9872,0.98,0.9892,0.9516
Legacy-20,229.0,0.966,0.9318007121502717,1.0,8,0.9556,0.992,0.9972,0.8736,0.9872,0.9812,0.9892,0.952
Legacy-20,230.0,0.9665,0.9327685046120522,1.0,8,0.9564,0.992,0.9976,0.8752,0.9872,0.9812,0.9892,0.9532
Legacy-20,231.0,0.96685,0.9334031624163328,1.0,8,0.9568,0.9924,0.998,0.8764,0.9872,0.9812,0.9892,0.9536
Legacy-20,232.0,0.96715,0.9338564070289845,1.0,8,0.9572,0.9928,0.998,0.8772,0.9872,0.9816,0.9896,0.9536
Legacy-20,233.0,0.9674,0.9341210199782849,1.0,8,0.9572,0.9932,0.998,0.8776,0.9872,0.9824,0.99,0.9536
Legacy-20,234.0,0.9677,0.9345838467452384,1.0,8,0.9572,0.9932,0.998,0.8784,0.9876,0.9828,0.9904,0.954
Legacy-20,235.0,0.96775,0.9347415430166807,1.0,8,0.9572,0.9932,0.998,0.8788,0.9876,0.9828,0.9904,0.954
Legacy-20,236.0,0.96795,0.9349994482781124,1.0,8,0.9576,0.994,0.998,0.8792,0.9876,0.9828,0.9904,0.954
Legacy-20,237.0,0.96825,0.9354235967508351,1.0,8,0.9588,0.994,0.9984,0.8796,0.9876,0.9828,0.9904,0.9544
Legacy-20,238.0,0.96855,0.9358557919219901,1.0,8,0.9596,0.9944,0.9984,0.88,0.9876,0.9828,0.9904,0.9552
Legacy-20,239.0,0.96875,0.9363043092131801,1.0,8,0.9596,0.9944,0.9984,0.8808,0.9876,0.9828,0.9904,0.956
Legacy-20,240.0,0.96905,0.9366346142771291,1.0,8,0.96,0.9944,0.9984,0.8812,0.9876,0.9836,0.9912,0.956
Legacy-20,241.0,0.9694,0.9371605674456176,1.0,8,0.9604,0.9948,0.9984,0.882,0.9876,0.9844,0.9912,0.9564
Legacy-20,242.0,0.96985,0.9377267985251926,1.0,8,0.9604,0.9948,0.9988,0.8828,0.9888,0.9844,0.9916,0.9572
Legacy-20,243.0,0.9702000000000001,0.9383585819186933,1.0,8,0.9616,0.9948,0.9988,0.8836,0.9888,0.9844,0.9916,0.958
Legacy-20,244.0,0.97065,0.939289535635869,1.0,8,0.962,0.9952,0.9988,0.8856,0.9892,0.9848,0.9916,0.958
Legacy-20,245.0,0.97075,0.9394106903110999,1.0,8,0.9628,0.9952,0.9988,0.8856,0.9892,0.9848,0.9916,0.958
Legacy-20,246.0,0.9711,0.9399456690932063,1.0,8,0.964,0.9952,0.9988,0.886,0.9892,0.9848,0.9916,0.9592
Legacy-20,247.0,0.97125,0.9400953164414413,1.0,8,0.9648,0.9952,0.9988,0.886,0.9892,0.9852,0.9916,0.9592
Legacy-20,248.0,0.9715,0.9405634082292045,1.0,8,0.9648,0.9956,0.9988,0.8868,0.9892,0.9852,0.9916,0.96
Legacy-20,249.0,0.97185,0.9409189940514203,1.0,8,0.9664,0.9956,0.9988,0.8868,0.9896,0.9856,0.9916,0.9604
Legacy-20,250.0,0.9721,0.9414248598635172,1.0,8,0.9668,0.9956,0.9988,0.8876,0.9896,0.9856,0.9916,0.9612
Legacy-20,251.0,0.9722,0.9414815202292077,1.0,8,0.9668,0.9956,0.9988,0.8876,0.9896,0.986,0.992,0.9612
Legacy-20,252.0,0.97235,0.941628691614457,1.0,8,0.9668,0.996,0.9988,0.8876,0.9896,0.986,0.992,0.962
Legacy-20,253.0,0.97245,0.9419489979451787,1.0,8,0.9668,0.996,0.9988,0.8884,0.9896,0.986,0.992,0.962
Legacy-20,254.0,0.97255,0.9421410881367756,1.0,8,0.9668,0.996,0.9988,0.8888,0.9896,0.9864,0.992,0.962
Legacy-20,255.0,0.9727,0.9423516824171893,1.0,8,0.9668,0.9964,0.9988,0.8892,0.9896,0.9868,0.992,0.962
Legacy-20,256.0,0.97295,0.9426184386866525,1.0,8,0.9672,0.9968,0.9988,0.8892,0.9896,0.9868,0.992,0.9632
Legacy-20,257.0,0.9731,0.943099103735412,1.0,8,0.9672,0.9968,0.9988,0.8904,0.9896,0.9868,0.992,0.9632
Legacy-20,258.0,0.9734,0.9436310468944573,1.0,8,0.9676,0.9968,0.9988,0.8912,0.99,0.9868,0.992,0.964
Legacy-20,259.0,0.9738,0.9446154783660927,1.0,8,0.968,0.9968,0.9988,0.8932,0.99,0.9868,0.992,0.9648
Legacy-20,260.0,0.97425,0.9452462236524337,1.0,8,0.97,0.9968,0.9988,0.8936,0.99,0.9868,0.992,0.966
Legacy-20,261.0,0.97465,0.9460596539971532,1.0,8,0.9708,0.9968,0.9988,0.8952,0.99,0.9872,0.9924,0.966
Legacy-20,262.0,0.97515,0.9471638375354698,1.0,8,0.9712,0.9968,0.9988,0.8976,0.9912,0.9872,0.9924,0.966
Legacy-20,263.0,0.9756,0.947865900014603,1.0,8,0.9724,0.9968,0.9988,0.8984,0.9916,0.9872,0.9924,0.9672
Legacy-20,264.0,0.976,0.948722560027954,1.0,8,0.9728,0.9968,0.9988,0.9,0.9916,0.9876,0.9924,0.968
Legacy-20,265.0,0.9766,0.9500535428217948,1.0,8,0.9728,0.9968,0.9988,0.9028,0.9924,0.9876,0.9928,0.9688
Legacy-20,266.0,0.977,0.9507088089630222,1.0,8,0.9728,0.9968,0.9988,0.904,0.9932,0.988,0.9932,0.9692
Legacy-20,267.0,0.9776,0.9518300253284675,1.0,8,0.9732,0.9968,0.9992,0.906,0.9936,0.9884,0.9932,0.9704
Legacy-20,268.0,0.97775,0.9521087517689132,1.0,8,0.9736,0.9968,0.9992,0.9064,0.9936,0.9884,0.9932,0.9708
Legacy-20,269.0,0.9781,0.9524838104574749,1.0,8,0.9736,0.9968,0.9996,0.9068,0.994,0.9884,0.994,0.9716
Legacy-20,270.0,0.97845,0.9530759557324602,1.0,8,0.974,0.9968,0.9996,0.9076,0.994,0.9888,0.994,0.9728
Legacy-20,271.0,0.97875,0.9533980084117426,1.0,8,0.9744,0.9968,0.9996,0.9076,0.994,0.9892,0.994,0.9744
Legacy-20,272.0,0.979,0.953763270013162,1.0,8,0.9752,0.9968,0.9996,0.908,0.994,0.9896,0.994,0.9748
Legacy-20,273.0,0.9794,0.9546072702822553,1.0,8,0.976,0.9968,0.9996,0.9096,0.994,0.9896,0.9944,0.9752
Legacy-20,274.0,0.9795,0.9548030126078099,1.0,8,0.976,0.9968,0.9996,0.91,0.994,0.99,0.9944,0.9752
Legacy-20,275.0,0.97975,0.9551559898641457,1.0,8,0.9772,0.9968,0.9996,0.9104,0.994,0.99,0.9948,0.9752
Legacy-20,276.0,0.98015,0.9562139182376495,1.0,8,0.9772,0.9968,0.9996,0.9128,0.994,0.99,0.9952,0.9756
Legacy-20,277.0,0.98045,0.9569379524333421,1.0,8,0.9772,0.9968,1.0,0.9144,0.994,0.99,0.9952,0.976
Legacy-20,278.0,0.9808,0.9577024291073096,1.0,8,0.9776,0.9968,1.0,0.916,0.9944,0.9904,0.9952,0.976
Legacy-20,279.0,0.98125,0.958499284760262,1.0,8,0.9784,0.9968,1.0,0.9172,0.9948,0.9904,0.9952,0.9772
Legacy-20,280.0,0.98155,0.9589961124148108,1.0,8,0.9788,0.9968,1.0,0.918,0.9952,0.9908,0.9952,0.9776
Legacy-20,281.0,0.98165,0.9591074521263916,1.0,8,0.9792,0.9968,1.0,0.918,0.9952,0.9908,0.9952,0.978
Legacy-20,282.0,0.98185,0.9593439906154013,1.0,8,0.9792,0.9972,1.0,0.9184,0.996,0.9908,0.9952,0.978
Legacy-20,283.0,0.98205,0.9597806198513439,1.0,8,0.9796,0.9972,1.0,0.9192,0.996,0.9908,0.9952,0.9784
Legacy-20,284.0,0.9823,0.9602510742511439,1.0,8,0.98,0.9972,1.0,0.92,0.996,0.9912,0.9952,0.9788
Legacy-20,285.0,0.9823999999999999,0.9603298845883009,1.0,8,0.9804,0.9972,1.0,0.92,0.9964,0.9912,0.9952,0.9788
Legacy-20,286.0,0.98245,0.9604928140059619,1.0,8,0.9804,0.9972,1.0,0.9204,0.9964,0.9912,0.9952,0.9788
Legacy-20,287.0,0.9824999999999999,0.9606556871155704,1.0,8,0.9804,0.9972,1.0,0.9208,0.9964,0.9912,0.9952,0.9788
Legacy-20,288.0,0.9828,0.9610633101251758,1.0,8,0.9808,0.9976,1.0,0.9212,0.9964,0.9912,0.9952,0.98
Legacy-20,289.0,0.9829,0.9613896410312546,1.0,8,0.9808,0.9976,1.0,0.922,0.9964,0.9912,0.9952,0.98
Legacy-20,290.0,0.98305,0.9618787205564523,1.0,8,0.9808,0.9976,1.0,0.9232,0.9964,0.9912,0.9952,0.98
Legacy-20,291.0,0.9832,0.962367278173165,1.0,8,0.9808,0.9976,1.0,0.9244,0.9964,0.9912,0.9952,0.98
Legacy-20,292.0,0.98365,0.9631128358981038,1.0,8,0.982,0.9976,1.0,0.9256,0.9964,0.992,0.9956,0.98
Legacy-20,293.0,0.9837,0.963275732306361,1.0,8,0.982,0.9976,1.0,0.926,0.9964,0.992,0.9956,0.98
Legacy-20,294.0,0.9839,0.963707078150465,1.0,8,0.9828,0.9976,1.0,0.9268,0.9964,0.992,0.9956,0.98
Legacy-20,295.0,0.9841,0.964118698970752,1.0,8,0.9832,0.9976,1.0,0.9276,0.9964,0.9924,0.9956,0.98
Legacy-20,296.0,0.98425,0.9643374483555955,1.0,8,0.9832,0.998,1.0,0.928,0.9964,0.9928,0.9956,0.98
Legacy-20,297.0,0.9843,0.9645002742380102,1.0,8,0.9832,0.998,1.0,0.9284,0.9964,0.9928,0.9956,0.98
Legacy-20,298.0,0.98435,0.964532777676124,1.0,8,0.9832,0.998,1.0,0.9284,0.9964,0.9932,0.9956,0.98
Legacy-20,299.0,0.9845,0.9647860140011137,1.0,8,0.9832,0.998,1.0,0.9288,0.9964,0.9936,0.9956,0.9804
Legacy-20,300.0,0.98485,0.9654731270234794,1.0,8,0.9832,0.998,1.0,0.93,0.9968,0.9936,0.9956,0.9816
Legacy-20,301.0,0.98485,0.9654731270234794,1.0,8,0.9832,0.998,1.0,0.93,0.9968,0.9936,0.9956,0.9816
Legacy-20,302.0,0.98485,0.9654731270234794,1.0,8,0.9832,0.998,1.0,0.93,0.9968,0.9936,0.9956,0.9816
Legacy-20,303.0,0.98485,0.9654731270234794,1.0,8,0.9832,0.998,1.0,0.93,0.9968,0.9936,0.9956,0.9816
Legacy-20,304.0,0.98495,0.9656586751808802,1.0,8,0.9832,0.9984,1.0,0.9304,0.9968,0.9936,0.9956,0.9816
Legacy-20,305.0,0.98495,0.9656586751808802,1.0,8,0.9832,0.9984,1.0,0.9304,0.9968,0.9936,0.9956,0.9816
Legacy-20,306.0,0.98505,0.9658466847395801,1.0,8,0.9832,0.9984,1.0,0.9308,0.9972,0.9936,0.9956,0.9816
Legacy-20,307.0,0.9853,0.9663136008877407,1.0,8,0.9832,0.9984,1.0,0.9316,0.9972,0.9936,0.996,0.9824
Legacy-20,308.0,0.9855,0.9664732427102177,1.0,8,0.9832,0.9984,1.0,0.9316,0.998,0.9936,0.996,0.9832
Legacy-20,309.0,0.98555,0.9666363886902373,1.0,8,0.9832,0.9984,1.0,0.932,0.998,0.9936,0.996,0.9832
Legacy-20,310.0,0.9857,0.9668597757757126,1.0,8,0.9832,0.9984,1.0,0.9324,0.998,0.994,0.9964,0.9832
Legacy-20,311.0,0.9858,0.9669188935478573,1.0,8,0.9832,0.9984,1.0,0.9324,0.998,0.9944,0.9968,0.9832
Legacy-20,312.0,0.9858,0.9669188935478573,1.0,8,0.9832,0.9984,1.0,0.9324,0.998,0.9944,0.9968,0.9832
Legacy-20,313.0,0.98605,0.9672108890965118,1.0,8,0.9832,0.9984,1.0,0.9328,0.9988,0.9944,0.9972,0.9836
Legacy-20,314.0,0.9862,0.9674846659088635,1.0,8,0.984,0.9984,1.0,0.9332,0.9988,0.9944,0.9972,0.9836
Legacy-20,315.0,0.9863,0.9675720754191196,1.0,8,0.984,0.9984,1.0,0.9332,0.9988,0.9948,0.9972,0.984
Legacy-20,316.0,0.9863500000000001,0.9676266091538743,1.0,8,0.9844,0.9984,1.0,0.9332,0.9988,0.9948,0.9972,0.984
Legacy-20,317.0,0.9865,0.9678704640087307,1.0,8,0.9848,0.9984,1.0,0.9336,0.9988,0.9948,0.9976,0.984
Legacy-20,318.0,0.9866,0.9680579518275739,1.0,8,0.9848,0.9988,1.0,0.934,0.9988,0.9948,0.9976,0.984
Legacy-20,319.0,0.98675,0.968410354620824,1.0,8,0.9848,0.9988,1.0,0.9348,0.9988,0.9948,0.998,0.984
Legacy-20,320.0,0.9869,0.9687616019224015,1.0,8,0.9848,0.9988,1.0,0.9356,0.9988,0.9948,0.9984,0.984
Legacy-20,321.0,0.987,0.9688481710445318,1.0,8,0.9852,0.9988,1.0,0.9356,0.9988,0.9952,0.9984,0.984
Legacy-20,322.0,0.98705,0.9689017479710756,1.0,8,0.9856,0.9988,1.0,0.9356,0.9988,0.9952,0.9984,0.984
Legacy-20,323.0,0.98725,0.9691940010703308,1.0,8,0.9864,0.9992,1.0,0.936,0.9988,0.9952,0.9984,0.984
Legacy-20,324.0,0.98735,0.9693024110991543,1.0,8,0.9868,0.9992,1.0,0.936,0.9988,0.9952,0.9984,0.9844
Legacy-20,325.0,0.98745,0.9693820567107002,1.0,8,0.9868,0.9996,1.0,0.936,0.9988,0.9952,0.9984,0.9848
Legacy-20,326.0,0.9875,0.9694331070552081,1.0,8,0.9872,0.9996,1.0,0.936,0.9988,0.9952,0.9984,0.9848
Legacy-20,327.0,0.98775,0.9699170867417355,1.0,8,0.988,0.9996,1.0,0.9368,0.9988,0.9952,0.9984,0.9852
Legacy-20,328.0,0.98785,0.9700269469188377,1.0,8,0.988,0.9996,1.0,0.9368,0.9988,0.9952,0.9984,0.986
Legacy-20,329.0,0.98795,0.9702407335416999,1.0,8,0.9884,0.9996,1.0,0.9372,0.9988,0.9952,0.9984,0.986
Legacy-20,330.0,0.988,0.9702893236154008,1.0,8,0.9888,0.9996,1.0,0.9372,0.9988,0.9952,0.9984,0.986
Legacy-20,331.0,0.9881,0.9705081513407487,1.0,8,0.9888,0.9996,1.0,0.9376,0.9988,0.9952,0.9984,0.9864
Legacy-20,332.0,0.9883,0.9708312173956347,1.0,8,0.9888,0.9996,1.0,0.938,0.9988,0.9952,0.9984,0.9876
Legacy-20,333.0,0.9885,0.9711302980215138,1.0,8,0.9892,0.9996,1.0,0.9384,0.9988,0.9956,0.9984,0.988
Legacy-20,334.0,0.9887,0.9715618488338778,1.0,8,0.9892,0.9996,1.0,0.9392,0.9988,0.9956,0.9984,0.9888
Legacy-20,335.0,0.98885,0.9718253437062699,1.0,8,0.9892,0.9996,1.0,0.9396,0.9988,0.9956,0.9984,0.9896
Legacy-20,336.0,0.98885,0.9718253437062699,1.0,8,0.9892,0.9996,1.0,0.9396,0.9988,0.9956,0.9984,0.9896
Legacy-20,337.0,0.98895,0.971922058655855,1.0,8,0.99,0.9996,1.0,0.9396,0.9988,0.9956,0.9984,0.9896
Legacy-20,338.0,0.98905,0.9722535637285868,1.0,8,0.99,0.9996,1.0,0.9404,0.9988,0.9956,0.9984,0.9896
Legacy-20,339.0,0.9892,0.9723968455937583,1.0,8,0.9904,0.9996,1.0,0.9404,0.9988,0.9956,0.9984,0.9904
Legacy-20,340.0,0.98925,0.9725628581175397,1.0,8,0.9904,0.9996,1.0,0.9408,0.9988,0.9956,0.9984,0.9904
Legacy-20,341.0,0.98925,0.9725628581175397,1.0,8,0.9904,0.9996,1.0,0.9408,0.9988,0.9956,0.9984,0.9904
Legacy-20,342.0,0.9897,0.9733091922897968,1.0,8,0.9916,0.9996,1.0,0.942,0.9992,0.996,0.9984,0.9908
Legacy-20,343.0,0.9898,0.9733884871290217,1.0,8,0.992,0.9996,1.0,0.942,0.9992,0.9964,0.9984,0.9908
Legacy-20,344.0,0.9898,0.9733884871290217,1.0,8,0.992,0.9996,1.0,0.942,0.9992,0.9964,0.9984,0.9908
Legacy-20,345.0,0.98985,0.9735548361734554,1.0,8,0.992,0.9996,1.0,0.9424,0.9992,0.9964,0.9984,0.9908
Legacy-20,346.0,0.98995,0.9737477772316905,1.0,8,0.992,0.9996,1.0,0.9428,0.9996,0.9964,0.9984,0.9908
Legacy-20,347.0,0.9901,0.9741249295429678,1.0,8,0.9924,0.9996,1.0,0.9436,0.9996,0.9964,0.9984,0.9908
Legacy-20,348.0,0.9901,0.9741249295429678,1.0,8,0.9924,0.9996,1.0,0.9436,0.9996,0.9964,0.9984,0.9908
Legacy-20,349.0,0.99035,0.9749560091156252,1.0,8,0.9924,0.9996,1.0,0.9456,0.9996,0.9964,0.9984,0.9908
Legacy-20,350.0,0.99045,0.9751559922871851,1.0,8,0.9924,0.9996,1.0,0.946,0.9996,0.9968,0.9984,0.9908
Legacy-20,351.0,0.99055,0.9754881538840804,1.0,8,0.9924,0.9996,1.0,0.9468,0.9996,0.9968,0.9984,0.9908
Legacy-20,352.0,0.9907,0.9757320134107585,1.0,8,0.9928,0.9996,1.0,0.9472,0.9996,0.9972,0.9984,0.9908
Legacy-20,353.0,0.9908,0.9759302933932297,1.0,8,0.9928,0.9996,1.0,0.9476,0.9996,0.9976,0.9984,0.9908
Legacy-20,354.0,0.99105,0.9765162413772157,1.0,8,0.9936,0.9996,1.0,0.9488,0.9996,0.9976,0.9984,0.9908
Legacy-20,355.0,0.99115,0.9768484528687202,1.0,8,0.9936,0.9996,1.0,0.9496,0.9996,0.9976,0.9984,0.9908
Legacy-20,356.0,0.9913000000000001,0.9772313024018874,1.0,8,0.9936,0.9996,1.0,0.9504,0.9996,0.9976,0.9984,0.9912
Legacy-20,357.0,0.99135,0.977397430569771,1.0,8,0.9936,0.9996,1.0,0.9508,0.9996,0.9976,0.9984,0.9912
Legacy-20,358.0,0.99155,0.9780615745415481,1.0,8,0.9936,0.9996,1.0,0.9524,0.9996,0.9976,0.9984,0.9912
Legacy-20,359.0,0.99175,0.9785883826605135,1.0,8,0.9936,0.9996,1.0,0.9536,0.9996,0.9976,0.9988,0.9912
Legacy-20,360.0,0.9918,0.9786395210084999,1.0,8,0.9936,0.9996,1.0,0.9536,0.9996,0.9976,0.9988,0.9916
Legacy-20,361.0,0.99185,0.9786713950286432,1.0,8,0.9936,0.9996,1.0,0.9536,0.9996,0.998,0.9988,0.9916
Legacy-20,362.0,0.99195,0.9788815979311192,1.0,8,0.994,0.9996,1.0,0.954,0.9996,0.998,0.9988,0.9916
Legacy-20,363.0,0.9921,0.9791220192097208,1.0,8,0.9944,0.9996,1.0,0.9544,0.9996,0.9984,0.9988,0.9916
Legacy-20,364.0,0.99225,0.9794803295996362,1.0,8,0.9944,0.9996,1.0,0.9552,1.0,0.9984,0.9988,0.9916
Legacy-20,365.0,0.99225,0.9794803295996362,1.0,8,0.9944,0.9996,1.0,0.9552,1.0,0.9984,0.9988,0.9916
Legacy-20,366.0,0.99235,0.9798120740867814,1.0,8,0.9944,0.9996,1.0,0.956,1.0,0.9984,0.9988,0.9916
Legacy-20,367.0,0.9925,0.9801867409226013,1.0,8,0.9948,0.9996,1.0,0.9568,1.0,0.9984,0.9988,0.9916
Legacy-20,368.0,0.99255,0.9802390934827372,1.0,8,0.9948,0.9996,1.0,0.9568,1.0,0.9984,0.9988,0.992
Legacy-20,369.0,0.9927,0.9803621066005693,1.0,8,0.9952,0.9996,1.0,0.9568,1.0,0.9984,0.9992,0.9924
Legacy-20,370.0,0.9927,0.9803621066005693,1.0,8,0.9952,0.9996,1.0,0.9568,1.0,0.9984,0.9992,0.9924
Legacy-20,371.0,0.99275,0.9804034476620423,1.0,8,0.9956,0.9996,1.0,0.9568,1.0,0.9984,0.9992,0.9924
Legacy-20,372.0,0.9928,0.9804540139490023,1.0,8,0.9956,0.9996,1.0,0.9568,1.0,0.9984,0.9992,0.9928
Legacy-20,373.0,0.9929,0.9805323517551985,1.0,8,0.9956,0.9996,1.0,0.9568,1.0,0.9984,0.9996,0.9932
Legacy-20,374.0,0.9931,0.9810729975130363,1.0,8,0.996,0.9996,1.0,0.958,1.0,0.9984,0.9996,0.9932
Legacy-20,375.0,0.99325,0.9814555310212341,1.0,8,0.996,0.9996,1.0,0.9588,1.0,0.9984,0.9996,0.9936
Legacy-20,376.0,0.9934499999999999,0.9820041574114222,1.0,8,0.996,0.9996,1.0,0.96,1.0,0.9984,0.9996,0.994
Legacy-20,377.0,0.9935,0.9820516270853515,1.0,8,0.996,0.9996,1.0,0.96,1.0,0.9984,0.9996,0.9944
Legacy-20,378.0,0.9935,0.9820516270853515,1.0,8,0.996,0.9996,1.0,0.96,1.0,0.9984,0.9996,0.9944
Legacy-20,379.0,0.9936,0.982259267496573,1.0,8,0.9964,0.9996,1.0,0.9604,1.0,0.9984,0.9996,0.9944
Legacy-20,380.0,0.99365,0.9824262123121248,1.0,8,0.9964,0.9996,1.0,0.9608,1.0,0.9984,0.9996,0.9944
Legacy-20,381.0,0.9937,0.9825931294895586,1.0,8,0.9964,0.9996,1.0,0.9612,1.0,0.9984,0.9996,0.9944
Legacy-20,382.0,0.994,0.9832020941712889,1.0,8,0.9964,0.9996,1.0,0.9624,1.0,0.9988,1.0,0.9948
Legacy-20,383.0,0.9942,0.98374955918223,1.0,8,0.9964,0.9996,1.0,0.9636,1.0,0.9988,1.0,0.9952
Legacy-20,384.0,0.99425,0.9837950681703561,1.0,8,0.9964,0.9996,1.0,0.9636,1.0,0.9988,1.0,0.9956
Legacy-20,385.0,0.99425,0.9837950681703561,1.0,8,0.9964,0.9996,1.0,0.9636,1.0,0.9988,1.0,0.9956
Legacy-20,386.0,0.9944500000000001,0.9844633491854842,1.0,8,0.9964,0.9996,1.0,0.9652,1.0,0.9988,1.0,0.9956
Legacy-20,387.0,0.99455,0.9846719532444235,1.0,8,0.9968,0.9996,1.0,0.9656,1.0,0.9988,1.0,0.9956
Legacy-20,388.0,0.99475,0.9852185805326541,1.0,8,0.9968,0.9996,1.0,0.9668,1.0,0.9988,1.0,0.996
Legacy-20,389.0,0.99485,0.9855528337847531,1.0,8,0.9968,0.9996,1.0,0.9676,1.0,0.9988,1.0,0.996
Legacy-20,390.0,0.995,0.9860539919836515,1.0,8,0.9968,0.9996,1.0,0.9688,1.0,0.9988,1.0,0.996
Legacy-20,391.0,0.99505,0.9862209808995117,1.0,8,0.9968,0.9996,1.0,0.9692,1.0,0.9988,1.0,0.996
Legacy-20,392.0,0.99505,0.9862209808995117,1.0,8,0.9968,0.9996,1.0,0.9692,1.0,0.9988,1.0,0.996
Legacy-20,393.0,0.99515,0.9865548551874785,1.0,8,0.9968,0.9996,1.0,0.97,1.0,0.9988,1.0,0.996
Legacy-20,394.0,0.9952,0.9867217377033127,1.0,8,0.9968,0.9996,1.0,0.9704,1.0,0.9988,1.0,0.996
Legacy-20,395.0,0.9952,0.9867217377033127,1.0,8,0.9968,0.9996,1.0,0.9704,1.0,0.9988,1.0,0.996
Legacy-20,396.0,0.99535,0.9872221478857528,1.0,8,0.9968,0.9996,1.0,0.9716,1.0,0.9988,1.0,0.996
Legacy-20,397.0,0.99535,0.9872221478857528,1.0,8,0.9968,0.9996,1.0,0.9716,1.0,0.9988,1.0,0.996
Legacy-20,398.0,0.99555,0.9876444135806426,1.0,8,0.9972,0.9996,1.0,0.9724,1.0,0.9988,1.0,0.9964
Legacy-20,399.0,0.9957,0.9878995963131021,1.0,8,0.9972,0.9996,1.0,0.9728,1.0,0.9988,1.0,0.9972
Legacy-20,400.0,0.9958,0.9881084240979404,1.0,8,0.9976,0.9996,1.0,0.9732,1.0,0.9988,1.0,0.9972
Legacy-20,401.0,0.99585,0.9882757996939092,1.0,8,0.9976,0.9996,1.0,0.9736,1.0,0.9988,1.0,0.9972
Legacy-20,402.0,0.99585,0.9882757996939092,1.0,8,0.9976,0.9996,1.0,0.9736,1.0,0.9988,1.0,0.9972
Legacy-20,403.0,0.99585,0.9882757996939092,1.0,8,0.9976,0.9996,1.0,0.9736,1.0,0.9988,1.0,0.9972
Legacy-20,404.0,0.99585,0.9882757996939092,1.0,8,0.9976,0.9996,1.0,0.9736,1.0,0.9988,1.0,0.9972
Legacy-20,405.0,0.99585,0.9882757996939092,1.0,8,0.9976,0.9996,1.0,0.9736,1.0,0.9988,1.0,0.9972
Legacy-20,406.0,0.99585,0.9882757996939092,1.0,8,0.9976,0.9996,1.0,0.9736,1.0,0.9988,1.0,0.9972
Legacy-20,407.0,0.99585,0.9882757996939092,1.0,8,0.9976,0.9996,1.0,0.9736,1.0,0.9988,1.0,0.9972
Legacy-20,408.0,0.996,0.9886440189835559,1.0,8,0.9976,0.9996,1.0,0.9744,1.0,0.9992,1.0,0.9972
Legacy-20,409.0,0.996,0.9886440189835559,1.0,8,0.9976,0.9996,1.0,0.9744,1.0,0.9992,1.0,0.9972
Legacy-20,410.0,0.99605,0.9886865549072511,1.0,8,0.9976,0.9996,1.0,0.9744,1.0,0.9992,1.0,0.9976
Legacy-20,411.0,0.9961,0.9887185366070522,1.0,8,0.9976,0.9996,1.0,0.9744,1.0,0.9996,1.0,0.9976
Legacy-20,412.0,0.9962,0.9890533829981292,1.0,8,0.9976,0.9996,1.0,0.9752,1.0,0.9996,1.0,0.9976
Legacy-20,413.0,0.9962,0.9890533829981292,1.0,8,0.9976,0.9996,1.0,0.9752,1.0,0.9996,1.0,0.9976
Legacy-20,414.0,0.9962500000000001,0.9892207646124257,1.0,8,0.9976,0.9996,1.0,0.9756,1.0,0.9996,1.0,0.9976
Legacy-20,415.0,0.9963,0.9893881166226975,1.0,8,0.9976,0.9996,1.0,0.976,1.0,0.9996,1.0,0.9976
Legacy-20,416.0,0.9964000000000001,0.9897227255881289,1.0,8,0.9976,0.9996,1.0,0.9768,1.0,0.9996,1.0,0.9976
Legacy-20,417.0,0.9964000000000001,0.9897227255881289,1.0,8,0.9976,0.9996,1.0,0.9768,1.0,0.9996,1.0,0.9976
Legacy-20,418.0,0.9964000000000001,0.9897227255881289,1.0,8,0.9976,0.9996,1.0,0.9768,1.0,0.9996,1.0,0.9976
Legacy-20,419.0,0.9964500000000001,0.9898899791437886,1.0,8,0.9976,0.9996,1.0,0.9772,1.0,0.9996,1.0,0.9976
Legacy-20,420.0,0.9965,0.9900571962763539,1.0,8,0.9976,0.9996,1.0,0.9776,1.0,0.9996,1.0,0.9976
Legacy-20,421.0,0.99655,0.9902243749610076,1.0,8,0.9976,0.9996,1.0,0.978,1.0,0.9996,1.0,0.9976
Legacy-20,422.0,0.99665,0.990296646060797,1.0,8,0.9976,0.9996,1.0,0.978,1.0,1.0,1.0,0.998
Legacy-20,423.0,0.99665,0.990296646060797,1.0,8,0.9976,0.9996,1.0,0.978,1.0,1.0,1.0,0.998
Legacy-20,424.0,0.99665,0.990296646060797,1.0,8,0.9976,0.9996,1.0,0.978,1.0,1.0,1.0,0.998
Legacy-20,425.0,0.9967,0.9904639039140776,1.0,8,0.9976,0.9996,1.0,0.9784,1.0,1.0,1.0,0.998
Legacy-20,426.0,0.9967,0.9904639039140776,1.0,8,0.9976,0.9996,1.0,0.9784,1.0,1.0,1.0,0.998
Legacy-20,427.0,0.99685,0.9907154734210198,1.0,8,0.9984,0.9996,1.0,0.9788,1.0,1.0,1.0,0.998
Legacy-20,428.0,0.99685,0.9907154734210198,1.0,8,0.9984,0.9996,1.0,0.9788,1.0,1.0,1.0,0.998
Legacy-20,429.0,0.9969,0.9908830118503642,1.0,8,0.9984,0.9996,1.0,0.9792,1.0,1.0,1.0,0.998
Legacy-20,430.0,0.997,0.991218001655384,1.0,8,0.9984,0.9996,1.0,0.98,1.0,1.0,1.0,0.998
Legacy-20,431.0,0.997,0.991218001655384,1.0,8,0.9984,0.9996,1.0,0.98,1.0,1.0,1.0,0.998
Legacy-20,432.0,0.99705,0.9913854494196992,1.0,8,0.9984,0.9996,1.0,0.9804,1.0,1.0,1.0,0.998
Legacy-20,433.0,0.99705,0.9913854494196992,1.0,8,0.9984,0.9996,1.0,0.9804,1.0,1.0,1.0,0.998
Legacy-20,434.0,0.99705,0.9913854494196992,1.0,8,0.9984,0.9996,1.0,0.9804,1.0,1.0,1.0,0.998
Legacy-20,435.0,0.9971,0.9915528630969275,1.0,8,0.9984,0.9996,1.0,0.9808,1.0,1.0,1.0,0.998
Legacy-20,436.0,0.99715,0.9917202404757604,1.0,8,0.9984,0.9996,1.0,0.9812,1.0,1.0,1.0,0.998
Legacy-20,437.0,0.99725,0.9919302517992256,1.0,8,0.9984,0.9996,1.0,0.9816,1.0,1.0,1.0,0.9984
Legacy-20,438.0,0.9973,0.9920977679138112,1.0,8,0.9984,0.9996,1.0,0.982,1.0,1.0,1.0,0.9984
Legacy-20,439.0,0.99735,0.9921379854876654,1.0,8,0.9988,0.9996,1.0,0.982,1.0,1.0,1.0,0.9984
Legacy-20,440.0,0.9974000000000001,0.9923056340924509,1.0,8,0.9988,0.9996,1.0,0.9824,1.0,1.0,1.0,0.9984
Legacy-20,441.0,0.99745,0.992473254190918,1.0,8,0.9988,0.9996,1.0,0.9828,1.0,1.0,1.0,0.9984
Legacy-20,442.0,0.99745,0.992473254190918,1.0,8,0.9988,0.9996,1.0,0.9828,1.0,1.0,1.0,0.9984
Legacy-20,443.0,0.99745,0.992473254190918,1.0,8,0.9988,0.9996,1.0,0.9828,1.0,1.0,1.0,0.9984
Legacy-20,444.0,0.99745,0.992473254190918,1.0,8,0.9988,0.9996,1.0,0.9828,1.0,1.0,1.0,0.9984
Legacy-20,445.0,0.9975,0.9925142312564375,1.0,8,0.9988,0.9996,1.0,0.9828,1.0,1.0,1.0,0.9988
Legacy-20,446.0,0.99755,0.9925524258679479,1.0,8,0.9988,0.9996,1.0,0.9828,1.0,1.0,1.0,0.9992
Legacy-20,447.0,0.99755,0.9925524258679479,1.0,8,0.9988,0.9996,1.0,0.9828,1.0,1.0,1.0,0.9992
Legacy-20,448.0,0.99755,0.9925524258679479,1.0,8,0.9988,0.9996,1.0,0.9828,1.0,1.0,1.0,0.9992
Legacy-20,449.0,0.99755,0.9925524258679479,1.0,8,0.9988,0.9996,1.0,0.9828,1.0,1.0,1.0,0.9992
Legacy-20,450.0,0.99755,0.9925524258679479,1.0,8,0.9988,0.9996,1.0,0.9828,1.0,1.0,1.0,0.9992
Legacy-20,451.0,0.9976,0.9927203321980751,1.0,8,0.9988,0.9996,1.0,0.9832,1.0,1.0,1.0,0.9992
Legacy-20,452.0,0.9976,0.9927203321980751,1.0,8,0.9988,0.9996,1.0,0.9832,1.0,1.0,1.0,0.9992
Legacy-20,453.0,0.9976,0.9927203321980751,1.0,8,0.9988,0.9996,1.0,0.9832,1.0,1.0,1.0,0.9992
Legacy-20,454.0,0.9976,0.9927203321980751,1.0,8,0.9988,0.9996,1.0,0.9832,1.0,1.0,1.0,0.9992
Legacy-20,455.0,0.9976,0.9927203321980751,1.0,8,0.9988,0.9996,1.0,0.9832,1.0,1.0,1.0,0.9992
Legacy-20,456.0,0.9976,0.9927203321980751,1.0,8,0.9988,0.9996,1.0,0.9832,1.0,1.0,1.0,0.9992
Legacy-20,457.0,0.9976,0.9927203321980751,1.0,8,0.9988,0.9996,1.0,0.9832,1.0,1.0,1.0,0.9992
Legacy-20,458.0,0.99765,0.9928882214841587,1.0,8,0.9988,0.9996,1.0,0.9836,1.0,1.0,1.0,0.9992
Legacy-20,459.0,0.9977,0.9929237705584246,1.0,8,0.9988,0.9996,1.0,0.9836,1.0,1.0,1.0,0.9996
Legacy-20,460.0,0.9978,0.9932596223410697,1.0,8,0.9988,0.9996,1.0,0.9844,1.0,1.0,1.0,0.9996
Legacy-20,461.0,0.9978,0.9932596223410697,1.0,8,0.9988,0.9996,1.0,0.9844,1.0,1.0,1.0,0.9996
Legacy-20,462.0,0.9978,0.9932596223410697,1.0,8,0.9988,0.9996,1.0,0.9844,1.0,1.0,1.0,0.9996
Legacy-20,463.0,0.9978,0.9932596223410697,1.0,8,0.9988,0.9996,1.0,0.9844,1.0,1.0,1.0,0.9996
Legacy-20,464.0,0.99785,0.993427522269498,1.0,8,0.9988,0.9996,1.0,0.9848,1.0,1.0,1.0,0.9996
Legacy-20,465.0,0.99785,0.993427522269498,1.0,8,0.9988,0.9996,1.0,0.9848,1.0,1.0,1.0,0.9996
Legacy-20,466.0,0.99795,0.9937632628893219,1.0,8,0.9988,0.9996,1.0,0.9856,1.0,1.0,1.0,0.9996
Legacy-20,467.0,0.99795,0.9937632628893219,1.0,8,0.9988,0.9996,1.0,0.9856,1.0,1.0,1.0,0.9996
Legacy-20,468.0,0.99795,0.9937632628893219,1.0,8,0.9988,0.9996,1.0,0.9856,1.0,1.0,1.0,0.9996
Legacy-20,469.0,0.99805,0.9940989127457026,1.0,8,0.9988,0.9996,1.0,0.9864,1.0,1.0,1.0,0.9996
Legacy-20,470.0,0.99805,0.9940989127457026,1.0,8,0.9988,0.9996,1.0,0.9864,1.0,1.0,1.0,0.9996
Legacy-20,471.0,0.99805,0.9940989127457026,1.0,8,0.9988,0.9996,1.0,0.9864,1.0,1.0,1.0,0.9996
Legacy-20,472.0,0.99805,0.9940989127457026,1.0,8,0.9988,0.9996,1.0,0.9864,1.0,1.0,1.0,0.9996
Legacy-20,473.0,0.99805,0.9940989127457026,1.0,8,0.9988,0.9996,1.0,0.9864,1.0,1.0,1.0,0.9996
Legacy-20,474.0,0.9981,0.9942666984064461,1.0,8,0.9988,0.9996,1.0,0.9868,1.0,1.0,1.0,0.9996
Legacy-20,475.0,0.9981,0.9942666984064461,1.0,8,0.9988,0.9996,1.0,0.9868,1.0,1.0,1.0,0.9996
Legacy-20,476.0,0.9981,0.9942666984064461,1.0,8,0.9988,0.9996,1.0,0.9868,1.0,1.0,1.0,0.9996
Legacy-20,477.0,0.9981,0.9942666984064461,1.0,8,0.9988,0.9996,1.0,0.9868,1.0,1.0,1.0,0.9996
Legacy-20,478.0,0.9981,0.9942666984064461,1.0,8,0.9988,0.9996,1.0,0.9868,1.0,1.0,1.0,0.9996
Legacy-20,479.0,0.9981,0.9942666984064461,1.0,8,0.9988,0.9996,1.0,0.9868,1.0,1.0,1.0,0.9996
Legacy-20,480.0,0.99815,0.9944344545692168,1.0,8,0.9988,0.9996,1.0,0.9872,1.0,1.0,1.0,0.9996
Legacy-20,481.0,0.9982,0.9946021783376207,1.0,8,0.9988,0.9996,1.0,0.9876,1.0,1.0,1.0,0.9996
Legacy-20,482.0,0.9982,0.9946021783376207,1.0,8,0.9988,0.9996,1.0,0.9876,1.0,1.0,1.0,0.9996
Legacy-20,483.0,0.9982,0.9946021783376207,1.0,8,0.9988,0.9996,1.0,0.9876,1.0,1.0,1.0,0.9996
Legacy-20,484.0,0.9983,0.9949375150823492,1.0,8,0.9988,0.9996,1.0,0.9884,1.0,1.0,1.0,0.9996
Legacy-20,485.0,0.9983,0.9949375150823492,1.0,8,0.9988,0.9996,1.0,0.9884,1.0,1.0,1.0,0.9996
Legacy-20,486.0,0.9983,0.9949375150823492,1.0,8,0.9988,0.9996,1.0,0.9884,1.0,1.0,1.0,0.9996
Legacy-20,487.0,0.9983500000000001,0.9951051200234061,1.0,8,0.9988,0.9996,1.0,0.9888,1.0,1.0,1.0,0.9996
Legacy-20,488.0,0.9983500000000001,0.9951051200234061,1.0,8,0.9988,0.9996,1.0,0.9888,1.0,1.0,1.0,0.9996
Legacy-20,489.0,0.9984500000000001,0.9954401782578295,1.0,8,0.9988,0.9996,1.0,0.9896,1.0,1.0,1.0,0.9996
Legacy-20,490.0,0.9984500000000001,0.9954401782578295,1.0,8,0.9988,0.9996,1.0,0.9896,1.0,1.0,1.0,0.9996
Legacy-20,491.0,0.99855,0.995651065616041,1.0,8,0.9992,0.9996,1.0,0.99,1.0,1.0,1.0,0.9996
Legacy-20,492.0,0.99855,0.995651065616041,1.0,8,0.9992,0.9996,1.0,0.99,1.0,1.0,1.0,0.9996
Legacy-20,493.0,0.99855,0.995651065616041,1.0,8,0.9992,0.9996,1.0,0.99,1.0,1.0,1.0,0.9996
Legacy-20,494.0,0.99855,0.995651065616041,1.0,8,0.9992,0.9996,1.0,0.99,1.0,1.0,1.0,0.9996
Legacy-20,495.0,0.99855,0.995651065616041,1.0,8,0.9992,0.9996,1.0,0.99,1.0,1.0,1.0,0.9996
Legacy-20,496.0,0.99855,0.995651065616041,1.0,8,0.9992,0.9996,1.0,0.99,1.0,1.0,1.0,0.9996
Legacy-20,497.0,0.99855,0.995651065616041,1.0,8,0.9992,0.9996,1.0,0.99,1.0,1.0,1.0,0.9996
Legacy-20,498.0,0.9986,0.9958188795166594,1.0,8,0.9992,0.9996,1.0,0.9904,1.0,1.0,1.0,0.9996
Legacy-20,499.0,0.9986,0.9958188795166594,1.0,8,0.9992,0.9996,1.0,0.9904,1.0,1.0,1.0,0.9996
Legacy-20,500.0,0.9986,0.9958188795166594,1.0,8,0.9992,0.9996,1.0,0.9904,1.0,1.0,1.0,0.9996
Legacy-20,501.0,0.9986,0.9958188795166594,1.0,8,0.9992,0.9996,1.0,0.9904,1.0,1.0,1.0,0.9996
Legacy-20,502.0,0.9986,0.9958188795166594,1.0,8,0.9992,0.9996,1.0,0.9904,1.0,1.0,1.0,0.9996
Legacy-20,503.0,0.9986,0.9958188795166594,1.0,8,0.9992,0.9996,1.0,0.9904,1.0,1.0,1.0,0.9996
Legacy-20,504.0,0.9986,0.9958188795166594,1.0,8,0.9992,0.9996,1.0,0.9904,1.0,1.0,1.0,0.9996
Legacy-20,505.0,0.9986,0.9958188795166594,1.0,8,0.9992,0.9996,1.0,0.9904,1.0,1.0,1.0,0.9996
Legacy-20,506.0,0.9986,0.9958188795166594,1.0,8,0.9992,0.9996,1.0,0.9904,1.0,1.0,1.0,0.9996
Legacy-20,507.0,0.9986,0.9958188795166594,1.0,8,0.9992,0.9996,1.0,0.9904,1.0,1.0,1.0,0.9996
Legacy-20,508.0,0.9986,0.9958188795166594,1.0,8,0.9992,0.9996,1.0,0.9904,1.0,1.0,1.0,0.9996
Legacy-20,509.0,0.9986,0.9958188795166594,1.0,8,0.9992,0.9996,1.0,0.9904,1.0,1.0,1.0,0.9996
Legacy-20,510.0,0.9986,0.9958188795166594,1.0,8,0.9992,0.9996,1.0,0.9904,1.0,1.0,1.0,0.9996
Legacy-20,511.0,0.9986,0.9958188795166594,1.0,8,0.9992,0.9996,1.0,0.9904,1.0,1.0,1.0,0.9996
Legacy-20,512.0,0.9986,0.9958188795166594,1.0,8,0.9992,0.9996,1.0,0.9904,1.0,1.0,1.0,0.9996
Legacy-20,513.0,0.9986,0.9958188795166594,1.0,8,0.9992,0.9996,1.0,0.9904,1.0,1.0,1.0,0.9996
Legacy-20,514.0,0.9986,0.9958188795166594,1.0,8,0.9992,0.9996,1.0,0.9904,1.0,1.0,1.0,0.9996
Legacy-20,515.0,0.9986,0.9958188795166594,1.0,8,0.9992,0.9996,1.0,0.9904,1.0,1.0,1.0,0.9996
Legacy-20,516.0,0.9986,0.9958188795166594,1.0,8,0.9992,0.9996,1.0,0.9904,1.0,1.0,1.0,0.9996
Legacy-20,517.0,0.9986,0.9958188795166594,1.0,8,0.9992,0.9996,1.0,0.9904,1.0,1.0,1.0,0.9996
Legacy-20,518.0,0.9986,0.9958188795166594,1.0,8,0.9992,0.9996,1.0,0.9904,1.0,1.0,1.0,0.9996
Legacy-20,519.0,0.9986,0.9958188795166594,1.0,8,0.9992,0.9996,1.0,0.9904,1.0,1.0,1.0,0.9996
Legacy-20,520.0,0.99865,0.9959866547636076,1.0,8,0.9992,0.9996,1.0,0.9908,1.0,1.0,1.0,0.9996
Legacy-20,521.0,0.99865,0.9959866547636076,1.0,8,0.9992,0.9996,1.0,0.9908,1.0,1.0,1.0,0.9996
Legacy-20,522.0,0.99865,0.9959866547636076,1.0,8,0.9992,0.9996,1.0,0.9908,1.0,1.0,1.0,0.9996
Legacy-20,523.0,0.99865,0.9959866547636076,1.0,8,0.9992,0.9996,1.0,0.9908,1.0,1.0,1.0,0.9996
Legacy-20,524.0,0.99865,0.9959866547636076,1.0,8,0.9992,0.9996,1.0,0.9908,1.0,1.0,1.0,0.9996
Legacy-20,525.0,0.9987,0.9961543859918339,1.0,8,0.9992,0.9996,1.0,0.9912,1.0,1.0,1.0,0.9996
Legacy-20,526.0,0.9987,0.9961543859918339,1.0,8,0.9992,0.9996,1.0,0.9912,1.0,1.0,1.0,0.9996
Legacy-20,527.0,0.9987,0.9961543859918339,1.0,8,0.9992,0.9996,1.0,0.9912,1.0,1.0,1.0,0.9996
Legacy-20,528.0,0.9987,0.9961543859918339,1.0,8,0.9992,0.9996,1.0,0.9912,1.0,1.0,1.0,0.9996
Legacy-20,529.0,0.9987,0.9961543859918339,1.0,8,0.9992,0.9996,1.0,0.9912,1.0,1.0,1.0,0.9996
Legacy-20,530.0,0.99875,0.9963220667978858,1.0,8,0.9992,0.9996,1.0,0.9916,1.0,1.0,1.0,0.9996
Legacy-20,531.0,0.99875,0.9963220667978858,1.0,8,0.9992,0.9996,1.0,0.9916,1.0,1.0,1.0,0.9996
Legacy-20,532.0,0.99875,0.9963220667978858,1.0,8,0.9992,0.9996,1.0,0.9916,1.0,1.0,1.0,0.9996
Legacy-20,533.0,0.99875,0.9963220667978858,1.0,8,0.9992,0.9996,1.0,0.9916,1.0,1.0,1.0,0.9996
Legacy-20,534.0,0.99875,0.9963220667978858,1.0,8,0.9992,0.9996,1.0,0.9916,1.0,1.0,1.0,0.9996
Legacy-20,535.0,0.99875,0.9963220667978858,1.0,8,0.9992,0.9996,1.0,0.9916,1.0,1.0,1.0,0.9996
Legacy-20,536.0,0.9988,0.9964896894766535,1.0,8,0.9992,0.9996,1.0,0.992,1.0,1.0,1.0,0.9996
Legacy-20,537.0,0.9988,0.9964896894766535,1.0,8,0.9992,0.9996,1.0,0.992,1.0,1.0,1.0,0.9996
Legacy-20,538.0,0.9988,0.9964896894766535,1.0,8,0.9992,0.9996,1.0,0.992,1.0,1.0,1.0,0.9996
Legacy-20,539.0,0.99885,0.9966572446740133,1.0,8,0.9992,0.9996,1.0,0.9924,1.0,1.0,1.0,0.9996
Legacy-20,540.0,0.99885,0.9966572446740133,1.0,8,0.9992,0.9996,1.0,0.9924,1.0,1.0,1.0,0.9996
Legacy-20,541.0,0.9989,0.9968247209223817,1.0,8,0.9992,0.9996,1.0,0.9928,1.0,1.0,1.0,0.9996
Legacy-20,542.0,0.9989,0.9968247209223817,1.0,8,0.9992,0.9996,1.0,0.9928,1.0,1.0,1.0,0.9996
Legacy-20,543.0,0.9989,0.9968247209223817,1.0,8,0.9992,0.9996,1.0,0.9928,1.0,1.0,1.0,0.9996
Legacy-20,544.0,0.9989,0.9968247209223817,1.0,8,0.9992,0.9996,1.0,0.9928,1.0,1.0,1.0,0.9996
Legacy-20,545.0,0.9989,0.9968247209223817,1.0,8,0.9992,0.9996,1.0,0.9928,1.0,1.0,1.0,0.9996
Legacy-20,546.0,0.9989,0.9968247209223817,1.0,8,0.9992,0.9996,1.0,0.9928,1.0,1.0,1.0,0.9996
Legacy-20,547.0,0.99895,0.9969921040105876,1.0,8,0.9992,0.9996,1.0,0.9932,1.0,1.0,1.0,0.9996
Legacy-20,548.0,0.99895,0.9969921040105876,1.0,8,0.9992,0.9996,1.0,0.9932,1.0,1.0,1.0,0.9996
Legacy-20,549.0,0.99895,0.9969921040105876,1.0,8,0.9992,0.9996,1.0,0.9932,1.0,1.0,1.0,0.9996
Legacy-20,550.0,0.99895,0.9969921040105876,1.0,8,0.9992,0.9996,1.0,0.9932,1.0,1.0,1.0,0.9996
Legacy-20,551.0,0.99895,0.9969921040105876,1.0,8,0.9992,0.9996,1.0,0.9932,1.0,1.0,1.0,0.9996
Legacy-20,552.0,0.999,0.9971593761150864,1.0,8,0.9992,0.9996,1.0,0.9936,1.0,1.0,1.0,0.9996
Legacy-20,553.0,0.999,0.9971593761150864,1.0,8,0.9992,0.9996,1.0,0.9936,1.0,1.0,1.0,0.9996
Legacy-20,554.0,0.999,0.9971593761150864,1.0,8,0.9992,0.9996,1.0,0.9936,1.0,1.0,1.0,0.9996
Legacy-20,555.0,0.99905,0.9973265145805458,1.0,8,0.9992,0.9996,1.0,0.994,1.0,1.0,1.0,0.9996
Legacy-20,556.0,0.99905,0.9973265145805458,1.0,8,0.9992,0.9996,1.0,0.994,1.0,1.0,1.0,0.9996
Legacy-20,557.0,0.99905,0.9973265145805458,1.0,8,0.9992,0.9996,1.0,0.994,1.0,1.0,1.0,0.9996
Legacy-20,558.0,0.99905,0.9973265145805458,1.0,8,0.9992,0.9996,1.0,0.994,1.0,1.0,1.0,0.9996
Legacy-20,559.0,0.99905,0.9973265145805458,1.0,8,0.9992,0.9996,1.0,0.994,1.0,1.0,1.0,0.9996
Legacy-20,560.0,0.99905,0.9973265145805458,1.0,8,0.9992,0.9996,1.0,0.994,1.0,1.0,1.0,0.9996
Legacy-20,561.0,0.99905,0.9973265145805458,1.0,8,0.9992,0.9996,1.0,0.994,1.0,1.0,1.0,0.9996
Legacy-20,562.0,0.99905,0.9973265145805458,1.0,8,0.9992,0.9996,1.0,0.994,1.0,1.0,1.0,0.9996
Legacy-20,563.0,0.99905,0.9973265145805458,1.0,8,0.9992,0.9996,1.0,0.994,1.0,1.0,1.0,0.9996
Legacy-20,564.0,0.99905,0.9973265145805458,1.0,8,0.9992,0.9996,1.0,0.994,1.0,1.0,1.0,0.9996
Legacy-20,565.0,0.99915,0.9976602645279159,1.0,8,0.9992,0.9996,1.0,0.9948,1.0,1.0,1.0,0.9996
Legacy-20,566.0,0.99915,0.9976602645279159,1.0,8,0.9992,0.9996,1.0,0.9948,1.0,1.0,1.0,0.9996
Legacy-20,567.0,0.9992,0.9978267863031768,1.0,8,0.9992,0.9996,1.0,0.9952,1.0,1.0,1.0,0.9996
Legacy-20,568.0,0.9992,0.9978267863031768,1.0,8,0.9992,0.9996,1.0,0.9952,1.0,1.0,1.0,0.9996
Legacy-20,569.0,0.9992,0.9978267863031768,1.0,8,0.9992,0.9996,1.0,0.9952,1.0,1.0,1.0,0.9996
Legacy-20,570.0,0.99925,0.9979929852576441,1.0,8,0.9992,0.9996,1.0,0.9956,1.0,1.0,1.0,0.9996
Legacy-20,571.0,0.99925,0.9979929852576441,1.0,8,0.9992,0.9996,1.0,0.9956,1.0,1.0,1.0,0.9996
Legacy-20,572.0,0.99925,0.9979929852576441,1.0,8,0.9992,0.9996,1.0,0.9956,1.0,1.0,1.0,0.9996
Legacy-20,573.0,0.9993,0.9981587627797617,1.0,8,0.9992,0.9996,1.0,0.996,1.0,1.0,1.0,0.9996
Legacy-20,574.0,0.99935,0.9983239761951035,1.0,8,0.9992,0.9996,1.0,0.9964,1.0,1.0,1.0,0.9996
Legacy-20,575.0,0.99935,0.9983239761951035,1.0,8,0.9992,0.9996,1.0,0.9964,1.0,1.0,1.0,0.9996
Legacy-20,576.0,0.99935,0.9983239761951035,1.0,8,0.9992,0.9996,1.0,0.9964,1.0,1.0,1.0,0.9996
Legacy-20,577.0,0.99935,0.9983239761951035,1.0,8,0.9992,0.9996,1.0,0.9964,1.0,1.0,1.0,0.9996
Legacy-20,578.0,0.99935,0.9983239761951035,1.0,8,0.9992,0.9996,1.0,0.9964,1.0,1.0,1.0,0.9996
Legacy-20,579.0,0.99935,0.9983239761951035,1.0,8,0.9992,0.9996,1.0,0.9964,1.0,1.0,1.0,0.9996
Legacy-20,580.0,0.99935,0.9983239761951035,1.0,8,0.9992,0.9996,1.0,0.9964,1.0,1.0,1.0,0.9996
Legacy-20,581.0,0.99935,0.9983239761951035,1.0,8,0.9992,0.9996,1.0,0.9964,1.0,1.0,1.0,0.9996
Legacy-20,582.0,0.99935,0.9983239761951035,1.0,8,0.9992,0.9996,1.0,0.9964,1.0,1.0,1.0,0.9996
Legacy-20,583.0,0.99935,0.9983239761951035,1.0,8,0.9992,0.9996,1.0,0.9964,1.0,1.0,1.0,0.9996
Legacy-20,584.0,0.99935,0.9983239761951035,1.0,8,0.9992,0.9996,1.0,0.9964,1.0,1.0,1.0,0.9996
Legacy-20,585.0,0.99935,0.9983239761951035,1.0,8,0.9992,0.9996,1.0,0.9964,1.0,1.0,1.0,0.9996
Legacy-20,586.0,0.9994000000000001,0.9984884115903703,1.0,8,0.9992,0.9996,1.0,0.9968,1.0,1.0,1.0,0.9996
Legacy-20,587.0,0.9994000000000001,0.9984884115903703,1.0,8,0.9992,0.9996,1.0,0.9968,1.0,1.0,1.0,0.9996
Legacy-20,588.0,0.9994000000000001,0.9984884115903703,1.0,8,0.9992,0.9996,1.0,0.9968,1.0,1.0,1.0,0.9996
Legacy-20,589.0,0.9994000000000001,0.9984884115903703,1.0,8,0.9992,0.9996,1.0,0.9968,1.0,1.0,1.0,0.9996
Legacy-20,590.0,0.9994000000000001,0.9984884115903703,1.0,8,0.9992,0.9996,1.0,0.9968,1.0,1.0,1.0,0.9996
Legacy-20,591.0,0.9994000000000001,0.9984884115903703,1.0,8,0.9992,0.9996,1.0,0.9968,1.0,1.0,1.0,0.9996
Legacy-20,592.0,0.9994000000000001,0.9984884115903703,1.0,8,0.9992,0.9996,1.0,0.9968,1.0,1.0,1.0,0.9996
Legacy-20,593.0,0.9994000000000001,0.9984884115903703,1.0,8,0.9992,0.9996,1.0,0.9968,1.0,1.0,1.0,0.9996
Legacy-20,594.0,0.9994000000000001,0.9984884115903703,1.0,8,0.9992,0.9996,1.0,0.9968,1.0,1.0,1.0,0.9996
Legacy-20,595.0,0.9994000000000001,0.9984884115903703,1.0,8,0.9992,0.9996,1.0,0.9968,1.0,1.0,1.0,0.9996
Legacy-20,596.0,0.9994000000000001,0.9984884115903703,1.0,8,0.9992,0.9996,1.0,0.9968,1.0,1.0,1.0,0.9996
Legacy-20,597.0,0.9994000000000001,0.9984884115903703,1.0,8,0.9992,0.9996,1.0,0.9968,1.0,1.0,1.0,0.9996
Legacy-20,598.0,0.9994000000000001,0.9984884115903703,1.0,8,0.9992,0.9996,1.0,0.9968,1.0,1.0,1.0,0.9996
Legacy-20,599.0,0.9994000000000001,0.9984884115903703,1.0,8,0.9992,0.9996,1.0,0.9968,1.0,1.0,1.0,0.9996
Legacy-20,600.0,0.9994000000000001,0.9984884115903703,1.0,8,0.9992,0.9996,1.0,0.9968,1.0,1.0,1.0,0.9996
Legacy-20,601.0,0.9994000000000001,0.9984884115903703,1.0,8,0.9992,0.9996,1.0,0.9968,1.0,1.0,1.0,0.9996
Legacy-20,602.0,0.9994000000000001,0.9984884115903703,1.0,8,0.9992,0.9996,1.0,0.9968,1.0,1.0,1.0,0.9996
Legacy-20,603.0,0.9994000000000001,0.9984884115903703,1.0,8,0.9992,0.9996,1.0,0.9968,1.0,1.0,1.0,0.9996
Legacy-20,604.0,0.9994000000000001,0.9984884115903703,1.0,8,0.9992,0.9996,1.0,0.9968,1.0,1.0,1.0,0.9996
Legacy-20,605.0,0.9994000000000001,0.9984884115903703,1.0,8,0.9992,0.9996,1.0,0.9968,1.0,1.0,1.0,0.9996
Legacy-20,606.0,0.99945,0.998651734296159,1.0,8,0.9992,0.9996,1.0,0.9972,1.0,1.0,1.0,0.9996
Legacy-20,607.0,0.99945,0.998651734296159,1.0,8,0.9992,0.9996,1.0,0.9972,1.0,1.0,1.0,0.9996
Legacy-20,608.0,0.99945,0.998651734296159,1.0,8,0.9992,0.9996,1.0,0.9972,1.0,1.0,1.0,0.9996
Legacy-20,609.0,0.99945,0.998651734296159,1.0,8,0.9992,0.9996,1.0,0.9972,1.0,1.0,1.0,0.9996
Legacy-20,610.0,0.99945,0.998651734296159,1.0,8,0.9992,0.9996,1.0,0.9972,1.0,1.0,1.0,0.9996
Legacy-20,611.0,0.99945,0.998651734296159,1.0,8,0.9992,0.9996,1.0,0.9972,1.0,1.0,1.0,0.9996
Legacy-20,612.0,0.99945,0.998651734296159,1.0,8,0.9992,0.9996,1.0,0.9972,1.0,1.0,1.0,0.9996
Legacy-20,613.0,0.99945,0.998651734296159,1.0,8,0.9992,0.9996,1.0,0.9972,1.0,1.0,1.0,0.9996
Legacy-20,614.0,0.99945,0.998651734296159,1.0,8,0.9992,0.9996,1.0,0.9972,1.0,1.0,1.0,0.9996
Legacy-20,615.0,0.99945,0.998651734296159,1.0,8,0.9992,0.9996,1.0,0.9972,1.0,1.0,1.0,0.9996
Legacy-20,616.0,0.99945,0.998651734296159,1.0,8,0.9992,0.9996,1.0,0.9972,1.0,1.0,1.0,0.9996
Legacy-20,617.0,0.99945,0.998651734296159,1.0,8,0.9992,0.9996,1.0,0.9972,1.0,1.0,1.0,0.9996
Legacy-20,618.0,0.99945,0.998651734296159,1.0,8,0.9992,0.9996,1.0,0.9972,1.0,1.0,1.0,0.9996
Legacy-20,619.0,0.99945,0.998651734296159,1.0,8,0.9992,0.9996,1.0,0.9972,1.0,1.0,1.0,0.9996
Legacy-20,620.0,0.99945,0.998651734296159,1.0,8,0.9992,0.9996,1.0,0.9972,1.0,1.0,1.0,0.9996
Legacy-20,621.0,0.99945,0.998651734296159,1.0,8,0.9992,0.9996,1.0,0.9972,1.0,1.0,1.0,0.9996
Legacy-20,622.0,0.99945,0.998651734296159,1.0,8,0.9992,0.9996,1.0,0.9972,1.0,1.0,1.0,0.9996
Legacy-20,623.0,0.99945,0.998651734296159,1.0,8,0.9992,0.9996,1.0,0.9972,1.0,1.0,1.0,0.9996
Legacy-20,624.0,0.99945,0.998651734296159,1.0,8,0.9992,0.9996,1.0,0.9972,1.0,1.0,1.0,0.9996
Legacy-20,625.0,0.9995,0.9988133931515885,1.0,8,0.9992,0.9996,1.0,0.9976,1.0,1.0,1.0,0.9996
Legacy-20,626.0,0.9995,0.9988133931515885,1.0,8,0.9992,0.9996,1.0,0.9976,1.0,1.0,1.0,0.9996
Legacy-20,627.0,0.9995,0.9988133931515885,1.0,8,0.9992,0.9996,1.0,0.9976,1.0,1.0,1.0,0.9996
Legacy-20,628.0,0.9995,0.9988133931515885,1.0,8,0.9992,0.9996,1.0,0.9976,1.0,1.0,1.0,0.9996
Legacy-20,629.0,0.9995,0.9988133931515885,1.0,8,0.9992,0.9996,1.0,0.9976,1.0,1.0,1.0,0.9996
Legacy-20,630.0,0.9995,0.9988133931515885,1.0,8,0.9992,0.9996,1.0,0.9976,1.0,1.0,1.0,0.9996
Legacy-20,631.0,0.9995,0.9988133931515885,1.0,8,0.9992,0.9996,1.0,0.9976,1.0,1.0,1.0,0.9996
Legacy-20,632.0,0.9995,0.9988133931515885,1.0,8,0.9992,0.9996,1.0,0.9976,1.0,1.0,1.0,0.9996
Legacy-20,633.0,0.9995,0.9988133931515885,1.0,8,0.9992,0.9996,1.0,0.9976,1.0,1.0,1.0,0.9996
Legacy-20,634.0,0.9995,0.9988133931515885,1.0,8,0.9992,0.9996,1.0,0.9976,1.0,1.0,1.0,0.9996
Legacy-20,635.0,0.9995,0.9988133931515885,1.0,8,0.9992,0.9996,1.0,0.9976,1.0,1.0,1.0,0.9996
Legacy-20,636.0,0.9995,0.9988133931515885,1.0,8,0.9992,0.9996,1.0,0.9976,1.0,1.0,1.0,0.9996
Legacy-20,637.0,0.9996,0.999127,1.0,8,0.9992,0.9996,1.0,0.9984,1.0,1.0,1.0,0.9996
Legacy-15,0.0,0.0,0.0,0.0,8,0.0,0.0,0.0,0.0,0.0,0.0,0.0,0.0
Legacy-15,1.0,0.0793,0.06268453745216307,0.09591546254783692,8,0.0552,0.1168,0.0832,0.066,0.0788,0.0728,0.0972,0.0644
Legacy-15,2.0,0.0795,0.06276761007698797,0.09623238992301203,8,0.0552,0.1172,0.0832,0.066,0.0792,0.0732,0.0976,0.0644
Legacy-15,3.0,0.27375,0.22465459935429286,0.3228454006457071,8,0.21,0.3916,0.2812,0.218,0.2924,0.2692,0.2988,0.2288
Legacy-15,4.0,0.2743,0.22508209902346793,0.32351790097653205,8,0.2108,0.3928,0.2812,0.2188,0.2928,0.27,0.2992,0.2288
Legacy-15,5.0,0.51785,0.4632278064899604,0.5724721935100396,8,0.4544,0.6532,0.524,0.4456,0.5264,0.5088,0.5476,0.4828
Legacy-15,6.0,0.5184,0.46385654543786736,0.5729434545621326,8,0.4552,0.6536,0.5248,0.4464,0.5264,0.5092,0.5484,0.4832
Legacy-15,7.0,0.7237,0.6780138557848224,0.7693861442151776,8,0.6748,0.8308,0.7272,0.6492,0.738,0.7144,0.7516,0.7036
Legacy-15,8.0,0.72445,0.6787916070828508,0.7701083929171493,8,0.6752,0.8312,0.7276,0.65,0.7396,0.7152,0.7524,0.7044
Legacy-15,9.0,0.7251,0.6795178623648159,0.770682137635184,8,0.6764,0.8316,0.7292,0.6504,0.74,0.7156,0.7528,0.7048
Legacy-15,10.0,0.72565,0.6801947114259714,0.7711052885740286,8,0.6768,0.832,0.73,0.6516,0.7404,0.716,0.7532,0.7052
Legacy-15,11.0,0.7261,0.6805933016472927,0.7716066983527072,8,0.6768,0.8324,0.7312,0.652,0.7408,0.7164,0.7536,0.7056
Legacy-15,12.0,0.7267,0.6814224912570901,0.7719775087429099,8,0.6792,0.8324,0.7312,0.652,0.7412,0.7172,0.7544,0.706
Legacy-15,13.0,0.7269,0.6816468512780602,0.7721531487219397,8,0.6792,0.8324,0.7316,0.6524,0.7416,0.7172,0.7548,0.706
Legacy-15,14.0,0.72735,0.6822726364680556,0.7724273635319445,8,0.6796,0.8324,0.7324,0.6532,0.7416,0.718,0.7552,0.7064
Legacy-15,15.0,0.7276,0.6825204872665452,0.7726795127334548,8,0.6796,0.8324,0.7324,0.6532,0.7424,0.7192,0.7552,0.7064
Legacy-15,16.0,0.7279,0.6829174584203572,0.7728825415796428,8,0.6796,0.8324,0.7328,0.654,0.7428,0.7196,0.7556,0.7064
Legacy-15,17.0,0.7281,0.6831725579664436,0.7730274420335563,8,0.6796,0.8324,0.7332,0.6544,0.7432,0.72,0.7556,0.7064
Legacy-15,18.0,0.7296,0.6841230731469243,0.7750769268530757,8,0.68,0.8352,0.7368,0.6556,0.7444,0.7204,0.7572,0.7072
Legacy-15,19.0,0.73105,0.6847871256946666,0.7773128743053334,8,0.68,0.8384,0.7384,0.656,0.7464,0.7224,0.7588,0.708
Legacy-15,20.0,0.7333000000000001,0.6861249187043627,0.7804750812956375,8,0.6816,0.8424,0.7408,0.656,0.7508,0.7248,0.7604,0.7096
Legacy-15,21.0,0.7356,0.6874557957664091,0.7837442042335909,8,0.6844,0.8468,0.7448,0.656,0.7524,0.7268,0.7636,0.71
Legacy-15,22.0,0.7394000000000001,0.6897700851818469,0.7890299148181532,8,0.6856,0.8528,0.7532,0.6568,0.7548,0.7328,0.768,0.7112
Legacy-15,23.0,0.7432,0.6919273984220478,0.7944726015779522,8,0.688,0.8588,0.7604,0.6568,0.7576,0.7388,0.7736,0.7116
Legacy-15,24.0,0.7464500000000001,0.6934943847015831,0.799405615298417,8,0.69,0.8652,0.7652,0.6568,0.76,0.7432,0.7788,0.7124
Legacy-15,25.0,0.75045,0.6962329046314231,0.8046670953685768,8,0.694,0.8708,0.7704,0.6572,0.7628,0.7512,0.784,0.7132
Legacy-15,26.0,0.75465,0.6984087464184907,0.8108912535815094,8,0.6972,0.8792,0.7764,0.6572,0.7676,0.7548,0.7892,0.7156
Legacy-15,27.0,0.75955,0.7009115056232104,0.8181884943767895,8,0.7,0.8896,0.7856,0.6584,0.7724,0.7596,0.7932,0.7176
Legacy-15,28.0,0.76295,0.7031622072828319,0.8227377927171682,8,0.704,0.894,0.7912,0.6588,0.7756,0.7628,0.7992,0.718
Legacy-15,29.0,0.7669,0.7048095320108864,0.8289904679891137,8,0.7072,0.9048,0.7964,0.6588,0.7768,0.7656,0.8036,0.722
Legacy-15,30.0,0.7696,0.7066338696576825,0.8325661303423174,8,0.7088,0.9084,0.7988,0.6596,0.7808,0.768,0.8088,0.7236
Legacy-15,31.0,0.7723,0.7083387884643579,0.836261211535642,8,0.7116,0.9132,0.8012,0.66,0.7832,0.7704,0.8132,0.7256
Legacy-15,32.0,0.7751,0.7099628163930156,0.8402371836069844,8,0.7136,0.9196,0.8028,0.6608,0.7864,0.7716,0.8168,0.7292
Legacy-15,33.0,0.7775,0.7110985899410153,0.8439014100589847,8,0.7152,0.9252,0.8056,0.6616,0.7904,0.7716,0.82,0.7304
Legacy-15,34.0,0.78015,0.7125280278988537,0.8477719721011463,8,0.7156,0.9312,0.8084,0.6632,0.7936,0.7732,0.8232,0.7328
Legacy-15,35.0,0.7822,0.7137871737453944,0.8506128262546057,8,0.7164,0.9332,0.8108,0.6632,0.7968,0.776,0.828,0.7332
Legacy-15,36.0,0.7845,0.7151803670639201,0.8538196329360799,8,0.7188,0.9368,0.812,0.6632,0.7996,0.7768,0.8336,0.7352
Legacy-15,37.0,0.78725,0.7173555611516936,0.8571444388483064,8,0.7216,0.9404,0.8152,0.6644,0.8028,0.7788,0.8372,0.7376
Legacy-15,38.0,0.7896,0.7193244148471787,0.8598755851528213,8,0.7232,0.9436,0.8184,0.6656,0.8052,0.7812,0.8388,0.7408
Legacy-15,39.0,0.792,0.7212679146497151,0.862732085350285,8,0.726,0.946,0.8204,0.666,0.808,0.7832,0.8432,0.7432
Legacy-15,40.0,0.7942,0.7237513494218256,0.8646486505781744,8,0.7292,0.9468,0.824,0.6668,0.81,0.7852,0.8444,0.7472
Legacy-15,41.0,0.79615,0.7256913833000053,0.8666086166999948,8,0.7316,0.9476,0.8268,0.6672,0.8128,0.788,0.846,0.7492
Legacy-15,42.0,0.79895,0.7278872593649633,0.8700127406350368,8,0.7336,0.95,0.8324,0.668,0.8148,0.7908,0.8504,0.7516
Legacy-15,43.0,0.8009000000000001,0.7299304632850424,0.8718695367149577,8,0.7356,0.9512,0.8352,0.6688,0.8164,0.792,0.852,0.756
Legacy-15,44.0,0.80255,0.7313767040306975,0.8737232959693024,8,0.7368,0.9512,0.8388,0.6688,0.8188,0.7936,0.8548,0.7576
Legacy-15,45.0,0.8046,0.7329799275133011,0.8762200724866989,8,0.7376,0.9532,0.842,0.67,0.8216,0.796,0.8576,0.7588
Legacy-15,46.0,0.80665,0.7344926496260356,0.8788073503739644,8,0.7384,0.956,0.844,0.6708,0.824,0.7972,0.8608,0.762
Legacy-15,47.0,0.8087,0.7358027900555956,0.8815972099444044,8,0.7384,0.9592,0.8464,0.6716,0.8268,0.7992,0.8636,0.7644
Legacy-15,48.0,0.8101,0.7368127422303655,0.8833872577696346,8,0.7388,0.9616,0.8476,0.672,0.8284,0.8004,0.8648,0.7672
Legacy-15,49.0,0.81175,0.738212365942972,0.8852876340570279,8,0.7404,0.9628,0.85,0.6724,0.8316,0.8008,0.8668,0.7692
Legacy-15,50.0,0.81335,0.7396144433446333,0.8870855566553667,8,0.7412,0.9636,0.852,0.6732,0.8348,0.802,0.8692,0.7708
Legacy-15,51.0,0.81535,0.7413705928364063,0.8893294071635938,8,0.742,0.966,0.854,0.6748,0.8368,0.8036,0.8716,0.774
Legacy-15,52.0,0.81675,0.742734419210318,0.8907655807896819,8,0.7444,0.9676,0.8556,0.6752,0.8376,0.8036,0.8728,0.7772
Legacy-15,53.0,0.818,0.7440938446000605,0.8919061553999394,8,0.7452,0.9684,0.8568,0.6768,0.8388,0.8048,0.8744,0.7788
Legacy-15,54.0,0.81925,0.745515418632157,0.8929845813678431,8,0.7452,0.9688,0.858,0.6784,0.8416,0.8052,0.8752,0.7816
Legacy-15,55.0,0.8203,0.7472455585140683,0.8933544414859318,8,0.7468,0.9688,0.8584,0.6812,0.8436,0.8056,0.8752,0.7828
Legacy-15,56.0,0.8218,0.7492063314665607,0.8943936685334393,8,0.7472,0.9688,0.8592,0.6832,0.8452,0.8064,0.8768,0.7876
Legacy-15,57.0,0.82335,0.7512724226951688,0.8954275773048312,8,0.7476,0.9688,0.8596,0.6856,0.8468,0.8068,0.8788,0.7928
Legacy-15,58.0,0.82515,0.7537081099069846,0.8965918900930155,8,0.7476,0.9688,0.862,0.6892,0.848,0.8092,0.88,0.7964
Legacy-15,59.0,0.82665,0.7552451397503168,0.8980548602496832,8,0.748,0.9692,0.864,0.6912,0.8488,0.8096,0.8836,0.7988
Legacy-15,60.0,0.82805,0.7566734564816008,0.8994265435183991,8,0.7492,0.9696,0.8656,0.692,0.8512,0.8104,0.8852,0.8012
Legacy-15,61.0,0.8291999999999999,0.7577904260490433,0.9006095739509565,8,0.75,0.97,0.866,0.6932,0.852,0.8108,0.8888,0.8028
Legacy-15,62.0,0.8305,0.7590345567216974,0.9019654432783026,8,0.7508,0.97,0.8684,0.694,0.8528,0.812,0.8916,0.8044
Legacy-15,63.0,0.8318,0.7605479230618503,0.9030520769381497,8,0.7524,0.97,0.8688,0.6948,0.8552,0.8132,0.8932,0.8068
Legacy-15,64.0,0.8328,0.7613432222728812,0.9042567777271188,8,0.7524,0.97,0.8708,0.6948,0.856,0.8144,0.8952,0.8088
Legacy-15,65.0,0.8341000000000001,0.7628544836470894,0.9053455163529107,8,0.7536,0.97,0.8716,0.6956,0.858,0.8156,0.8964,0.812
Legacy-15,66.0,0.83505,0.7639838862336752,0.9061161137663247,8,0.7548,0.9704,0.8732,0.6972,0.858,0.816,0.898,0.8128
Legacy-15,67.0,0.8366,0.7653968335836511,0.907803166416349,8,0.7556,0.9716,0.8744,0.698,0.8588,0.8184,0.9004,0.8156
Legacy-15,68.0,0.83815,0.76681410446853,0.9094858955314699,8,0.7568,0.9728,0.8752,0.6992,0.86,0.8212,0.9036,0.8164
Legacy-15,69.0,0.8393,0.767745613868341,0.9108543861316591,8,0.7572,0.9736,0.876,0.6992,0.862,0.824,0.9048,0.8176
Legacy-15,70.0,0.8411,0.7701462273622063,0.9120537726377936,8,0.7596,0.9744,0.878,0.702,0.8636,0.8256,0.9052,0.8204
Legacy-15,71.0,0.8422000000000001,0.7713363186987057,0.9130636813012944,8,0.7596,0.9744,0.88,0.7036,0.864,0.826,0.9072,0.8228
Legacy-15,72.0,0.84325,0.7725410905993175,0.9139589094006826,8,0.7604,0.9744,0.8816,0.7048,0.8652,0.8272,0.9084,0.824
Legacy-15,73.0,0.84485,0.7746922070926263,0.9150077929073737,8,0.7608,0.9744,0.8828,0.708,0.8672,0.8296,0.9096,0.8264
Legacy-15,74.0,0.8462000000000001,0.7761099905784407,0.9162900094215595,8,0.7608,0.9752,0.884,0.7096,0.87,0.8308,0.91,0.8292
Legacy-15,75.0,0.8478,0.7778432703033,0.9177567296967,8,0.7612,0.976,0.8852,0.7116,0.8724,0.8352,0.9112,0.8296
Legacy-15,76.0,0.8494,0.7798434930167257,0.9189565069832744,8,0.7624,0.9764,0.8864,0.7144,0.8752,0.8384,0.9124,0.8296
Legacy-15,77.0,0.85095,0.781401549110466,0.920498450889534,8,0.7628,0.9784,0.8884,0.7164,0.876,0.8404,0.9128,0.8324
Legacy-15,78.0,0.8525,0.782839092322933,0.922160907677067,8,0.7636,0.98,0.8908,0.7176,0.8764,0.8428,0.914,0.8348
Legacy-15,79.0,0.854,0.7844717580721946,0.9235282419278054,8,0.7656,0.9812,0.8912,0.7184,0.8792,0.8436,0.9144,0.8384
Legacy-15,80.0,0.85575,0.7868131476350199,0.9246868523649802,8,0.7672,0.9816,0.894,0.722,0.8804,0.8452,0.9156,0.84
Legacy-15,81.0,0.85755,0.7888608239765771,0.926239176023423,8,0.77,0.9824,0.8956,0.7232,0.882,0.848,0.9172,0.842
Legacy-15,82.0,0.85965,0.7911248064020691,0.928175193597931,8,0.7728,0.9832,0.898,0.7244,0.884,0.8512,0.9192,0.8444
Legacy-15,83.0,0.86185,0.7934374219366294,0.9302625780633706,8,0.7752,0.9844,0.8996,0.7256,0.8872,0.856,0.9204,0.8464
Legacy-15,84.0,0.8634,0.7952743932241962,0.9315256067758036,8,0.7776,0.9848,0.9016,0.7264,0.8884,0.858,0.9208,0.8496
Legacy-15,85.0,0.8655,0.797414341527172,0.933585658472828,8,0.7796,0.9872,0.9024,0.7284,0.8908,0.8604,0.9224,0.8528
Legacy-15,86.0,0.8667,0.799415913287921,0.933984086712079,8,0.7832,0.9872,0.9032,0.7304,0.8912,0.8608,0.9228,0.8548
Legacy-15,87.0,0.868,0.8010401236272262,0.9349598763727738,8,0.786,0.9876,0.9052,0.7312,0.8924,0.8624,0.9228,0.8564
Legacy-15,88.0,0.8692,0.8024253412780824,0.9359746587219175,8,0.788,0.9884,0.9072,0.7324,0.8928,0.8636,0.9236,0.8576
Legacy-15,89.0,0.8701,0.8035106541310849,0.9366893458689151,8,0.7904,0.9884,0.908,0.7328,0.8928,0.864,0.9256,0.8588
Legacy-15,90.0,0.8714,0.80540602604891,0.9373939739510899,8,0.7924,0.9888,0.91,0.7356,0.8944,0.8648,0.9256,0.8596
Legacy-15,91.0,0.8725499999999999,0.8070294534843813,0.9380705465156186,8,0.7944,0.9892,0.9108,0.7376,0.8944,0.866,0.9268,0.8612
Legacy-15,92.0,0.8738,0.8086281715780727,0.9389718284219274,8,0.7968,0.99,0.9112,0.7388,0.8956,0.8664,0.9272,0.8644
Legacy-15,93.0,0.87515,0.8099672760657314,0.9403327239342686,8,0.7988,0.9908,0.9112,0.7392,0.8976,0.868,0.9292,0.8664
Legacy-15,94.0,0.87635,0.811377723776722,0.9413222762232779,8,0.8,0.9908,0.9124,0.7408,0.8992,0.868,0.9312,0.8684
Legacy-15,95.0,0.8783,0.8137770958166791,0.9428229041833208,8,0.8016,0.9916,0.9144,0.744,0.9004,0.8696,0.9332,0.8716
Legacy-15,96.0,0.8793,0.8151496824974453,0.9434503175025546,8,0.8032,0.9916,0.9152,0.7452,0.902,0.8712,0.9332,0.8728
Legacy-15,97.0,0.88015,0.8163681347717779,0.943931865228222,8,0.8052,0.9916,0.9156,0.7464,0.9024,0.8728,0.9344,0.8728
Legacy-15,98.0,0.8812,0.8179252469181315,0.9444747530818685,8,0.8064,0.9916,0.9176,0.7488,0.9036,0.8736,0.9344,0.8736
Legacy-15,99.0,0.8824,0.8194183899164662,0.9453816100835337,8,0.8088,0.992,0.9188,0.75,0.906,0.8748,0.9348,0.874
Legacy-15,100.0,0.88335,0.8207659949919452,0.9459340050080547,8,0.8108,0.992,0.9208,0.7512,0.906,0.876,0.9348,0.8752
Legacy-15,101.0,0.88435,0.8223340390251515,0.9463659609748485,8,0.8128,0.992,0.9216,0.7532,0.9068,0.8772,0.9352,0.876
Legacy-15,102.0,0.8853,0.8236771447597218,0.9469228552402782,8,0.8148,0.992,0.9228,0.7548,0.9088,0.8776,0.9356,0.876
Legacy-15,103.0,0.886,0.824797852331101,0.947202147668899,8,0.8168,0.992,0.9232,0.756,0.91,0.8784,0.9356,0.876
Legacy-15,104.0,0.88735,0.8268255520200574,0.9478744479799426,8,0.8176,0.992,0.9248,0.76,0.912,0.8792,0.9368,0.8764
Legacy-15,105.0,0.88845,0.8282821270771311,0.9486178729228688,8,0.8192,0.9924,0.926,0.7616,0.9128,0.8804,0.9372,0.878
Legacy-15,106.0,0.88915,0.829249650752941,0.949050349247059,8,0.8208,0.9928,0.9264,0.7628,0.914,0.8804,0.9376,0.8784
Legacy-15,107.0,0.88985,0.8305361185942141,0.949163881405786,8,0.8216,0.9928,0.9272,0.7656,0.9144,0.8808,0.938,0.8784
Legacy-15,108.0,0.89115,0.8321385107113666,0.9501614892886334,8,0.8232,0.9936,0.9276,0.7672,0.9164,0.8816,0.9384,0.8812
Legacy-15,109.0,0.8922,0.8335452754089056,0.9508547245910944,8,0.824,0.9936,0.9292,0.7692,0.9184,0.8832,0.9384,0.8816
Legacy-15,110.0,0.893,0.8346903986208103,0.9513096013791897,8,0.8248,0.994,0.93,0.7712,0.9192,0.8836,0.9388,0.8824
Legacy-15,111.0,0.8942,0.8363808457182471,0.9520191542817529,8,0.828,0.9948,0.9304,0.7728,0.9204,0.8844,0.9392,0.8836
Legacy-15,112.0,0.89495,0.8378898368662671,0.952010163133733,8,0.8296,0.9948,0.9304,0.7756,0.9204,0.8852,0.9396,0.884
Legacy-15,113.0,0.89545,0.8385839731726057,0.9523160268273942,8,0.8296,0.9952,0.9304,0.7768,0.9208,0.8872,0.9396,0.884
Legacy-15,114.0,0.8968,0.840583738928517,0.9530162610714831,8,0.8308,0.9964,0.9304,0.78,0.9212,0.8904,0.9396,0.8856
Legacy-15,115.0,0.89795,0.8423472922287856,0.9535527077712145,8,0.8324,0.9964,0.9304,0.782,0.9216,0.894,0.94,0.8868
Legacy-15,116.0,0.89905,0.8444626330471215,0.9536373669528785,8,0.8344,0.9964,0.9304,0.7856,0.9216,0.8964,0.94,0.8876
Legacy-15,117.0,0.9003,0.8456936622572199,0.9549063377427801,8,0.8364,0.9968,0.9308,0.786,0.9216,0.8984,0.9436,0.8888
Legacy-15,118.0,0.9008,0.8463832639701456,0.9552167360298545,8,0.8372,0.9968,0.9308,0.7864,0.922,0.8996,0.9436,0.89
Legacy-15,119.0,0.9016,0.8474234298704688,0.9557765701295311,8,0.8388,0.9968,0.9312,0.7872,0.9224,0.9008,0.9448,0.8908
Legacy-15,120.0,0.9022,0.8482880773827745,0.9561119226172256,8,0.8392,0.9968,0.932,0.7884,0.9228,0.9016,0.9448,0.892
Legacy-15,121.0,0.90335,0.8500723147275422,0.9566276852724578,8,0.8416,0.9968,0.9328,0.7904,0.9232,0.9036,0.9452,0.8932
Legacy-15,122.0,0.9041,0.8513944481458546,0.9568055518541454,8,0.8428,0.9968,0.934,0.7928,0.9236,0.904,0.9452,0.8936
Legacy-15,123.0,0.9047499999999999,0.8524291997079043,0.9570708002920956,8,0.844,0.9972,0.9344,0.7944,0.924,0.9044,0.9452,0.8944
Legacy-15,124.0,0.90525,0.8533117822924782,0.9571882177075218,8,0.8464,0.9972,0.9344,0.7948,0.924,0.9044,0.9452,0.8956
Legacy-15,125.0,0.90605,0.8544507270698546,0.9576492729301455,8,0.8476,0.9972,0.9348,0.796,0.9248,0.9052,0.9456,0.8972
Legacy-15,126.0,0.90685,0.8558444438678666,0.9578555561321335,8,0.85,0.9976,0.9356,0.798,0.9248,0.9052,0.9456,0.898
Legacy-15,127.0,0.9074,0.8568193214994951,0.9579806785005048,8,0.8528,0.9976,0.936,0.7988,0.9248,0.9052,0.946,0.898
Legacy-15,128.0,0.90785,0.8575608495087268,0.9581391504912733,8,0.8536,0.9976,0.9368,0.8,0.9252,0.9052,0.946,0.8984
Legacy-15,129.0,0.90895,0.859475227955571,0.9584247720444291,8,0.8572,0.9976,0.9368,0.8024,0.9256,0.9052,0.9472,0.8996
Legacy-15,130.0,0.90995,0.8610677776247007,0.9588322223752994,8,0.858,0.9976,0.9392,0.8056,0.926,0.906,0.9476,0.8996
Legacy-15,131.0,0.91095,0.8626080586728586,0.9592919413271415,8,0.86,0.9976,0.9396,0.8076,0.9264,0.9068,0.9488,0.9008
Legacy-15,132.0,0.91155,0.8637959245846306,0.9593040754153693,8,0.8612,0.9976,0.94,0.81,0.9272,0.9068,0.9488,0.9008
Legacy-15,133.0,0.91225,0.8650775652768976,0.9594224347231024,8,0.862,0.9976,0.9404,0.8128,0.9284,0.9068,0.9492,0.9008
Legacy-15,134.0,0.9135,0.8673090961463035,0.9596909038536965,8,0.8644,0.9976,0.9412,0.8168,0.9292,0.9072,0.95,0.9016
Legacy-15,135.0,0.91445,0.8689083077210131,0.9599916922789868,8,0.8652,0.9976,0.9412,0.8204,0.9308,0.9072,0.9516,0.9016
Legacy-15,136.0,0.91545,0.8707510754460828,0.9601489245539172,8,0.8652,0.9976,0.9416,0.8252,0.9324,0.9072,0.9524,0.902
Legacy-15,137.0,0.9162,0.8721750492528871,0.9602249507471129,8,0.8652,0.9976,0.9416,0.8288,0.9328,0.9072,0.9532,0.9032
Legacy-15,138.0,0.91725,0.873400929210957,0.961099070789043,8,0.866,0.9976,0.942,0.83,0.9352,0.908,0.9544,0.9048
Legacy-15,139.0,0.9182,0.8747269878479599,0.9616730121520402,8,0.8668,0.998,0.9424,0.8328,0.9364,0.908,0.956,0.9052
Legacy-15,140.0,0.9185,0.8752988503893869,0.961701149610613,8,0.8672,0.998,0.9428,0.834,0.9364,0.908,0.956,0.9056
Legacy-15,141.0,0.9188,0.8756139269522486,0.9619860730477513,8,0.8672,0.998,0.9428,0.8344,0.9368,0.908,0.9568,0.9064
Legacy-15,142.0,0.91955,0.8768209645767031,0.9622790354232968,8,0.8692,0.998,0.9436,0.836,0.9368,0.908,0.9576,0.9072
Legacy-15,143.0,0.92035,0.8782167860921416,0.9624832139078584,8,0.8708,0.998,0.944,0.8384,0.9368,0.9084,0.9584,0.908
Legacy-15,144.0,0.921,0.8790981949144363,0.9629018050855638,8,0.8708,0.9984,0.944,0.84,0.9368,0.9096,0.9592,0.9092
Legacy-15,145.0,0.9216,0.8799913599769059,0.963208640023094,8,0.8712,0.9984,0.944,0.8412,0.9372,0.9108,0.9596,0.9104
Legacy-15,146.0,0.9221,0.8805641088785856,0.9636358911214145,8,0.8716,0.9984,0.9448,0.8416,0.9376,0.9116,0.96,0.9112
Legacy-15,147.0,0.9228000000000001,0.8815109818630391,0.964089018136961,8,0.8728,0.9988,0.9452,0.8428,0.9384,0.9116,0.9604,0.9124
Legacy-15,148.0,0.9234,0.8825080625795255,0.9642919374204745,8,0.8748,0.9988,0.9452,0.8436,0.9384,0.9116,0.9608,0.914
Legacy-15,149.0,0.92375,0.8830425709133061,0.9644574290866939,8,0.8756,0.9988,0.9452,0.844,0.9388,0.9116,0.9608,0.9152
Legacy-15,150.0,0.9241,0.8834555048697508,0.9647444951302493,8,0.8756,0.9988,0.9452,0.8444,0.9392,0.912,0.9612,0.9164
Legacy-15,151.0,0.9245,0.8838240625522902,0.9651759374477098,8,0.8756,0.9988,0.9456,0.8448,0.9392,0.912,0.9624,0.9176
Legacy-15,152.0,0.92515,0.8845571672821113,0.9657428327178887,8,0.8756,0.9988,0.9464,0.8456,0.9404,0.9132,0.9628,0.9184
Legacy-15,153.0,0.92545,0.8848026789796187,0.9660973210203813,8,0.8756,0.9988,0.9472,0.8456,0.9412,0.9136,0.9628,0.9188
Legacy-15,154.0,0.92605,0.8854544116059085,0.9666455883940915,8,0.8756,0.9988,0.9488,0.8464,0.9424,0.9144,0.9628,0.9192
Legacy-15,155.0,0.9269000000000001,0.886243318086076,0.9675566819139241,8,0.876,0.9988,0.9496,0.8468,0.9444,0.9156,0.964,0.92
Legacy-15,156.0,0.9273,0.8866897260224003,0.9679102739775998,8,0.8764,0.9988,0.95,0.8468,0.9448,0.916,0.964,0.9216
Legacy-15,157.0,0.9276,0.8869707434898024,0.9682292565101975,8,0.8764,0.9988,0.9508,0.8472,0.946,0.916,0.964,0.9216
Legacy-15,158.0,0.92835,0.8875600179763331,0.9691399820236669,8,0.8764,0.9988,0.9524,0.8472,0.9484,0.9172,0.964,0.9224
Legacy-15,159.0,0.9291,0.8882019079143049,0.9699980920856952,8,0.8768,0.9988,0.9536,0.8472,0.9504,0.9188,0.9644,0.9228
Legacy-15,160.0,0.9298000000000001,0.8893236426328371,0.970276357367163,8,0.8776,0.9988,0.9544,0.8488,0.9504,0.92,0.9644,0.924
Legacy-15,161.0,0.9303,0.8897598317260699,0.9708401682739302,8,0.878,0.9988,0.956,0.8488,0.9512,0.9208,0.9644,0.9244
Legacy-15,162.0,0.9309499999999999,0.8904724828825794,0.9714275171174205,8,0.8784,0.9988,0.9568,0.8492,0.9524,0.922,0.9644,0.9256
Legacy-15,163.0,0.93185,0.8915564844654387,0.9721435155345612,8,0.8788,0.9988,0.958,0.8504,0.9528,0.9236,0.9652,0.9272
Legacy-15,164.0,0.9327,0.8924541797560648,0.9729458202439352,8,0.8796,0.9988,0.9592,0.8512,0.954,0.924,0.9664,0.9284
Legacy-15,165.0,0.9331,0.8928688742447379,0.9733311257552621,8,0.8796,0.9988,0.9596,0.8516,0.9544,0.924,0.9668,0.93
Legacy-15,166.0,0.9338500000000001,0.8937660406576086,0.9739339593423916,8,0.88,0.9988,0.9604,0.8524,0.9548,0.9252,0.9672,0.932
Legacy-15,167.0,0.9342,0.8941874429210029,0.9742125570789971,8,0.8808,0.9988,0.9608,0.8524,0.9552,0.9256,0.9672,0.9328
Legacy-15,168.0,0.9344,0.8944501964692834,0.9743498035307167,8,0.8808,0.9988,0.9608,0.8528,0.9556,0.9256,0.9672,0.9336
Legacy-15,169.0,0.935,0.8951651670878005,0.9748348329121996,8,0.8816,0.9988,0.9612,0.8536,0.9568,0.9256,0.968,0.9344
Legacy-15,170.0,0.9354,0.8955294787145762,0.9752705212854238,8,0.8816,0.9988,0.9612,0.8536,0.9576,0.926,0.968,0.9364
Legacy-15,171.0,0.93575,0.8959806370934726,0.9755193629065273,8,0.8824,0.9988,0.9612,0.8536,0.958,0.9268,0.968,0.9372
Legacy-15,172.0,0.9362,0.8967481218227283,0.9756518781772717,8,0.8836,0.9988,0.9612,0.8544,0.958,0.9268,0.968,0.9388
Legacy-15,173.0,0.9367,0.8975111782578793,0.9758888217421207,8,0.8852,0.9988,0.9612,0.8548,0.958,0.9272,0.9684,0.94
Legacy-15,174.0,0.9375,0.8982451725539211,0.9767548274460789,8,0.8864,0.9988,0.9628,0.8548,0.9596,0.9276,0.9688,0.9412
Legacy-15,175.0,0.9377,0.8985311648560272,0.9768688351439727,8,0.8864,0.9988,0.9628,0.8552,0.9596,0.928,0.9688,0.942
Legacy-15,176.0,0.9382,0.8990245355173858,0.9773754644826143,8,0.8868,0.9988,0.9632,0.8556,0.96,0.9284,0.97,0.9428
Legacy-15,177.0,0.93855,0.89940925,0.9776907499999999,8,0.8872,0.9988,0.9632,0.8556,0.96,0.9288,0.97,0.9448
Legacy-15,178.0,0.9390499999999999,0.8999170082138621,0.9781829917861378,8,0.8876,0.9988,0.9632,0.856,0.9604,0.9292,0.9712,0.946
Legacy-15,179.0,0.9394,0.9002718834048237,0.9785281165951764,8,0.8876,0.9988,0.9644,0.8564,0.9604,0.9296,0.9712,0.9468
Legacy-15,180.0,0.93985,0.9006925138284287,0.9790074861715712,8,0.8876,0.9996,0.9648,0.8572,0.9608,0.93,0.9716,0.9472
Legacy-15,181.0,0.9403,0.9012431151491828,0.9793568848508173,8,0.8884,0.9996,0.966,0.8576,0.9608,0.9308,0.972,0.9472
Legacy-15,182.0,0.94065,0.9016811076554324,0.9796188923445676,8,0.8888,0.9996,0.9664,0.858,0.9616,0.9316,0.972,0.9472
Legacy-15,183.0,0.9410000000000001,0.9020232911526458,0.9799767088473543,8,0.8892,0.9996,0.9668,0.8584,0.962,0.9316,0.9732,0.9472
Legacy-15,184.0,0.94155,0.9026876709792163,0.9804123290207837,8,0.8896,0.9996,0.9672,0.8596,0.9632,0.9316,0.9744,0.9472
Legacy-15,185.0,0.94165,0.9027551988243792,0.9805448011756208,8,0.8896,0.9996,0.9676,0.8596,0.9632,0.9316,0.9744,0.9476
Legacy-15,186.0,0.9418,0.9028548743284679,0.980745125671532,8,0.8896,0.9996,0.968,0.8596,0.9632,0.932,0.9748,0.9476
Legacy-15,187.0,0.9422,0.9034111159608839,0.9809888840391162,8,0.8904,0.9996,0.9684,0.86,0.9636,0.9328,0.9748,0.948
Legacy-15,188.0,0.94275,0.9039131744705445,0.9815868255294554,8,0.8904,0.9996,0.9684,0.86,0.9636,0.9356,0.976,0.9484
Legacy-15,189.0,0.94335,0.9045891671917247,0.9821108328082754,8,0.8904,0.9996,0.9692,0.8608,0.9636,0.9376,0.9768,0.9488
Legacy-15,190.0,0.9441,0.9053013324257686,0.9828986675742315,8,0.8904,0.9996,0.97,0.8616,0.9636,0.9396,0.9788,0.9492
Legacy-15,191.0,0.9448,0.905983110732201,0.983616889267799,8,0.8908,0.9996,0.9704,0.8616,0.964,0.9424,0.9792,0.9504
Legacy-15,192.0,0.94535,0.9065899917773533,0.9841100082226467,8,0.8908,0.9996,0.9704,0.862,0.9644,0.9448,0.9792,0.9516
Legacy-15,193.0,0.9458,0.9071382172035484,0.9844617827964516,8,0.8908,0.9996,0.9708,0.8628,0.9644,0.946,0.9796,0.9524
Legacy-15,194.0,0.94645,0.9076119400450731,0.985288059954927,8,0.8908,0.9996,0.9708,0.8628,0.9648,0.9488,0.9812,0.9528
Legacy-15,195.0,0.947,0.9079487415494528,0.9860512584505471,8,0.8908,0.9996,0.972,0.8628,0.966,0.95,0.982,0.9528
Legacy-15,196.0,0.9476,0.908567979732752,0.9866320202672479,8,0.8908,0.9996,0.9724,0.8636,0.9664,0.9504,0.9828,0.9548
Legacy-15,197.0,0.94825,0.9092040873806645,0.9872959126193356,8,0.8912,0.9996,0.9732,0.8644,0.9664,0.9516,0.9848,0.9548
Legacy-15,198.0,0.94855,0.9096090035677831,0.9874909964322169,8,0.8912,0.9996,0.9732,0.8652,0.9668,0.952,0.9852,0.9552
Legacy-15,199.0,0.94885,0.9099827367525289,0.987717263247471,8,0.8916,0.9996,0.9736,0.8656,0.9668,0.9528,0.9856,0.9552
Legacy-15,200.0,0.94935,0.9108439743937254,0.9878560256062746,8,0.8928,0.9996,0.974,0.8668,0.9668,0.9536,0.986,0.9552
Legacy-15,201.0,0.9497,0.9112900408975745,0.9881099591024255,8,0.8928,0.9996,0.9744,0.8676,0.9676,0.9536,0.986,0.956
Legacy-15,202.0,0.9503,0.9119300029343053,0.9886699970656948,8,0.8944,0.9996,0.9752,0.8676,0.968,0.954,0.9872,0.9564
Legacy-15,203.0,0.9508,0.9122852340968891,0.9893147659031108,8,0.8944,0.9996,0.9752,0.8676,0.9688,0.9556,0.988,0.9572
Legacy-15,204.0,0.95105,0.9125688834511235,0.9895311165488764,8,0.8952,0.9996,0.9756,0.8676,0.9692,0.9556,0.9884,0.9572
Legacy-15,205.0,0.9516,0.913528851529575,0.989671148470425,8,0.8956,0.9996,0.9764,0.8696,0.9696,0.9564,0.9884,0.9572
Legacy-15,206.0,0.9522,0.9142891163911998,0.9901108836088003,8,0.8968,0.9996,0.9764,0.8704,0.97,0.9564,0.99,0.958
Legacy-15,207.0,0.95255,0.9146425151436562,0.9904574848563438,8,0.8968,0.9996,0.9764,0.8708,0.9704,0.9568,0.9904,0.9592
Legacy-15,208.0,0.9529,0.9150440607231082,0.9907559392768918,8,0.8972,0.9996,0.9768,0.8712,0.9708,0.9576,0.9908,0.9592
Legacy-15,209.0,0.95325,0.91561392364568,0.9908860763543201,8,0.898,0.9996,0.9776,0.872,0.9712,0.9576,0.9908,0.9592
Legacy-15,210.0,0.9536,0.9162719380090527,0.9909280619909473,8,0.898,0.9996,0.978,0.8736,0.9712,0.9584,0.9908,0.9592
Legacy-15,211.0,0.95375,0.9164948151816661,0.9910051848183339,8,0.898,0.9996,0.978,0.874,0.9712,0.9584,0.9908,0.96
Legacy-15,212.0,0.95405,0.9169739036527816,0.9911260963472183,8,0.8984,0.9996,0.978,0.8748,0.9712,0.9588,0.9912,0.9604
Legacy-15,213.0,0.95425,0.91711081249266,0.9913891875073401,8,0.8984,0.9996,0.9788,0.8748,0.9712,0.9596,0.9912,0.9604
Legacy-15,214.0,0.9546,0.9175741248834972,0.9916258751165028,8,0.8996,0.9996,0.9796,0.8748,0.9712,0.96,0.9912,0.9608
Legacy-15,215.0,0.9550000000000001,0.9182935978258366,0.9917064021741635,8,0.9008,0.9996,0.9796,0.8756,0.9716,0.9604,0.9912,0.9612
Legacy-15,216.0,0.9554,0.9190189504824284,0.9917810495175716,8,0.9016,0.9996,0.98,0.8768,0.972,0.9604,0.9912,0.9616
Legacy-15,217.0,0.956,0.9199676347114748,0.9920323652885251,8,0.9028,0.9996,0.98,0.878,0.9736,0.9608,0.9912,0.962
Legacy-15,218.0,0.9565,0.9209436696579518,0.9920563303420482,8,0.9044,0.9996,0.98,0.8792,0.9736,0.9612,0.9912,0.9628
Legacy-15,219.0,0.9568,0.9214789464119284,0.9921210535880716,8,0.9056,0.9996,0.98,0.8796,0.974,0.9612,0.9912,0.9632
Legacy-15,220.0,0.9573,0.9222720995924065,0.9923279004075936,8,0.9064,0.9996,0.9808,0.8808,0.9744,0.9616,0.9912,0.9636
Legacy-15,221.0,0.95755,0.9227423795608788,0.9923576204391212,8,0.9068,0.9996,0.9808,0.8816,0.9744,0.962,0.9912,0.964
Legacy-15,222.0,0.958,0.9235669366036487,0.9924330633963512,8,0.908,0.9996,0.9816,0.8828,0.9744,0.962,0.9912,0.9644
Legacy-15,223.0,0.9587,0.924466267596857,0.992933732403143,8,0.9092,0.9996,0.9828,0.8836,0.9752,0.9624,0.9912,0.9656
Legacy-15,224.0,0.9594,0.9255515700659543,0.9932484299340457,8,0.912,0.9996,0.9836,0.884,0.9756,0.9624,0.9912,0.9668
Legacy-15,225.0,0.9599,0.9263318737666006,0.9934681262333993,8,0.914,0.9996,0.9844,0.8844,0.976,0.9624,0.9912,0.9672
Legacy-15,226.0,0.9603,0.9269894616401742,0.9936105383598259,8,0.9156,0.9996,0.9844,0.8848,0.976,0.9628,0.9916,0.9676
Legacy-15,227.0,0.9608,0.9273964007093333,0.9942035992906667,8,0.9164,0.9996,0.9852,0.8848,0.9772,0.9628,0.9924,0.968
Legacy-15,228.0,0.9611,0.9277750723272674,0.9944249276727325,8,0.9168,0.9996,0.9852,0.8852,0.9772,0.9628,0.9928,0.9692
Legacy-15,229.0,0.96145,0.9284463847501141,0.994453615249886,8,0.9176,0.9996,0.9852,0.8864,0.9776,0.9628,0.9932,0.9692
Legacy-15,230.0,0.96185,0.9291851325625626,0.9945148674374373,8,0.9184,0.9996,0.9856,0.8876,0.9776,0.9632,0.9932,0.9696
Legacy-15,231.0,0.9621,0.9294371812786858,0.9947628187213141,8,0.9184,0.9996,0.986,0.888,0.9788,0.9632,0.9932,0.9696
Legacy-15,232.0,0.9622999999999999,0.9295121696972141,0.9950878303027858,8,0.9184,0.9996,0.986,0.888,0.9788,0.9632,0.9944,0.97
Legacy-15,233.0,0.9624,0.9296364265990414,0.9951635734009586,8,0.9188,0.9996,0.9864,0.888,0.9788,0.9632,0.9944,0.97
Legacy-15,234.0,0.96275,0.9302447670950452,0.9952552329049548,8,0.9196,0.9996,0.9864,0.8888,0.9788,0.9632,0.9944,0.9712
Legacy-15,235.0,0.96295,0.9304022686286795,0.9954977313713205,8,0.9196,0.9996,0.9864,0.8888,0.9788,0.9644,0.9948,0.9712
Legacy-15,236.0,0.9631000000000001,0.9306221564430897,0.9955778435569105,8,0.9196,0.9996,0.9864,0.8892,0.9788,0.9644,0.9948,0.972
Legacy-15,237.0,0.96345,0.9309700960593927,0.9959299039406073,8,0.9196,0.9996,0.9864,0.8896,0.9804,0.9648,0.9948,0.9724
Legacy-15,238.0,0.9639,0.9318192055746076,0.9959807944253923,8,0.9196,0.9996,0.9868,0.8916,0.9808,0.9656,0.9948,0.9724
Legacy-15,239.0,0.96455,0.9328812269443824,0.9962187730556177,8,0.9216,0.9996,0.9868,0.8924,0.9812,0.9672,0.9948,0.9728
Legacy-15,240.0,0.96515,0.9336170080450026,0.9966829919549973,8,0.9224,0.9996,0.9872,0.8932,0.9824,0.9676,0.9952,0.9736
Legacy-15,241.0,0.96545,0.9342115624934887,0.9966884375065114,8,0.9228,0.9996,0.9872,0.8944,0.9828,0.9676,0.9952,0.974
Legacy-15,242.0,0.9659,0.9349215950291866,0.9968784049708134,8,0.9232,0.9996,0.9876,0.8956,0.9832,0.9684,0.9952,0.9744
Legacy-15,243.0,0.9664,0.9358651899161442,0.9969348100838559,8,0.9236,0.9996,0.9876,0.8976,0.9832,0.9688,0.9956,0.9752
Legacy-15,244.0,0.96695,0.9369117400733723,0.9969882599266277,8,0.9244,0.9996,0.9876,0.8996,0.9832,0.9692,0.996,0.976
Legacy-15,245.0,0.9674,0.9376993015955132,0.9971006984044869,8,0.9248,0.9996,0.9876,0.9012,0.9832,0.9692,0.9964,0.9772
Legacy-15,246.0,0.9677,0.9380829526099048,0.9973170473900952,8,0.9252,0.9996,0.9876,0.9016,0.9836,0.9692,0.9964,0.9784
Legacy-15,247.0,0.96795,0.938374697986236,0.997525302013764,8,0.9252,0.9996,0.9876,0.902,0.9836,0.9696,0.9964,0.9796
Legacy-15,248.0,0.96825,0.938830455143519,0.9976695448564811,8,0.9256,0.9996,0.9876,0.9028,0.9836,0.97,0.9972,0.9796
Legacy-15,249.0,0.9686,0.9394708356943963,0.9977291643056038,8,0.926,0.9996,0.9876,0.904,0.9836,0.9704,0.9972,0.9804
Legacy-15,250.0,0.9689,0.9400360632554591,0.9977639367445409,8,0.9268,0.9996,0.988,0.9048,0.9836,0.9708,0.9972,0.9804
Legacy-15,251.0,0.9692500000000001,0.9406716740007459,0.9978283259992542,8,0.928,0.9996,0.9884,0.9056,0.9836,0.9708,0.9976,0.9804
Legacy-15,252.0,0.96945,0.941006476524429,0.997893523475571,8,0.928,0.9996,0.9888,0.9064,0.9836,0.9708,0.9976,0.9808
Legacy-15,253.0,0.96985,0.9418350158947102,0.9978649841052898,8,0.9288,0.9996,0.9888,0.908,0.9836,0.9712,0.998,0.9808
Legacy-15,254.0,0.9704,0.942428366613912,0.998371633386088,8,0.9288,0.9996,0.9896,0.9088,0.9844,0.9724,0.998,0.9816
Legacy-15,255.0,0.9708,0.9430135144539652,0.9985864855460348,8,0.9288,0.9996,0.9904,0.91,0.9844,0.9732,0.998,0.982
Legacy-15,256.0,0.9712500000000001,0.9438588845805863,0.9986411154194138,8,0.93,0.9996,0.9908,0.9112,0.9844,0.9736,0.998,0.9824
Legacy-15,257.0,0.97155,0.9442922299008744,0.9988077700991257,8,0.9308,0.9996,0.9916,0.9116,0.9844,0.9736,0.998,0.9828
Legacy-15,258.0,0.972,0.9450218162530218,0.9989781837469781,8,0.932,0.9996,0.992,0.9124,0.9844,0.9744,0.9984,0.9828
Legacy-15,259.0,0.9722500000000001,0.9454740114363167,0.9990259885636834,8,0.9324,0.9996,0.9924,0.9132,0.9844,0.9748,0.9984,0.9828
Legacy-15,260.0,0.9727,0.9463143088702825,0.9990856911297176,8,0.9336,0.9996,0.9928,0.9144,0.9848,0.9752,0.9984,0.9828
Legacy-15,261.0,0.9728,0.946590385087584,0.999009614912416,8,0.9336,0.9996,0.9928,0.9152,0.9848,0.9752,0.9984,0.9828
Legacy-15,262.0,0.97305,0.9471199485154566,0.9989800514845434,8,0.9344,0.9996,0.9928,0.916,0.9848,0.9752,0.9984,0.9832
Legacy-15,263.0,0.97325,0.947433286923729,0.9990667130762709,8,0.9348,0.9996,0.9932,0.9164,0.9848,0.9756,0.9984,0.9832
Legacy-15,264.0,0.9735,0.9480176639309558,0.9989823360690443,8,0.9348,0.9996,0.9932,0.918,0.9848,0.9756,0.9984,0.9836
Legacy-15,265.0,0.97375,0.9486498233787162,0.9988501766212838,8,0.9356,0.9996,0.9932,0.9192,0.9848,0.9756,0.9984,0.9836
Legacy-15,266.0,0.9739,0.949034058571871,0.998765941428129,8,0.936,0.9996,0.9932,0.92,0.9848,0.9756,0.9984,0.9836
Legacy-15,267.0,0.9743,0.9497093608177247,0.9988906391822754,8,0.936,0.9996,0.994,0.9216,0.9848,0.9764,0.9984,0.9836
Legacy-15,268.0,0.97465,0.9504556008490233,0.9988443991509768,8,0.9364,0.9996,0.994,0.9232,0.9848,0.9772,0.9984,0.9836
Legacy-15,269.0,0.975,0.9510185201636168,0.9989814798363832,8,0.9364,0.9996,0.994,0.9244,0.9852,0.978,0.9984,0.984
Legacy-15,270.0,0.9752,0.9514528964894061,0.9989471035105938,8,0.9364,0.9996,0.994,0.9256,0.9856,0.978,0.9984,0.984
Legacy-15,271.0,0.97545,0.9517973395246434,0.9991026604753567,8,0.9368,0.9996,0.9944,0.926,0.986,0.9784,0.9984,0.984
Legacy-15,272.0,0.97565,0.9520904229499597,0.9992095770500403,8,0.9376,0.9996,0.9944,0.926,0.9868,0.9784,0.9984,0.984
Legacy-15,273.0,0.97595,0.9528555860049062,0.9990444139950938,8,0.9384,0.9996,0.9944,0.9276,0.9868,0.9784,0.9984,0.984
Legacy-15,274.0,0.9763999999999999,0.9537417976787969,0.999058202321203,8,0.9392,0.9996,0.9944,0.9292,0.9872,0.9792,0.9984,0.984
Legacy-15,275.0,0.97675,0.9541776975336159,0.9993223024663841,8,0.9396,0.9996,0.9944,0.9296,0.988,0.98,0.9984,0.9844
Legacy-15,276.0,0.97685,0.9543230535502875,0.9993769464497125,8,0.94,0.9996,0.9944,0.9296,0.9884,0.98,0.9984,0.9844
Legacy-15,277.0,0.977,0.9545971414865998,0.9994028585134002,8,0.9408,0.9996,0.9944,0.9296,0.9884,0.9804,0.9984,0.9844
Legacy-15,278.0,0.9773000000000001,0.9552061835258628,0.9993938164741373,8,0.9424,0.9996,0.9948,0.93,0.9884,0.9804,0.9984,0.9844
Legacy-15,279.0,0.97755,0.9557432581085655,0.9993567418914345,8,0.9428,0.9996,0.9952,0.9312,0.9884,0.9804,0.9984,0.9844
Legacy-15,280.0,0.9777,0.9560142819422881,0.9993857180577119,8,0.9436,0.9996,0.9952,0.9312,0.9884,0.9808,0.9984,0.9844
Legacy-15,281.0,0.9778,0.9561384295220446,0.9994615704779554,8,0.944,0.9996,0.9952,0.9312,0.9884,0.9808,0.9988,0.9844
Legacy-15,282.0,0.97795,0.9564064670279073,0.9994935329720926,8,0.9448,0.9996,0.9952,0.9312,0.9884,0.9812,0.9988,0.9844
Legacy-15,283.0,0.9781500000000001,0.9566216789655464,0.9996783210344538,8,0.9452,0.9996,0.9952,0.9312,0.9892,0.9816,0.9988,0.9844
Legacy-15,284.0,0.97845,0.9571384103581526,0.9997615896418475,8,0.9464,0.9996,0.9956,0.9316,0.9896,0.9816,0.9988,0.9844
Legacy-15,285.0,0.9785,0.9571671905984166,0.9998328094015835,8,0.9464,0.9996,0.9956,0.9316,0.99,0.9816,0.9988,0.9844
Legacy-15,286.0,0.9787,0.9574535130172741,0.9999464869827259,8,0.9472,0.9996,0.9956,0.9316,0.9904,0.9816,0.9988,0.9848
Legacy-15,287.0,0.979,0.9581151809645653,0.9998848190354347,8,0.948,0.9996,0.9956,0.9328,0.9908,0.9816,0.9988,0.9848
Legacy-15,288.0,0.97915,0.9583899431688174,0.9999100568311825,8,0.9484,0.9996,0.9956,0.9332,0.9912,0.9816,0.9988,0.9848
Legacy-15,289.0,0.97925,0.9586374952016379,0.999862504798362,8,0.9488,0.9996,0.9956,0.9336,0.9912,0.9816,0.9988,0.9848
Legacy-15,290.0,0.97945,0.9587273110510054,1.0,8,0.9488,0.9996,0.9956,0.9336,0.9924,0.9816,0.9992,0.9848
Legacy-15,291.0,0.97955,0.9588053444492408,1.0,8,0.9488,0.9996,0.9956,0.9336,0.9924,0.9816,0.9992,0.9856
Legacy-15,292.0,0.97965,0.9590227699753198,1.0,8,0.9496,0.9996,0.9956,0.9336,0.9924,0.9816,0.9992,0.9856
Legacy-15,293.0,0.9797,0.9590686546046694,1.0,8,0.9496,0.9996,0.9956,0.9336,0.9924,0.982,0.9992,0.9856
Legacy-15,294.0,0.97975,0.9591766845371503,1.0,8,0.95,0.9996,0.9956,0.9336,0.9924,0.982,0.9992,0.9856
Legacy-15,295.0,0.97985,0.9593225648636566,1.0,8,0.9504,0.9996,0.9956,0.9336,0.9924,0.982,0.9992,0.986
Legacy-15,296.0,0.98,0.9595739719055738,1.0,8,0.9512,0.9996,0.9956,0.9336,0.9924,0.982,0.9992,0.9864
Legacy-15,297.0,0.98005,0.9595993910449119,1.0,8,0.9512,0.9996,0.9956,0.9336,0.9928,0.982,0.9992,0.9864
Legacy-15,298.0,0.98035,0.9600862239295356,1.0,8,0.9516,0.9996,0.9956,0.9344,0.9932,0.982,0.9992,0.9872
Legacy-15,299.0,0.98035,0.9600862239295356,1.0,8,0.9516,0.9996,0.9956,0.9344,0.9932,0.982,0.9992,0.9872
Legacy-15,300.0,0.9807,0.960816511524275,1.0,8,0.9532,0.9996,0.9956,0.9352,0.9936,0.982,0.9992,0.9872
Legacy-15,301.0,0.98085,0.9609924985227335,1.0,8,0.9536,0.9996,0.9956,0.9352,0.994,0.9824,0.9992,0.9872
Legacy-15,302.0,0.98115,0.9612748015555729,1.0,8,0.954,0.9996,0.9956,0.9352,0.994,0.9824,0.9992,0.9892
Legacy-15,303.0,0.9813000000000001,0.9614366145427969,1.0,8,0.9544,0.9996,0.9956,0.9352,0.9944,0.9824,0.9992,0.9896
Legacy-15,304.0,0.9815,0.9618200896860711,1.0,8,0.9552,0.9996,0.9956,0.9356,0.9944,0.9824,0.9992,0.99
Legacy-15,305.0,0.98165,0.9621539082691739,1.0,8,0.9552,0.9996,0.9956,0.9364,0.9944,0.9828,0.9992,0.99
Legacy-15,306.0,0.98175,0.962400775124652,1.0,8,0.9556,0.9996,0.9956,0.9368,0.9944,0.9828,0.9992,0.99
Legacy-15,307.0,0.9819,0.9626552763455613,1.0,8,0.9564,0.9996,0.9956,0.9368,0.9944,0.9832,0.9992,0.99
Legacy-15,308.0,0.9821,0.9629309908567053,1.0,8,0.9572,0.9996,0.9956,0.9368,0.9948,0.9836,0.9992,0.99
Legacy-15,309.0,0.98225,0.963166895120337,1.0,8,0.958,0.9996,0.9956,0.9368,0.9948,0.9836,0.9992,0.9904
Legacy-15,310.0,0.98245,0.9633983243877624,1.0,8,0.958,0.9996,0.996,0.9372,0.9948,0.9836,0.9992,0.9912
Legacy-15,311.0,0.98265,0.9638206467225182,1.0,8,0.9584,0.9996,0.996,0.938,0.9948,0.9836,0.9992,0.9916
Legacy-15,312.0,0.9828,0.9640275431473205,1.0,8,0.9584,0.9996,0.996,0.9384,0.9948,0.984,0.9996,0.9916
Legacy-15,313.0,0.9829,0.9641934202227054,1.0,8,0.9584,0.9996,0.9964,0.9388,0.9948,0.984,0.9996,0.9916
Legacy-15,314.0,0.98305,0.9642792989972689,1.0,8,0.9584,0.9996,0.9964,0.9388,0.9952,0.984,0.9996,0.9924
Legacy-15,315.0,0.9831,0.9643814641340652,1.0,8,0.9588,0.9996,0.9964,0.9388,0.9952,0.984,0.9996,0.9924
Legacy-15,316.0,0.9834,0.964845889716061,1.0,8,0.9596,0.9996,0.9968,0.9392,0.9952,0.9848,0.9996,0.9924
Legacy-15,317.0,0.98355,0.965192935464835,1.0,8,0.9604,0.9996,0.9968,0.9396,0.9952,0.9848,0.9996,0.9924
Legacy-15,318.0,0.98365,0.9654388966936671,1.0,8,0.9608,0.9996,0.9968,0.94,0.9952,0.9848,0.9996,0.9924
Legacy-15,319.0,0.98375,0.9657298816519762,1.0,8,0.9608,0.9996,0.9968,0.9408,0.9952,0.9848,0.9996,0.9924
Legacy-15,320.0,0.98385,0.9659759122073421,1.0,8,0.9612,0.9996,0.9968,0.9412,0.9952,0.9848,0.9996,0.9924
Legacy-15,321.0,0.98395,0.9661686889867981,1.0,8,0.9612,0.9996,0.9968,0.9416,0.9952,0.9852,0.9996,0.9924
Legacy-15,322.0,0.98405,0.9663605972343507,1.0,8,0.9612,0.9996,0.9968,0.942,0.9952,0.9856,0.9996,0.9924
Legacy-15,323.0,0.9841,0.9664618831838138,1.0,8,0.9616,0.9996,0.9968,0.942,0.9952,0.9856,0.9996,0.9924
Legacy-15,324.0,0.9842,0.9665870434298254,1.0,8,0.962,0.9996,0.9968,0.942,0.9956,0.9856,0.9996,0.9924
Legacy-15,325.0,0.9843,0.9667791507350731,1.0,8,0.962,0.9996,0.9968,0.9424,0.9956,0.986,0.9996,0.9924
Legacy-15,326.0,0.9844,0.9669035662327597,1.0,8,0.9624,0.9996,0.9968,0.9424,0.996,0.986,0.9996,0.9924
Legacy-15,327.0,0.9847,0.9674929851358316,1.0,8,0.964,0.9996,0.9968,0.9428,0.996,0.9864,0.9996,0.9924
Legacy-15,328.0,0.98495,0.967954937734164,1.0,8,0.9644,0.9996,0.9968,0.9436,0.9964,0.9868,0.9996,0.9924
Legacy-15,329.0,0.98515,0.9682610540063393,1.0,8,0.9648,0.9996,0.9968,0.944,0.9964,0.9872,1.0,0.9924
Legacy-15,330.0,0.9852,0.9683588465529058,1.0,8,0.9652,0.9996,0.9968,0.944,0.9964,0.9872,1.0,0.9924
Legacy-15,331.0,0.98535,0.9687516782391475,1.0,8,0.9656,0.9996,0.9968,0.9448,0.9964,0.9872,1.0,0.9924
Legacy-15,332.0,0.9856,0.969274401647369,1.0,8,0.9664,0.9996,0.9968,0.9456,0.9964,0.9872,1.0,0.9928
Legacy-15,333.0,0.98595,0.969980244780311,1.0,8,0.9672,0.9996,0.9972,0.9468,0.9964,0.9876,1.0,0.9928
Legacy-15,334.0,0.9863,0.9706289269956667,1.0,8,0.9692,0.9996,0.9972,0.9472,0.9968,0.9876,1.0,0.9928
Legacy-15,335.0,0.9864999999999999,0.9709035467092675,1.0,8,0.9692,0.9996,0.9972,0.9476,0.9968,0.9884,1.0,0.9932
Legacy-15,336.0,0.98665,0.971065654888238,1.0,8,0.9696,0.9996,0.9972,0.9476,0.9972,0.9888,1.0,0.9932
Legacy-15,337.0,0.98695,0.971640848796798,1.0,8,0.9704,0.9996,0.9972,0.9484,0.9972,0.9896,1.0,0.9932
Legacy-15,338.0,0.9872,0.9719137656744002,1.0,8,0.9712,0.9996,0.9972,0.9484,0.998,0.99,1.0,0.9932
Legacy-15,339.0,0.98725,0.9719476354047697,1.0,8,0.9712,0.9996,0.9972,0.9484,0.998,0.99,1.0,0.9936
Legacy-15,340.0,0.98735,0.9720606950408487,1.0,8,0.9716,0.9996,0.9972,0.9484,0.9984,0.99,1.0,0.9936
Legacy-15,341.0,0.9875,0.9722747835823499,1.0,8,0.9724,0.9996,0.9972,0.9484,0.9984,0.99,1.0,0.994
Legacy-15,342.0,0.9877,0.9725115645978829,1.0,8,0.9724,0.9996,0.9972,0.9488,0.9992,0.9904,1.0,0.994
Legacy-15,343.0,0.98775,0.9726014015879946,1.0,8,0.9728,0.9996,0.9972,0.9488,0.9992,0.9904,1.0,0.994
Legacy-15,344.0,0.9878,0.9726904181441993,1.0,8,0.9732,0.9996,0.9972,0.9488,0.9992,0.9904,1.0,0.994
Legacy-15,345.0,0.98795,0.9728908066216893,1.0,8,0.974,0.9996,0.9976,0.9488,0.9992,0.9904,1.0,0.994
Legacy-15,346.0,0.988,0.9729338441816481,1.0,8,0.974,0.9996,0.9976,0.9488,0.9992,0.9908,1.0,0.994
Legacy-15,347.0,0.9882,0.9734186824287259,1.0,8,0.974,0.9996,0.998,0.95,0.9992,0.9908,1.0,0.994
Legacy-15,348.0,0.98825,0.9735718179116198,1.0,8,0.974,0.9996,0.998,0.9504,0.9992,0.9908,1.0,0.994
Legacy-15,349.0,0.9883,0.9737247238166329,1.0,8,0.974,0.9996,0.998,0.9508,0.9992,0.9908,1.0,0.994
Legacy-15,350.0,0.98845,0.9740726700052901,1.0,8,0.974,0.9996,0.998,0.9516,0.9992,0.9912,1.0,0.994
Legacy-15,351.0,0.98855,0.97415545180614,1.0,8,0.974,0.9996,0.998,0.9516,0.9992,0.992,1.0,0.994
Legacy-15,352.0,0.9886,0.9743078840964677,1.0,8,0.974,0.9996,0.998,0.952,0.9992,0.992,1.0,0.994
Legacy-15,353.0,0.98875,0.9744562768549193,1.0,8,0.9744,0.9996,0.9984,0.952,0.9992,0.992,1.0,0.9944
Legacy-15,354.0,0.9889,0.9746754117973239,1.0,8,0.9744,0.9996,0.9984,0.9524,0.9992,0.992,1.0,0.9952
Legacy-15,355.0,0.98905,0.9751318336288889,1.0,8,0.9744,0.9996,0.9984,0.9536,0.9992,0.992,1.0,0.9952
Legacy-15,356.0,0.98925,0.9756177992163643,1.0,8,0.9744,0.9996,0.9984,0.9548,0.9992,0.992,1.0,0.9956
Legacy-15,357.0,0.98935,0.9759191586640645,1.0,8,0.9744,0.9996,0.9984,0.9556,0.9992,0.992,1.0,0.9956
Legacy-15,358.0,0.9894499999999999,0.9761110914992616,1.0,8,0.9744,0.9996,0.9984,0.956,0.9992,0.9924,1.0,0.9956
Legacy-15,359.0,0.9896,0.9764516695193431,1.0,8,0.9744,0.9996,0.9984,0.9568,0.9992,0.9928,1.0,0.9956
Legacy-15,360.0,0.9897,0.9767503715952377,1.0,8,0.9744,0.9996,0.9984,0.9576,0.9992,0.9928,1.0,0.9956
Legacy-15,361.0,0.9898,0.9769965069442527,1.0,8,0.9748,0.9996,0.9984,0.958,0.9992,0.9928,1.0,0.9956
Legacy-15,362.0,0.98995,0.977325699875481,1.0,8,0.9748,0.9996,0.9984,0.9588,0.9992,0.9928,1.0,0.996
Legacy-15,363.0,0.9901,0.9777698805430998,1.0,8,0.9748,0.9996,0.9984,0.96,0.9992,0.9928,1.0,0.996
Legacy-15,364.0,0.9902,0.9779475651807488,1.0,8,0.9748,0.9996,0.9984,0.9604,0.9992,0.9928,1.0,0.9964
Legacy-15,365.0,0.99025,0.9780945474672151,1.0,8,0.9748,0.9996,0.9984,0.9608,0.9992,0.9928,1.0,0.9964
Legacy-15,366.0,0.9904,0.97831169994227,1.0,8,0.9748,0.9996,0.9984,0.9612,0.9992,0.9932,1.0,0.9968
Legacy-15,367.0,0.9905,0.9784783136092073,1.0,8,0.9748,0.9996,0.9984,0.9616,0.9996,0.9932,1.0,0.9968
Legacy-15,368.0,0.9906,0.9787695955207416,1.0,8,0.9748,0.9996,0.9984,0.9624,0.9996,0.9932,1.0,0.9968
Legacy-15,369.0,0.9907,0.97890104367963,1.0,8,0.9752,0.9996,0.9984,0.9624,0.9996,0.9932,1.0,0.9972
Legacy-15,370.0,0.99095,0.9795433178985956,1.0,8,0.976,0.9996,0.9984,0.9636,0.9996,0.9932,1.0,0.9972
Legacy-15,371.0,0.99115,0.979964721489913,1.0,8,0.9764,0.9996,0.9984,0.9644,0.9996,0.9932,1.0,0.9976
Legacy-15,372.0,0.99125,0.9802549299395624,1.0,8,0.9764,0.9996,0.9984,0.9652,0.9996,0.9932,1.0,0.9976
Legacy-15,373.0,0.99125,0.9802549299395624,1.0,8,0.9764,0.9996,0.9984,0.9652,0.9996,0.9932,1.0,0.9976
Legacy-15,374.0,0.99125,0.9802549299395624,1.0,8,0.9764,0.9996,0.9984,0.9652,0.9996,0.9932,1.0,0.9976
Legacy-15,375.0,0.9914,0.9804099272652868,1.0,8,0.9768,0.9996,0.9984,0.9652,0.9996,0.9932,1.0,0.9984
Legacy-15,376.0,0.9914,0.9804099272652868,1.0,8,0.9768,0.9996,0.9984,0.9652,0.9996,0.9932,1.0,0.9984
Legacy-15,377.0,0.9914,0.9804099272652868,1.0,8,0.9768,0.9996,0.9984,0.9652,0.9996,0.9932,1.0,0.9984
Legacy-15,378.0,0.9914,0.9804099272652868,1.0,8,0.9768,0.9996,0.9984,0.9652,0.9996,0.9932,1.0,0.9984
Legacy-15,379.0,0.9915,0.9805364966707717,1.0,8,0.9772,0.9996,0.9984,0.9652,0.9996,0.9932,1.0,0.9988
Legacy-15,380.0,0.99155,0.9806821145673694,1.0,8,0.9772,0.9996,0.9984,0.9656,0.9996,0.9932,1.0,0.9988
Legacy-15,381.0,0.99165,0.9809301676689718,1.0,8,0.9776,0.9996,0.9984,0.966,0.9996,0.9932,1.0,0.9988
Legacy-15,382.0,0.9918,0.9812794518950498,1.0,8,0.9784,0.9996,0.9984,0.9664,0.9996,0.9932,1.0,0.9988
Legacy-15,383.0,0.99185,0.9813022401434679,1.0,8,0.9784,0.9996,0.9984,0.9664,0.9996,0.9932,1.0,0.9992
Legacy-15,384.0,0.99205,0.9817482791906434,1.0,8,0.9796,0.9996,0.9984,0.9668,0.9996,0.9932,1.0,0.9992
Legacy-15,385.0,0.99215,0.9818661341486669,1.0,8,0.98,0.9996,0.9984,0.9668,1.0,0.9932,1.0,0.9992
Legacy-15,386.0,0.99225,0.9820081768159215,1.0,8,0.9804,0.9996,0.9984,0.9668,1.0,0.9936,1.0,0.9992
Legacy-15,387.0,0.9923,0.9820522297773753,1.0,8,0.9804,0.9996,0.9984,0.9668,1.0,0.994,1.0,0.9992
Legacy-15,388.0,0.9924,0.9822979019364433,1.0,8,0.9808,0.9996,0.9984,0.9672,1.0,0.994,1.0,0.9992
Legacy-15,389.0,0.9924999999999999,0.982596404918631,1.0,8,0.9808,0.9996,0.9984,0.968,1.0,0.994,1.0,0.9992
Legacy-15,390.0,0.9924999999999999,0.982596404918631,1.0,8,0.9808,0.9996,0.9984,0.968,1.0,0.994,1.0,0.9992
Legacy-15,391.0,0.9928,0.9832810586197834,1.0,8,0.9816,0.9996,0.9984,0.9692,1.0,0.9944,1.0,0.9992
Legacy-15,392.0,0.9929,0.9834725748345585,1.0,8,0.9816,0.9996,0.9984,0.9696,1.0,0.9948,1.0,0.9992
Legacy-15,393.0,0.99305,0.9839167115377905,1.0,8,0.9816,0.9996,0.9984,0.9708,1.0,0.9948,1.0,0.9992
Legacy-15,394.0,0.99305,0.9839167115377905,1.0,8,0.9816,0.9996,0.9984,0.9708,1.0,0.9948,1.0,0.9992
Legacy-15,395.0,0.99305,0.9839167115377905,1.0,8,0.9816,0.9996,0.9984,0.9708,1.0,0.9948,1.0,0.9992
Legacy-15,396.0,0.9931,0.9840161654906721,1.0,8,0.982,0.9996,0.9984,0.9708,1.0,0.9948,1.0,0.9992
Legacy-15,397.0,0.9932,0.984262928164102,1.0,8,0.9824,0.9996,0.9984,0.9712,1.0,0.9948,1.0,0.9992
Legacy-15,398.0,0.99325,0.9843049968582813,1.0,8,0.9824,0.9996,0.9984,0.9712,1.0,0.9952,1.0,0.9992
Legacy-15,399.0,0.9934,0.9847003261801703,1.0,8,0.9828,0.9996,0.9984,0.972,1.0,0.9952,1.0,0.9992
Legacy-15,400.0,0.9934499999999999,0.9848483502252059,1.0,8,0.9828,0.9996,0.9984,0.9724,1.0,0.9952,1.0,0.9992
Legacy-15,401.0,0.9934499999999999,0.9848483502252059,1.0,8,0.9828,0.9996,0.9984,0.9724,1.0,0.9952,1.0,0.9992
Legacy-15,402.0,0.9935,0.9849958598759193,1.0,8,0.9828,0.9996,0.9984,0.9728,1.0,0.9952,1.0,0.9992
Legacy-15,403.0,0.9935499999999999,0.9850954498688786,1.0,8,0.9832,0.9996,0.9984,0.9728,1.0,0.9952,1.0,0.9992
Legacy-15,404.0,0.9935499999999999,0.9850954498688786,1.0,8,0.9832,0.9996,0.9984,0.9728,1.0,0.9952,1.0,0.9992
Legacy-15,405.0,0.99365,0.9852904932182618,1.0,8,0.984,0.9996,0.9984,0.9728,1.0,0.9952,1.0,0.9992
Legacy-15,406.0,0.9938,0.9856857995728828,1.0,8,0.9844,0.9996,0.9984,0.9736,1.0,0.9952,1.0,0.9992
Legacy-15,407.0,0.9939,0.9859313687252542,1.0,8,0.9848,0.9996,0.9984,0.974,1.0,0.9952,1.0,0.9992
Legacy-15,408.0,0.9939,0.9859313687252542,1.0,8,0.9848,0.9996,0.9984,0.974,1.0,0.9952,1.0,0.9992
Legacy-15,409.0,0.99395,0.9860262415353976,1.0,8,0.9852,0.9996,0.9984,0.974,1.0,0.9952,1.0,0.9992
Legacy-15,410.0,0.994,0.986119595305896,1.0,8,0.9856,0.9996,0.9984,0.974,1.0,0.9952,1.0,0.9992
Legacy-15,411.0,0.9942,0.9865438261513991,1.0,8,0.9868,0.9996,0.9984,0.9744,1.0,0.9952,1.0,0.9992
Legacy-15,412.0,0.99425,0.9866969279482026,1.0,8,0.9868,0.9996,0.9984,0.9748,1.0,0.9952,1.0,0.9992
Legacy-15,413.0,0.9943,0.9868495796786835,1.0,8,0.9868,0.9996,0.9984,0.9752,1.0,0.9952,1.0,0.9992
Legacy-15,414.0,0.9944,0.9870461917737425,1.0,8,0.9868,0.9996,0.9984,0.9756,1.0,0.9956,1.0,0.9992
Legacy-15,415.0,0.9944500000000001,0.9871366413965608,1.0,8,0.9872,0.9996,0.9984,0.9756,1.0,0.9956,1.0,0.9992
Legacy-15,416.0,0.9944500000000001,0.9871366413965608,1.0,8,0.9872,0.9996,0.9984,0.9756,1.0,0.9956,1.0,0.9992
Legacy-15,417.0,0.99455,0.9871811312368713,1.0,8,0.9872,0.9996,0.9984,0.9756,1.0,0.9956,1.0,1.0
Legacy-15,418.0,0.99455,0.9871811312368713,1.0,8,0.9872,0.9996,0.9984,0.9756,1.0,0.9956,1.0,1.0
Legacy-15,419.0,0.99465,0.9874234694855148,1.0,8,0.9876,0.9996,0.9984,0.976,1.0,0.9956,1.0,1.0
Legacy-15,420.0,0.9947,0.9875115781510424,1.0,8,0.988,0.9996,0.9984,0.976,1.0,0.9956,1.0,1.0
Legacy-15,421.0,0.9947,0.9875115781510424,1.0,8,0.988,0.9996,0.9984,0.976,1.0,0.9956,1.0,1.0
Legacy-15,422.0,0.99495,0.9881472105622819,1.0,8,0.9888,0.9996,0.9984,0.9772,1.0,0.9956,1.0,1.0
Legacy-15,423.0,0.99515,0.9885535393642012,1.0,8,0.99,0.9996,0.9984,0.9776,1.0,0.9956,1.0,1.0
Legacy-15,424.0,0.99525,0.9887560860092204,1.0,8,0.99,0.9996,0.9984,0.978,1.0,0.996,1.0,1.0
Legacy-15,425.0,0.9953,0.9888373836484637,1.0,8,0.9904,0.9996,0.9984,0.978,1.0,0.996,1.0,1.0
Legacy-15,426.0,0.9954000000000001,0.9890742170670909,1.0,8,0.9908,0.9996,0.9984,0.9784,1.0,0.996,1.0,1.0
Legacy-15,427.0,0.9955,0.989310202648713,1.0,8,0.9912,0.9996,0.9984,0.9788,1.0,0.996,1.0,1.0
Legacy-15,428.0,0.9956,0.98951369322636,1.0,8,0.9912,0.9996,0.9984,0.9792,1.0,0.9964,1.0,1.0
Legacy-15,429.0,0.99565,0.9896711455536139,1.0,8,0.9912,0.9996,0.9984,0.9796,1.0,0.9964,1.0,1.0
Legacy-15,430.0,0.99575,0.9899076840583122,1.0,8,0.9916,0.9996,0.9984,0.98,1.0,0.9964,1.0,1.0
Legacy-15,431.0,0.99585,0.990029607807305,1.0,8,0.992,0.9996,0.9984,0.98,1.0,0.9968,1.0,1.0
Legacy-15,432.0,0.996,0.9902484844854347,1.0,8,0.9932,0.9996,0.9984,0.98,1.0,0.9968,1.0,1.0
Legacy-15,433.0,0.99605,0.990316747452206,1.0,8,0.9936,0.9996,0.9984,0.98,1.0,0.9968,1.0,1.0
Legacy-15,434.0,0.9961,0.9903826225448825,1.0,8,0.994,0.9996,0.9984,0.98,1.0,0.9968,1.0,1.0
Legacy-15,435.0,0.9961,0.9903826225448825,1.0,8,0.994,0.9996,0.9984,0.98,1.0,0.9968,1.0,1.0
Legacy-15,436.0,0.9961,0.9903826225448825,1.0,8,0.994,0.9996,0.9984,0.98,1.0,0.9968,1.0,1.0
Legacy-15,437.0,0.9961,0.9903826225448825,1.0,8,0.994,0.9996,0.9984,0.98,1.0,0.9968,1.0,1.0
Legacy-15,438.0,0.9961,0.9903826225448825,1.0,8,0.994,0.9996,0.9984,0.98,1.0,0.9968,1.0,1.0
Legacy-15,439.0,0.9961,0.9903826225448825,1.0,8,0.994,0.9996,0.9984,0.98,1.0,0.9968,1.0,1.0
Legacy-15,440.0,0.9961,0.9903826225448825,1.0,8,0.994,0.9996,0.9984,0.98,1.0,0.9968,1.0,1.0
Legacy-15,441.0,0.99615,0.9905450070225926,1.0,8,0.994,0.9996,0.9984,0.9804,1.0,0.9968,1.0,1.0
Legacy-15,442.0,0.9962,0.9907071452127072,1.0,8,0.994,0.9996,0.9984,0.9808,1.0,0.9968,1.0,1.0
Legacy-15,443.0,0.9962,0.9907071452127072,1.0,8,0.994,0.9996,0.9984,0.9808,1.0,0.9968,1.0,1.0
Legacy-15,444.0,0.9963,0.990934449878424,1.0,8,0.9944,0.9996,0.9984,0.9812,1.0,0.9968,1.0,1.0
Legacy-15,445.0,0.9963,0.990934449878424,1.0,8,0.9944,0.9996,0.9984,0.9812,1.0,0.9968,1.0,1.0
Legacy-15,446.0,0.9963,0.990934449878424,1.0,8,0.9944,0.9996,0.9984,0.9812,1.0,0.9968,1.0,1.0
Legacy-15,447.0,0.9963,0.990934449878424,1.0,8,0.9944,0.9996,0.9984,0.9812,1.0,0.9968,1.0,1.0
Legacy-15,448.0,0.9963,0.990934449878424,1.0,8,0.9944,0.9996,0.9984,0.9812,1.0,0.9968,1.0,1.0
Legacy-15,449.0,0.9963,0.990934449878424,1.0,8,0.9944,0.9996,0.9984,0.9812,1.0,0.9968,1.0,1.0
Legacy-15,450.0,0.9963,0.990934449878424,1.0,8,0.9944,0.9996,0.9984,0.9812,1.0,0.9968,1.0,1.0
Legacy-15,451.0,0.9964,0.991258795541343,1.0,8,0.9944,0.9996,0.9984,0.982,1.0,0.9968,1.0,1.0
Legacy-15,452.0,0.9964,0.991258795541343,1.0,8,0.9944,0.9996,0.9984,0.982,1.0,0.9968,1.0,1.0
Legacy-15,453.0,0.9964500000000001,0.9914205507197608,1.0,8,0.9944,0.9996,0.9984,0.9824,1.0,0.9968,1.0,1.0
Legacy-15,454.0,0.9964999999999999,0.9915820021386457,1.0,8,0.9944,0.9996,0.9984,0.9828,1.0,0.9968,1.0,1.0
Legacy-15,455.0,0.99665,0.991971166477216,1.0,8,0.9948,0.9996,0.9984,0.9836,1.0,0.9968,1.0,1.0
Legacy-15,456.0,0.99675,0.9922933261852508,1.0,8,0.9948,0.9996,0.9984,0.9844,1.0,0.9968,1.0,1.0
Legacy-15,457.0,0.9968,0.9924538384915949,1.0,8,0.9948,0.9996,0.9984,0.9848,1.0,0.9968,1.0,1.0
Legacy-15,458.0,0.9968,0.9924538384915949,1.0,8,0.9948,0.9996,0.9984,0.9848,1.0,0.9968,1.0,1.0
Legacy-15,459.0,0.99695,0.9929327308149245,1.0,8,0.9948,0.9996,0.9984,0.986,1.0,0.9968,1.0,1.0
Legacy-15,460.0,0.99695,0.9929327308149245,1.0,8,0.9948,0.9996,0.9984,0.986,1.0,0.9968,1.0,1.0
Legacy-15,461.0,0.99695,0.9929327308149245,1.0,8,0.9948,0.9996,0.9984,0.986,1.0,0.9968,1.0,1.0
Legacy-15,462.0,0.99695,0.9929327308149245,1.0,8,0.9948,0.9996,0.9984,0.986,1.0,0.9968,1.0,1.0
Legacy-15,463.0,0.99695,0.9929327308149245,1.0,8,0.9948,0.9996,0.9984,0.986,1.0,0.9968,1.0,1.0
Legacy-15,464.0,0.99695,0.9929327308149245,1.0,8,0.9948,0.9996,0.9984,0.986,1.0,0.9968,1.0,1.0
Legacy-15,465.0,0.99705,0.9931621097543141,1.0,8,0.9952,0.9996,0.9984,0.9864,1.0,0.9968,1.0,1.0
Legacy-15,466.0,0.99705,0.9931621097543141,1.0,8,0.9952,0.9996,0.9984,0.9864,1.0,0.9968,1.0,1.0
Legacy-15,467.0,0.99705,0.9931621097543141,1.0,8,0.9952,0.9996,0.9984,0.9864,1.0,0.9968,1.0,1.0
Legacy-15,468.0,0.9971,0.9932293601719391,1.0,8,0.9956,0.9996,0.9984,0.9864,1.0,0.9968,1.0,1.0
Legacy-15,469.0,0.99715,0.993293060679808,1.0,8,0.996,0.9996,0.9984,0.9864,1.0,0.9968,1.0,1.0
Legacy-15,470.0,0.9972,0.9933531733486269,1.0,8,0.9964,0.9996,0.9984,0.9864,1.0,0.9968,1.0,1.0
Legacy-15,471.0,0.9974000000000001,0.9938966967424607,1.0,8,0.9968,0.9996,0.9984,0.9876,1.0,0.9968,1.0,1.0
Legacy-15,472.0,0.9974000000000001,0.9938966967424607,1.0,8,0.9968,0.9996,0.9984,0.9876,1.0,0.9968,1.0,1.0
Legacy-15,473.0,0.99745,0.9939515467920501,1.0,8,0.9972,0.9996,0.9984,0.9876,1.0,0.9968,1.0,1.0
Legacy-15,474.0,0.99745,0.9939515467920501,1.0,8,0.9972,0.9996,0.9984,0.9876,1.0,0.9968,1.0,1.0
Legacy-15,475.0,0.99745,0.9939515467920501,1.0,8,0.9972,0.9996,0.9984,0.9876,1.0,0.9968,1.0,1.0
Legacy-15,476.0,0.9975,0.9941138353185351,1.0,8,0.9972,0.9996,0.9984,0.988,1.0,0.9968,1.0,1.0
Legacy-15,477.0,0.9975,0.9941138353185351,1.0,8,0.9972,0.9996,0.9984,0.988,1.0,0.9968,1.0,1.0
Legacy-15,478.0,0.9975,0.9941138353185351,1.0,8,0.9972,0.9996,0.9984,0.988,1.0,0.9968,1.0,1.0
Legacy-15,479.0,0.9975,0.9941138353185351,1.0,8,0.9972,0.9996,0.9984,0.988,1.0,0.9968,1.0,1.0
Legacy-15,480.0,0.9975,0.9941138353185351,1.0,8,0.9972,0.9996,0.9984,0.988,1.0,0.9968,1.0,1.0
Legacy-15,481.0,0.9975499999999999,0.9942757040792277,1.0,8,0.9972,0.9996,0.9984,0.9884,1.0,0.9968,1.0,1.0
Legacy-15,482.0,0.9975499999999999,0.9942757040792277,1.0,8,0.9972,0.9996,0.9984,0.9884,1.0,0.9968,1.0,1.0
Legacy-15,483.0,0.9975499999999999,0.9942757040792277,1.0,8,0.9972,0.9996,0.9984,0.9884,1.0,0.9968,1.0,1.0
Legacy-15,484.0,0.9975499999999999,0.9942757040792277,1.0,8,0.9972,0.9996,0.9984,0.9884,1.0,0.9968,1.0,1.0
Legacy-15,485.0,0.9976,0.9944371085335454,1.0,8,0.9972,0.9996,0.9984,0.9888,1.0,0.9968,1.0,1.0
Legacy-15,486.0,0.9976,0.9944371085335454,1.0,8,0.9972,0.9996,0.9984,0.9888,1.0,0.9968,1.0,1.0
Legacy-15,487.0,0.99765,0.9945979978366067,1.0,8,0.9972,0.9996,0.9984,0.9892,1.0,0.9968,1.0,1.0
Legacy-15,488.0,0.99765,0.9945979978366067,1.0,8,0.9972,0.9996,0.9984,0.9892,1.0,0.9968,1.0,1.0
Legacy-15,489.0,0.99765,0.9945979978366067,1.0,8,0.9972,0.9996,0.9984,0.9892,1.0,0.9968,1.0,1.0
Legacy-15,490.0,0.99765,0.9945979978366067,1.0,8,0.9972,0.9996,0.9984,0.9892,1.0,0.9968,1.0,1.0
Legacy-15,491.0,0.99765,0.9945979978366067,1.0,8,0.9972,0.9996,0.9984,0.9892,1.0,0.9968,1.0,1.0
Legacy-15,492.0,0.99765,0.9945979978366067,1.0,8,0.9972,0.9996,0.9984,0.9892,1.0,0.9968,1.0,1.0
Legacy-15,493.0,0.99765,0.9945979978366067,1.0,8,0.9972,0.9996,0.9984,0.9892,1.0,0.9968,1.0,1.0
Legacy-15,494.0,0.9977,0.9946515997930999,1.0,8,0.9976,0.9996,0.9984,0.9892,1.0,0.9968,1.0,1.0
Legacy-15,495.0,0.9977,0.9946515997930999,1.0,8,0.9976,0.9996,0.9984,0.9892,1.0,0.9968,1.0,1.0
Legacy-15,496.0,0.9977,0.9946515997930999,1.0,8,0.9976,0.9996,0.9984,0.9892,1.0,0.9968,1.0,1.0
Legacy-15,497.0,0.99775,0.9948127309346095,1.0,8,0.9976,0.9996,0.9984,0.9896,1.0,0.9968,1.0,1.0
Legacy-15,498.0,0.99775,0.9948127309346095,1.0,8,0.9976,0.9996,0.9984,0.9896,1.0,0.9968,1.0,1.0
Legacy-15,499.0,0.9978,0.9949732843389242,1.0,8,0.9976,0.9996,0.9984,0.99,1.0,0.9968,1.0,1.0
Legacy-15,500.0,0.99785,0.9951331894766762,1.0,8,0.9976,0.9996,0.9984,0.9904,1.0,0.9968,1.0,1.0
Legacy-15,501.0,0.99785,0.9951331894766762,1.0,8,0.9976,0.9996,0.9984,0.9904,1.0,0.9968,1.0,1.0
Legacy-15,502.0,0.9979,0.9952923643782702,1.0,8,0.9976,0.9996,0.9984,0.9908,1.0,0.9968,1.0,1.0
Legacy-15,503.0,0.99795,0.9953442802080944,1.0,8,0.998,0.9996,0.9984,0.9908,1.0,0.9968,1.0,1.0
Legacy-15,504.0,0.99795,0.9953442802080944,1.0,8,0.998,0.9996,0.9984,0.9908,1.0,0.9968,1.0,1.0
Legacy-15,505.0,0.99795,0.9953442802080944,1.0,8,0.998,0.9996,0.9984,0.9908,1.0,0.9968,1.0,1.0
Legacy-15,506.0,0.998,0.9955035123244275,1.0,8,0.998,0.9996,0.9984,0.9912,1.0,0.9968,1.0,1.0
Legacy-15,507.0,0.99805,0.9955507133464154,1.0,8,0.9984,0.9996,0.9984,0.9912,1.0,0.9968,1.0,1.0
Legacy-15,508.0,0.9981,0.9957097950252272,1.0,8,0.9984,0.9996,0.9984,0.9916,1.0,0.9968,1.0,1.0
Legacy-15,509.0,0.9981,0.9957097950252272,1.0,8,0.9984,0.9996,0.9984,0.9916,1.0,0.9968,1.0,1.0
Legacy-15,510.0,0.99815,0.9957518686757781,1.0,8,0.9988,0.9996,0.9984,0.9916,1.0,0.9968,1.0,1.0
Legacy-15,511.0,0.9982,0.9959105348097989,1.0,8,0.9988,0.9996,0.9984,0.992,1.0,0.9968,1.0,1.0
Legacy-15,512.0,0.9982,0.9959105348097989,1.0,8,0.9988,0.9996,0.9984,0.992,1.0,0.9968,1.0,1.0
Legacy-15,513.0,0.99825,0.996068203952916,1.0,8,0.9988,0.9996,0.9984,0.9924,1.0,0.9968,1.0,1.0
Legacy-15,514.0,0.9983,0.9962247209223817,1.0,8,0.9988,0.9996,0.9984,0.9928,1.0,0.9968,1.0,1.0
Legacy-15,515.0,0.99835,0.9963798988264739,1.0,8,0.9988,0.9996,0.9984,0.9932,1.0,0.9968,1.0,1.0
Legacy-15,516.0,0.99835,0.9963798988264739,1.0,8,0.9988,0.9996,0.9984,0.9932,1.0,0.9968,1.0,1.0
Legacy-15,517.0,0.99835,0.9963798988264739,1.0,8,0.9988,0.9996,0.9984,0.9932,1.0,0.9968,1.0,1.0
Legacy-15,518.0,0.9984,0.9965335112797401,1.0,8,0.9988,0.9996,0.9984,0.9936,1.0,0.9968,1.0,1.0
Legacy-15,519.0,0.9984,0.9965335112797401,1.0,8,0.9988,0.9996,0.9984,0.9936,1.0,0.9968,1.0,1.0
Legacy-15,520.0,0.9984,0.9965335112797401,1.0,8,0.9988,0.9996,0.9984,0.9936,1.0,0.9968,1.0,1.0
Legacy-15,521.0,0.9984,0.9965335112797401,1.0,8,0.9988,0.9996,0.9984,0.9936,1.0,0.9968,1.0,1.0
Legacy-15,522.0,0.9984,0.9965335112797401,1.0,8,0.9988,0.9996,0.9984,0.9936,1.0,0.9968,1.0,1.0
Legacy-15,523.0,0.9984,0.9965335112797401,1.0,8,0.9988,0.9996,0.9984,0.9936,1.0,0.9968,1.0,1.0
Legacy-15,524.0,0.9984,0.9965335112797401,1.0,8,0.9988,0.9996,0.9984,0.9936,1.0,0.9968,1.0,1.0
Legacy-15,525.0,0.9984999999999999,0.9968348749188981,1.0,8,0.9988,0.9996,0.9984,0.9944,1.0,0.9968,1.0,1.0
Legacy-15,526.0,0.9984999999999999,0.9968348749188981,1.0,8,0.9988,0.9996,0.9984,0.9944,1.0,0.9968,1.0,1.0
Legacy-15,527.0,0.9984999999999999,0.9968348749188981,1.0,8,0.9988,0.9996,0.9984,0.9944,1.0,0.9968,1.0,1.0
Legacy-15,528.0,0.9984999999999999,0.9968348749188981,1.0,8,0.9988,0.9996,0.9984,0.9944,1.0,0.9968,1.0,1.0
Legacy-15,529.0,0.9984999999999999,0.9968348749188981,1.0,8,0.9988,0.9996,0.9984,0.9944,1.0,0.9968,1.0,1.0
Legacy-15,530.0,0.99855,0.9969818732769183,1.0,8,0.9988,0.9996,0.9984,0.9948,1.0,0.9968,1.0,1.0
Legacy-15,531.0,0.99855,0.9969818732769183,1.0,8,0.9988,0.9996,0.9984,0.9948,1.0,0.9968,1.0,1.0
Legacy-15,532.0,0.99855,0.9969818732769183,1.0,8,0.9988,0.9996,0.9984,0.9948,1.0,0.9968,1.0,1.0
Legacy-15,533.0,0.99855,0.9969818732769183,1.0,8,0.9988,0.9996,0.9984,0.9948,1.0,0.9968,1.0,1.0
Legacy-15,534.0,0.99855,0.9969818732769183,1.0,8,0.9988,0.9996,0.9984,0.9948,1.0,0.9968,1.0,1.0
Legacy-15,535.0,0.99855,0.9969818732769183,1.0,8,0.9988,0.9996,0.9984,0.9948,1.0,0.9968,1.0,1.0
Legacy-15,536.0,0.99855,0.9969818732769183,1.0,8,0.9988,0.9996,0.9984,0.9948,1.0,0.9968,1.0,1.0
Legacy-15,537.0,0.99855,0.9969818732769183,1.0,8,0.9988,0.9996,0.9984,0.9948,1.0,0.9968,1.0,1.0
Legacy-15,538.0,0.99855,0.9969818732769183,1.0,8,0.9988,0.9996,0.9984,0.9948,1.0,0.9968,1.0,1.0
Legacy-15,539.0,0.99855,0.9969818732769183,1.0,8,0.9988,0.9996,0.9984,0.9948,1.0,0.9968,1.0,1.0
Legacy-15,540.0,0.99855,0.9969818732769183,1.0,8,0.9988,0.9996,0.9984,0.9948,1.0,0.9968,1.0,1.0
Legacy-15,541.0,0.99855,0.9969818732769183,1.0,8,0.9988,0.9996,0.9984,0.9948,1.0,0.9968,1.0,1.0
Legacy-15,542.0,0.99855,0.9969818732769183,1.0,8,0.9988,0.9996,0.9984,0.9948,1.0,0.9968,1.0,1.0
Legacy-15,543.0,0.9987,0.9974015556148111,0.9999984443851889,8,0.9988,0.9996,0.9984,0.996,1.0,0.9968,1.0,1.0
Legacy-15,544.0,0.9987,0.9974015556148111,0.9999984443851889,8,0.9988,0.9996,0.9984,0.996,1.0,0.9968,1.0,1.0
Legacy-15,545.0,0.9987,0.9974015556148111,0.9999984443851889,8,0.9988,0.9996,0.9984,0.996,1.0,0.9968,1.0,1.0
Legacy-15,546.0,0.9987,0.9974015556148111,0.9999984443851889,8,0.9988,0.9996,0.9984,0.996,1.0,0.9968,1.0,1.0
Legacy-15,547.0,0.9987,0.9974015556148111,0.9999984443851889,8,0.9988,0.9996,0.9984,0.996,1.0,0.9968,1.0,1.0
Legacy-15,548.0,0.9987,0.9974015556148111,0.9999984443851889,8,0.9988,0.9996,0.9984,0.996,1.0,0.9968,1.0,1.0
Legacy-15,549.0,0.9987,0.9974015556148111,0.9999984443851889,8,0.9988,0.9996,0.9984,0.996,1.0,0.9968,1.0,1.0
Legacy-15,550.0,0.9987,0.9974015556148111,0.9999984443851889,8,0.9988,0.9996,0.9984,0.996,1.0,0.9968,1.0,1.0
Legacy-15,551.0,0.9987,0.9974015556148111,0.9999984443851889,8,0.9988,0.9996,0.9984,0.996,1.0,0.9968,1.0,1.0
Legacy-15,552.0,0.9987,0.9974015556148111,0.9999984443851889,8,0.9988,0.9996,0.9984,0.996,1.0,0.9968,1.0,1.0
Legacy-15,553.0,0.9987,0.9974015556148111,0.9999984443851889,8,0.9988,0.9996,0.9984,0.996,1.0,0.9968,1.0,1.0
Legacy-15,554.0,0.9987,0.9974015556148111,0.9999984443851889,8,0.9988,0.9996,0.9984,0.996,1.0,0.9968,1.0,1.0
Legacy-15,555.0,0.9987,0.9974015556148111,0.9999984443851889,8,0.9988,0.9996,0.9984,0.996,1.0,0.9968,1.0,1.0
Legacy-15,556.0,0.9987,0.9974015556148111,0.9999984443851889,8,0.9988,0.9996,0.9984,0.996,1.0,0.9968,1.0,1.0
Legacy-15,557.0,0.9987,0.9974015556148111,0.9999984443851889,8,0.9988,0.9996,0.9984,0.996,1.0,0.9968,1.0,1.0
Legacy-15,558.0,0.9987,0.9974015556148111,0.9999984443851889,8,0.9988,0.9996,0.9984,0.996,1.0,0.9968,1.0,1.0
Legacy-15,559.0,0.9987,0.9974015556148111,0.9999984443851889,8,0.9988,0.9996,0.9984,0.996,1.0,0.9968,1.0,1.0
Legacy-15,560.0,0.9987,0.9974015556148111,0.9999984443851889,8,0.9988,0.9996,0.9984,0.996,1.0,0.9968,1.0,1.0
Legacy-15,561.0,0.99875,0.9975317216223879,0.9999682783776122,8,0.9988,0.9996,0.9984,0.9964,1.0,0.9968,1.0,1.0
Legacy-15,562.0,0.99875,0.9975317216223879,0.9999682783776122,8,0.9988,0.9996,0.9984,0.9964,1.0,0.9968,1.0,1.0
Legacy-15,563.0,0.99875,0.9975317216223879,0.9999682783776122,8,0.9988,0.9996,0.9984,0.9964,1.0,0.9968,1.0,1.0
Legacy-15,564.0,0.9988,0.9976552674048994,0.9999447325951006,8,0.9988,0.9996,0.9984,0.9968,1.0,0.9968,1.0,1.0
Legacy-15,565.0,0.9988,0.9976552674048994,0.9999447325951006,8,0.9988,0.9996,0.9984,0.9968,1.0,0.9968,1.0,1.0
Legacy-15,566.0,0.9988,0.9976552674048994,0.9999447325951006,8,0.9988,0.9996,0.9984,0.9968,1.0,0.9968,1.0,1.0
Legacy-15,567.0,0.9988,0.9976552674048994,0.9999447325951006,8,0.9988,0.9996,0.9984,0.9968,1.0,0.9968,1.0,1.0
Legacy-15,568.0,0.9988,0.9976552674048994,0.9999447325951006,8,0.9988,0.9996,0.9984,0.9968,1.0,0.9968,1.0,1.0
Legacy-15,569.0,0.9988,0.9976552674048994,0.9999447325951006,8,0.9988,0.9996,0.9984,0.9968,1.0,0.9968,1.0,1.0
Legacy-15,570.0,0.9988,0.9976552674048994,0.9999447325951006,8,0.9988,0.9996,0.9984,0.9968,1.0,0.9968,1.0,1.0
Legacy-15,571.0,0.9988,0.9976552674048994,0.9999447325951006,8,0.9988,0.9996,0.9984,0.9968,1.0,0.9968,1.0,1.0
Legacy-15,572.0,0.99885,0.9977708385902868,0.9999291614097132,8,0.9988,0.9996,0.9984,0.9972,1.0,0.9968,1.0,1.0
Legacy-15,573.0,0.99885,0.9977708385902868,0.9999291614097132,8,0.9988,0.9996,0.9984,0.9972,1.0,0.9968,1.0,1.0
Legacy-15,574.0,0.99885,0.9977708385902868,0.9999291614097132,8,0.9988,0.9996,0.9984,0.9972,1.0,0.9968,1.0,1.0
Legacy-15,575.0,0.99885,0.9977708385902868,0.9999291614097132,8,0.9988,0.9996,0.9984,0.9972,1.0,0.9968,1.0,1.0
Legacy-15,576.0,0.99885,0.9977708385902868,0.9999291614097132,8,0.9988,0.9996,0.9984,0.9972,1.0,0.9968,1.0,1.0
Legacy-15,577.0,0.99885,0.9977708385902868,0.9999291614097132,8,0.9988,0.9996,0.9984,0.9972,1.0,0.9968,1.0,1.0
Legacy-15,578.0,0.9989,0.9978769007344628,0.9999230992655372,8,0.9988,0.9996,0.9984,0.9976,1.0,0.9968,1.0,1.0
Legacy-15,579.0,0.9989,0.9978769007344628,0.9999230992655372,8,0.9988,0.9996,0.9984,0.9976,1.0,0.9968,1.0,1.0
Legacy-15,580.0,0.9989,0.9978769007344628,0.9999230992655372,8,0.9988,0.9996,0.9984,0.9976,1.0,0.9968,1.0,1.0
Legacy-15,581.0,0.99895,0.9979718175062539,0.9999281824937462,8,0.9988,0.9996,0.9984,0.998,1.0,0.9968,1.0,1.0
Legacy-15,582.0,0.99895,0.9979718175062539,0.9999281824937462,8,0.9988,0.9996,0.9984,0.998,1.0,0.9968,1.0,1.0
Legacy-15,583.0,0.99895,0.9979718175062539,0.9999281824937462,8,0.9988,0.9996,0.9984,0.998,1.0,0.9968,1.0,1.0
Legacy-15,584.0,0.99895,0.9979718175062539,0.9999281824937462,8,0.9988,0.9996,0.9984,0.998,1.0,0.9968,1.0,1.0
Legacy-15,585.0,0.99895,0.9979718175062539,0.9999281824937462,8,0.9988,0.9996,0.9984,0.998,1.0,0.9968,1.0,1.0
Legacy-15,586.0,0.99895,0.9979718175062539,0.9999281824937462,8,0.9988,0.9996,0.9984,0.998,1.0,0.9968,1.0,1.0
Legacy-15,587.0,0.99895,0.9979718175062539,0.9999281824937462,8,0.9988,0.9996,0.9984,0.998,1.0,0.9968,1.0,1.0
Legacy-15,588.0,0.999,0.998054,0.999946,8,0.9988,0.9996,0.9984,0.9984,1.0,0.9968,1.0,1.0
Legacy-15,589.0,0.999,0.998054,0.999946,8,0.9988,0.9996,0.9984,0.9984,1.0,0.9968,1.0,1.0
Legacy-15,590.0,0.999,0.998054,0.999946,8,0.9988,0.9996,0.9984,0.9984,1.0,0.9968,1.0,1.0
Legacy-15,591.0,0.999,0.998054,0.999946,8,0.9988,0.9996,0.9984,0.9984,1.0,0.9968,1.0,1.0
Legacy-15,592.0,0.999,0.998054,0.999946,8,0.9988,0.9996,0.9984,0.9984,1.0,0.9968,1.0,1.0
Legacy-15,593.0,0.999,0.998054,0.999946,8,0.9988,0.9996,0.9984,0.9984,1.0,0.9968,1.0,1.0
Legacy-15,594.0,0.999,0.998054,0.999946,8,0.9988,0.9996,0.9984,0.9984,1.0,0.9968,1.0,1.0
Legacy-15,595.0,0.999,0.998054,0.999946,8,0.9988,0.9996,0.9984,0.9984,1.0,0.9968,1.0,1.0
Legacy-15,596.0,0.999,0.998054,0.999946,8,0.9988,0.9996,0.9984,0.9984,1.0,0.9968,1.0,1.0
Legacy-15,597.0,0.999,0.998054,0.999946,8,0.9988,0.9996,0.9984,0.9984,1.0,0.9968,1.0,1.0
Legacy-15,598.0,0.999,0.998054,0.999946,8,0.9988,0.9996,0.9984,0.9984,1.0,0.9968,1.0,1.0
Legacy-15,599.0,0.999,0.998054,0.999946,8,0.9988,0.9996,0.9984,0.9984,1.0,0.9968,1.0,1.0
Legacy-15,600.0,0.999,0.998054,0.999946,8,0.9988,0.9996,0.9984,0.9984,1.0,0.9968,1.0,1.0
Legacy-15,601.0,0.999,0.998054,0.999946,8,0.9988,0.9996,0.9984,0.9984,1.0,0.9968,1.0,1.0
Legacy-15,602.0,0.999,0.998054,0.999946,8,0.9988,0.9996,0.9984,0.9984,1.0,0.9968,1.0,1.0
Legacy-15,603.0,0.999,0.998054,0.999946,8,0.9988,0.9996,0.9984,0.9984,1.0,0.9968,1.0,1.0
Legacy-15,604.0,0.999,0.998054,0.999946,8,0.9988,0.9996,0.9984,0.9984,1.0,0.9968,1.0,1.0
Legacy-15,605.0,0.999,0.998054,0.999946,8,0.9988,0.9996,0.9984,0.9984,1.0,0.9968,1.0,1.0
Legacy-15,606.0,0.999,0.998054,0.999946,8,0.9988,0.9996,0.9984,0.9984,1.0,0.9968,1.0,1.0
Legacy-15,607.0,0.999,0.998054,0.999946,8,0.9988,0.9996,0.9984,0.9984,1.0,0.9968,1.0,1.0
Legacy-15,608.0,0.999,0.998054,0.999946,8,0.9988,0.9996,0.9984,0.9984,1.0,0.9968,1.0,1.0
Legacy-15,609.0,0.999,0.998054,0.999946,8,0.9988,0.9996,0.9984,0.9984,1.0,0.9968,1.0,1.0
Legacy-15,610.0,0.999,0.998054,0.999946,8,0.9988,0.9996,0.9984,0.9984,1.0,0.9968,1.0,1.0
Legacy-15,611.0,0.999,0.998054,0.999946,8,0.9988,0.9996,0.9984,0.9984,1.0,0.9968,1.0,1.0
Legacy-15,612.0,0.999,0.998054,0.999946,8,0.9988,0.9996,0.9984,0.9984,1.0,0.9968,1.0,1.0
Legacy-15,613.0,0.999,0.998054,0.999946,8,0.9988,0.9996,0.9984,0.9984,1.0,0.9968,1.0,1.0
Legacy-15,614.0,0.999,0.998054,0.999946,8,0.9988,0.9996,0.9984,0.9984,1.0,0.9968,1.0,1.0
Legacy-15,615.0,0.999,0.998054,0.999946,8,0.9988,0.9996,0.9984,0.9984,1.0,0.9968,1.0,1.0
Legacy-15,616.0,0.999,0.998054,0.999946,8,0.9988,0.9996,0.9984,0.9984,1.0,0.9968,1.0,1.0
Legacy-15,617.0,0.999,0.998054,0.999946,8,0.9988,0.9996,0.9984,0.9984,1.0,0.9968,1.0,1.0
Legacy-15,618.0,0.999,0.998054,0.999946,8,0.9988,0.9996,0.9984,0.9984,1.0,0.9968,1.0,1.0
Legacy-15,619.0,0.999,0.998054,0.999946,8,0.9988,0.9996,0.9984,0.9984,1.0,0.9968,1.0,1.0
Legacy-15,620.0,0.999,0.998054,0.999946,8,0.9988,0.9996,0.9984,0.9984,1.0,0.9968,1.0,1.0
Legacy-15,621.0,0.999,0.998054,0.999946,8,0.9988,0.9996,0.9984,0.9984,1.0,0.9968,1.0,1.0
Legacy-15,622.0,0.999,0.998054,0.999946,8,0.9988,0.9996,0.9984,0.9984,1.0,0.9968,1.0,1.0
Legacy-15,623.0,0.999,0.998054,0.999946,8,0.9988,0.9996,0.9984,0.9984,1.0,0.9968,1.0,1.0
Legacy-15,624.0,0.999,0.998054,0.999946,8,0.9988,0.9996,0.9984,0.9984,1.0,0.9968,1.0,1.0
Legacy-15,625.0,0.999,0.998054,0.999946,8,0.9988,0.9996,0.9984,0.9984,1.0,0.9968,1.0,1.0
Legacy-15,626.0,0.999,0.998054,0.999946,8,0.9988,0.9996,0.9984,0.9984,1.0,0.9968,1.0,1.0
Legacy-15,627.0,0.999,0.998054,0.999946,8,0.9988,0.9996,0.9984,0.9984,1.0,0.9968,1.0,1.0
Legacy-15,628.0,0.999,0.998054,0.999946,8,0.9988,0.9996,0.9984,0.9984,1.0,0.9968,1.0,1.0
Legacy-15,629.0,0.999,0.998054,0.999946,8,0.9988,0.9996,0.9984,0.9984,1.0,0.9968,1.0,1.0
Legacy-15,630.0,0.999,0.998054,0.999946,8,0.9988,0.9996,0.9984,0.9984,1.0,0.9968,1.0,1.0
Legacy-15,631.0,0.999,0.998054,0.999946,8,0.9988,0.9996,0.9984,0.9984,1.0,0.9968,1.0,1.0
Legacy-15,632.0,0.999,0.998054,0.999946,8,0.9988,0.9996,0.9984,0.9984,1.0,0.9968,1.0,1.0
Legacy-15,633.0,0.999,0.998054,0.999946,8,0.9988,0.9996,0.9984,0.9984,1.0,0.9968,1.0,1.0
Legacy-15,634.0,0.999,0.998054,0.999946,8,0.9988,0.9996,0.9984,0.9984,1.0,0.9968,1.0,1.0
Legacy-15,635.0,0.999,0.998054,0.999946,8,0.9988,0.9996,0.9984,0.9984,1.0,0.9968,1.0,1.0
Legacy-15,636.0,0.999,0.998054,0.999946,8,0.9988,0.9996,0.9984,0.9984,1.0,0.9968,1.0,1.0
Legacy-15,637.0,0.999,0.998054,0.999946,8,0.9988,0.9996,0.9984,0.9984,1.0,0.9968,1.0,1.0
Fast-CB,0.0,0.0,0.0,0.0,8,0.0,0.0,0.0,0.0,0.0,0.0,0.0,0.0
Fast-CB,1.0,0.09784999999999999,0.059028608100802564,0.13667139189919741,8,0.1304,0.1284,0.082,0.002,0.1224,0.1376,0.116,0.064
Fast-CB,2.0,0.0981,0.05918206867788503,0.13701793132211498,8,0.1308,0.1288,0.082,0.002,0.1228,0.138,0.116,0.0644
Fast-CB,3.0,0.31074999999999997,0.18690740431012692,0.434592595689873,8,0.4496,0.3944,0.2448,0.016,0.3848,0.444,0.3484,0.204
Fast-CB,4.0,0.31124999999999997,0.1870888273030128,0.43541117269698715,8,0.4508,0.3956,0.2448,0.016,0.3856,0.4444,0.3488,0.204
Fast-CB,5.0,0.50235,0.30862088698448853,0.6960791130155114,8,0.7328,0.6116,0.3924,0.0424,0.6264,0.7184,0.5448,0.35
Fast-CB,6.0,0.5032,0.30916125696876184,0.6972387430312381,8,0.7348,0.6116,0.3936,0.0424,0.6272,0.7196,0.5456,0.3508
Fast-CB,7.0,0.62315,0.3938195191817097,0.8524804808182902,8,0.8912,0.7248,0.4904,0.078,0.7908,0.8884,0.6688,0.4528
Fast-CB,8.0,0.62385,0.3943060721944063,0.8533939278055938,8,0.8924,0.7248,0.4908,0.0784,0.7916,0.8896,0.67,0.4532
Fast-CB,9.0,0.6308,0.39922334872413656,0.8623766512758635,8,0.902,0.7332,0.4972,0.0796,0.7976,0.8988,0.6784,0.4596
Fast-CB,10.0,0.63135,0.39959703569350347,0.8631029643064965,8,0.9028,0.734,0.4976,0.0796,0.798,0.8996,0.6788,0.4604
Fast-CB,11.0,0.6479,0.41130908322539095,0.8844909167746091,8,0.9264,0.7492,0.512,0.0852,0.82,0.9204,0.6984,0.4716
Fast-CB,12.0,0.64825,0.4116583275617378,0.8848416724382622,8,0.9268,0.75,0.512,0.0852,0.82,0.9204,0.6988,0.4728
Fast-CB,13.0,0.66885,0.4258736746966494,0.9118263253033505,8,0.9576,0.7652,0.5268,0.0932,0.8488,0.9496,0.722,0.4876
Fast-CB,14.0,0.66915,0.42614723644621494,0.9121527635537852,8,0.9576,0.7656,0.5272,0.0932,0.8488,0.95,0.7228,0.488
Fast-CB,15.0,0.68765,0.4416870478284999,0.9336129521715001,8,0.9828,0.7772,0.544,0.1076,0.8696,0.9756,0.7424,0.502
Fast-CB,16.0,0.68815,0.4421818176584223,0.9341181823415778,8,0.9832,0.7776,0.5444,0.1076,0.87,0.9756,0.7436,0.5032
Fast-CB,17.0,0.6895,0.44305942913329566,0.9359405708667043,8,0.9856,0.7796,0.5452,0.108,0.8712,0.9768,0.746,0.5036
Fast-CB,18.0,0.68985,0.44350774286025274,0.9361922571397472,8,0.9856,0.7796,0.546,0.108,0.8716,0.9768,0.7464,0.5048
Fast-CB,19.0,0.6926,0.4457379512298417,0.9394620487701583,8,0.9904,0.7808,0.5484,0.11,0.8744,0.98,0.75,0.5068
Fast-CB,20.0,0.693,0.44629258711438297,0.9397074128856169,8,0.9908,0.7808,0.5488,0.11,0.8744,0.98,0.75,0.5092
Fast-CB,21.0,0.69755,0.44994516919049143,0.9451548308095086,8,0.9948,0.7836,0.554,0.1124,0.8792,0.988,0.756,0.5124
Fast-CB,22.0,0.69775,0.45010686711867665,0.9453931328813233,8,0.9948,0.7836,0.554,0.1124,0.88,0.988,0.7564,0.5128
Fast-CB,23.0,0.70275,0.455332085696968,0.9501679143030319,8,0.9972,0.7852,0.5608,0.118,0.886,0.9944,0.7644,0.516
Fast-CB,24.0,0.70305,0.45580295209448685,0.9502970479055131,8,0.9972,0.7852,0.5616,0.1184,0.8864,0.9944,0.7644,0.5168
Fast-CB,25.0,0.7035,0.4563543315992571,0.9506456684007429,8,0.9972,0.786,0.562,0.1188,0.8868,0.9944,0.7652,0.5176
Fast-CB,26.0,0.704,0.45697526076263995,0.95102473923736,8,0.9972,0.7864,0.564,0.1188,0.8872,0.9944,0.7656,0.5184
Fast-CB,27.0,0.70465,0.45790625467619317,0.9513937453238068,8,0.9972,0.7864,0.5656,0.12,0.888,0.9952,0.7656,0.5192
Fast-CB,28.0,0.7049,0.45831266188231745,0.9514873381176825,8,0.9972,0.7868,0.5664,0.1204,0.888,0.9952,0.7656,0.5196
Fast-CB,29.0,0.70645,0.4597643243644318,0.9531356756355682,8,0.9988,0.7872,0.5684,0.1216,0.8904,0.996,0.7688,0.5204
Fast-CB,30.0,0.7067,0.4601814967704539,0.9532185032295462,8,0.9988,0.7872,0.5688,0.122,0.8904,0.996,0.7692,0.5212
Fast-CB,31.0,0.7085,0.4625364427798442,0.9544635572201559,8,0.9992,0.7896,0.5724,0.1248,0.8924,0.9968,0.7704,0.5224
Fast-CB,32.0,0.7088,0.46291771942190363,0.9546822805780963,8,0.9992,0.79,0.5732,0.1248,0.8924,0.9968,0.7708,0.5232
Fast-CB,33.0,0.7092,0.46349066179266674,0.9549093382073334,8,0.9992,0.79,0.5748,0.1252,0.8928,0.9968,0.7712,0.5236
Fast-CB,34.0,0.70945,0.46389628797495897,0.9550037120250411,8,0.9992,0.7904,0.5756,0.1256,0.8928,0.9968,0.7712,0.524
Fast-CB,35.0,0.7099,0.4645029326925296,0.9552970673074703,8,0.9996,0.7904,0.5768,0.126,0.8928,0.9972,0.7712,0.5252
Fast-CB,36.0,0.7101999999999999,0.4649051785812486,0.9554948214187513,8,0.9996,0.7908,0.5768,0.1264,0.8932,0.9972,0.7716,0.526
Fast-CB,37.0,0.71135,0.4662538363857573,0.9564461636142427,8,0.9996,0.7916,0.5796,0.128,0.8944,0.9988,0.7728,0.526
Fast-CB,38.0,0.7118,0.4668125473565752,0.9567874526434248,8,0.9996,0.7928,0.5804,0.1284,0.8944,0.9988,0.7736,0.5264
Fast-CB,39.0,0.7128,0.468440346876927,0.957159653123073,8,0.9996,0.7932,0.5828,0.1312,0.8956,0.9996,0.7736,0.5268
Fast-CB,40.0,0.71305,0.4688139845419021,0.9572860154580978,8,0.9996,0.7936,0.5832,0.1316,0.8956,0.9996,0.774,0.5272
Fast-CB,41.0,0.7136,0.46963842201134565,0.9575615779886544,8,0.9996,0.7936,0.5844,0.1324,0.8956,0.9996,0.7756,0.528
Fast-CB,42.0,0.71385,0.4700216336369437,0.9576783663630563,8,0.9996,0.7936,0.5852,0.1324,0.8956,0.9996,0.7756,0.5292
Fast-CB,43.0,0.7147,0.4714013300674163,0.9579986699325838,8,0.9996,0.7944,0.5868,0.134,0.8956,0.9996,0.7768,0.5308
Fast-CB,44.0,0.71505,0.47176268121565235,0.9583373187843476,8,0.9996,0.7948,0.5868,0.1344,0.896,0.9996,0.7784,0.5308
Fast-CB,45.0,0.7161500000000001,0.47348256427072954,0.9588174357292706,8,0.9996,0.7964,0.5884,0.1364,0.8968,0.9996,0.7788,0.5332
Fast-CB,46.0,0.71655,0.47398360547855367,0.9591163945214464,8,0.9996,0.7972,0.5892,0.1368,0.8972,0.9996,0.7792,0.5336
Fast-CB,47.0,0.71965,0.47846131236980294,0.9608386876301971,8,0.9996,0.8,0.594,0.142,0.9004,0.9996,0.7836,0.538
Fast-CB,48.0,0.72015,0.4792155120355216,0.9610844879644783,8,0.9996,0.8004,0.5952,0.1424,0.9004,0.9996,0.784,0.5396
Fast-CB,49.0,0.72065,0.4798339361759574,0.9614660638240426,8,0.9996,0.8008,0.5968,0.1424,0.9008,0.9996,0.7844,0.5408
Fast-CB,50.0,0.72105,0.48047939555627406,0.9616206044437259,8,0.9996,0.8008,0.5976,0.1428,0.9008,0.9996,0.7848,0.5424
Fast-CB,51.0,0.72265,0.4827224151469456,0.9625775848530544,8,0.9996,0.802,0.6,0.1452,0.9024,0.9996,0.7876,0.5448
Fast-CB,52.0,0.7233,0.4835202055031236,0.9630797944968765,8,0.9996,0.802,0.6032,0.1452,0.9024,0.9996,0.7892,0.5452
Fast-CB,53.0,0.7264,0.4875499197021577,0.9652500802978423,8,0.9996,0.8076,0.608,0.1496,0.9056,0.9996,0.7936,0.5476
Fast-CB,54.0,0.7267,0.4879576134004479,0.9654423865995521,8,0.9996,0.8076,0.6092,0.1496,0.9056,0.9996,0.794,0.5484
Fast-CB,55.0,0.73015,0.4927841073607675,0.9675158926392324,8,0.9996,0.8104,0.6132,0.1552,0.9112,0.9996,0.7976,0.5544
Fast-CB,56.0,0.7305,0.493261869766518,0.9677381302334821,8,0.9996,0.8112,0.6132,0.1556,0.9116,0.9996,0.7976,0.5556
Fast-CB,57.0,0.7309,0.49371219391324095,0.968087806086759,8,0.9996,0.812,0.6148,0.1556,0.912,0.9996,0.7976,0.556
Fast-CB,58.0,0.73105,0.4939772865279703,0.9681227134720296,8,0.9996,0.812,0.6148,0.156,0.912,0.9996,0.798,0.5564
Fast-CB,59.0,0.7313000000000001,0.4943691010096133,0.9682308989903868,8,0.9996,0.8124,0.616,0.1564,0.912,0.9996,0.798,0.5564
Fast-CB,60.0,0.73145,0.4946649569980831,0.968235043001917,8,0.9996,0.8124,0.6164,0.1568,0.912,0.9996,0.798,0.5568
Fast-CB,61.0,0.73145,0.4946649569980831,0.968235043001917,8,0.9996,0.8124,0.6164,0.1568,0.912,0.9996,0.798,0.5568
Fast-CB,62.0,0.7316,0.4949607762650977,0.9682392237349023,8,0.9996,0.8124,0.6168,0.1572,0.912,0.9996,0.798,0.5572
Fast-CB,63.0,0.73165,0.4951077420699762,0.9681922579300238,8,0.9996,0.8124,0.6168,0.1576,0.912,0.9996,0.798,0.5572
Fast-CB,64.0,0.7318,0.49528276991335884,0.9683172300866412,8,0.9996,0.8128,0.6176,0.1576,0.912,0.9996,0.798,0.5572
Fast-CB,65.0,0.7318,0.49528276991335884,0.9683172300866412,8,0.9996,0.8128,0.6176,0.1576,0.912,0.9996,0.798,0.5572
Fast-CB,66.0,0.7318,0.49528276991335884,0.9683172300866412,8,0.9996,0.8128,0.6176,0.1576,0.912,0.9996,0.798,0.5572
Fast-CB,67.0,0.7318,0.49528276991335884,0.9683172300866412,8,0.9996,0.8128,0.6176,0.1576,0.912,0.9996,0.798,0.5572
Fast-CB,68.0,0.73185,0.4953215583619903,0.9683784416380097,8,0.9996,0.8128,0.6176,0.1576,0.912,0.9996,0.7984,0.5572
Fast-CB,69.0,0.73195,0.4956155107811214,0.9682844892188786,8,0.9996,0.8128,0.6176,0.1584,0.912,0.9996,0.7984,0.5572
Fast-CB,70.0,0.732,0.4957624579181853,0.9682375420818147,8,0.9996,0.8128,0.6176,0.1588,0.912,0.9996,0.7984,0.5572
Fast-CB,71.0,0.732,0.4957624579181853,0.9682375420818147,8,0.9996,0.8128,0.6176,0.1588,0.912,0.9996,0.7984,0.5572
Fast-CB,72.0,0.732,0.4957624579181853,0.9682375420818147,8,0.9996,0.8128,0.6176,0.1588,0.912,0.9996,0.7984,0.5572
Fast-CB,73.0,0.732,0.4957624579181853,0.9682375420818147,8,0.9996,0.8128,0.6176,0.1588,0.912,0.9996,0.7984,0.5572
Fast-CB,74.0,0.73205,0.4959093856417514,0.9681906143582486,8,0.9996,0.8128,0.6176,0.1592,0.912,0.9996,0.7984,0.5572
Fast-CB,75.0,0.73205,0.4959093856417514,0.9681906143582486,8,0.9996,0.8128,0.6176,0.1592,0.912,0.9996,0.7984,0.5572
Fast-CB,76.0,0.7321,0.49605629392790407,0.9681437060720959,8,0.9996,0.8128,0.6176,0.1596,0.912,0.9996,0.7984,0.5572
Fast-CB,77.0,0.7321,0.49605629392790407,0.9681437060720959,8,0.9996,0.8128,0.6176,0.1596,0.912,0.9996,0.7984,0.5572
Fast-CB,78.0,0.7321,0.49605629392790407,0.9681437060720959,8,0.9996,0.8128,0.6176,0.1596,0.912,0.9996,0.7984,0.5572
Fast-CB,79.0,0.73215,0.49620318275269326,0.9680968172473067,8,0.9996,0.8128,0.6176,0.16,0.912,0.9996,0.7984,0.5572
Fast-CB,80.0,0.73215,0.49620318275269326,0.9680968172473067,8,0.9996,0.8128,0.6176,0.16,0.912,0.9996,0.7984,0.5572
Fast-CB,81.0,0.73215,0.49620318275269326,0.9680968172473067,8,0.9996,0.8128,0.6176,0.16,0.912,0.9996,0.7984,0.5572
Fast-CB,82.0,0.73215,0.49620318275269326,0.9680968172473067,8,0.9996,0.8128,0.6176,0.16,0.912,0.9996,0.7984,0.5572
Fast-CB,83.0,0.7322,0.49635005209213445,0.9680499479078655,8,0.9996,0.8128,0.6176,0.1604,0.912,0.9996,0.7984,0.5572
Fast-CB,84.0,0.7322,0.49635005209213445,0.9680499479078655,8,0.9996,0.8128,0.6176,0.1604,0.912,0.9996,0.7984,0.5572
Fast-CB,85.0,0.7322500000000001,0.4964969019222085,0.9680030980777916,8,0.9996,0.8128,0.6176,0.1608,0.912,0.9996,0.7984,0.5572
Fast-CB,86.0,0.7322500000000001,0.4964969019222085,0.9680030980777916,8,0.9996,0.8128,0.6176,0.1608,0.912,0.9996,0.7984,0.5572
Fast-CB,87.0,0.7322500000000001,0.4964969019222085,0.9680030980777916,8,0.9996,0.8128,0.6176,0.1608,0.912,0.9996,0.7984,0.5572
Fast-CB,88.0,0.7322500000000001,0.4964969019222085,0.9680030980777916,8,0.9996,0.8128,0.6176,0.1608,0.912,0.9996,0.7984,0.5572
Fast-CB,89.0,0.7322500000000001,0.4964969019222085,0.9680030980777916,8,0.9996,0.8128,0.6176,0.1608,0.912,0.9996,0.7984,0.5572
Fast-CB,90.0,0.7322500000000001,0.4964969019222085,0.9680030980777916,8,0.9996,0.8128,0.6176,0.1608,0.912,0.9996,0.7984,0.5572
Fast-CB,91.0,0.7323000000000001,0.4966437322188614,0.9679562677811387,8,0.9996,0.8128,0.6176,0.1612,0.912,0.9996,0.7984,0.5572
Fast-CB,92.0,0.7323000000000001,0.4966437322188614,0.9679562677811387,8,0.9996,0.8128,0.6176,0.1612,0.912,0.9996,0.7984,0.5572
Fast-CB,93.0,0.7323000000000001,0.4966437322188614,0.9679562677811387,8,0.9996,0.8128,0.6176,0.1612,0.912,0.9996,0.7984,0.5572
Fast-CB,94.0,0.7323000000000001,0.4966437322188614,0.9679562677811387,8,0.9996,0.8128,0.6176,0.1612,0.912,0.9996,0.7984,0.5572
Fast-CB,95.0,0.7323000000000001,0.4966437322188614,0.9679562677811387,8,0.9996,0.8128,0.6176,0.1612,0.912,0.9996,0.7984,0.5572
Fast-CB,96.0,0.7323000000000001,0.4966437322188614,0.9679562677811387,8,0.9996,0.8128,0.6176,0.1612,0.912,0.9996,0.7984,0.5572
Fast-CB,97.0,0.7323500000000001,0.49679054295800473,0.9679094570419954,8,0.9996,0.8128,0.6176,0.1616,0.912,0.9996,0.7984,0.5572
Fast-CB,98.0,0.7323500000000001,0.49679054295800473,0.9679094570419954,8,0.9996,0.8128,0.6176,0.1616,0.912,0.9996,0.7984,0.5572
Fast-CB,99.0,0.7323500000000001,0.49679054295800473,0.9679094570419954,8,0.9996,0.8128,0.6176,0.1616,0.912,0.9996,0.7984,0.5572
Fast-CB,100.0,0.7324,0.4968599760313699,0.9679400239686302,8,0.9996,0.8128,0.618,0.1616,0.912,0.9996,0.7984,0.5572
Fast-CB,101.0,0.7324,0.4968599760313699,0.9679400239686302,8,0.9996,0.8128,0.618,0.1616,0.912,0.9996,0.7984,0.5572
Fast-CB,102.0,0.73245,0.49700678366219375,0.9678932163378063,8,0.9996,0.8128,0.618,0.162,0.912,0.9996,0.7984,0.5572
Fast-CB,103.0,0.73245,0.49700678366219375,0.9678932163378063,8,0.9996,0.8128,0.618,0.162,0.912,0.9996,0.7984,0.5572
Fast-CB,104.0,0.73245,0.49700678366219375,0.9678932163378063,8,0.9996,0.8128,0.618,0.162,0.912,0.9996,0.7984,0.5572
Fast-CB,105.0,0.73245,0.49700678366219375,0.9678932163378063,8,0.9996,0.8128,0.618,0.162,0.912,0.9996,0.7984,0.5572
Fast-CB,106.0,0.73245,0.49700678366219375,0.9678932163378063,8,0.9996,0.8128,0.618,0.162,0.912,0.9996,0.7984,0.5572
Fast-CB,107.0,0.73245,0.49700678366219375,0.9678932163378063,8,0.9996,0.8128,0.618,0.162,0.912,0.9996,0.7984,0.5572
Fast-CB,108.0,0.73245,0.49700678366219375,0.9678932163378063,8,0.9996,0.8128,0.618,0.162,0.912,0.9996,0.7984,0.5572
Fast-CB,109.0,0.73245,0.49700678366219375,0.9678932163378063,8,0.9996,0.8128,0.618,0.162,0.912,0.9996,0.7984,0.5572
Fast-CB,110.0,0.73245,0.49700678366219375,0.9678932163378063,8,0.9996,0.8128,0.618,0.162,0.912,0.9996,0.7984,0.5572
Fast-CB,111.0,0.73245,0.49700678366219375,0.9678932163378063,8,0.9996,0.8128,0.618,0.162,0.912,0.9996,0.7984,0.5572
Fast-CB,112.0,0.73245,0.49700678366219375,0.9678932163378063,8,0.9996,0.8128,0.618,0.162,0.912,0.9996,0.7984,0.5572
Fast-CB,113.0,0.73245,0.49700678366219375,0.9678932163378063,8,0.9996,0.8128,0.618,0.162,0.912,0.9996,0.7984,0.5572
Fast-CB,114.0,0.73245,0.49700678366219375,0.9678932163378063,8,0.9996,0.8128,0.618,0.162,0.912,0.9996,0.7984,0.5572
Fast-CB,115.0,0.73245,0.49700678366219375,0.9678932163378063,8,0.9996,0.8128,0.618,0.162,0.912,0.9996,0.7984,0.5572
Fast-CB,116.0,0.73245,0.49700678366219375,0.9678932163378063,8,0.9996,0.8128,0.618,0.162,0.912,0.9996,0.7984,0.5572
Fast-CB,117.0,0.73245,0.49700678366219375,0.9678932163378063,8,0.9996,0.8128,0.618,0.162,0.912,0.9996,0.7984,0.5572
Fast-CB,118.0,0.73245,0.49700678366219375,0.9678932163378063,8,0.9996,0.8128,0.618,0.162,0.912,0.9996,0.7984,0.5572
Fast-CB,119.0,0.73245,0.49700678366219375,0.9678932163378063,8,0.9996,0.8128,0.618,0.162,0.912,0.9996,0.7984,0.5572
Fast-CB,120.0,0.73245,0.49700678366219375,0.9678932163378063,8,0.9996,0.8128,0.618,0.162,0.912,0.9996,0.7984,0.5572
Fast-CB,121.0,0.73245,0.49700678366219375,0.9678932163378063,8,0.9996,0.8128,0.618,0.162,0.912,0.9996,0.7984,0.5572
Fast-CB,122.0,0.73245,0.49700678366219375,0.9678932163378063,8,0.9996,0.8128,0.618,0.162,0.912,0.9996,0.7984,0.5572
Fast-CB,123.0,0.73245,0.49700678366219375,0.9678932163378063,8,0.9996,0.8128,0.618,0.162,0.912,0.9996,0.7984,0.5572
Fast-CB,124.0,0.73245,0.49700678366219375,0.9678932163378063,8,0.9996,0.8128,0.618,0.162,0.912,0.9996,0.7984,0.5572
Fast-CB,125.0,0.73245,0.49700678366219375,0.9678932163378063,8,0.9996,0.8128,0.618,0.162,0.912,0.9996,0.7984,0.5572
Fast-CB,126.0,0.73245,0.49700678366219375,0.9678932163378063,8,0.9996,0.8128,0.618,0.162,0.912,0.9996,0.7984,0.5572
Fast-CB,127.0,0.73245,0.49700678366219375,0.9678932163378063,8,0.9996,0.8128,0.618,0.162,0.912,0.9996,0.7984,0.5572
Fast-CB,128.0,0.73245,0.49700678366219375,0.9678932163378063,8,0.9996,0.8128,0.618,0.162,0.912,0.9996,0.7984,0.5572
Fast-CB,129.0,0.73245,0.49700678366219375,0.9678932163378063,8,0.9996,0.8128,0.618,0.162,0.912,0.9996,0.7984,0.5572
Fast-CB,130.0,0.73245,0.49700678366219375,0.9678932163378063,8,0.9996,0.8128,0.618,0.162,0.912,0.9996,0.7984,0.5572
Fast-CB,131.0,0.73245,0.49700678366219375,0.9678932163378063,8,0.9996,0.8128,0.618,0.162,0.912,0.9996,0.7984,0.5572
Fast-CB,132.0,0.73245,0.49700678366219375,0.9678932163378063,8,0.9996,0.8128,0.618,0.162,0.912,0.9996,0.7984,0.5572
Fast-CB,133.0,0.73245,0.49700678366219375,0.9678932163378063,8,0.9996,0.8128,0.618,0.162,0.912,0.9996,0.7984,0.5572
Fast-CB,134.0,0.73245,0.49700678366219375,0.9678932163378063,8,0.9996,0.8128,0.618,0.162,0.912,0.9996,0.7984,0.5572
Fast-CB,135.0,0.73245,0.49700678366219375,0.9678932163378063,8,0.9996,0.8128,0.618,0.162,0.912,0.9996,0.7984,0.5572
Fast-CB,136.0,0.73245,0.49700678366219375,0.9678932163378063,8,0.9996,0.8128,0.618,0.162,0.912,0.9996,0.7984,0.5572
Fast-CB,137.0,0.73245,0.49700678366219375,0.9678932163378063,8,0.9996,0.8128,0.618,0.162,0.912,0.9996,0.7984,0.5572
Fast-CB,138.0,0.73245,0.49700678366219375,0.9678932163378063,8,0.9996,0.8128,0.618,0.162,0.912,0.9996,0.7984,0.5572
Fast-CB,139.0,0.73245,0.49700678366219375,0.9678932163378063,8,0.9996,0.8128,0.618,0.162,0.912,0.9996,0.7984,0.5572
Fast-CB,140.0,0.73245,0.49700678366219375,0.9678932163378063,8,0.9996,0.8128,0.618,0.162,0.912,0.9996,0.7984,0.5572
Fast-CB,141.0,0.73245,0.49700678366219375,0.9678932163378063,8,0.9996,0.8128,0.618,0.162,0.912,0.9996,0.7984,0.5572
Fast-CB,142.0,0.73245,0.49700678366219375,0.9678932163378063,8,0.9996,0.8128,0.618,0.162,0.912,0.9996,0.7984,0.5572
Fast-CB,143.0,0.73245,0.49700678366219375,0.9678932163378063,8,0.9996,0.8128,0.618,0.162,0.912,0.9996,0.7984,0.5572
Fast-CB,144.0,0.73245,0.49700678366219375,0.9678932163378063,8,0.9996,0.8128,0.618,0.162,0.912,0.9996,0.7984,0.5572
Fast-CB,145.0,0.73245,0.49700678366219375,0.9678932163378063,8,0.9996,0.8128,0.618,0.162,0.912,0.9996,0.7984,0.5572
Fast-CB,146.0,0.73245,0.49700678366219375,0.9678932163378063,8,0.9996,0.8128,0.618,0.162,0.912,0.9996,0.7984,0.5572
Fast-CB,147.0,0.73245,0.49700678366219375,0.9678932163378063,8,0.9996,0.8128,0.618,0.162,0.912,0.9996,0.7984,0.5572
Fast-CB,148.0,0.73245,0.49700678366219375,0.9678932163378063,8,0.9996,0.8128,0.618,0.162,0.912,0.9996,0.7984,0.5572
Fast-CB,149.0,0.73245,0.49700678366219375,0.9678932163378063,8,0.9996,0.8128,0.618,0.162,0.912,0.9996,0.7984,0.5572
Fast-CB,150.0,0.7325,0.4971535716991561,0.967846428300844,8,0.9996,0.8128,0.618,0.1624,0.912,0.9996,0.7984,0.5572
Fast-CB,151.0,0.7325,0.4971535716991561,0.967846428300844,8,0.9996,0.8128,0.618,0.1624,0.912,0.9996,0.7984,0.5572
Fast-CB,152.0,0.7325,0.4971535716991561,0.967846428300844,8,0.9996,0.8128,0.618,0.1624,0.912,0.9996,0.7984,0.5572
Fast-CB,153.0,0.7325,0.4971535716991561,0.967846428300844,8,0.9996,0.8128,0.618,0.1624,0.912,0.9996,0.7984,0.5572
Fast-CB,154.0,0.7325,0.4971535716991561,0.967846428300844,8,0.9996,0.8128,0.618,0.1624,0.912,0.9996,0.7984,0.5572
Fast-CB,155.0,0.7325,0.4971535716991561,0.967846428300844,8,0.9996,0.8128,0.618,0.1624,0.912,0.9996,0.7984,0.5572
Fast-CB,156.0,0.7325,0.4971535716991561,0.967846428300844,8,0.9996,0.8128,0.618,0.1624,0.912,0.9996,0.7984,0.5572
Fast-CB,157.0,0.7325,0.4971535716991561,0.967846428300844,8,0.9996,0.8128,0.618,0.1624,0.912,0.9996,0.7984,0.5572
Fast-CB,158.0,0.7325,0.4971535716991561,0.967846428300844,8,0.9996,0.8128,0.618,0.1624,0.912,0.9996,0.7984,0.5572
Fast-CB,159.0,0.7325,0.4971535716991561,0.967846428300844,8,0.9996,0.8128,0.618,0.1624,0.912,0.9996,0.7984,0.5572
Fast-CB,160.0,0.7325,0.4971535716991561,0.967846428300844,8,0.9996,0.8128,0.618,0.1624,0.912,0.9996,0.7984,0.5572
Fast-CB,161.0,0.7325,0.4971535716991561,0.967846428300844,8,0.9996,0.8128,0.618,0.1624,0.912,0.9996,0.7984,0.5572
Fast-CB,162.0,0.7325,0.4971535716991561,0.967846428300844,8,0.9996,0.8128,0.618,0.1624,0.912,0.9996,0.7984,0.5572
Fast-CB,163.0,0.7325,0.4971535716991561,0.967846428300844,8,0.9996,0.8128,0.618,0.1624,0.912,0.9996,0.7984,0.5572
Fast-CB,164.0,0.7325,0.4971535716991561,0.967846428300844,8,0.9996,0.8128,0.618,0.1624,0.912,0.9996,0.7984,0.5572
Fast-CB,165.0,0.7325,0.4971535716991561,0.967846428300844,8,0.9996,0.8128,0.618,0.1624,0.912,0.9996,0.7984,0.5572
Fast-CB,166.0,0.7325,0.4971535716991561,0.967846428300844,8,0.9996,0.8128,0.618,0.1624,0.912,0.9996,0.7984,0.5572
Fast-CB,167.0,0.7325,0.4971535716991561,0.967846428300844,8,0.9996,0.8128,0.618,0.1624,0.912,0.9996,0.7984,0.5572
Fast-CB,168.0,0.7325,0.4971535716991561,0.967846428300844,8,0.9996,0.8128,0.618,0.1624,0.912,0.9996,0.7984,0.5572
Fast-CB,169.0,0.7325,0.4971535716991561,0.967846428300844,8,0.9996,0.8128,0.618,0.1624,0.912,0.9996,0.7984,0.5572
Fast-CB,170.0,0.7325,0.4971535716991561,0.967846428300844,8,0.9996,0.8128,0.618,0.1624,0.912,0.9996,0.7984,0.5572
Fast-CB,171.0,0.7325,0.4971535716991561,0.967846428300844,8,0.9996,0.8128,0.618,0.1624,0.912,0.9996,0.7984,0.5572
Fast-CB,172.0,0.7325,0.4971535716991561,0.967846428300844,8,0.9996,0.8128,0.618,0.1624,0.912,0.9996,0.7984,0.5572
Fast-CB,173.0,0.7325,0.4971535716991561,0.967846428300844,8,0.9996,0.8128,0.618,0.1624,0.912,0.9996,0.7984,0.5572
Fast-CB,174.0,0.7325,0.4971535716991561,0.967846428300844,8,0.9996,0.8128,0.618,0.1624,0.912,0.9996,0.7984,0.5572
Fast-CB,175.0,0.7325,0.4971535716991561,0.967846428300844,8,0.9996,0.8128,0.618,0.1624,0.912,0.9996,0.7984,0.5572
Fast-CB,176.0,0.7325,0.4971535716991561,0.967846428300844,8,0.9996,0.8128,0.618,0.1624,0.912,0.9996,0.7984,0.5572
Fast-CB,177.0,0.7325,0.4971535716991561,0.967846428300844,8,0.9996,0.8128,0.618,0.1624,0.912,0.9996,0.7984,0.5572
Fast-CB,178.0,0.7325,0.4971535716991561,0.967846428300844,8,0.9996,0.8128,0.618,0.1624,0.912,0.9996,0.7984,0.5572
Fast-CB,179.0,0.7325,0.4971535716991561,0.967846428300844,8,0.9996,0.8128,0.618,0.1624,0.912,0.9996,0.7984,0.5572
Fast-CB,180.0,0.7325,0.4971535716991561,0.967846428300844,8,0.9996,0.8128,0.618,0.1624,0.912,0.9996,0.7984,0.5572
Fast-CB,181.0,0.7325,0.4971535716991561,0.967846428300844,8,0.9996,0.8128,0.618,0.1624,0.912,0.9996,0.7984,0.5572
Fast-CB,182.0,0.7325,0.4971535716991561,0.967846428300844,8,0.9996,0.8128,0.618,0.1624,0.912,0.9996,0.7984,0.5572
Fast-CB,183.0,0.7325,0.4971535716991561,0.967846428300844,8,0.9996,0.8128,0.618,0.1624,0.912,0.9996,0.7984,0.5572
Fast-CB,184.0,0.7325,0.4971535716991561,0.967846428300844,8,0.9996,0.8128,0.618,0.1624,0.912,0.9996,0.7984,0.5572
Fast-CB,185.0,0.7325,0.4971535716991561,0.967846428300844,8,0.9996,0.8128,0.618,0.1624,0.912,0.9996,0.7984,0.5572
Fast-CB,186.0,0.7325,0.4971535716991561,0.967846428300844,8,0.9996,0.8128,0.618,0.1624,0.912,0.9996,0.7984,0.5572
Fast-CB,187.0,0.7325,0.4971535716991561,0.967846428300844,8,0.9996,0.8128,0.618,0.1624,0.912,0.9996,0.7984,0.5572
Fast-CB,188.0,0.7325,0.4971535716991561,0.967846428300844,8,0.9996,0.8128,0.618,0.1624,0.912,0.9996,0.7984,0.5572
Fast-CB,189.0,0.7325,0.4971535716991561,0.967846428300844,8,0.9996,0.8128,0.618,0.1624,0.912,0.9996,0.7984,0.5572
Fast-CB,190.0,0.7325,0.4971535716991561,0.967846428300844,8,0.9996,0.8128,0.618,0.1624,0.912,0.9996,0.7984,0.5572
Fast-CB,191.0,0.7325,0.4971535716991561,0.967846428300844,8,0.9996,0.8128,0.618,0.1624,0.912,0.9996,0.7984,0.5572
Fast-CB,192.0,0.7325,0.4971535716991561,0.967846428300844,8,0.9996,0.8128,0.618,0.1624,0.912,0.9996,0.7984,0.5572
Fast-CB,193.0,0.7325,0.4971535716991561,0.967846428300844,8,0.9996,0.8128,0.618,0.1624,0.912,0.9996,0.7984,0.5572
Fast-CB,194.0,0.7325,0.4971535716991561,0.967846428300844,8,0.9996,0.8128,0.618,0.1624,0.912,0.9996,0.7984,0.5572
Fast-CB,195.0,0.7325,0.4971535716991561,0.967846428300844,8,0.9996,0.8128,0.618,0.1624,0.912,0.9996,0.7984,0.5572
Fast-CB,196.0,0.7325,0.4971535716991561,0.967846428300844,8,0.9996,0.8128,0.618,0.1624,0.912,0.9996,0.7984,0.5572
Fast-CB,197.0,0.7325,0.4971535716991561,0.967846428300844,8,0.9996,0.8128,0.618,0.1624,0.912,0.9996,0.7984,0.5572
Fast-CB,198.0,0.7325,0.4971535716991561,0.967846428300844,8,0.9996,0.8128,0.618,0.1624,0.912,0.9996,0.7984,0.5572
Fast-CB,199.0,0.7325,0.4971535716991561,0.967846428300844,8,0.9996,0.8128,0.618,0.1624,0.912,0.9996,0.7984,0.5572
Fast-CB,200.0,0.7325,0.4971535716991561,0.967846428300844,8,0.9996,0.8128,0.618,0.1624,0.912,0.9996,0.7984,0.5572
Fast-CB,201.0,0.7325,0.4971535716991561,0.967846428300844,8,0.9996,0.8128,0.618,0.1624,0.912,0.9996,0.7984,0.5572
Fast-CB,202.0,0.7325,0.4971535716991561,0.967846428300844,8,0.9996,0.8128,0.618,0.1624,0.912,0.9996,0.7984,0.5572
Fast-CB,203.0,0.7325,0.4971535716991561,0.967846428300844,8,0.9996,0.8128,0.618,0.1624,0.912,0.9996,0.7984,0.5572
Fast-CB,204.0,0.7325,0.4971535716991561,0.967846428300844,8,0.9996,0.8128,0.618,0.1624,0.912,0.9996,0.7984,0.5572
Fast-CB,205.0,0.7325,0.4971535716991561,0.967846428300844,8,0.9996,0.8128,0.618,0.1624,0.912,0.9996,0.7984,0.5572
Fast-CB,206.0,0.7325,0.4971535716991561,0.967846428300844,8,0.9996,0.8128,0.618,0.1624,0.912,0.9996,0.7984,0.5572
Fast-CB,207.0,0.7325,0.4971535716991561,0.967846428300844,8,0.9996,0.8128,0.618,0.1624,0.912,0.9996,0.7984,0.5572
Fast-CB,208.0,0.7325,0.4971535716991561,0.967846428300844,8,0.9996,0.8128,0.618,0.1624,0.912,0.9996,0.7984,0.5572
Fast-CB,209.0,0.7325,0.4971535716991561,0.967846428300844,8,0.9996,0.8128,0.618,0.1624,0.912,0.9996,0.7984,0.5572
Fast-CB,210.0,0.7325,0.4971535716991561,0.967846428300844,8,0.9996,0.8128,0.618,0.1624,0.912,0.9996,0.7984,0.5572
Fast-CB,211.0,0.7325,0.4971535716991561,0.967846428300844,8,0.9996,0.8128,0.618,0.1624,0.912,0.9996,0.7984,0.5572
Fast-CB,212.0,0.7325,0.4971535716991561,0.967846428300844,8,0.9996,0.8128,0.618,0.1624,0.912,0.9996,0.7984,0.5572
Fast-CB,213.0,0.7325,0.4971535716991561,0.967846428300844,8,0.9996,0.8128,0.618,0.1624,0.912,0.9996,0.7984,0.5572
Fast-CB,214.0,0.7325,0.4971535716991561,0.967846428300844,8,0.9996,0.8128,0.618,0.1624,0.912,0.9996,0.7984,0.5572
Fast-CB,215.0,0.7325,0.4971535716991561,0.967846428300844,8,0.9996,0.8128,0.618,0.1624,0.912,0.9996,0.7984,0.5572
Fast-CB,216.0,0.7325,0.4971535716991561,0.967846428300844,8,0.9996,0.8128,0.618,0.1624,0.912,0.9996,0.7984,0.5572
Fast-CB,217.0,0.7325,0.4971535716991561,0.967846428300844,8,0.9996,0.8128,0.618,0.1624,0.912,0.9996,0.7984,0.5572
Fast-CB,218.0,0.7325,0.4971535716991561,0.967846428300844,8,0.9996,0.8128,0.618,0.1624,0.912,0.9996,0.7984,0.5572
Fast-CB,219.0,0.7325,0.4971535716991561,0.967846428300844,8,0.9996,0.8128,0.618,0.1624,0.912,0.9996,0.7984,0.5572
Fast-CB,220.0,0.7325,0.4971535716991561,0.967846428300844,8,0.9996,0.8128,0.618,0.1624,0.912,0.9996,0.7984,0.5572
Fast-CB,221.0,0.7325,0.4971535716991561,0.967846428300844,8,0.9996,0.8128,0.618,0.1624,0.912,0.9996,0.7984,0.5572
Fast-CB,222.0,0.7325,0.4971535716991561,0.967846428300844,8,0.9996,0.8128,0.618,0.1624,0.912,0.9996,0.7984,0.5572
Fast-CB,223.0,0.7325,0.4971535716991561,0.967846428300844,8,0.9996,0.8128,0.618,0.1624,0.912,0.9996,0.7984,0.5572
Fast-CB,224.0,0.7325,0.4971535716991561,0.967846428300844,8,0.9996,0.8128,0.618,0.1624,0.912,0.9996,0.7984,0.5572
Fast-CB,225.0,0.7325,0.4971535716991561,0.967846428300844,8,0.9996,0.8128,0.618,0.1624,0.912,0.9996,0.7984,0.5572
Fast-CB,226.0,0.7325,0.4971535716991561,0.967846428300844,8,0.9996,0.8128,0.618,0.1624,0.912,0.9996,0.7984,0.5572
Fast-CB,227.0,0.7325,0.4971535716991561,0.967846428300844,8,0.9996,0.8128,0.618,0.1624,0.912,0.9996,0.7984,0.5572
Fast-CB,228.0,0.7325,0.4971535716991561,0.967846428300844,8,0.9996,0.8128,0.618,0.1624,0.912,0.9996,0.7984,0.5572
Fast-CB,229.0,0.7325,0.4971535716991561,0.967846428300844,8,0.9996,0.8128,0.618,0.1624,0.912,0.9996,0.7984,0.5572
Fast-CB,230.0,0.7325,0.4971535716991561,0.967846428300844,8,0.9996,0.8128,0.618,0.1624,0.912,0.9996,0.7984,0.5572
Fast-CB,231.0,0.7325,0.4971535716991561,0.967846428300844,8,0.9996,0.8128,0.618,0.1624,0.912,0.9996,0.7984,0.5572
Fast-CB,232.0,0.7325,0.4971535716991561,0.967846428300844,8,0.9996,0.8128,0.618,0.1624,0.912,0.9996,0.7984,0.5572
Fast-CB,233.0,0.7325,0.4971535716991561,0.967846428300844,8,0.9996,0.8128,0.618,0.1624,0.912,0.9996,0.7984,0.5572
Fast-CB,234.0,0.7325,0.4971535716991561,0.967846428300844,8,0.9996,0.8128,0.618,0.1624,0.912,0.9996,0.7984,0.5572
Fast-CB,235.0,0.7325,0.4971535716991561,0.967846428300844,8,0.9996,0.8128,0.618,0.1624,0.912,0.9996,0.7984,0.5572
Fast-CB,236.0,0.7325,0.4971535716991561,0.967846428300844,8,0.9996,0.8128,0.618,0.1624,0.912,0.9996,0.7984,0.5572
Fast-CB,237.0,0.7325,0.4971535716991561,0.967846428300844,8,0.9996,0.8128,0.618,0.1624,0.912,0.9996,0.7984,0.5572
Fast-CB,238.0,0.7325,0.4971535716991561,0.967846428300844,8,0.9996,0.8128,0.618,0.1624,0.912,0.9996,0.7984,0.5572
Fast-CB,239.0,0.7325,0.4971535716991561,0.967846428300844,8,0.9996,0.8128,0.618,0.1624,0.912,0.9996,0.7984,0.5572
Fast-CB,240.0,0.7325,0.4971535716991561,0.967846428300844,8,0.9996,0.8128,0.618,0.1624,0.912,0.9996,0.7984,0.5572
Fast-CB,241.0,0.7325,0.4971535716991561,0.967846428300844,8,0.9996,0.8128,0.618,0.1624,0.912,0.9996,0.7984,0.5572
Fast-CB,242.0,0.7325,0.4971535716991561,0.967846428300844,8,0.9996,0.8128,0.618,0.1624,0.912,0.9996,0.7984,0.5572
Fast-CB,243.0,0.7325,0.4971535716991561,0.967846428300844,8,0.9996,0.8128,0.618,0.1624,0.912,0.9996,0.7984,0.5572
Fast-CB,244.0,0.7325,0.4971535716991561,0.967846428300844,8,0.9996,0.8128,0.618,0.1624,0.912,0.9996,0.7984,0.5572
Fast-CB,245.0,0.7325,0.4971535716991561,0.967846428300844,8,0.9996,0.8128,0.618,0.1624,0.912,0.9996,0.7984,0.5572
Fast-CB,246.0,0.7325,0.4971535716991561,0.967846428300844,8,0.9996,0.8128,0.618,0.1624,0.912,0.9996,0.7984,0.5572
Fast-CB,247.0,0.7325,0.4971535716991561,0.967846428300844,8,0.9996,0.8128,0.618,0.1624,0.912,0.9996,0.7984,0.5572
Fast-CB,248.0,0.7325,0.4971535716991561,0.967846428300844,8,0.9996,0.8128,0.618,0.1624,0.912,0.9996,0.7984,0.5572
Fast-CB,249.0,0.7325,0.4971535716991561,0.967846428300844,8,0.9996,0.8128,0.618,0.1624,0.912,0.9996,0.7984,0.5572
Fast-CB,250.0,0.7325,0.4971535716991561,0.967846428300844,8,0.9996,0.8128,0.618,0.1624,0.912,0.9996,0.7984,0.5572
Fast-CB,251.0,0.7325,0.4971535716991561,0.967846428300844,8,0.9996,0.8128,0.618,0.1624,0.912,0.9996,0.7984,0.5572
Fast-CB,252.0,0.7325,0.4971535716991561,0.967846428300844,8,0.9996,0.8128,0.618,0.1624,0.912,0.9996,0.7984,0.5572
Fast-CB,253.0,0.7325,0.4971535716991561,0.967846428300844,8,0.9996,0.8128,0.618,0.1624,0.912,0.9996,0.7984,0.5572
Fast-CB,254.0,0.7325,0.4971535716991561,0.967846428300844,8,0.9996,0.8128,0.618,0.1624,0.912,0.9996,0.7984,0.5572
Fast-CB,255.0,0.7325,0.4971535716991561,0.967846428300844,8,0.9996,0.8128,0.618,0.1624,0.912,0.9996,0.7984,0.5572
Fast-CB,256.0,0.7325,0.4971535716991561,0.967846428300844,8,0.9996,0.8128,0.618,0.1624,0.912,0.9996,0.7984,0.5572
Fast-CB,257.0,0.7325,0.4971535716991561,0.967846428300844,8,0.9996,0.8128,0.618,0.1624,0.912,0.9996,0.7984,0.5572
Fast-CB,258.0,0.7325,0.4971535716991561,0.967846428300844,8,0.9996,0.8128,0.618,0.1624,0.912,0.9996,0.7984,0.5572
Fast-CB,259.0,0.7325,0.4971535716991561,0.967846428300844,8,0.9996,0.8128,0.618,0.1624,0.912,0.9996,0.7984,0.5572
Fast-CB,260.0,0.7325,0.4971535716991561,0.967846428300844,8,0.9996,0.8128,0.618,0.1624,0.912,0.9996,0.7984,0.5572
Fast-CB,261.0,0.7325,0.4971535716991561,0.967846428300844,8,0.9996,0.8128,0.618,0.1624,0.912,0.9996,0.7984,0.5572
Fast-CB,262.0,0.7325,0.4971535716991561,0.967846428300844,8,0.9996,0.8128,0.618,0.1624,0.912,0.9996,0.7984,0.5572
Fast-CB,263.0,0.7325,0.4971535716991561,0.967846428300844,8,0.9996,0.8128,0.618,0.1624,0.912,0.9996,0.7984,0.5572
Fast-CB,264.0,0.7325,0.4971535716991561,0.967846428300844,8,0.9996,0.8128,0.618,0.1624,0.912,0.9996,0.7984,0.5572
Fast-CB,265.0,0.7325,0.4971535716991561,0.967846428300844,8,0.9996,0.8128,0.618,0.1624,0.912,0.9996,0.7984,0.5572
Fast-CB,266.0,0.7325,0.4971535716991561,0.967846428300844,8,0.9996,0.8128,0.618,0.1624,0.912,0.9996,0.7984,0.5572
Fast-CB,267.0,0.7325,0.4971535716991561,0.967846428300844,8,0.9996,0.8128,0.618,0.1624,0.912,0.9996,0.7984,0.5572
Fast-CB,268.0,0.7325,0.4971535716991561,0.967846428300844,8,0.9996,0.8128,0.618,0.1624,0.912,0.9996,0.7984,0.5572
Fast-CB,269.0,0.7325,0.4971535716991561,0.967846428300844,8,0.9996,0.8128,0.618,0.1624,0.912,0.9996,0.7984,0.5572
Fast-CB,270.0,0.7325,0.4971535716991561,0.967846428300844,8,0.9996,0.8128,0.618,0.1624,0.912,0.9996,0.7984,0.5572
Fast-CB,271.0,0.7325,0.4971535716991561,0.967846428300844,8,0.9996,0.8128,0.618,0.1624,0.912,0.9996,0.7984,0.5572
Fast-CB,272.0,0.7325,0.4971535716991561,0.967846428300844,8,0.9996,0.8128,0.618,0.1624,0.912,0.9996,0.7984,0.5572
Fast-CB,273.0,0.7325,0.4971535716991561,0.967846428300844,8,0.9996,0.8128,0.618,0.1624,0.912,0.9996,0.7984,0.5572
Fast-CB,274.0,0.7325,0.4971535716991561,0.967846428300844,8,0.9996,0.8128,0.618,0.1624,0.912,0.9996,0.7984,0.5572
Fast-CB,275.0,0.7325,0.4971535716991561,0.967846428300844,8,0.9996,0.8128,0.618,0.1624,0.912,0.9996,0.7984,0.5572
Fast-CB,276.0,0.7325,0.4971535716991561,0.967846428300844,8,0.9996,0.8128,0.618,0.1624,0.912,0.9996,0.7984,0.5572
Fast-CB,277.0,0.7325,0.4971535716991561,0.967846428300844,8,0.9996,0.8128,0.618,0.1624,0.912,0.9996,0.7984,0.5572
Fast-CB,278.0,0.7325,0.4971535716991561,0.967846428300844,8,0.9996,0.8128,0.618,0.1624,0.912,0.9996,0.7984,0.5572
Fast-CB,279.0,0.7325,0.4971535716991561,0.967846428300844,8,0.9996,0.8128,0.618,0.1624,0.912,0.9996,0.7984,0.5572
Fast-CB,280.0,0.7325,0.4971535716991561,0.967846428300844,8,0.9996,0.8128,0.618,0.1624,0.912,0.9996,0.7984,0.5572
Fast-CB,281.0,0.7325,0.4971535716991561,0.967846428300844,8,0.9996,0.8128,0.618,0.1624,0.912,0.9996,0.7984,0.5572
Fast-CB,282.0,0.7325,0.4971535716991561,0.967846428300844,8,0.9996,0.8128,0.618,0.1624,0.912,0.9996,0.7984,0.5572
Fast-CB,283.0,0.7325,0.4971535716991561,0.967846428300844,8,0.9996,0.8128,0.618,0.1624,0.912,0.9996,0.7984,0.5572
Fast-CB,284.0,0.7325,0.4971535716991561,0.967846428300844,8,0.9996,0.8128,0.618,0.1624,0.912,0.9996,0.7984,0.5572
Fast-CB,285.0,0.7325,0.4971535716991561,0.967846428300844,8,0.9996,0.8128,0.618,0.1624,0.912,0.9996,0.7984,0.5572
Fast-CB,286.0,0.7325,0.4971535716991561,0.967846428300844,8,0.9996,0.8128,0.618,0.1624,0.912,0.9996,0.7984,0.5572
Fast-CB,287.0,0.7325,0.4971535716991561,0.967846428300844,8,0.9996,0.8128,0.618,0.1624,0.912,0.9996,0.7984,0.5572
Fast-CB,288.0,0.7325,0.4971535716991561,0.967846428300844,8,0.9996,0.8128,0.618,0.1624,0.912,0.9996,0.7984,0.5572
Fast-CB,289.0,0.7325,0.4971535716991561,0.967846428300844,8,0.9996,0.8128,0.618,0.1624,0.912,0.9996,0.7984,0.5572
Fast-CB,290.0,0.7325,0.4971535716991561,0.967846428300844,8,0.9996,0.8128,0.618,0.1624,0.912,0.9996,0.7984,0.5572
Fast-CB,291.0,0.7325,0.4971535716991561,0.967846428300844,8,0.9996,0.8128,0.618,0.1624,0.912,0.9996,0.7984,0.5572
Fast-CB,292.0,0.7325,0.4971535716991561,0.967846428300844,8,0.9996,0.8128,0.618,0.1624,0.912,0.9996,0.7984,0.5572
Fast-CB,293.0,0.7325,0.4971535716991561,0.967846428300844,8,0.9996,0.8128,0.618,0.1624,0.912,0.9996,0.7984,0.5572
Fast-CB,294.0,0.7325,0.4971535716991561,0.967846428300844,8,0.9996,0.8128,0.618,0.1624,0.912,0.9996,0.7984,0.5572
Fast-CB,295.0,0.7325,0.4971535716991561,0.967846428300844,8,0.9996,0.8128,0.618,0.1624,0.912,0.9996,0.7984,0.5572
Fast-CB,296.0,0.7325,0.4971535716991561,0.967846428300844,8,0.9996,0.8128,0.618,0.1624,0.912,0.9996,0.7984,0.5572
Fast-CB,297.0,0.7325,0.4971535716991561,0.967846428300844,8,0.9996,0.8128,0.618,0.1624,0.912,0.9996,0.7984,0.5572
Fast-CB,298.0,0.7325,0.4971535716991561,0.967846428300844,8,0.9996,0.8128,0.618,0.1624,0.912,0.9996,0.7984,0.5572
Fast-CB,299.0,0.7325,0.4971535716991561,0.967846428300844,8,0.9996,0.8128,0.618,0.1624,0.912,0.9996,0.7984,0.5572
Fast-CB,300.0,0.7325,0.4971535716991561,0.967846428300844,8,0.9996,0.8128,0.618,0.1624,0.912,0.9996,0.7984,0.5572
Fast-CB,301.0,0.7325,0.4971535716991561,0.967846428300844,8,0.9996,0.8128,0.618,0.1624,0.912,0.9996,0.7984,0.5572
Fast-CB,302.0,0.7325,0.4971535716991561,0.967846428300844,8,0.9996,0.8128,0.618,0.1624,0.912,0.9996,0.7984,0.5572
Fast-CB,303.0,0.7325,0.4971535716991561,0.967846428300844,8,0.9996,0.8128,0.618,0.1624,0.912,0.9996,0.7984,0.5572
Fast-CB,304.0,0.7325,0.4971535716991561,0.967846428300844,8,0.9996,0.8128,0.618,0.1624,0.912,0.9996,0.7984,0.5572
Fast-CB,305.0,0.7325,0.4971535716991561,0.967846428300844,8,0.9996,0.8128,0.618,0.1624,0.912,0.9996,0.7984,0.5572
Fast-CB,306.0,0.7325,0.4971535716991561,0.967846428300844,8,0.9996,0.8128,0.618,0.1624,0.912,0.9996,0.7984,0.5572
Fast-CB,307.0,0.7325,0.4971535716991561,0.967846428300844,8,0.9996,0.8128,0.618,0.1624,0.912,0.9996,0.7984,0.5572
Fast-CB,308.0,0.7325,0.4971535716991561,0.967846428300844,8,0.9996,0.8128,0.618,0.1624,0.912,0.9996,0.7984,0.5572
Fast-CB,309.0,0.7325,0.4971535716991561,0.967846428300844,8,0.9996,0.8128,0.618,0.1624,0.912,0.9996,0.7984,0.5572
Fast-CB,310.0,0.7325,0.4971535716991561,0.967846428300844,8,0.9996,0.8128,0.618,0.1624,0.912,0.9996,0.7984,0.5572
Fast-CB,311.0,0.7325,0.4971535716991561,0.967846428300844,8,0.9996,0.8128,0.618,0.1624,0.912,0.9996,0.7984,0.5572
Fast-CB,312.0,0.7325,0.4971535716991561,0.967846428300844,8,0.9996,0.8128,0.618,0.1624,0.912,0.9996,0.7984,0.5572
Fast-CB,313.0,0.7325,0.4971535716991561,0.967846428300844,8,0.9996,0.8128,0.618,0.1624,0.912,0.9996,0.7984,0.5572
Fast-CB,314.0,0.7325,0.4971535716991561,0.967846428300844,8,0.9996,0.8128,0.618,0.1624,0.912,0.9996,0.7984,0.5572
Fast-CB,315.0,0.7325,0.4971535716991561,0.967846428300844,8,0.9996,0.8128,0.618,0.1624,0.912,0.9996,0.7984,0.5572
Fast-CB,316.0,0.7325,0.4971535716991561,0.967846428300844,8,0.9996,0.8128,0.618,0.1624,0.912,0.9996,0.7984,0.5572
Fast-CB,317.0,0.7325,0.4971535716991561,0.967846428300844,8,0.9996,0.8128,0.618,0.1624,0.912,0.9996,0.7984,0.5572
Fast-CB,318.0,0.7325,0.4971535716991561,0.967846428300844,8,0.9996,0.8128,0.618,0.1624,0.912,0.9996,0.7984,0.5572
Fast-CB,319.0,0.7325,0.4971535716991561,0.967846428300844,8,0.9996,0.8128,0.618,0.1624,0.912,0.9996,0.7984,0.5572
Fast-CB,320.0,0.7325,0.4971535716991561,0.967846428300844,8,0.9996,0.8128,0.618,0.1624,0.912,0.9996,0.7984,0.5572
Fast-CB,321.0,0.7325,0.4971535716991561,0.967846428300844,8,0.9996,0.8128,0.618,0.1624,0.912,0.9996,0.7984,0.5572
Fast-CB,322.0,0.7325,0.4971535716991561,0.967846428300844,8,0.9996,0.8128,0.618,0.1624,0.912,0.9996,0.7984,0.5572
Fast-CB,323.0,0.7325,0.4971535716991561,0.967846428300844,8,0.9996,0.8128,0.618,0.1624,0.912,0.9996,0.7984,0.5572
Fast-CB,324.0,0.7325,0.4971535716991561,0.967846428300844,8,0.9996,0.8128,0.618,0.1624,0.912,0.9996,0.7984,0.5572
Fast-CB,325.0,0.7325,0.4971535716991561,0.967846428300844,8,0.9996,0.8128,0.618,0.1624,0.912,0.9996,0.7984,0.5572
Fast-CB,326.0,0.7325,0.4971535716991561,0.967846428300844,8,0.9996,0.8128,0.618,0.1624,0.912,0.9996,0.7984,0.5572
Fast-CB,327.0,0.7325,0.4971535716991561,0.967846428300844,8,0.9996,0.8128,0.618,0.1624,0.912,0.9996,0.7984,0.5572
Fast-CB,328.0,0.7325,0.4971535716991561,0.967846428300844,8,0.9996,0.8128,0.618,0.1624,0.912,0.9996,0.7984,0.5572
Fast-CB,329.0,0.7325,0.4971535716991561,0.967846428300844,8,0.9996,0.8128,0.618,0.1624,0.912,0.9996,0.7984,0.5572
Fast-CB,330.0,0.7325,0.4971535716991561,0.967846428300844,8,0.9996,0.8128,0.618,0.1624,0.912,0.9996,0.7984,0.5572
Fast-CB,331.0,0.7325,0.4971535716991561,0.967846428300844,8,0.9996,0.8128,0.618,0.1624,0.912,0.9996,0.7984,0.5572
Fast-CB,332.0,0.7325,0.4971535716991561,0.967846428300844,8,0.9996,0.8128,0.618,0.1624,0.912,0.9996,0.7984,0.5572
Fast-CB,333.0,0.7325,0.4971535716991561,0.967846428300844,8,0.9996,0.8128,0.618,0.1624,0.912,0.9996,0.7984,0.5572
Fast-CB,334.0,0.7325,0.4971535716991561,0.967846428300844,8,0.9996,0.8128,0.618,0.1624,0.912,0.9996,0.7984,0.5572
Fast-CB,335.0,0.7325,0.4971535716991561,0.967846428300844,8,0.9996,0.8128,0.618,0.1624,0.912,0.9996,0.7984,0.5572
Fast-CB,336.0,0.7325,0.4971535716991561,0.967846428300844,8,0.9996,0.8128,0.618,0.1624,0.912,0.9996,0.7984,0.5572
Fast-CB,337.0,0.7325,0.4971535716991561,0.967846428300844,8,0.9996,0.8128,0.618,0.1624,0.912,0.9996,0.7984,0.5572
Fast-CB,338.0,0.7325,0.4971535716991561,0.967846428300844,8,0.9996,0.8128,0.618,0.1624,0.912,0.9996,0.7984,0.5572
Fast-CB,339.0,0.7325,0.4971535716991561,0.967846428300844,8,0.9996,0.8128,0.618,0.1624,0.912,0.9996,0.7984,0.5572
Fast-CB,340.0,0.7325,0.4971535716991561,0.967846428300844,8,0.9996,0.8128,0.618,0.1624,0.912,0.9996,0.7984,0.5572
Fast-CB,341.0,0.7325,0.4971535716991561,0.967846428300844,8,0.9996,0.8128,0.618,0.1624,0.912,0.9996,0.7984,0.5572
Fast-CB,342.0,0.7325,0.4971535716991561,0.967846428300844,8,0.9996,0.8128,0.618,0.1624,0.912,0.9996,0.7984,0.5572
Fast-CB,343.0,0.7325,0.4971535716991561,0.967846428300844,8,0.9996,0.8128,0.618,0.1624,0.912,0.9996,0.7984,0.5572
Fast-CB,344.0,0.7325,0.4971535716991561,0.967846428300844,8,0.9996,0.8128,0.618,0.1624,0.912,0.9996,0.7984,0.5572
Fast-CB,345.0,0.7325,0.4971535716991561,0.967846428300844,8,0.9996,0.8128,0.618,0.1624,0.912,0.9996,0.7984,0.5572
Fast-CB,346.0,0.7325,0.4971535716991561,0.967846428300844,8,0.9996,0.8128,0.618,0.1624,0.912,0.9996,0.7984,0.5572
Fast-CB,347.0,0.7325,0.4971535716991561,0.967846428300844,8,0.9996,0.8128,0.618,0.1624,0.912,0.9996,0.7984,0.5572
Fast-CB,348.0,0.7325,0.4971535716991561,0.967846428300844,8,0.9996,0.8128,0.618,0.1624,0.912,0.9996,0.7984,0.5572
Fast-CB,349.0,0.7325,0.4971535716991561,0.967846428300844,8,0.9996,0.8128,0.618,0.1624,0.912,0.9996,0.7984,0.5572
Fast-CB,350.0,0.7325,0.4971535716991561,0.967846428300844,8,0.9996,0.8128,0.618,0.1624,0.912,0.9996,0.7984,0.5572
Fast-CB,351.0,0.7325,0.4971535716991561,0.967846428300844,8,0.9996,0.8128,0.618,0.1624,0.912,0.9996,0.7984,0.5572
Fast-CB,352.0,0.7325,0.4971535716991561,0.967846428300844,8,0.9996,0.8128,0.618,0.1624,0.912,0.9996,0.7984,0.5572
Fast-CB,353.0,0.7325,0.4971535716991561,0.967846428300844,8,0.9996,0.8128,0.618,0.1624,0.912,0.9996,0.7984,0.5572
Fast-CB,354.0,0.7325,0.4971535716991561,0.967846428300844,8,0.9996,0.8128,0.618,0.1624,0.912,0.9996,0.7984,0.5572
Fast-CB,355.0,0.7325,0.4971535716991561,0.967846428300844,8,0.9996,0.8128,0.618,0.1624,0.912,0.9996,0.7984,0.5572
Fast-CB,356.0,0.7325,0.4971535716991561,0.967846428300844,8,0.9996,0.8128,0.618,0.1624,0.912,0.9996,0.7984,0.5572
Fast-CB,357.0,0.7325,0.4971535716991561,0.967846428300844,8,0.9996,0.8128,0.618,0.1624,0.912,0.9996,0.7984,0.5572
Fast-CB,358.0,0.7325,0.4971535716991561,0.967846428300844,8,0.9996,0.8128,0.618,0.1624,0.912,0.9996,0.7984,0.5572
Fast-CB,359.0,0.7325,0.4971535716991561,0.967846428300844,8,0.9996,0.8128,0.618,0.1624,0.912,0.9996,0.7984,0.5572
Fast-CB,360.0,0.7325,0.4971535716991561,0.967846428300844,8,0.9996,0.8128,0.618,0.1624,0.912,0.9996,0.7984,0.5572
Fast-CB,361.0,0.7325,0.4971535716991561,0.967846428300844,8,0.9996,0.8128,0.618,0.1624,0.912,0.9996,0.7984,0.5572
Fast-CB,362.0,0.7325,0.4971535716991561,0.967846428300844,8,0.9996,0.8128,0.618,0.1624,0.912,0.9996,0.7984,0.5572
Fast-CB,363.0,0.7325,0.4971535716991561,0.967846428300844,8,0.9996,0.8128,0.618,0.1624,0.912,0.9996,0.7984,0.5572
Fast-CB,364.0,0.7325,0.4971535716991561,0.967846428300844,8,0.9996,0.8128,0.618,0.1624,0.912,0.9996,0.7984,0.5572
Fast-CB,365.0,0.7325,0.4971535716991561,0.967846428300844,8,0.9996,0.8128,0.618,0.1624,0.912,0.9996,0.7984,0.5572
Fast-CB,366.0,0.7325,0.4971535716991561,0.967846428300844,8,0.9996,0.8128,0.618,0.1624,0.912,0.9996,0.7984,0.5572
Fast-CB,367.0,0.7325,0.4971535716991561,0.967846428300844,8,0.9996,0.8128,0.618,0.1624,0.912,0.9996,0.7984,0.5572
Fast-CB,368.0,0.7325,0.4971535716991561,0.967846428300844,8,0.9996,0.8128,0.618,0.1624,0.912,0.9996,0.7984,0.5572
Fast-CB,369.0,0.7325,0.4971535716991561,0.967846428300844,8,0.9996,0.8128,0.618,0.1624,0.912,0.9996,0.7984,0.5572
Fast-CB,370.0,0.7325,0.4971535716991561,0.967846428300844,8,0.9996,0.8128,0.618,0.1624,0.912,0.9996,0.7984,0.5572
Fast-CB,371.0,0.7325,0.4971535716991561,0.967846428300844,8,0.9996,0.8128,0.618,0.1624,0.912,0.9996,0.7984,0.5572
Fast-CB,372.0,0.7325,0.4971535716991561,0.967846428300844,8,0.9996,0.8128,0.618,0.1624,0.912,0.9996,0.7984,0.5572
Fast-CB,373.0,0.7325,0.4971535716991561,0.967846428300844,8,0.9996,0.8128,0.618,0.1624,0.912,0.9996,0.7984,0.5572
Fast-CB,374.0,0.7325,0.4971535716991561,0.967846428300844,8,0.9996,0.8128,0.618,0.1624,0.912,0.9996,0.7984,0.5572
Fast-CB,375.0,0.7325,0.4971535716991561,0.967846428300844,8,0.9996,0.8128,0.618,0.1624,0.912,0.9996,0.7984,0.5572
Fast-CB,376.0,0.7325,0.4971535716991561,0.967846428300844,8,0.9996,0.8128,0.618,0.1624,0.912,0.9996,0.7984,0.5572
Fast-CB,377.0,0.7325,0.4971535716991561,0.967846428300844,8,0.9996,0.8128,0.618,0.1624,0.912,0.9996,0.7984,0.5572
Fast-CB,378.0,0.7325,0.4971535716991561,0.967846428300844,8,0.9996,0.8128,0.618,0.1624,0.912,0.9996,0.7984,0.5572
Fast-CB,379.0,0.7325,0.4971535716991561,0.967846428300844,8,0.9996,0.8128,0.618,0.1624,0.912,0.9996,0.7984,0.5572
Fast-CB,380.0,0.7325,0.4971535716991561,0.967846428300844,8,0.9996,0.8128,0.618,0.1624,0.912,0.9996,0.7984,0.5572
Fast-CB,381.0,0.7325,0.4971535716991561,0.967846428300844,8,0.9996,0.8128,0.618,0.1624,0.912,0.9996,0.7984,0.5572
Fast-CB,382.0,0.7325,0.4971535716991561,0.967846428300844,8,0.9996,0.8128,0.618,0.1624,0.912,0.9996,0.7984,0.5572
Fast-CB,383.0,0.7325,0.4971535716991561,0.967846428300844,8,0.9996,0.8128,0.618,0.1624,0.912,0.9996,0.7984,0.5572
Fast-CB,384.0,0.7325,0.4971535716991561,0.967846428300844,8,0.9996,0.8128,0.618,0.1624,0.912,0.9996,0.7984,0.5572
Fast-CB,385.0,0.7325,0.4971535716991561,0.967846428300844,8,0.9996,0.8128,0.618,0.1624,0.912,0.9996,0.7984,0.5572
Fast-CB,386.0,0.7325,0.4971535716991561,0.967846428300844,8,0.9996,0.8128,0.618,0.1624,0.912,0.9996,0.7984,0.5572
Fast-CB,387.0,0.7325,0.4971535716991561,0.967846428300844,8,0.9996,0.8128,0.618,0.1624,0.912,0.9996,0.7984,0.5572
Fast-CB,388.0,0.7325,0.4971535716991561,0.967846428300844,8,0.9996,0.8128,0.618,0.1624,0.912,0.9996,0.7984,0.5572
Fast-CB,389.0,0.7325,0.4971535716991561,0.967846428300844,8,0.9996,0.8128,0.618,0.1624,0.912,0.9996,0.7984,0.5572
Fast-CB,390.0,0.7325,0.4971535716991561,0.967846428300844,8,0.9996,0.8128,0.618,0.1624,0.912,0.9996,0.7984,0.5572
Fast-CB,391.0,0.7325,0.4971535716991561,0.967846428300844,8,0.9996,0.8128,0.618,0.1624,0.912,0.9996,0.7984,0.5572
Fast-CB,392.0,0.7325,0.4971535716991561,0.967846428300844,8,0.9996,0.8128,0.618,0.1624,0.912,0.9996,0.7984,0.5572
Fast-CB,393.0,0.7325,0.4971535716991561,0.967846428300844,8,0.9996,0.8128,0.618,0.1624,0.912,0.9996,0.7984,0.5572
Fast-CB,394.0,0.7325,0.4971535716991561,0.967846428300844,8,0.9996,0.8128,0.618,0.1624,0.912,0.9996,0.7984,0.5572
Fast-CB,395.0,0.7325,0.4971535716991561,0.967846428300844,8,0.9996,0.8128,0.618,0.1624,0.912,0.9996,0.7984,0.5572
Fast-CB,396.0,0.7325,0.4971535716991561,0.967846428300844,8,0.9996,0.8128,0.618,0.1624,0.912,0.9996,0.7984,0.5572
Fast-CB,397.0,0.7325,0.4971535716991561,0.967846428300844,8,0.9996,0.8128,0.618,0.1624,0.912,0.9996,0.7984,0.5572
Fast-CB,398.0,0.7325,0.4971535716991561,0.967846428300844,8,0.9996,0.8128,0.618,0.1624,0.912,0.9996,0.7984,0.5572
Fast-CB,399.0,0.7325,0.4971535716991561,0.967846428300844,8,0.9996,0.8128,0.618,0.1624,0.912,0.9996,0.7984,0.5572
Fast-CB,400.0,0.7325,0.4971535716991561,0.967846428300844,8,0.9996,0.8128,0.618,0.1624,0.912,0.9996,0.7984,0.5572
Fast-CB,401.0,0.7325,0.4971535716991561,0.967846428300844,8,0.9996,0.8128,0.618,0.1624,0.912,0.9996,0.7984,0.5572
Fast-CB,402.0,0.7325,0.4971535716991561,0.967846428300844,8,0.9996,0.8128,0.618,0.1624,0.912,0.9996,0.7984,0.5572
Fast-CB,403.0,0.7325,0.4971535716991561,0.967846428300844,8,0.9996,0.8128,0.618,0.1624,0.912,0.9996,0.7984,0.5572
Fast-CB,404.0,0.7325,0.4971535716991561,0.967846428300844,8,0.9996,0.8128,0.618,0.1624,0.912,0.9996,0.7984,0.5572
Fast-CB,405.0,0.7325,0.4971535716991561,0.967846428300844,8,0.9996,0.8128,0.618,0.1624,0.912,0.9996,0.7984,0.5572
Fast-CB,406.0,0.7325,0.4971535716991561,0.967846428300844,8,0.9996,0.8128,0.618,0.1624,0.912,0.9996,0.7984,0.5572
Fast-CB,407.0,0.7325,0.4971535716991561,0.967846428300844,8,0.9996,0.8128,0.618,0.1624,0.912,0.9996,0.7984,0.5572
Fast-CB,408.0,0.7325,0.4971535716991561,0.967846428300844,8,0.9996,0.8128,0.618,0.1624,0.912,0.9996,0.7984,0.5572
Fast-CB,409.0,0.7325,0.4971535716991561,0.967846428300844,8,0.9996,0.8128,0.618,0.1624,0.912,0.9996,0.7984,0.5572
Fast-CB,410.0,0.7325,0.4971535716991561,0.967846428300844,8,0.9996,0.8128,0.618,0.1624,0.912,0.9996,0.7984,0.5572
Fast-CB,411.0,0.7325,0.4971535716991561,0.967846428300844,8,0.9996,0.8128,0.618,0.1624,0.912,0.9996,0.7984,0.5572
Fast-CB,412.0,0.7325,0.4971535716991561,0.967846428300844,8,0.9996,0.8128,0.618,0.1624,0.912,0.9996,0.7984,0.5572
Fast-CB,413.0,0.7325,0.4971535716991561,0.967846428300844,8,0.9996,0.8128,0.618,0.1624,0.912,0.9996,0.7984,0.5572
Fast-CB,414.0,0.7325,0.4971535716991561,0.967846428300844,8,0.9996,0.8128,0.618,0.1624,0.912,0.9996,0.7984,0.5572
Fast-CB,415.0,0.7325,0.4971535716991561,0.967846428300844,8,0.9996,0.8128,0.618,0.1624,0.912,0.9996,0.7984,0.5572
Fast-CB,416.0,0.7325,0.4971535716991561,0.967846428300844,8,0.9996,0.8128,0.618,0.1624,0.912,0.9996,0.7984,0.5572
Fast-CB,417.0,0.7325,0.4971535716991561,0.967846428300844,8,0.9996,0.8128,0.618,0.1624,0.912,0.9996,0.7984,0.5572
Fast-CB,418.0,0.7325,0.4971535716991561,0.967846428300844,8,0.9996,0.8128,0.618,0.1624,0.912,0.9996,0.7984,0.5572
Fast-CB,419.0,0.7325,0.4971535716991561,0.967846428300844,8,0.9996,0.8128,0.618,0.1624,0.912,0.9996,0.7984,0.5572
Fast-CB,420.0,0.7325,0.4971535716991561,0.967846428300844,8,0.9996,0.8128,0.618,0.1624,0.912,0.9996,0.7984,0.5572
Fast-CB,421.0,0.7325,0.4971535716991561,0.967846428300844,8,0.9996,0.8128,0.618,0.1624,0.912,0.9996,0.7984,0.5572
Fast-CB,422.0,0.7325,0.4971535716991561,0.967846428300844,8,0.9996,0.8128,0.618,0.1624,0.912,0.9996,0.7984,0.5572
Fast-CB,423.0,0.7325,0.4971535716991561,0.967846428300844,8,0.9996,0.8128,0.618,0.1624,0.912,0.9996,0.7984,0.5572
Fast-CB,424.0,0.7325,0.4971535716991561,0.967846428300844,8,0.9996,0.8128,0.618,0.1624,0.912,0.9996,0.7984,0.5572
Fast-CB,425.0,0.7325,0.4971535716991561,0.967846428300844,8,0.9996,0.8128,0.618,0.1624,0.912,0.9996,0.7984,0.5572
Fast-CB,426.0,0.7325,0.4971535716991561,0.967846428300844,8,0.9996,0.8128,0.618,0.1624,0.912,0.9996,0.7984,0.5572
Fast-CB,427.0,0.7325,0.4971535716991561,0.967846428300844,8,0.9996,0.8128,0.618,0.1624,0.912,0.9996,0.7984,0.5572
Fast-CB,428.0,0.7325,0.4971535716991561,0.967846428300844,8,0.9996,0.8128,0.618,0.1624,0.912,0.9996,0.7984,0.5572
Fast-CB,429.0,0.7325,0.4971535716991561,0.967846428300844,8,0.9996,0.8128,0.618,0.1624,0.912,0.9996,0.7984,0.5572
Fast-CB,430.0,0.7325,0.4971535716991561,0.967846428300844,8,0.9996,0.8128,0.618,0.1624,0.912,0.9996,0.7984,0.5572
Fast-CB,431.0,0.7325,0.4971535716991561,0.967846428300844,8,0.9996,0.8128,0.618,0.1624,0.912,0.9996,0.7984,0.5572
Fast-CB,432.0,0.7325,0.4971535716991561,0.967846428300844,8,0.9996,0.8128,0.618,0.1624,0.912,0.9996,0.7984,0.5572
Fast-CB,433.0,0.7325,0.4971535716991561,0.967846428300844,8,0.9996,0.8128,0.618,0.1624,0.912,0.9996,0.7984,0.5572
Fast-CB,434.0,0.7325,0.4971535716991561,0.967846428300844,8,0.9996,0.8128,0.618,0.1624,0.912,0.9996,0.7984,0.5572
Fast-CB,435.0,0.7325,0.4971535716991561,0.967846428300844,8,0.9996,0.8128,0.618,0.1624,0.912,0.9996,0.7984,0.5572
Fast-CB,436.0,0.7325,0.4971535716991561,0.967846428300844,8,0.9996,0.8128,0.618,0.1624,0.912,0.9996,0.7984,0.5572
Fast-CB,437.0,0.7325,0.4971535716991561,0.967846428300844,8,0.9996,0.8128,0.618,0.1624,0.912,0.9996,0.7984,0.5572
Fast-CB,438.0,0.7325,0.4971535716991561,0.967846428300844,8,0.9996,0.8128,0.618,0.1624,0.912,0.9996,0.7984,0.5572
Fast-CB,439.0,0.7325,0.4971535716991561,0.967846428300844,8,0.9996,0.8128,0.618,0.1624,0.912,0.9996,0.7984,0.5572
Fast-CB,440.0,0.7325,0.4971535716991561,0.967846428300844,8,0.9996,0.8128,0.618,0.1624,0.912,0.9996,0.7984,0.5572
Fast-CB,441.0,0.7325,0.4971535716991561,0.967846428300844,8,0.9996,0.8128,0.618,0.1624,0.912,0.9996,0.7984,0.5572
Fast-CB,442.0,0.7325,0.4971535716991561,0.967846428300844,8,0.9996,0.8128,0.618,0.1624,0.912,0.9996,0.7984,0.5572
Fast-CB,443.0,0.7325,0.4971535716991561,0.967846428300844,8,0.9996,0.8128,0.618,0.1624,0.912,0.9996,0.7984,0.5572
Fast-CB,444.0,0.7325,0.4971535716991561,0.967846428300844,8,0.9996,0.8128,0.618,0.1624,0.912,0.9996,0.7984,0.5572
Fast-CB,445.0,0.7325,0.4971535716991561,0.967846428300844,8,0.9996,0.8128,0.618,0.1624,0.912,0.9996,0.7984,0.5572
Fast-CB,446.0,0.7325,0.4971535716991561,0.967846428300844,8,0.9996,0.8128,0.618,0.1624,0.912,0.9996,0.7984,0.5572
Fast-CB,447.0,0.7325,0.4971535716991561,0.967846428300844,8,0.9996,0.8128,0.618,0.1624,0.912,0.9996,0.7984,0.5572
Fast-CB,448.0,0.7325,0.4971535716991561,0.967846428300844,8,0.9996,0.8128,0.618,0.1624,0.912,0.9996,0.7984,0.5572
Fast-CB,449.0,0.7325,0.4971535716991561,0.967846428300844,8,0.9996,0.8128,0.618,0.1624,0.912,0.9996,0.7984,0.5572
Fast-CB,450.0,0.7325,0.4971535716991561,0.967846428300844,8,0.9996,0.8128,0.618,0.1624,0.912,0.9996,0.7984,0.5572
Fast-CB,451.0,0.7325,0.4971535716991561,0.967846428300844,8,0.9996,0.8128,0.618,0.1624,0.912,0.9996,0.7984,0.5572
Fast-CB,452.0,0.7325,0.4971535716991561,0.967846428300844,8,0.9996,0.8128,0.618,0.1624,0.912,0.9996,0.7984,0.5572
Fast-CB,453.0,0.7325,0.4971535716991561,0.967846428300844,8,0.9996,0.8128,0.618,0.1624,0.912,0.9996,0.7984,0.5572
Fast-CB,454.0,0.7325,0.4971535716991561,0.967846428300844,8,0.9996,0.8128,0.618,0.1624,0.912,0.9996,0.7984,0.5572
Fast-CB,455.0,0.7325,0.4971535716991561,0.967846428300844,8,0.9996,0.8128,0.618,0.1624,0.912,0.9996,0.7984,0.5572
Fast-CB,456.0,0.7325,0.4971535716991561,0.967846428300844,8,0.9996,0.8128,0.618,0.1624,0.912,0.9996,0.7984,0.5572
Fast-CB,457.0,0.7325,0.4971535716991561,0.967846428300844,8,0.9996,0.8128,0.618,0.1624,0.912,0.9996,0.7984,0.5572
Fast-CB,458.0,0.7325,0.4971535716991561,0.967846428300844,8,0.9996,0.8128,0.618,0.1624,0.912,0.9996,0.7984,0.5572
Fast-CB,459.0,0.7325,0.4971535716991561,0.967846428300844,8,0.9996,0.8128,0.618,0.1624,0.912,0.9996,0.7984,0.5572
Fast-CB,460.0,0.7325,0.4971535716991561,0.967846428300844,8,0.9996,0.8128,0.618,0.1624,0.912,0.9996,0.7984,0.5572
Fast-CB,461.0,0.7325,0.4971535716991561,0.967846428300844,8,0.9996,0.8128,0.618,0.1624,0.912,0.9996,0.7984,0.5572
Fast-CB,462.0,0.7325,0.4971535716991561,0.967846428300844,8,0.9996,0.8128,0.618,0.1624,0.912,0.9996,0.7984,0.5572
Fast-CB,463.0,0.7325,0.4971535716991561,0.967846428300844,8,0.9996,0.8128,0.618,0.1624,0.912,0.9996,0.7984,0.5572
Fast-CB,464.0,0.7325,0.4971535716991561,0.967846428300844,8,0.9996,0.8128,0.618,0.1624,0.912,0.9996,0.7984,0.5572
Fast-CB,465.0,0.7325,0.4971535716991561,0.967846428300844,8,0.9996,0.8128,0.618,0.1624,0.912,0.9996,0.7984,0.5572
Fast-CB,466.0,0.7325,0.4971535716991561,0.967846428300844,8,0.9996,0.8128,0.618,0.1624,0.912,0.9996,0.7984,0.5572
Fast-CB,467.0,0.7325,0.4971535716991561,0.967846428300844,8,0.9996,0.8128,0.618,0.1624,0.912,0.9996,0.7984,0.5572
Fast-CB,468.0,0.7325,0.4971535716991561,0.967846428300844,8,0.9996,0.8128,0.618,0.1624,0.912,0.9996,0.7984,0.5572
Fast-CB,469.0,0.7325,0.4971535716991561,0.967846428300844,8,0.9996,0.8128,0.618,0.1624,0.912,0.9996,0.7984,0.5572
Fast-CB,470.0,0.7325,0.4971535716991561,0.967846428300844,8,0.9996,0.8128,0.618,0.1624,0.912,0.9996,0.7984,0.5572
Fast-CB,471.0,0.7325,0.4971535716991561,0.967846428300844,8,0.9996,0.8128,0.618,0.1624,0.912,0.9996,0.7984,0.5572
Fast-CB,472.0,0.7325,0.4971535716991561,0.967846428300844,8,0.9996,0.8128,0.618,0.1624,0.912,0.9996,0.7984,0.5572
Fast-CB,473.0,0.7325,0.4971535716991561,0.967846428300844,8,0.9996,0.8128,0.618,0.1624,0.912,0.9996,0.7984,0.5572
Fast-CB,474.0,0.7325,0.4971535716991561,0.967846428300844,8,0.9996,0.8128,0.618,0.1624,0.912,0.9996,0.7984,0.5572
Fast-CB,475.0,0.7325,0.4971535716991561,0.967846428300844,8,0.9996,0.8128,0.618,0.1624,0.912,0.9996,0.7984,0.5572
Fast-CB,476.0,0.7325,0.4971535716991561,0.967846428300844,8,0.9996,0.8128,0.618,0.1624,0.912,0.9996,0.7984,0.5572
Fast-CB,477.0,0.7325,0.4971535716991561,0.967846428300844,8,0.9996,0.8128,0.618,0.1624,0.912,0.9996,0.7984,0.5572
Fast-CB,478.0,0.7325,0.4971535716991561,0.967846428300844,8,0.9996,0.8128,0.618,0.1624,0.912,0.9996,0.7984,0.5572
Fast-CB,479.0,0.7325,0.4971535716991561,0.967846428300844,8,0.9996,0.8128,0.618,0.1624,0.912,0.9996,0.7984,0.5572
Fast-CB,480.0,0.7325,0.4971535716991561,0.967846428300844,8,0.9996,0.8128,0.618,0.1624,0.912,0.9996,0.7984,0.5572
Fast-CB,481.0,0.7325,0.4971535716991561,0.967846428300844,8,0.9996,0.8128,0.618,0.1624,0.912,0.9996,0.7984,0.5572
Fast-CB,482.0,0.7325,0.4971535716991561,0.967846428300844,8,0.9996,0.8128,0.618,0.1624,0.912,0.9996,0.7984,0.5572
Fast-CB,483.0,0.7325,0.4971535716991561,0.967846428300844,8,0.9996,0.8128,0.618,0.1624,0.912,0.9996,0.7984,0.5572
Fast-CB,484.0,0.7325,0.4971535716991561,0.967846428300844,8,0.9996,0.8128,0.618,0.1624,0.912,0.9996,0.7984,0.5572
Fast-CB,485.0,0.7325,0.4971535716991561,0.967846428300844,8,0.9996,0.8128,0.618,0.1624,0.912,0.9996,0.7984,0.5572
Fast-CB,486.0,0.7325,0.4971535716991561,0.967846428300844,8,0.9996,0.8128,0.618,0.1624,0.912,0.9996,0.7984,0.5572
Fast-CB,487.0,0.7325,0.4971535716991561,0.967846428300844,8,0.9996,0.8128,0.618,0.1624,0.912,0.9996,0.7984,0.5572
Fast-CB,488.0,0.7325,0.4971535716991561,0.967846428300844,8,0.9996,0.8128,0.618,0.1624,0.912,0.9996,0.7984,0.5572
Fast-CB,489.0,0.7325,0.4971535716991561,0.967846428300844,8,0.9996,0.8128,0.618,0.1624,0.912,0.9996,0.7984,0.5572
Fast-CB,490.0,0.7325,0.4971535716991561,0.967846428300844,8,0.9996,0.8128,0.618,0.1624,0.912,0.9996,0.7984,0.5572
Fast-CB,491.0,0.7325,0.4971535716991561,0.967846428300844,8,0.9996,0.8128,0.618,0.1624,0.912,0.9996,0.7984,0.5572
Fast-CB,492.0,0.7325,0.4971535716991561,0.967846428300844,8,0.9996,0.8128,0.618,0.1624,0.912,0.9996,0.7984,0.5572
Fast-CB,493.0,0.7325,0.4971535716991561,0.967846428300844,8,0.9996,0.8128,0.618,0.1624,0.912,0.9996,0.7984,0.5572
Fast-CB,494.0,0.7325,0.4971535716991561,0.967846428300844,8,0.9996,0.8128,0.618,0.1624,0.912,0.9996,0.7984,0.5572
Fast-CB,495.0,0.7325,0.4971535716991561,0.967846428300844,8,0.9996,0.8128,0.618,0.1624,0.912,0.9996,0.7984,0.5572
Fast-CB,496.0,0.7325,0.4971535716991561,0.967846428300844,8,0.9996,0.8128,0.618,0.1624,0.912,0.9996,0.7984,0.5572
Fast-CB,497.0,0.7325,0.4971535716991561,0.967846428300844,8,0.9996,0.8128,0.618,0.1624,0.912,0.9996,0.7984,0.5572
Fast-CB,498.0,0.7325,0.4971535716991561,0.967846428300844,8,0.9996,0.8128,0.618,0.1624,0.912,0.9996,0.7984,0.5572
Fast-CB,499.0,0.7325,0.4971535716991561,0.967846428300844,8,0.9996,0.8128,0.618,0.1624,0.912,0.9996,0.7984,0.5572
Fast-CB,500.0,0.7325,0.4971535716991561,0.967846428300844,8,0.9996,0.8128,0.618,0.1624,0.912,0.9996,0.7984,0.5572
Fast-CB,501.0,0.7325,0.4971535716991561,0.967846428300844,8,0.9996,0.8128,0.618,0.1624,0.912,0.9996,0.7984,0.5572
Fast-CB,502.0,0.7325,0.4971535716991561,0.967846428300844,8,0.9996,0.8128,0.618,0.1624,0.912,0.9996,0.7984,0.5572
Fast-CB,503.0,0.7325,0.4971535716991561,0.967846428300844,8,0.9996,0.8128,0.618,0.1624,0.912,0.9996,0.7984,0.5572
Fast-CB,504.0,0.7325,0.4971535716991561,0.967846428300844,8,0.9996,0.8128,0.618,0.1624,0.912,0.9996,0.7984,0.5572
Fast-CB,505.0,0.7325,0.4971535716991561,0.967846428300844,8,0.9996,0.8128,0.618,0.1624,0.912,0.9996,0.7984,0.5572
Fast-CB,506.0,0.7325,0.4971535716991561,0.967846428300844,8,0.9996,0.8128,0.618,0.1624,0.912,0.9996,0.7984,0.5572
Fast-CB,507.0,0.7325,0.4971535716991561,0.967846428300844,8,0.9996,0.8128,0.618,0.1624,0.912,0.9996,0.7984,0.5572
Fast-CB,508.0,0.7325,0.4971535716991561,0.967846428300844,8,0.9996,0.8128,0.618,0.1624,0.912,0.9996,0.7984,0.5572
Fast-CB,509.0,0.7325,0.4971535716991561,0.967846428300844,8,0.9996,0.8128,0.618,0.1624,0.912,0.9996,0.7984,0.5572
Fast-CB,510.0,0.7325,0.4971535716991561,0.967846428300844,8,0.9996,0.8128,0.618,0.1624,0.912,0.9996,0.7984,0.5572
Fast-CB,511.0,0.7325,0.4971535716991561,0.967846428300844,8,0.9996,0.8128,0.618,0.1624,0.912,0.9996,0.7984,0.5572
Fast-CB,512.0,0.7325,0.4971535716991561,0.967846428300844,8,0.9996,0.8128,0.618,0.1624,0.912,0.9996,0.7984,0.5572
Fast-CB,513.0,0.7325,0.4971535716991561,0.967846428300844,8,0.9996,0.8128,0.618,0.1624,0.912,0.9996,0.7984,0.5572
Fast-CB,514.0,0.7325,0.4971535716991561,0.967846428300844,8,0.9996,0.8128,0.618,0.1624,0.912,0.9996,0.7984,0.5572
Fast-CB,515.0,0.7325,0.4971535716991561,0.967846428300844,8,0.9996,0.8128,0.618,0.1624,0.912,0.9996,0.7984,0.5572
Fast-CB,516.0,0.7325,0.4971535716991561,0.967846428300844,8,0.9996,0.8128,0.618,0.1624,0.912,0.9996,0.7984,0.5572
Fast-CB,517.0,0.7325,0.4971535716991561,0.967846428300844,8,0.9996,0.8128,0.618,0.1624,0.912,0.9996,0.7984,0.5572
Fast-CB,518.0,0.7325,0.4971535716991561,0.967846428300844,8,0.9996,0.8128,0.618,0.1624,0.912,0.9996,0.7984,0.5572
Fast-CB,519.0,0.7325,0.4971535716991561,0.967846428300844,8,0.9996,0.8128,0.618,0.1624,0.912,0.9996,0.7984,0.5572
Fast-CB,520.0,0.7325,0.4971535716991561,0.967846428300844,8,0.9996,0.8128,0.618,0.1624,0.912,0.9996,0.7984,0.5572
Fast-CB,521.0,0.7325,0.4971535716991561,0.967846428300844,8,0.9996,0.8128,0.618,0.1624,0.912,0.9996,0.7984,0.5572
Fast-CB,522.0,0.7325,0.4971535716991561,0.967846428300844,8,0.9996,0.8128,0.618,0.1624,0.912,0.9996,0.7984,0.5572
Fast-CB,523.0,0.7325,0.4971535716991561,0.967846428300844,8,0.9996,0.8128,0.618,0.1624,0.912,0.9996,0.7984,0.5572
Fast-CB,524.0,0.7325,0.4971535716991561,0.967846428300844,8,0.9996,0.8128,0.618,0.1624,0.912,0.9996,0.7984,0.5572
Fast-CB,525.0,0.7325,0.4971535716991561,0.967846428300844,8,0.9996,0.8128,0.618,0.1624,0.912,0.9996,0.7984,0.5572
Fast-CB,526.0,0.7325,0.4971535716991561,0.967846428300844,8,0.9996,0.8128,0.618,0.1624,0.912,0.9996,0.7984,0.5572
Fast-CB,527.0,0.7325,0.4971535716991561,0.967846428300844,8,0.9996,0.8128,0.618,0.1624,0.912,0.9996,0.7984,0.5572
Fast-CB,528.0,0.7325,0.4971535716991561,0.967846428300844,8,0.9996,0.8128,0.618,0.1624,0.912,0.9996,0.7984,0.5572
Fast-CB,529.0,0.7325,0.4971535716991561,0.967846428300844,8,0.9996,0.8128,0.618,0.1624,0.912,0.9996,0.7984,0.5572
Fast-CB,530.0,0.7325,0.4971535716991561,0.967846428300844,8,0.9996,0.8128,0.618,0.1624,0.912,0.9996,0.7984,0.5572
Fast-CB,531.0,0.7325,0.4971535716991561,0.967846428300844,8,0.9996,0.8128,0.618,0.1624,0.912,0.9996,0.7984,0.5572
Fast-CB,532.0,0.7325,0.4971535716991561,0.967846428300844,8,0.9996,0.8128,0.618,0.1624,0.912,0.9996,0.7984,0.5572
Fast-CB,533.0,0.7325,0.4971535716991561,0.967846428300844,8,0.9996,0.8128,0.618,0.1624,0.912,0.9996,0.7984,0.5572
Fast-CB,534.0,0.7325,0.4971535716991561,0.967846428300844,8,0.9996,0.8128,0.618,0.1624,0.912,0.9996,0.7984,0.5572
Fast-CB,535.0,0.7325,0.4971535716991561,0.967846428300844,8,0.9996,0.8128,0.618,0.1624,0.912,0.9996,0.7984,0.5572
Fast-CB,536.0,0.7325,0.4971535716991561,0.967846428300844,8,0.9996,0.8128,0.618,0.1624,0.912,0.9996,0.7984,0.5572
Fast-CB,537.0,0.7325,0.4971535716991561,0.967846428300844,8,0.9996,0.8128,0.618,0.1624,0.912,0.9996,0.7984,0.5572
Fast-CB,538.0,0.7325,0.4971535716991561,0.967846428300844,8,0.9996,0.8128,0.618,0.1624,0.912,0.9996,0.7984,0.5572
Fast-CB,539.0,0.7325,0.4971535716991561,0.967846428300844,8,0.9996,0.8128,0.618,0.1624,0.912,0.9996,0.7984,0.5572
Fast-CB,540.0,0.7325,0.4971535716991561,0.967846428300844,8,0.9996,0.8128,0.618,0.1624,0.912,0.9996,0.7984,0.5572
Fast-CB,541.0,0.7325,0.4971535716991561,0.967846428300844,8,0.9996,0.8128,0.618,0.1624,0.912,0.9996,0.7984,0.5572
Fast-CB,542.0,0.7325,0.4971535716991561,0.967846428300844,8,0.9996,0.8128,0.618,0.1624,0.912,0.9996,0.7984,0.5572
Fast-CB,543.0,0.7325,0.4971535716991561,0.967846428300844,8,0.9996,0.8128,0.618,0.1624,0.912,0.9996,0.7984,0.5572
Fast-CB,544.0,0.7325,0.4971535716991561,0.967846428300844,8,0.9996,0.8128,0.618,0.1624,0.912,0.9996,0.7984,0.5572
Fast-CB,545.0,0.7325,0.4971535716991561,0.967846428300844,8,0.9996,0.8128,0.618,0.1624,0.912,0.9996,0.7984,0.5572
Fast-CB,546.0,0.7325,0.4971535716991561,0.967846428300844,8,0.9996,0.8128,0.618,0.1624,0.912,0.9996,0.7984,0.5572
Fast-CB,547.0,0.7325,0.4971535716991561,0.967846428300844,8,0.9996,0.8128,0.618,0.1624,0.912,0.9996,0.7984,0.5572
Fast-CB,548.0,0.7325,0.4971535716991561,0.967846428300844,8,0.9996,0.8128,0.618,0.1624,0.912,0.9996,0.7984,0.5572
Fast-CB,549.0,0.7325,0.4971535716991561,0.967846428300844,8,0.9996,0.8128,0.618,0.1624,0.912,0.9996,0.7984,0.5572
Fast-CB,550.0,0.7325,0.4971535716991561,0.967846428300844,8,0.9996,0.8128,0.618,0.1624,0.912,0.9996,0.7984,0.5572
Fast-CB,551.0,0.7325,0.4971535716991561,0.967846428300844,8,0.9996,0.8128,0.618,0.1624,0.912,0.9996,0.7984,0.5572
Fast-CB,552.0,0.7325,0.4971535716991561,0.967846428300844,8,0.9996,0.8128,0.618,0.1624,0.912,0.9996,0.7984,0.5572
Fast-CB,553.0,0.7325,0.4971535716991561,0.967846428300844,8,0.9996,0.8128,0.618,0.1624,0.912,0.9996,0.7984,0.5572
Fast-CB,554.0,0.7325,0.4971535716991561,0.967846428300844,8,0.9996,0.8128,0.618,0.1624,0.912,0.9996,0.7984,0.5572
Fast-CB,555.0,0.7325,0.4971535716991561,0.967846428300844,8,0.9996,0.8128,0.618,0.1624,0.912,0.9996,0.7984,0.5572
Fast-CB,556.0,0.7325,0.4971535716991561,0.967846428300844,8,0.9996,0.8128,0.618,0.1624,0.912,0.9996,0.7984,0.5572
Fast-CB,557.0,0.7325,0.4971535716991561,0.967846428300844,8,0.9996,0.8128,0.618,0.1624,0.912,0.9996,0.7984,0.5572
Fast-CB,558.0,0.7325,0.4971535716991561,0.967846428300844,8,0.9996,0.8128,0.618,0.1624,0.912,0.9996,0.7984,0.5572
Fast-CB,559.0,0.7325,0.4971535716991561,0.967846428300844,8,0.9996,0.8128,0.618,0.1624,0.912,0.9996,0.7984,0.5572
Fast-CB,560.0,0.7325,0.4971535716991561,0.967846428300844,8,0.9996,0.8128,0.618,0.1624,0.912,0.9996,0.7984,0.5572
Fast-CB,561.0,0.7325,0.4971535716991561,0.967846428300844,8,0.9996,0.8128,0.618,0.1624,0.912,0.9996,0.7984,0.5572
Fast-CB,562.0,0.7325,0.4971535716991561,0.967846428300844,8,0.9996,0.8128,0.618,0.1624,0.912,0.9996,0.7984,0.5572
Fast-CB,563.0,0.7325,0.4971535716991561,0.967846428300844,8,0.9996,0.8128,0.618,0.1624,0.912,0.9996,0.7984,0.5572
Fast-CB,564.0,0.7325,0.4971535716991561,0.967846428300844,8,0.9996,0.8128,0.618,0.1624,0.912,0.9996,0.7984,0.5572
Fast-CB,565.0,0.7325,0.4971535716991561,0.967846428300844,8,0.9996,0.8128,0.618,0.1624,0.912,0.9996,0.7984,0.5572
Fast-CB,566.0,0.7325,0.4971535716991561,0.967846428300844,8,0.9996,0.8128,0.618,0.1624,0.912,0.9996,0.7984,0.5572
Fast-CB,567.0,0.7325,0.4971535716991561,0.967846428300844,8,0.9996,0.8128,0.618,0.1624,0.912,0.9996,0.7984,0.5572
Fast-CB,568.0,0.7325,0.4971535716991561,0.967846428300844,8,0.9996,0.8128,0.618,0.1624,0.912,0.9996,0.7984,0.5572
Fast-CB,569.0,0.7325,0.4971535716991561,0.967846428300844,8,0.9996,0.8128,0.618,0.1624,0.912,0.9996,0.7984,0.5572
Fast-CB,570.0,0.7325,0.4971535716991561,0.967846428300844,8,0.9996,0.8128,0.618,0.1624,0.912,0.9996,0.7984,0.5572
Fast-CB,571.0,0.7325,0.4971535716991561,0.967846428300844,8,0.9996,0.8128,0.618,0.1624,0.912,0.9996,0.7984,0.5572
Fast-CB,572.0,0.7325,0.4971535716991561,0.967846428300844,8,0.9996,0.8128,0.618,0.1624,0.912,0.9996,0.7984,0.5572
Fast-CB,573.0,0.7325,0.4971535716991561,0.967846428300844,8,0.9996,0.8128,0.618,0.1624,0.912,0.9996,0.7984,0.5572
Fast-CB,574.0,0.7325,0.4971535716991561,0.967846428300844,8,0.9996,0.8128,0.618,0.1624,0.912,0.9996,0.7984,0.5572
Fast-CB,575.0,0.7325,0.4971535716991561,0.967846428300844,8,0.9996,0.8128,0.618,0.1624,0.912,0.9996,0.7984,0.5572
Fast-CB,576.0,0.7325,0.4971535716991561,0.967846428300844,8,0.9996,0.8128,0.618,0.1624,0.912,0.9996,0.7984,0.5572
Fast-CB,577.0,0.7325,0.4971535716991561,0.967846428300844,8,0.9996,0.8128,0.618,0.1624,0.912,0.9996,0.7984,0.5572
Fast-CB,578.0,0.7325,0.4971535716991561,0.967846428300844,8,0.9996,0.8128,0.618,0.1624,0.912,0.9996,0.7984,0.5572
Fast-CB,579.0,0.7325,0.4971535716991561,0.967846428300844,8,0.9996,0.8128,0.618,0.1624,0.912,0.9996,0.7984,0.5572
Fast-CB,580.0,0.7325,0.4971535716991561,0.967846428300844,8,0.9996,0.8128,0.618,0.1624,0.912,0.9996,0.7984,0.5572
Fast-CB,581.0,0.7325,0.4971535716991561,0.967846428300844,8,0.9996,0.8128,0.618,0.1624,0.912,0.9996,0.7984,0.5572
Fast-CB,582.0,0.7325,0.4971535716991561,0.967846428300844,8,0.9996,0.8128,0.618,0.1624,0.912,0.9996,0.7984,0.5572
Fast-CB,583.0,0.7325,0.4971535716991561,0.967846428300844,8,0.9996,0.8128,0.618,0.1624,0.912,0.9996,0.7984,0.5572
Fast-CB,584.0,0.7325,0.4971535716991561,0.967846428300844,8,0.9996,0.8128,0.618,0.1624,0.912,0.9996,0.7984,0.5572
Fast-CB,585.0,0.7325,0.4971535716991561,0.967846428300844,8,0.9996,0.8128,0.618,0.1624,0.912,0.9996,0.7984,0.5572
Fast-CB,586.0,0.7325,0.4971535716991561,0.967846428300844,8,0.9996,0.8128,0.618,0.1624,0.912,0.9996,0.7984,0.5572
Fast-CB,587.0,0.7325,0.4971535716991561,0.967846428300844,8,0.9996,0.8128,0.618,0.1624,0.912,0.9996,0.7984,0.5572
Fast-CB,588.0,0.7325,0.4971535716991561,0.967846428300844,8,0.9996,0.8128,0.618,0.1624,0.912,0.9996,0.7984,0.5572
Fast-CB,589.0,0.7325,0.4971535716991561,0.967846428300844,8,0.9996,0.8128,0.618,0.1624,0.912,0.9996,0.7984,0.5572
Fast-CB,590.0,0.7325,0.4971535716991561,0.967846428300844,8,0.9996,0.8128,0.618,0.1624,0.912,0.9996,0.7984,0.5572
Fast-CB,591.0,0.7325,0.4971535716991561,0.967846428300844,8,0.9996,0.8128,0.618,0.1624,0.912,0.9996,0.7984,0.5572
Fast-CB,592.0,0.7325,0.4971535716991561,0.967846428300844,8,0.9996,0.8128,0.618,0.1624,0.912,0.9996,0.7984,0.5572
Fast-CB,593.0,0.7325,0.4971535716991561,0.967846428300844,8,0.9996,0.8128,0.618,0.1624,0.912,0.9996,0.7984,0.5572
Fast-CB,594.0,0.7325,0.4971535716991561,0.967846428300844,8,0.9996,0.8128,0.618,0.1624,0.912,0.9996,0.7984,0.5572
Fast-CB,595.0,0.7325,0.4971535716991561,0.967846428300844,8,0.9996,0.8128,0.618,0.1624,0.912,0.9996,0.7984,0.5572
Fast-CB,596.0,0.7325,0.4971535716991561,0.967846428300844,8,0.9996,0.8128,0.618,0.1624,0.912,0.9996,0.7984,0.5572
Fast-CB,597.0,0.7325,0.4971535716991561,0.967846428300844,8,0.9996,0.8128,0.618,0.1624,0.912,0.9996,0.7984,0.5572
Fast-CB,598.0,0.7325,0.4971535716991561,0.967846428300844,8,0.9996,0.8128,0.618,0.1624,0.912,0.9996,0.7984,0.5572
Fast-CB,599.0,0.7325,0.4971535716991561,0.967846428300844,8,0.9996,0.8128,0.618,0.1624,0.912,0.9996,0.7984,0.5572
Fast-CB,600.0,0.7325,0.4971535716991561,0.967846428300844,8,0.9996,0.8128,0.618,0.1624,0.912,0.9996,0.7984,0.5572
Fast-CB,601.0,0.7325,0.4971535716991561,0.967846428300844,8,0.9996,0.8128,0.618,0.1624,0.912,0.9996,0.7984,0.5572
Fast-CB,602.0,0.7325,0.4971535716991561,0.967846428300844,8,0.9996,0.8128,0.618,0.1624,0.912,0.9996,0.7984,0.5572
Fast-CB,603.0,0.7325,0.4971535716991561,0.967846428300844,8,0.9996,0.8128,0.618,0.1624,0.912,0.9996,0.7984,0.5572
Fast-CB,604.0,0.7325,0.4971535716991561,0.967846428300844,8,0.9996,0.8128,0.618,0.1624,0.912,0.9996,0.7984,0.5572
Fast-CB,605.0,0.7325,0.4971535716991561,0.967846428300844,8,0.9996,0.8128,0.618,0.1624,0.912,0.9996,0.7984,0.5572
Fast-CB,606.0,0.7325,0.4971535716991561,0.967846428300844,8,0.9996,0.8128,0.618,0.1624,0.912,0.9996,0.7984,0.5572
Fast-CB,607.0,0.7325,0.4971535716991561,0.967846428300844,8,0.9996,0.8128,0.618,0.1624,0.912,0.9996,0.7984,0.5572
Fast-CB,608.0,0.7325,0.4971535716991561,0.967846428300844,8,0.9996,0.8128,0.618,0.1624,0.912,0.9996,0.7984,0.5572
Fast-CB,609.0,0.7325,0.4971535716991561,0.967846428300844,8,0.9996,0.8128,0.618,0.1624,0.912,0.9996,0.7984,0.5572
Fast-CB,610.0,0.7325,0.4971535716991561,0.967846428300844,8,0.9996,0.8128,0.618,0.1624,0.912,0.9996,0.7984,0.5572
Fast-CB,611.0,0.7325,0.4971535716991561,0.967846428300844,8,0.9996,0.8128,0.618,0.1624,0.912,0.9996,0.7984,0.5572
Fast-CB,612.0,0.7325,0.4971535716991561,0.967846428300844,8,0.9996,0.8128,0.618,0.1624,0.912,0.9996,0.7984,0.5572
Fast-CB,613.0,0.7325,0.4971535716991561,0.967846428300844,8,0.9996,0.8128,0.618,0.1624,0.912,0.9996,0.7984,0.5572
Fast-CB,614.0,0.7325,0.4971535716991561,0.967846428300844,8,0.9996,0.8128,0.618,0.1624,0.912,0.9996,0.7984,0.5572
Fast-CB,615.0,0.7325,0.4971535716991561,0.967846428300844,8,0.9996,0.8128,0.618,0.1624,0.912,0.9996,0.7984,0.5572
Fast-CB,616.0,0.7325,0.4971535716991561,0.967846428300844,8,0.9996,0.8128,0.618,0.1624,0.912,0.9996,0.7984,0.5572
Fast-CB,617.0,0.7325,0.4971535716991561,0.967846428300844,8,0.9996,0.8128,0.618,0.1624,0.912,0.9996,0.7984,0.5572
Fast-CB,618.0,0.7325,0.4971535716991561,0.967846428300844,8,0.9996,0.8128,0.618,0.1624,0.912,0.9996,0.7984,0.5572
Fast-CB,619.0,0.7325,0.4971535716991561,0.967846428300844,8,0.9996,0.8128,0.618,0.1624,0.912,0.9996,0.7984,0.5572
Fast-CB,620.0,0.7325,0.4971535716991561,0.967846428300844,8,0.9996,0.8128,0.618,0.1624,0.912,0.9996,0.7984,0.5572
Fast-CB,621.0,0.7325,0.4971535716991561,0.967846428300844,8,0.9996,0.8128,0.618,0.1624,0.912,0.9996,0.7984,0.5572
Fast-CB,622.0,0.7325,0.4971535716991561,0.967846428300844,8,0.9996,0.8128,0.618,0.1624,0.912,0.9996,0.7984,0.5572
Fast-CB,623.0,0.7325,0.4971535716991561,0.967846428300844,8,0.9996,0.8128,0.618,0.1624,0.912,0.9996,0.7984,0.5572
Fast-CB,624.0,0.7325,0.4971535716991561,0.967846428300844,8,0.9996,0.8128,0.618,0.1624,0.912,0.9996,0.7984,0.5572
Fast-CB,625.0,0.7325,0.4971535716991561,0.967846428300844,8,0.9996,0.8128,0.618,0.1624,0.912,0.9996,0.7984,0.5572
Fast-CB,626.0,0.7325,0.4971535716991561,0.967846428300844,8,0.9996,0.8128,0.618,0.1624,0.912,0.9996,0.7984,0.5572
Fast-CB,627.0,0.7325,0.4971535716991561,0.967846428300844,8,0.9996,0.8128,0.618,0.1624,0.912,0.9996,0.7984,0.5572
Fast-CB,628.0,0.7325,0.4971535716991561,0.967846428300844,8,0.9996,0.8128,0.618,0.1624,0.912,0.9996,0.7984,0.5572
Fast-CB,629.0,0.7325,0.4971535716991561,0.967846428300844,8,0.9996,0.8128,0.618,0.1624,0.912,0.9996,0.7984,0.5572
Fast-CB,630.0,0.7325,0.4971535716991561,0.967846428300844,8,0.9996,0.8128,0.618,0.1624,0.912,0.9996,0.7984,0.5572
Fast-CB,631.0,0.7325,0.4971535716991561,0.967846428300844,8,0.9996,0.8128,0.618,0.1624,0.912,0.9996,0.7984,0.5572
Fast-CB,632.0,0.7325,0.4971535716991561,0.967846428300844,8,0.9996,0.8128,0.618,0.1624,0.912,0.9996,0.7984,0.5572
Fast-CB,633.0,0.7325,0.4971535716991561,0.967846428300844,8,0.9996,0.8128,0.618,0.1624,0.912,0.9996,0.7984,0.5572
Fast-CB,634.0,0.7325,0.4971535716991561,0.967846428300844,8,0.9996,0.8128,0.618,0.1624,0.912,0.9996,0.7984,0.5572
Fast-CB,635.0,0.7325,0.4971535716991561,0.967846428300844,8,0.9996,0.8128,0.618,0.1624,0.912,0.9996,0.7984,0.5572
Fast-CB,636.0,0.7325,0.4971535716991561,0.967846428300844,8,0.9996,0.8128,0.618,0.1624,0.912,0.9996,0.7984,0.5572
Fast-CB,637.0,0.7325,0.4971535716991561,0.967846428300844,8,0.9996,0.8128,0.618,0.1624,0.912,0.9996,0.7984,0.5572
Fast-SB,0.0,0.0,0.0,0.0,8,0.0,0.0,0.0,0.0,0.0,0.0,0.0,0.0
Fast-SB,1.0,0.06525,0.0516201439613645,0.0788798560386355,8,0.0548,0.1024,0.0716,0.0552,0.0568,0.06,0.0672,0.054
Fast-SB,2.0,0.06545,0.05189244282466417,0.07900755717533582,8,0.0552,0.1024,0.0716,0.0552,0.0568,0.0604,0.0676,0.0544
Fast-SB,3.0,0.2316,0.20045939355347842,0.2627406064465216,8,0.2092,0.3172,0.2448,0.2084,0.2308,0.22,0.2212,0.2012
Fast-SB,4.0,0.23215,0.20072234315370913,0.26357765684629086,8,0.2104,0.3188,0.2448,0.2084,0.2312,0.2204,0.2216,0.2016
Fast-SB,5.0,0.46125,0.42797080989044034,0.49452919010955965,8,0.4472,0.5572,0.466,0.434,0.4464,0.45,0.4476,0.4416
Fast-SB,6.0,0.46175,0.42846192738931965,0.49503807261068034,8,0.448,0.5576,0.4668,0.434,0.4468,0.4508,0.448,0.442
Fast-SB,7.0,0.6729,0.648034058571871,0.6977659414281291,8,0.6532,0.742,0.6728,0.6428,0.6688,0.664,0.668,0.6716
Fast-SB,8.0,0.67365,0.6488228499810691,0.6984771500189308,8,0.6536,0.7424,0.6732,0.6432,0.67,0.6648,0.6688,0.6732
Fast-SB,9.0,0.67695,0.6484105639936159,0.7054894360063843,8,0.6568,0.7572,0.6772,0.644,0.67,0.666,0.67,0.6744
Fast-SB,10.0,0.67865,0.6484181801952751,0.7088818198047249,8,0.6584,0.764,0.6796,0.6444,0.6704,0.6672,0.6704,0.6748
Fast-SB,11.0,0.6815,0.6474309809111185,0.7155690190888815,8,0.6604,0.7784,0.6828,0.6448,0.6712,0.668,0.6708,0.6756
Fast-SB,12.0,0.68295,0.6473002234570466,0.7185997765429533,8,0.662,0.7848,0.6832,0.6456,0.672,0.6684,0.6708,0.6768
Fast-SB,13.0,0.6839999999999999,0.6472822801089173,0.7207177198910826,8,0.6636,0.7892,0.6844,0.6464,0.672,0.6688,0.6708,0.6768
Fast-SB,14.0,0.68475,0.6479486208964984,0.7215513791035015,8,0.6648,0.79,0.6868,0.6468,0.6724,0.6696,0.6708,0.6768
Fast-SB,15.0,0.68565,0.648330742128728,0.722969257871272,8,0.6668,0.7924,0.6876,0.6468,0.6732,0.67,0.6712,0.6772
Fast-SB,16.0,0.68655,0.649067734345927,0.724032265654073,8,0.6688,0.7936,0.6888,0.6468,0.6752,0.67,0.6716,0.6776
Fast-SB,17.0,0.6876,0.6498572589192874,0.7253427410807126,8,0.6704,0.7952,0.6916,0.6476,0.676,0.6708,0.6716,0.6776
Fast-SB,18.0,0.6889000000000001,0.6507308593705222,0.7270691406294779,8,0.672,0.7972,0.6956,0.648,0.6772,0.6716,0.6716,0.678
Fast-SB,19.0,0.6900000000000001,0.6516849145188404,0.7283150854811598,8,0.6728,0.7984,0.6972,0.6484,0.6812,0.672,0.672,0.678
Fast-SB,20.0,0.69095,0.6523163607203376,0.7295836392796623,8,0.6756,0.8,0.6988,0.6484,0.6824,0.6724,0.672,0.678
Fast-SB,21.0,0.6928,0.653940318244447,0.731659681755553,8,0.6796,0.802,0.702,0.6492,0.6844,0.6748,0.672,0.6784
Fast-SB,22.0,0.6949,0.6557376933012841,0.7340623066987159,8,0.6828,0.804,0.7056,0.6492,0.6892,0.6768,0.6732,0.6784
Fast-SB,23.0,0.69685,0.6576348084894978,0.7360651915105021,8,0.6844,0.8048,0.7104,0.6496,0.694,0.678,0.6752,0.6784
Fast-SB,24.0,0.69875,0.6595841484245021,0.7379158515754979,8,0.6856,0.8052,0.7156,0.6504,0.6976,0.6796,0.6768,0.6792
Fast-SB,25.0,0.7006,0.6614633075581786,0.7397366924418214,8,0.6868,0.8056,0.7184,0.6504,0.7036,0.6796,0.6808,0.6796
Fast-SB,26.0,0.7027,0.6635572851701622,0.7418427148298378,8,0.6884,0.8068,0.7196,0.6508,0.7096,0.6824,0.6832,0.6808
Fast-SB,27.0,0.7040500000000001,0.66495684432312,0.7431431556768802,8,0.69,0.8072,0.7212,0.6508,0.7124,0.6856,0.684,0.6812
Fast-SB,28.0,0.7062999999999999,0.6670916094279553,0.7455083905720445,8,0.692,0.8088,0.7228,0.6512,0.7172,0.6896,0.6872,0.6816
Fast-SB,29.0,0.70725,0.6677756723237612,0.7467243276762389,8,0.6932,0.81,0.7244,0.6512,0.7184,0.6912,0.688,0.6816
Fast-SB,30.0,0.7083,0.6681312863327867,0.7484687136672133,8,0.6932,0.8128,0.7256,0.6516,0.7204,0.6924,0.6888,0.6816
Fast-SB,31.0,0.7091999999999999,0.6688454286391952,0.7495545713608047,8,0.6936,0.8136,0.7272,0.6516,0.722,0.6932,0.6908,0.6816
Fast-SB,32.0,0.7105,0.6700695658414357,0.7509304341585643,8,0.6948,0.8148,0.728,0.652,0.7236,0.6948,0.6944,0.6816
Fast-SB,33.0,0.7121999999999999,0.6715086450494175,0.7528913549505823,8,0.6976,0.8164,0.73,0.652,0.7256,0.6976,0.6968,0.6816
Fast-SB,34.0,0.71325,0.6721065976328134,0.7543934023671867,8,0.6984,0.818,0.7324,0.6524,0.7276,0.6984,0.6972,0.6816
Fast-SB,35.0,0.7143,0.6727060532602056,0.7558939467397945,8,0.6988,0.8192,0.7348,0.6524,0.7304,0.7,0.6972,0.6816
Fast-SB,36.0,0.7163,0.6744734903939926,0.7581265096060075,8,0.7012,0.8196,0.7376,0.6524,0.7364,0.7024,0.6988,0.682
Fast-SB,37.0,0.718,0.6757442407746082,0.7602557592253918,8,0.7024,0.8204,0.74,0.6524,0.742,0.7052,0.6992,0.6824
Fast-SB,38.0,0.7195,0.6768532067647519,0.7621467932352481,8,0.7028,0.8212,0.7436,0.6524,0.7448,0.7084,0.7004,0.6824
Fast-SB,39.0,0.72195,0.6789413795560579,0.764958620443942,8,0.7056,0.822,0.7512,0.6532,0.7472,0.7116,0.7016,0.6832
Fast-SB,40.0,0.72415,0.6805514731016591,0.7677485268983408,8,0.7076,0.8236,0.7568,0.6532,0.7492,0.7156,0.7036,0.6836
Fast-SB,41.0,0.72575,0.6819127753241975,0.7695872246758025,8,0.7084,0.8252,0.7584,0.6536,0.7516,0.7172,0.7068,0.6848
Fast-SB,42.0,0.7273499999999999,0.6835120462401788,0.7711879537598211,8,0.7104,0.826,0.76,0.654,0.754,0.718,0.71,0.6864
Fast-SB,43.0,0.729,0.684805857755645,0.773194142244355,8,0.7116,0.8272,0.7628,0.654,0.7564,0.72,0.7128,0.6872
Fast-SB,44.0,0.73055,0.686494591266164,0.7746054087338361,8,0.714,0.8272,0.7648,0.654,0.758,0.7228,0.7144,0.6892
Fast-SB,45.0,0.7322,0.6879960956087748,0.7764039043912251,8,0.7152,0.8288,0.7676,0.6552,0.7588,0.7256,0.716,0.6904
Fast-SB,46.0,0.73385,0.6896967601885409,0.7780032398114591,8,0.718,0.8296,0.7704,0.6564,0.76,0.7276,0.7168,0.692
Fast-SB,47.0,0.7352,0.691270619511051,0.779129380488949,8,0.7188,0.83,0.7724,0.6572,0.7608,0.7288,0.7188,0.6948
Fast-SB,48.0,0.7367,0.6925526194147862,0.7808473805852139,8,0.72,0.8312,0.7756,0.6584,0.7624,0.73,0.7204,0.6956
Fast-SB,49.0,0.73805,0.693989331855404,0.782110668144596,8,0.7212,0.832,0.778,0.6596,0.7624,0.732,0.7224,0.6968
Fast-SB,50.0,0.74005,0.6956842722082566,0.7844157277917434,8,0.7248,0.8332,0.7828,0.6604,0.764,0.7332,0.7236,0.6984
Fast-SB,51.0,0.74175,0.6971935945731424,0.7863064054268576,8,0.728,0.8348,0.7848,0.6616,0.7664,0.734,0.7252,0.6992
Fast-SB,52.0,0.74325,0.6985455342699931,0.7879544657300068,8,0.7304,0.8372,0.7852,0.6628,0.7676,0.7344,0.7288,0.6996
Fast-SB,53.0,0.74525,0.7005380279655956,0.7899619720344043,8,0.7316,0.8388,0.7868,0.664,0.7692,0.7372,0.7336,0.7008
Fast-SB,54.0,0.7476,0.7027632638326243,0.7924367361673758,8,0.7336,0.8412,0.7888,0.6652,0.7712,0.7392,0.7384,0.7032
Fast-SB,55.0,0.74935,0.704295685895581,0.7944043141044189,8,0.7344,0.8436,0.79,0.6664,0.7736,0.7404,0.7412,0.7052
Fast-SB,56.0,0.7517,0.7064291977811779,0.7969708022188222,8,0.7364,0.8464,0.7916,0.6676,0.7768,0.742,0.7444,0.7084
Fast-SB,57.0,0.75335,0.7076463039757528,0.7990536960242471,8,0.7376,0.85,0.7924,0.6692,0.7784,0.744,0.746,0.7092
Fast-SB,58.0,0.75455,0.708565691097106,0.8005343089028941,8,0.7396,0.8524,0.7928,0.67,0.7796,0.7448,0.7472,0.71
Fast-SB,59.0,0.75605,0.7097586363879557,0.8023413636120443,8,0.7404,0.8544,0.7952,0.6708,0.7804,0.7468,0.7492,0.7112
Fast-SB,60.0,0.7575,0.7104708075511299,0.80452919244887,8,0.7404,0.8588,0.796,0.6724,0.7824,0.7484,0.75,0.7116
Fast-SB,61.0,0.7598,0.7120246584732249,0.8075753415267751,8,0.7412,0.8636,0.798,0.674,0.7836,0.7528,0.7528,0.7124
Fast-SB,62.0,0.762,0.7137347923388759,0.8102652076611241,8,0.744,0.8652,0.802,0.6744,0.786,0.7548,0.7568,0.7128
Fast-SB,63.0,0.76435,0.7151890544879991,0.8135109455120009,8,0.7456,0.8684,0.8068,0.676,0.79,0.756,0.7592,0.7128
Fast-SB,64.0,0.7665,0.7166516888067266,0.8163483111932733,8,0.7472,0.8712,0.812,0.6768,0.7912,0.7576,0.7616,0.7144
Fast-SB,65.0,0.7689,0.7179065665589467,0.8198934334410534,8,0.7496,0.8744,0.8188,0.6776,0.7936,0.7588,0.764,0.7144
Fast-SB,66.0,0.7708,0.7194766197319111,0.822123380268089,8,0.7508,0.8752,0.8224,0.6784,0.7956,0.7632,0.7664,0.7144
Fast-SB,67.0,0.7726,0.7209986946593678,0.8242013053406321,8,0.7524,0.8768,0.824,0.6792,0.7984,0.7648,0.77,0.7152
Fast-SB,68.0,0.7743,0.72277315249344,0.82582684750656,8,0.7536,0.878,0.824,0.6796,0.8016,0.768,0.7716,0.718
Fast-SB,69.0,0.7765,0.7253366807932675,0.8276633192067324,8,0.7544,0.8788,0.826,0.6812,0.8024,0.7704,0.7772,0.7216
Fast-SB,70.0,0.7786500000000001,0.727099218961248,0.8302007810387522,8,0.7556,0.8812,0.8288,0.6828,0.804,0.7724,0.782,0.7224
Fast-SB,71.0,0.7809,0.7292112026993,0.8325887973007001,8,0.758,0.8828,0.8308,0.684,0.8068,0.7732,0.7872,0.7244
Fast-SB,72.0,0.7834,0.7309091764441495,0.8358908235558504,8,0.76,0.8872,0.8336,0.6848,0.8088,0.7752,0.7912,0.7264
Fast-SB,73.0,0.7865,0.7333644368891498,0.8396355631108502,8,0.7608,0.8924,0.8364,0.6868,0.8104,0.7808,0.7952,0.7292
Fast-SB,74.0,0.7902,0.7366751107654446,0.8437248892345555,8,0.7636,0.896,0.8396,0.688,0.812,0.7908,0.7992,0.7324
Fast-SB,75.0,0.7939499999999999,0.7402012262818456,0.8476987737181543,8,0.7716,0.8996,0.8424,0.6888,0.8144,0.796,0.8028,0.736
Fast-SB,76.0,0.79715,0.7438562698173905,0.8504437301826095,8,0.7792,0.9008,0.8432,0.6896,0.8164,0.8024,0.8052,0.7404
Fast-SB,77.0,0.8006,0.7479814643155909,0.8532185356844091,8,0.786,0.9012,0.8456,0.6896,0.8176,0.806,0.8096,0.7492
Fast-SB,78.0,0.8033,0.750981547797919,0.855618452202081,8,0.7884,0.9024,0.8472,0.69,0.822,0.8088,0.8108,0.7568
Fast-SB,79.0,0.8066,0.7553127515555766,0.8578872484444233,8,0.79,0.9032,0.8488,0.6924,0.8248,0.8108,0.8148,0.768
Fast-SB,80.0,0.8094,0.7586392382670011,0.8601607617329989,8,0.7928,0.9052,0.8508,0.696,0.8288,0.8128,0.816,0.7728
Fast-SB,81.0,0.812,0.7615835628957608,0.8624164371042393,8,0.7944,0.9056,0.8516,0.6968,0.8332,0.8148,0.8196,0.78
Fast-SB,82.0,0.81535,0.7649855931053664,0.8657144068946336,8,0.796,0.9076,0.8524,0.6984,0.8372,0.8196,0.8256,0.786
Fast-SB,83.0,0.8188500000000001,0.7685473458774115,0.8691526541225887,8,0.7972,0.9088,0.854,0.6996,0.8416,0.8244,0.8312,0.794
Fast-SB,84.0,0.8222,0.7721184475437455,0.8722815524562546,8,0.7988,0.9104,0.8568,0.702,0.8424,0.8292,0.8372,0.8008
Fast-SB,85.0,0.8251,0.7751616855499993,0.8750383144500006,8,0.8004,0.9116,0.8588,0.7044,0.8472,0.8332,0.84,0.8052
Fast-SB,86.0,0.8284,0.7789856467612901,0.8778143532387099,8,0.8024,0.9132,0.8612,0.7084,0.8496,0.8384,0.8436,0.8104
Fast-SB,87.0,0.8312,0.7814626547322265,0.8809373452677736,8,0.8044,0.9152,0.8636,0.7096,0.8508,0.8436,0.8488,0.8136
Fast-SB,88.0,0.8336,0.7843803944216767,0.8828196055783233,8,0.8056,0.9152,0.8648,0.7124,0.854,0.8464,0.852,0.8184
Fast-SB,89.0,0.83605,0.7869401166588965,0.8851598833411034,8,0.806,0.916,0.866,0.7144,0.858,0.8488,0.8552,0.824
Fast-SB,90.0,0.8389,0.790106678914674,0.887693321085326,8,0.8072,0.9164,0.8668,0.7172,0.8624,0.8544,0.8576,0.8292
Fast-SB,91.0,0.84125,0.7929002907817321,0.889599709218268,8,0.8084,0.9172,0.8672,0.7204,0.866,0.8568,0.8604,0.8336
Fast-SB,92.0,0.84295,0.7949431005718411,0.8909568994281588,8,0.81,0.9176,0.8688,0.7224,0.868,0.858,0.8612,0.8376
Fast-SB,93.0,0.8443499999999999,0.7965648127726989,0.892135187227301,8,0.8108,0.918,0.87,0.7244,0.8704,0.8592,0.8628,0.8392
Fast-SB,94.0,0.846,0.7984056288652294,0.8935943711347706,8,0.814,0.9184,0.8716,0.7256,0.8732,0.8604,0.8632,0.8416
Fast-SB,95.0,0.8476,0.8003953718643122,0.8948046281356878,8,0.816,0.9196,0.8728,0.728,0.874,0.8612,0.8648,0.8444
Fast-SB,96.0,0.84945,0.8018012865397224,0.8970987134602777,8,0.8168,0.9228,0.874,0.7296,0.8788,0.8628,0.8656,0.8452
Fast-SB,97.0,0.8505,0.8026588917251671,0.8983411082748329,8,0.818,0.9244,0.8748,0.7304,0.8808,0.8636,0.8668,0.8452
Fast-SB,98.0,0.8515,0.8034292920083194,0.8995707079916807,8,0.8192,0.9256,0.8756,0.7308,0.8824,0.8656,0.8676,0.8452
Fast-SB,99.0,0.85285,0.8055113522623013,0.9001886477376987,8,0.8204,0.9256,0.8772,0.7344,0.8844,0.8664,0.8684,0.846
Fast-SB,100.0,0.8543499999999999,0.8074764611222958,0.9012235388777041,8,0.8252,0.9256,0.8784,0.736,0.8864,0.8676,0.8692,0.8464
Fast-SB,101.0,0.8557,0.8092930246226004,0.9021069753773996,8,0.8272,0.9268,0.8796,0.7388,0.8872,0.8696,0.8696,0.8468
Fast-SB,102.0,0.85695,0.8110634492035949,0.9028365507964051,8,0.8296,0.9268,0.88,0.7412,0.8888,0.872,0.8704,0.8468
Fast-SB,103.0,0.859,0.8131737167212651,0.9048262832787348,8,0.8324,0.9272,0.8828,0.7428,0.8904,0.8764,0.8724,0.8476
Fast-SB,104.0,0.86065,0.8146976744115049,0.9066023255884952,8,0.8344,0.9276,0.886,0.744,0.8928,0.8796,0.8732,0.8476
Fast-SB,105.0,0.86185,0.8158212295422937,0.9078787704577063,8,0.8356,0.928,0.8872,0.7448,0.8944,0.882,0.8744,0.8484
Fast-SB,106.0,0.86295,0.8166781453535776,0.9092218546464224,8,0.836,0.9292,0.8888,0.7456,0.8952,0.8844,0.876,0.8484
Fast-SB,107.0,0.8641,0.8177229935008583,0.9104770064991417,8,0.8384,0.9316,0.8892,0.7464,0.8952,0.8848,0.8784,0.8488
Fast-SB,108.0,0.8651,0.8184882387163466,0.9117117612836534,8,0.8392,0.9332,0.8912,0.7468,0.8956,0.8848,0.88,0.85
Fast-SB,109.0,0.8664000000000001,0.820125360938353,0.9126746390616471,8,0.8412,0.9336,0.8924,0.7488,0.8968,0.886,0.8816,0.8508
Fast-SB,110.0,0.86785,0.8220551342850728,0.9136448657149272,8,0.8452,0.934,0.8932,0.7508,0.8988,0.8864,0.8824,0.852
Fast-SB,111.0,0.869,0.8234686385522493,0.9145313614477507,8,0.8476,0.934,0.8952,0.7524,0.9008,0.8864,0.8832,0.8524
Fast-SB,112.0,0.8703500000000001,0.8251977186078086,0.9155022813921916,8,0.8496,0.9352,0.8968,0.7548,0.9008,0.8868,0.8856,0.8532
Fast-SB,113.0,0.87225,0.8273968938455166,0.9171031061544833,8,0.8524,0.9364,0.8996,0.7576,0.9028,0.8888,0.8864,0.854
Fast-SB,114.0,0.8741,0.8292056501538652,0.9189943498461348,8,0.8552,0.9376,0.9032,0.7596,0.9064,0.8896,0.8868,0.8544
Fast-SB,115.0,0.87565,0.8309073010003108,0.9203926989996892,8,0.8572,0.9392,0.9052,0.762,0.9076,0.8908,0.8888,0.8544
Fast-SB,116.0,0.87705,0.8325959304659976,0.9215040695340024,8,0.8576,0.9404,0.9084,0.7648,0.9076,0.8912,0.8912,0.8552
Fast-SB,117.0,0.87845,0.834627177219044,0.9222728227809559,8,0.8588,0.9408,0.9108,0.7684,0.908,0.892,0.8932,0.8556
Fast-SB,118.0,0.88025,0.8370683908095496,0.9234316091904503,8,0.8592,0.9408,0.9156,0.7728,0.9084,0.8932,0.8956,0.8564
Fast-SB,119.0,0.88175,0.8394273779438779,0.9240726220561222,8,0.8612,0.9424,0.9164,0.7776,0.9096,0.8936,0.8968,0.8564
Fast-SB,120.0,0.88335,0.8414814122522496,0.9252185877477503,8,0.8632,0.9448,0.9172,0.7812,0.91,0.8944,0.8992,0.8568
Fast-SB,121.0,0.88475,0.8432542617895051,0.9262457382104949,8,0.866,0.946,0.9188,0.784,0.9112,0.8948,0.9004,0.8568
Fast-SB,122.0,0.886,0.8450459722319212,0.9269540277680788,8,0.8684,0.9464,0.9196,0.7868,0.912,0.8948,0.9028,0.8572
Fast-SB,123.0,0.88695,0.8458794896881378,0.9280205103118623,8,0.8704,0.9488,0.9208,0.788,0.9124,0.8952,0.9028,0.8572
Fast-SB,124.0,0.8887499999999999,0.8488789025493447,0.9286210974506551,8,0.872,0.9516,0.9216,0.7948,0.9128,0.8964,0.9028,0.858
Fast-SB,125.0,0.8906000000000001,0.8511035896169936,0.9300964103830065,8,0.8732,0.9556,0.9236,0.7996,0.914,0.8968,0.9028,0.8592
Fast-SB,126.0,0.892,0.8538056422510191,0.930194357748981,8,0.874,0.9564,0.924,0.8056,0.914,0.8988,0.9028,0.8604
Fast-SB,127.0,0.89335,0.8561914544611539,0.9305085455388461,8,0.8744,0.9576,0.9244,0.8108,0.914,0.9,0.9036,0.862
Fast-SB,128.0,0.89515,0.8582796413314406,0.9320203586685594,8,0.8756,0.9608,0.9272,0.8152,0.9144,0.9012,0.9036,0.8632
Fast-SB,129.0,0.897,0.8606242219523564,0.9333757780476436,8,0.8768,0.9644,0.9292,0.8204,0.9148,0.9016,0.9036,0.8652
Fast-SB,130.0,0.8982,0.8626759320299201,0.9337240679700799,8,0.8788,0.9652,0.9296,0.8244,0.9148,0.9028,0.9036,0.8664
Fast-SB,131.0,0.8995,0.8646463551818875,0.9343536448181124,8,0.8792,0.9668,0.9296,0.8284,0.9152,0.9032,0.9052,0.8684
Fast-SB,132.0,0.9008,0.86682104349538,0.9347789565046201,8,0.882,0.9672,0.9304,0.8328,0.9152,0.9044,0.906,0.8684
Fast-SB,133.0,0.9024,0.8687461722745922,0.9360538277254078,8,0.8832,0.9692,0.9304,0.836,0.9176,0.9052,0.9076,0.87
Fast-SB,134.0,0.90415,0.8711347657827535,0.9371652342172465,8,0.886,0.9712,0.9308,0.8404,0.9184,0.9068,0.9084,0.8712
Fast-SB,135.0,0.90535,0.872288814108346,0.938411185891654,8,0.8884,0.9728,0.9308,0.8404,0.9184,0.908,0.9108,0.8732
Fast-SB,136.0,0.9064,0.8732350231935642,0.9395649768064358,8,0.8892,0.9732,0.9312,0.8404,0.9208,0.9088,0.9132,0.8744
Fast-SB,137.0,0.90735,0.8742086725372825,0.9404913274627175,8,0.89,0.974,0.9316,0.8404,0.9224,0.9092,0.914,0.8772
Fast-SB,138.0,0.90855,0.8753479713271753,0.9417520286728246,8,0.8904,0.9752,0.9316,0.8408,0.9244,0.9108,0.9156,0.8796
Fast-SB,139.0,0.9097999999999999,0.8766422517760069,0.942957748223993,8,0.8912,0.9764,0.932,0.8416,0.9248,0.9116,0.9188,0.882
Fast-SB,140.0,0.9111,0.8784264193099816,0.9437735806900185,8,0.8924,0.9764,0.9324,0.8432,0.926,0.9128,0.9208,0.8848
Fast-SB,141.0,0.9123,0.8799454021709654,0.9446545978290346,8,0.8948,0.9772,0.9332,0.844,0.9268,0.9128,0.9212,0.8884
Fast-SB,142.0,0.91345,0.8809755086899238,0.9459244913100762,8,0.8956,0.9788,0.934,0.8444,0.9272,0.9132,0.9232,0.8912
Fast-SB,143.0,0.91465,0.8823670074653684,0.9469329925346315,8,0.8972,0.9792,0.9344,0.8448,0.9292,0.9136,0.924,0.8948
Fast-SB,144.0,0.91565,0.8831865827904756,0.9481134172095244,8,0.8984,0.98,0.936,0.8452,0.9316,0.914,0.9244,0.8956
Fast-SB,145.0,0.91705,0.8842698775454708,0.9498301224545292,8,0.8988,0.9812,0.938,0.8456,0.9356,0.9148,0.9244,0.898
Fast-SB,146.0,0.91825,0.8854270046876159,0.9510729953123841,8,0.9,0.982,0.9396,0.846,0.9372,0.9156,0.9248,0.9008
Fast-SB,147.0,0.9197,0.8868235833770728,0.9525764166229271,8,0.902,0.9836,0.94,0.8464,0.9388,0.918,0.9248,0.904
Fast-SB,148.0,0.92105,0.8877355339402203,0.9543644660597798,8,0.902,0.9872,0.9404,0.8476,0.9396,0.9204,0.9256,0.9056
Fast-SB,149.0,0.92245,0.8889659153532021,0.9559340846467979,8,0.9048,0.9892,0.9408,0.8476,0.9396,0.9232,0.9264,0.908
Fast-SB,150.0,0.9238500000000001,0.890515393014943,0.9571846069850571,8,0.9056,0.9896,0.9412,0.848,0.9404,0.9252,0.928,0.9128
Fast-SB,151.0,0.92535,0.8917817845043484,0.9589182154956516,8,0.9056,0.9908,0.9412,0.848,0.9424,0.9276,0.9296,0.9176
Fast-SB,152.0,0.9273,0.8938071766541164,0.9607928233458837,8,0.9068,0.9912,0.9416,0.8488,0.9436,0.9336,0.9316,0.9212
Fast-SB,153.0,0.9289,0.8956206598285061,0.9621793401714938,8,0.9084,0.9912,0.9428,0.8496,0.9436,0.9364,0.9336,0.9256
Fast-SB,154.0,0.9302,0.8969287041022703,0.9634712958977297,8,0.9088,0.9912,0.9428,0.85,0.944,0.9396,0.936,0.9292
Fast-SB,155.0,0.9317,0.8984557326988116,0.9649442673011883,8,0.9092,0.9916,0.9428,0.8512,0.946,0.9428,0.938,0.932
Fast-SB,156.0,0.933,0.900043841074196,0.9659561589258041,8,0.91,0.9916,0.9444,0.8532,0.9488,0.9444,0.9388,0.9328
Fast-SB,157.0,0.9345,0.9014374546702985,0.9675625453297015,8,0.91,0.9916,0.9456,0.854,0.952,0.946,0.9408,0.936
Fast-SB,158.0,0.9359500000000001,0.902987810606182,0.9689121893938181,8,0.9108,0.9916,0.9464,0.8552,0.9536,0.9468,0.9452,0.938
Fast-SB,159.0,0.9377,0.9049424021599568,0.9704575978400432,8,0.912,0.992,0.9492,0.8572,0.9544,0.9476,0.9496,0.9396
Fast-SB,160.0,0.9394,0.9066183845795935,0.9721816154204065,8,0.9124,0.992,0.95,0.8588,0.956,0.9488,0.9564,0.9408
Fast-SB,161.0,0.9410000000000001,0.9081842781647055,0.9738157218352946,8,0.9132,0.992,0.952,0.86,0.9564,0.9496,0.9612,0.9436
Fast-SB,162.0,0.9424,0.9096178970952573,0.9751821029047427,8,0.9132,0.992,0.954,0.8616,0.958,0.95,0.964,0.9464
Fast-SB,163.0,0.9436,0.9108950097429416,0.9763049902570584,8,0.914,0.992,0.9564,0.8628,0.9584,0.9512,0.966,0.948
Fast-SB,164.0,0.94475,0.9117025929017171,0.9777974070982829,8,0.914,0.992,0.9592,0.8628,0.9596,0.952,0.9676,0.9508
Fast-SB,165.0,0.94615,0.9132152141802764,0.9790847858197237,8,0.916,0.992,0.9604,0.8636,0.9596,0.9536,0.9688,0.9552
Fast-SB,166.0,0.94735,0.914484673999275,0.980215326000725,8,0.9184,0.992,0.9616,0.864,0.962,0.954,0.9688,0.958
Fast-SB,167.0,0.94895,0.9160603706706864,0.9818396293293136,8,0.9204,0.992,0.9632,0.8648,0.9636,0.9552,0.97,0.9624
Fast-SB,168.0,0.9507,0.9178761222414666,0.9835238777585333,8,0.9236,0.992,0.9648,0.8656,0.9672,0.9572,0.9708,0.9644
Fast-SB,169.0,0.95225,0.9190807169121414,0.9854192830878586,8,0.924,0.9924,0.966,0.866,0.9704,0.9612,0.9708,0.9672
Fast-SB,170.0,0.95505,0.9213662994314599,0.98873370056854,8,0.926,0.9928,0.9704,0.8668,0.9748,0.9664,0.972,0.9712
Fast-SB,171.0,0.9569,0.9229993227000867,0.9908006772999133,8,0.9276,0.9928,0.9732,0.8676,0.9768,0.9716,0.972,0.9736
Fast-SB,172.0,0.9581,0.9241263348948252,0.9920736651051747,8,0.9296,0.9928,0.976,0.868,0.9772,0.9732,0.9728,0.9752
Fast-SB,173.0,0.95885,0.924828536423022,0.992871463576978,8,0.9296,0.9928,0.9776,0.8688,0.9772,0.9764,0.9728,0.9756
Fast-SB,174.0,0.9601,0.9257200017748067,0.9944799982251932,8,0.93,0.9928,0.9784,0.8692,0.978,0.982,0.9736,0.9768
Fast-SB,175.0,0.9610000000000001,0.9262316271838081,0.995768372816192,8,0.93,0.9928,0.9788,0.8692,0.9784,0.9844,0.9748,0.9796
Fast-SB,176.0,0.96145,0.9266508741941955,0.9962491258058046,8,0.9304,0.9932,0.9792,0.8696,0.9784,0.9848,0.9748,0.9812
Fast-SB,177.0,0.96225,0.9276761646886851,0.996823835311315,8,0.9308,0.9936,0.98,0.8712,0.9792,0.9848,0.976,0.9824
Fast-SB,178.0,0.96305,0.9292025438349022,0.9968974561650977,8,0.9312,0.9936,0.982,0.8744,0.9796,0.9848,0.976,0.9828
Fast-SB,179.0,0.9637,0.9299505065228486,0.9974494934771514,8,0.9312,0.9936,0.9844,0.8756,0.9808,0.9848,0.9764,0.9828
Fast-SB,180.0,0.9642,0.9306789182475096,0.9977210817524903,8,0.9316,0.994,0.9848,0.8768,0.9808,0.9848,0.978,0.9828
Fast-SB,181.0,0.9649,0.9315242797728862,0.9982757202271137,8,0.9328,0.994,0.9856,0.8776,0.9816,0.9848,0.9796,0.9832
Fast-SB,182.0,0.96565,0.932602592901717,0.998697407098283,8,0.9364,0.994,0.9864,0.878,0.982,0.9848,0.98,0.9836
Fast-SB,183.0,0.9665,0.9339887144281296,0.9990112855718705,8,0.9384,0.9944,0.9868,0.88,0.9824,0.9856,0.98,0.9844
Fast-SB,184.0,0.9669,0.9346740777262642,0.9991259222737358,8,0.9408,0.9944,0.9868,0.8804,0.9824,0.9856,0.98,0.9848
Fast-SB,185.0,0.96765,0.9356981397826635,0.9996018602173365,8,0.9444,0.9944,0.9876,0.8808,0.9832,0.9856,0.98,0.9852
Fast-SB,186.0,0.9686,0.9367415224917628,1.0,8,0.9464,0.9948,0.9892,0.8816,0.9848,0.9856,0.9808,0.9856
Fast-SB,187.0,0.9694,0.9375239708535889,1.0,8,0.9492,0.9948,0.9908,0.8816,0.9864,0.9856,0.9812,0.9856
Fast-SB,188.0,0.97035,0.938595809335195,1.0,8,0.9516,0.9948,0.9924,0.8824,0.988,0.9856,0.982,0.986
Fast-SB,189.0,0.97115,0.9392431848089796,1.0,8,0.9524,0.9952,0.9948,0.8828,0.9888,0.986,0.9832,0.986
Fast-SB,190.0,0.9716,0.9396343574398118,1.0,8,0.9524,0.9952,0.9956,0.8832,0.9896,0.986,0.9844,0.9864
Fast-SB,191.0,0.9721,0.9404166909652281,1.0,8,0.9544,0.9952,0.9956,0.884,0.99,0.986,0.9852,0.9864
Fast-SB,192.0,0.97275,0.9413556669025455,1.0,8,0.956,0.9956,0.996,0.8852,0.9904,0.986,0.9864,0.9864
Fast-SB,193.0,0.9734,0.9425527732480582,1.0,8,0.9576,0.9964,0.996,0.8872,0.9904,0.986,0.9872,0.9864
Fast-SB,194.0,0.97375,0.9429349419765097,1.0,8,0.958,0.9964,0.996,0.8876,0.9912,0.986,0.9884,0.9864
Fast-SB,195.0,0.9744,0.9438997511157696,1.0,8,0.96,0.9964,0.9968,0.8888,0.9916,0.986,0.9892,0.9864
Fast-SB,196.0,0.9748,0.9445485951754775,1.0,8,0.9616,0.9968,0.9968,0.8896,0.9916,0.986,0.9896,0.9864
Fast-SB,197.0,0.97545,0.946240882189344,1.0,8,0.9628,0.9968,0.9968,0.8932,0.992,0.986,0.9896,0.9864
Fast-SB,198.0,0.97595,0.9469597259254134,1.0,8,0.9648,0.9976,0.9972,0.894,0.992,0.986,0.9896,0.9864
Fast-SB,199.0,0.97645,0.9475718447625261,1.0,8,0.9668,0.9976,0.9972,0.8944,0.9928,0.9868,0.9896,0.9864
Fast-SB,200.0,0.9768,0.9482459740391757,1.0,8,0.9676,0.9976,0.9976,0.8956,0.9928,0.9868,0.9896,0.9868
Fast-SB,201.0,0.9773000000000001,0.9494941108325439,1.0,8,0.9676,0.9976,0.9976,0.8984,0.9928,0.9872,0.99,0.9872
Fast-SB,202.0,0.97765,0.9501470952301982,1.0,8,0.968,0.9976,0.9976,0.8996,0.9932,0.9876,0.99,0.9876
Fast-SB,203.0,0.9782500000000001,0.9516897383163239,1.0,8,0.968,0.998,0.9976,0.9032,0.994,0.9876,0.99,0.9876
Fast-SB,204.0,0.9788,0.9526924076341219,1.0,8,0.9696,0.9984,0.9976,0.9048,0.994,0.9884,0.99,0.9876
Fast-SB,205.0,0.97925,0.9532617735985875,1.0,8,0.9716,0.9984,0.998,0.9052,0.994,0.9892,0.99,0.9876
Fast-SB,206.0,0.9796,0.9539443823305694,1.0,8,0.9724,0.9984,0.998,0.9064,0.994,0.9896,0.9904,0.9876
Fast-SB,207.0,0.9798,0.9543677264288071,1.0,8,0.9728,0.9984,0.998,0.9072,0.994,0.99,0.9904,0.9876
Fast-SB,208.0,0.9803,0.9553372037373614,1.0,8,0.9744,0.9984,0.998,0.9088,0.994,0.9904,0.9904,0.988
Fast-SB,209.0,0.98075,0.9561816694955317,1.0,8,0.9748,0.9984,0.998,0.9104,0.9944,0.9916,0.9904,0.988
Fast-SB,210.0,0.98105,0.9566471174274797,1.0,8,0.9752,0.9984,0.9988,0.9112,0.9944,0.9916,0.9908,0.988
Fast-SB,211.0,0.9812,0.9570082017469911,1.0,8,0.9752,0.9984,0.9988,0.912,0.9944,0.992,0.9908,0.988
Fast-SB,212.0,0.9817,0.9578865352771349,1.0,8,0.9776,0.9984,0.9988,0.9132,0.9944,0.992,0.9912,0.988
Fast-SB,213.0,0.98225,0.9589136260377633,1.0,8,0.98,0.9984,0.9988,0.9148,0.9944,0.992,0.9916,0.988
Fast-SB,214.0,0.98255,0.9595231519217319,1.0,8,0.98,0.9984,0.9988,0.916,0.9944,0.992,0.992,0.9888
Fast-SB,215.0,0.9829,0.960053036789011,1.0,8,0.9808,0.9988,0.9988,0.9168,0.9948,0.992,0.992,0.9892
Fast-SB,216.0,0.98315,0.9606372460450986,1.0,8,0.9812,0.9988,0.9988,0.918,0.9948,0.9924,0.992,0.9892
Fast-SB,217.0,0.9835,0.9613037113695941,1.0,8,0.982,0.9988,0.9988,0.9192,0.9952,0.9924,0.9924,0.9892
Fast-SB,218.0,0.9839,0.9620578819356795,1.0,8,0.984,0.9988,0.9988,0.9204,0.9952,0.9924,0.9924,0.9892
Fast-SB,219.0,0.98425,0.9627179677459123,1.0,8,0.9848,0.9992,0.9988,0.9216,0.9952,0.9924,0.9924,0.9896
Fast-SB,220.0,0.9846,0.96327674390316,1.0,8,0.9864,0.9992,0.9988,0.9224,0.9952,0.9924,0.9928,0.9896
Fast-SB,221.0,0.9849,0.9637621007674773,1.0,8,0.9868,0.9992,0.9988,0.9232,0.9956,0.9928,0.9928,0.99
Fast-SB,222.0,0.9852,0.9639939798641989,1.0,8,0.9876,0.9992,0.9988,0.9232,0.996,0.9932,0.9932,0.9904
Fast-SB,223.0,0.9854,0.9645343192298934,1.0,8,0.9876,0.9992,0.9988,0.9244,0.996,0.9932,0.9932,0.9908
Fast-SB,224.0,0.9857,0.9650060086748765,1.0,8,0.9876,0.9992,0.9988,0.9252,0.996,0.994,0.994,0.9908
Fast-SB,225.0,0.98575,0.9651728010758874,1.0,8,0.9876,0.9992,0.9988,0.9256,0.996,0.994,0.994,0.9908
Fast-SB,226.0,0.9863,0.9660849311447764,1.0,8,0.9876,0.9992,0.9992,0.9272,0.9964,0.9944,0.994,0.9924
Fast-SB,227.0,0.98675,0.9670687194361259,1.0,8,0.988,0.9992,0.9992,0.9292,0.9968,0.9944,0.9944,0.9928
Fast-SB,228.0,0.9876,0.9692616072600211,1.0,8,0.9884,0.9992,0.9992,0.934,0.9968,0.9948,0.9948,0.9936
Fast-SB,229.0,0.98795,0.9700299268797828,1.0,8,0.9884,0.9992,0.9992,0.9356,0.9968,0.9952,0.9956,0.9936
Fast-SB,230.0,0.98815,0.9704204414206207,1.0,8,0.9884,0.9996,0.9992,0.9364,0.9968,0.9952,0.996,0.9936
Fast-SB,231.0,0.98815,0.9704204414206207,1.0,8,0.9884,0.9996,0.9992,0.9364,0.9968,0.9952,0.996,0.9936
Fast-SB,232.0,0.9886,0.9712798202170334,1.0,8,0.9892,0.9996,0.9996,0.938,0.9968,0.9952,0.9964,0.994
Fast-SB,233.0,0.9887,0.9714781318926446,1.0,8,0.9892,0.9996,0.9996,0.9384,0.9968,0.9952,0.9968,0.994
Fast-SB,234.0,0.98895,0.972193571459895,1.0,8,0.9896,0.9996,0.9996,0.94,0.9968,0.9952,0.9968,0.994
Fast-SB,235.0,0.98935,0.9731482704012481,1.0,8,0.99,0.9996,0.9996,0.942,0.9968,0.9956,0.9968,0.9944
Fast-SB,236.0,0.98965,0.9741484217234986,1.0,8,0.99,0.9996,0.9996,0.9444,0.9968,0.9956,0.9968,0.9944
Fast-SB,237.0,0.9903,0.9756536298219368,1.0,8,0.99,0.9996,0.9996,0.9476,0.9972,0.9956,0.9972,0.9956
Fast-SB,238.0,0.99065,0.9764106039808189,1.0,8,0.99,0.9996,0.9996,0.9492,0.998,0.9956,0.9976,0.9956
Fast-SB,239.0,0.9908,0.9767788064549208,1.0,8,0.99,0.9996,0.9996,0.95,0.998,0.996,0.9976,0.9956
Fast-SB,240.0,0.99115,0.9779417192454478,1.0,8,0.99,0.9996,0.9996,0.9528,0.998,0.996,0.9976,0.9956
Fast-SB,241.0,0.9914000000000001,0.9782613964157961,1.0,8,0.9904,0.9996,0.9996,0.9532,0.9984,0.9964,0.9976,0.996
Fast-SB,242.0,0.9919,0.9795401069829526,1.0,8,0.9908,0.9996,0.9996,0.956,0.9988,0.9968,0.9976,0.996
Fast-SB,243.0,0.99265,0.9816425826570216,1.0,8,0.9912,0.9996,1.0,0.9608,0.9988,0.9972,0.9976,0.996
Fast-SB,244.0,0.99305,0.9828378661531805,1.0,8,0.9912,0.9996,1.0,0.9636,0.9988,0.9972,0.9976,0.9964
Fast-SB,245.0,0.9935,0.9841937067548736,1.0,8,0.9912,0.9996,1.0,0.9668,0.9988,0.9972,0.9976,0.9968
Fast-SB,246.0,0.9939,0.9851166889276961,1.0,8,0.9912,0.9996,1.0,0.9688,0.9988,0.9976,0.998,0.9972
Fast-SB,247.0,0.99395,0.9852808036256648,1.0,8,0.9912,0.9996,1.0,0.9692,0.9988,0.9976,0.998,0.9972
Fast-SB,248.0,0.99415,0.9856756261930664,1.0,8,0.9912,0.9996,1.0,0.97,0.9988,0.998,0.998,0.9976
Fast-SB,249.0,0.9943,0.9861666199457333,1.0,8,0.9912,0.9996,1.0,0.9712,0.9988,0.998,0.998,0.9976
Fast-SB,250.0,0.9943500000000001,0.9863300193317165,1.0,8,0.9912,0.9996,1.0,0.9716,0.9988,0.998,0.998,0.9976
Fast-SB,251.0,0.99485,0.9876957004891415,1.0,8,0.9912,0.9996,1.0,0.9748,0.9988,0.998,0.9984,0.998
Fast-SB,252.0,0.99495,0.9879275882862947,1.0,8,0.9916,0.9996,1.0,0.9752,0.9988,0.998,0.9984,0.998
Fast-SB,253.0,0.99505,0.9879912715841864,1.0,8,0.9916,0.9996,1.0,0.9752,0.9988,0.9984,0.9984,0.9984
Fast-SB,254.0,0.9953,0.9885353439982931,1.0,8,0.9916,0.9996,1.0,0.9764,0.9992,0.9984,0.9988,0.9984
Fast-SB,255.0,0.9955499999999999,0.9891627796629575,1.0,8,0.9924,0.9996,1.0,0.9776,0.9992,0.9984,0.9988,0.9984
Fast-SB,256.0,0.99565,0.9893942349167519,1.0,8,0.9928,0.9996,1.0,0.978,0.9992,0.9984,0.9988,0.9984
Fast-SB,257.0,0.9957,0.9894255826024585,1.0,8,0.9928,0.9996,1.0,0.978,0.9992,0.9984,0.9988,0.9988
Fast-SB,258.0,0.9958,0.9896173065970982,1.0,8,0.9928,0.9996,1.0,0.9784,0.9992,0.9984,0.9992,0.9988
Fast-SB,259.0,0.99585,0.9897796322312223,1.0,8,0.9928,0.9996,1.0,0.9788,0.9992,0.9984,0.9992,0.9988
Fast-SB,260.0,0.99595,0.9899684732904729,1.0,8,0.9928,0.9996,1.0,0.9792,0.9992,0.9984,0.9996,0.9988
Fast-SB,261.0,0.99595,0.9899684732904729,1.0,8,0.9928,0.9996,1.0,0.9792,0.9992,0.9984,0.9996,0.9988
Fast-SB,262.0,0.996,0.9900009661015888,1.0,8,0.9928,0.9996,1.0,0.9792,0.9992,0.9988,0.9996,0.9988
Fast-SB,263.0,0.996,0.9900009661015888,1.0,8,0.9928,0.9996,1.0,0.9792,0.9992,0.9988,0.9996,0.9988
Fast-SB,264.0,0.996,0.9900009661015888,1.0,8,0.9928,0.9996,1.0,0.9792,0.9992,0.9988,0.9996,0.9988
Fast-SB,265.0,0.996,0.9900009661015888,1.0,8,0.9928,0.9996,1.0,0.9792,0.9992,0.9988,0.9996,0.9988
Fast-SB,266.0,0.996,0.9900009661015888,1.0,8,0.9928,0.9996,1.0,0.9792,0.9992,0.9988,0.9996,0.9988
Fast-SB,267.0,0.99605,0.9900285316522878,1.0,8,0.9928,0.9996,1.0,0.9792,0.9996,0.9988,0.9996,0.9988
Fast-SB,268.0,0.9961,0.9901902034752214,1.0,8,0.9928,0.9996,1.0,0.9796,0.9996,0.9988,0.9996,0.9988
Fast-SB,269.0,0.99615,0.9903516144496014,1.0,8,0.9928,0.9996,1.0,0.98,0.9996,0.9988,0.9996,0.9988
Fast-SB,270.0,0.9962500000000001,0.9905854494196993,1.0,8,0.9932,0.9996,1.0,0.9804,0.9996,0.9988,0.9996,0.9988
Fast-SB,271.0,0.9963000000000001,0.9906557629801971,1.0,8,0.9936,0.9996,1.0,0.9804,0.9996,0.9988,0.9996,0.9988
Fast-SB,272.0,0.9963500000000001,0.9907236640768932,1.0,8,0.994,0.9996,1.0,0.9804,0.9996,0.9988,0.9996,0.9988
Fast-SB,273.0,0.9965,0.9911166092635377,1.0,8,0.9944,0.9996,1.0,0.9812,0.9996,0.9988,0.9996,0.9988
Fast-SB,274.0,0.9965,0.9911166092635377,1.0,8,0.9944,0.9996,1.0,0.9812,0.9996,0.9988,0.9996,0.9988
Fast-SB,275.0,0.99655,0.9912800512616007,1.0,8,0.9944,0.9996,1.0,0.9816,0.9996,0.9988,0.9996,0.9988
Fast-SB,276.0,0.9966,0.9914432772311975,1.0,8,0.9944,0.9996,1.0,0.982,0.9996,0.9988,0.9996,0.9988
Fast-SB,277.0,0.9966,0.9914432772311975,1.0,8,0.9944,0.9996,1.0,0.982,0.9996,0.9988,0.9996,0.9988
Fast-SB,278.0,0.99665,0.9914749096772892,1.0,8,0.9944,0.9996,1.0,0.982,0.9996,0.9992,0.9996,0.9988
Fast-SB,279.0,0.99675,0.9917046886626224,1.0,8,0.9948,0.9996,1.0,0.9824,0.9996,0.9992,0.9996,0.9988
Fast-SB,280.0,0.99675,0.9917046886626224,1.0,8,0.9948,0.9996,1.0,0.9824,0.9996,0.9992,0.9996,0.9988
Fast-SB,281.0,0.9969,0.9920970781846582,1.0,8,0.9952,0.9996,1.0,0.9832,0.9996,0.9992,0.9996,0.9988
Fast-SB,282.0,0.997,0.9923243696223321,1.0,8,0.9956,0.9996,1.0,0.9836,0.9996,0.9992,0.9996,0.9988
Fast-SB,283.0,0.99705,0.9924887721587665,1.0,8,0.9956,0.9996,1.0,0.984,0.9996,0.9992,0.9996,0.9988
Fast-SB,284.0,0.9971,0.9926529734051037,1.0,8,0.9956,0.9996,1.0,0.9844,0.9996,0.9992,0.9996,0.9988
Fast-SB,285.0,0.9971,0.9926529734051037,1.0,8,0.9956,0.9996,1.0,0.9844,0.9996,0.9992,0.9996,0.9988
Fast-SB,286.0,0.99725,0.993144201583866,1.0,8,0.9956,0.9996,1.0,0.9856,0.9996,0.9992,0.9996,0.9988
Fast-SB,287.0,0.99725,0.993144201583866,1.0,8,0.9956,0.9996,1.0,0.9856,0.9996,0.9992,0.9996,0.9988
Fast-SB,288.0,0.99725,0.993144201583866,1.0,8,0.9956,0.9996,1.0,0.9856,0.9996,0.9992,0.9996,0.9988
Fast-SB,289.0,0.99725,0.993144201583866,1.0,8,0.9956,0.9996,1.0,0.9856,0.9996,0.9992,0.9996,0.9988
Fast-SB,290.0,0.9974000000000001,0.9932687378960627,1.0,8,0.996,0.9996,1.0,0.9856,1.0,0.9992,0.9996,0.9992
Fast-SB,291.0,0.9975,0.9933890962281479,1.0,8,0.9968,0.9996,1.0,0.9856,1.0,0.9992,0.9996,0.9992
Fast-SB,292.0,0.99755,0.993444201583866,1.0,8,0.9972,0.9996,1.0,0.9856,1.0,0.9992,0.9996,0.9992
Fast-SB,293.0,0.9976,0.9936104235455735,1.0,8,0.9972,0.9996,1.0,0.986,1.0,0.9992,0.9996,0.9992
Fast-SB,294.0,0.9977,0.9939424877958567,1.0,8,0.9972,0.9996,1.0,0.9868,1.0,0.9992,0.9996,0.9992
Fast-SB,295.0,0.99775,0.9939959449365197,1.0,8,0.9976,0.9996,1.0,0.9868,1.0,0.9992,0.9996,0.9992
Fast-SB,296.0,0.99775,0.9939959449365197,1.0,8,0.9976,0.9996,1.0,0.9868,1.0,0.9992,0.9996,0.9992
Fast-SB,297.0,0.99775,0.9939959449365197,1.0,8,0.9976,0.9996,1.0,0.9868,1.0,0.9992,0.9996,0.9992
Fast-SB,298.0,0.99775,0.9939959449365197,1.0,8,0.9976,0.9996,1.0,0.9868,1.0,0.9992,0.9996,0.9992
Fast-SB,299.0,0.9978,0.9940456788895994,1.0,8,0.998,0.9996,1.0,0.9868,1.0,0.9992,0.9996,0.9992
Fast-SB,300.0,0.9979,0.9942459847965365,1.0,8,0.998,0.9996,1.0,0.9872,1.0,0.9992,0.9996,0.9996
Fast-SB,301.0,0.9979,0.9942459847965365,1.0,8,0.998,0.9996,1.0,0.9872,1.0,0.9992,0.9996,0.9996
Fast-SB,302.0,0.9981,0.9947805643175383,1.0,8,0.998,0.9996,1.0,0.9884,1.0,0.9996,0.9996,0.9996
Fast-SB,303.0,0.9981,0.9947805643175383,1.0,8,0.998,0.9996,1.0,0.9884,1.0,0.9996,0.9996,0.9996
Fast-SB,304.0,0.9981,0.9947805643175383,1.0,8,0.998,0.9996,1.0,0.9884,1.0,0.9996,0.9996,0.9996
Fast-SB,305.0,0.9981,0.9947805643175383,1.0,8,0.998,0.9996,1.0,0.9884,1.0,0.9996,0.9996,0.9996
Fast-SB,306.0,0.9981,0.9947805643175383,1.0,8,0.998,0.9996,1.0,0.9884,1.0,0.9996,0.9996,0.9996
Fast-SB,307.0,0.9981,0.9947805643175383,1.0,8,0.998,0.9996,1.0,0.9884,1.0,0.9996,0.9996,0.9996
Fast-SB,308.0,0.9981,0.9947805643175383,1.0,8,0.998,0.9996,1.0,0.9884,1.0,0.9996,0.9996,0.9996
Fast-SB,309.0,0.9981,0.9947805643175383,1.0,8,0.998,0.9996,1.0,0.9884,1.0,0.9996,0.9996,0.9996
Fast-SB,310.0,0.99815,0.9949472550626176,1.0,8,0.998,0.9996,1.0,0.9888,1.0,0.9996,0.9996,0.9996
Fast-SB,311.0,0.99815,0.9949472550626176,1.0,8,0.998,0.9996,1.0,0.9888,1.0,0.9996,0.9996,0.9996
Fast-SB,312.0,0.99815,0.9949472550626176,1.0,8,0.998,0.9996,1.0,0.9888,1.0,0.9996,0.9996,0.9996
Fast-SB,313.0,0.9982,0.9951138271041859,1.0,8,0.998,0.9996,1.0,0.9892,1.0,0.9996,0.9996,0.9996
Fast-SB,314.0,0.9982500000000001,0.995280266463673,1.0,8,0.998,0.9996,1.0,0.9896,1.0,0.9996,0.9996,0.9996
Fast-SB,315.0,0.9982500000000001,0.995280266463673,1.0,8,0.998,0.9996,1.0,0.9896,1.0,0.9996,0.9996,0.9996
Fast-SB,316.0,0.9983,0.9954465568981116,1.0,8,0.998,0.9996,1.0,0.99,1.0,0.9996,0.9996,0.9996
Fast-SB,317.0,0.9983500000000001,0.9954759793360546,1.0,8,0.998,0.9996,1.0,0.99,1.0,0.9996,0.9996,1.0
Fast-SB,318.0,0.9983500000000001,0.9954759793360546,1.0,8,0.998,0.9996,1.0,0.99,1.0,0.9996,0.9996,1.0
Fast-SB,319.0,0.9984,0.9955062382860465,1.0,8,0.998,0.9996,1.0,0.99,1.0,0.9996,1.0,1.0
Fast-SB,320.0,0.9984500000000001,0.9955373167393646,1.0,8,0.998,0.9996,1.0,0.99,1.0,1.0,1.0,1.0
Fast-SB,321.0,0.9984999999999999,0.9957031223339996,1.0,8,0.998,0.9996,1.0,0.9904,1.0,1.0,1.0,1.0
Fast-SB,322.0,0.9986,0.9959243079399901,1.0,8,0.9984,0.9996,1.0,0.9908,1.0,1.0,1.0,1.0
Fast-SB,323.0,0.99865,0.996090690329196,1.0,8,0.9984,0.9996,1.0,0.9912,1.0,1.0,1.0,1.0
Fast-SB,324.0,0.9988,0.9965886482156189,1.0,8,0.9984,0.9996,1.0,0.9924,1.0,1.0,1.0,1.0
Fast-SB,325.0,0.9989,0.9968093766906905,1.0,8,0.9988,0.9996,1.0,0.9928,1.0,1.0,1.0,1.0
Fast-SB,326.0,0.99895,0.9969758472002437,1.0,8,0.9988,0.9996,1.0,0.9932,1.0,1.0,1.0,1.0
Fast-SB,327.0,0.99895,0.9969758472002437,1.0,8,0.9988,0.9996,1.0,0.9932,1.0,1.0,1.0,1.0
Fast-SB,328.0,0.99905,0.9973080687262409,1.0,8,0.9988,0.9996,1.0,0.994,1.0,1.0,1.0,1.0
Fast-SB,329.0,0.99905,0.9973080687262409,1.0,8,0.9988,0.9996,1.0,0.994,1.0,1.0,1.0,1.0
Fast-SB,330.0,0.99905,0.9973080687262409,1.0,8,0.9988,0.9996,1.0,0.994,1.0,1.0,1.0,1.0
Fast-SB,331.0,0.99905,0.9973080687262409,1.0,8,0.9988,0.9996,1.0,0.994,1.0,1.0,1.0,1.0
Fast-SB,332.0,0.99905,0.9973080687262409,1.0,8,0.9988,0.9996,1.0,0.994,1.0,1.0,1.0,1.0
Fast-SB,333.0,0.99905,0.9973080687262409,1.0,8,0.9988,0.9996,1.0,0.994,1.0,1.0,1.0,1.0
Fast-SB,334.0,0.99905,0.9973080687262409,1.0,8,0.9988,0.9996,1.0,0.994,1.0,1.0,1.0,1.0
Fast-SB,335.0,0.99915,0.9976389624927837,1.0,8,0.9988,0.9996,1.0,0.9948,1.0,1.0,1.0,1.0
Fast-SB,336.0,0.9992,0.997803705464964,1.0,8,0.9988,0.9996,1.0,0.9952,1.0,1.0,1.0,1.0
Fast-SB,337.0,0.99925,0.9979678109991391,1.0,8,0.9988,0.9996,1.0,0.9956,1.0,1.0,1.0,1.0
Fast-SB,338.0,0.99925,0.9979678109991391,1.0,8,0.9988,0.9996,1.0,0.9956,1.0,1.0,1.0,1.0
Fast-SB,339.0,0.99925,0.9979678109991391,1.0,8,0.9988,0.9996,1.0,0.9956,1.0,1.0,1.0,1.0
Fast-SB,340.0,0.99925,0.9979678109991391,1.0,8,0.9988,0.9996,1.0,0.9956,1.0,1.0,1.0,1.0
Fast-SB,341.0,0.9993,0.9980264085231126,1.0,8,0.9992,0.9996,1.0,0.9956,1.0,1.0,1.0,1.0
Fast-SB,342.0,0.9993,0.9980264085231126,1.0,8,0.9992,0.9996,1.0,0.9956,1.0,1.0,1.0,1.0
Fast-SB,343.0,0.9993,0.9980264085231126,1.0,8,0.9992,0.9996,1.0,0.9956,1.0,1.0,1.0,1.0
Fast-SB,344.0,0.9993,0.9980264085231126,1.0,8,0.9992,0.9996,1.0,0.9956,1.0,1.0,1.0,1.0
Fast-SB,345.0,0.99935,0.9981922537326154,1.0,8,0.9992,0.9996,1.0,0.996,1.0,1.0,1.0,1.0
Fast-SB,346.0,0.99935,0.9981922537326154,1.0,8,0.9992,0.9996,1.0,0.996,1.0,1.0,1.0,1.0
Fast-SB,347.0,0.9994,0.9983575587717833,1.0,8,0.9992,0.9996,1.0,0.9964,1.0,1.0,1.0,1.0
Fast-SB,348.0,0.9995,0.9986856311164028,1.0,8,0.9992,0.9996,1.0,0.9972,1.0,1.0,1.0,1.0
Fast-SB,349.0,0.9995,0.9986856311164028,1.0,8,0.9992,0.9996,1.0,0.9972,1.0,1.0,1.0,1.0
Fast-SB,350.0,0.9995,0.9986856311164028,1.0,8,0.9992,0.9996,1.0,0.9972,1.0,1.0,1.0,1.0
Fast-SB,351.0,0.9995,0.9986856311164028,1.0,8,0.9992,0.9996,1.0,0.9972,1.0,1.0,1.0,1.0
Fast-SB,352.0,0.99955,0.998741786676189,1.0,8,0.9996,0.9996,1.0,0.9972,1.0,1.0,1.0,1.0
Fast-SB,353.0,0.99955,0.998741786676189,1.0,8,0.9996,0.9996,1.0,0.9972,1.0,1.0,1.0,1.0
Fast-SB,354.0,0.9996,0.9989075988982431,1.0,8,0.9996,0.9996,1.0,0.9976,1.0,1.0,1.0,1.0
Fast-SB,355.0,0.9996,0.9989075988982431,1.0,8,0.9996,0.9996,1.0,0.9976,1.0,1.0,1.0,1.0
Fast-SB,356.0,0.9996,0.9989075988982431,1.0,8,0.9996,0.9996,1.0,0.9976,1.0,1.0,1.0,1.0
Fast-SB,357.0,0.9996,0.9989075988982431,1.0,8,0.9996,0.9996,1.0,0.9976,1.0,1.0,1.0,1.0
Fast-SB,358.0,0.99965,0.9990724223691634,1.0,8,0.9996,0.9996,1.0,0.998,1.0,1.0,1.0,1.0
Fast-SB,359.0,0.99965,0.9990724223691634,1.0,8,0.9996,0.9996,1.0,0.998,1.0,1.0,1.0,1.0
Fast-SB,360.0,0.99965,0.9990724223691634,1.0,8,0.9996,0.9996,1.0,0.998,1.0,1.0,1.0,1.0
Fast-SB,361.0,0.99965,0.9990724223691634,1.0,8,0.9996,0.9996,1.0,0.998,1.0,1.0,1.0,1.0
Fast-SB,362.0,0.99965,0.9990724223691634,1.0,8,0.9996,0.9996,1.0,0.998,1.0,1.0,1.0,1.0
Fast-SB,363.0,0.99965,0.9990724223691634,1.0,8,0.9996,0.9996,1.0,0.998,1.0,1.0,1.0,1.0
Fast-SB,364.0,0.9997,0.9992355232206327,1.0,8,0.9996,0.9996,1.0,0.9984,1.0,1.0,1.0,1.0
Fast-SB,365.0,0.9997,0.9992355232206327,1.0,8,0.9996,0.9996,1.0,0.9984,1.0,1.0,1.0,1.0
Fast-SB,366.0,0.99975,0.9993952500000001,1.0,8,0.9996,0.9996,1.0,0.9988,1.0,1.0,1.0,1.0
Fast-SB,367.0,0.99975,0.9993952500000001,1.0,8,0.9996,0.9996,1.0,0.9988,1.0,1.0,1.0,1.0
Fast-SB,368.0,0.99975,0.9993952500000001,1.0,8,0.9996,0.9996,1.0,0.9988,1.0,1.0,1.0,1.0
Fast-SB,369.0,0.99975,0.9993952500000001,1.0,8,0.9996,0.9996,1.0,0.9988,1.0,1.0,1.0,1.0
Fast-SB,370.0,0.99975,0.9993952500000001,1.0,8,0.9996,0.9996,1.0,0.9988,1.0,1.0,1.0,1.0
Fast-SB,371.0,0.99975,0.9993952500000001,1.0,8,0.9996,0.9996,1.0,0.9988,1.0,1.0,1.0,1.0
Fast-SB,372.0,0.99975,0.9993952500000001,1.0,8,0.9996,0.9996,1.0,0.9988,1.0,1.0,1.0,1.0
Fast-SB,373.0,0.99975,0.9993952500000001,1.0,8,0.9996,0.9996,1.0,0.9988,1.0,1.0,1.0,1.0
Fast-SB,374.0,0.99975,0.9993952500000001,1.0,8,0.9996,0.9996,1.0,0.9988,1.0,1.0,1.0,1.0
Fast-SB,375.0,0.99975,0.9993952500000001,1.0,8,0.9996,0.9996,1.0,0.9988,1.0,1.0,1.0,1.0
Fast-SB,376.0,0.9998,0.9995471708651509,1.0,8,0.9996,0.9996,1.0,0.9992,1.0,1.0,1.0,1.0
Fast-SB,377.0,0.9998,0.9995471708651509,1.0,8,0.9996,0.9996,1.0,0.9992,1.0,1.0,1.0,1.0
Fast-SB,378.0,0.9998,0.9995471708651509,1.0,8,0.9996,0.9996,1.0,0.9992,1.0,1.0,1.0,1.0
Fast-SB,379.0,0.9998,0.9995471708651509,1.0,8,0.9996,0.9996,1.0,0.9992,1.0,1.0,1.0,1.0
Fast-SB,380.0,0.9998,0.9995471708651509,1.0,8,0.9996,0.9996,1.0,0.9992,1.0,1.0,1.0,1.0
Fast-SB,381.0,0.9998,0.9995471708651509,1.0,8,0.9996,0.9996,1.0,0.9992,1.0,1.0,1.0,1.0
Fast-SB,382.0,0.9998,0.9995471708651509,1.0,8,0.9996,0.9996,1.0,0.9992,1.0,1.0,1.0,1.0
Fast-SB,383.0,0.9998,0.9995471708651509,1.0,8,0.9996,0.9996,1.0,0.9992,1.0,1.0,1.0,1.0
Fast-SB,384.0,0.9998,0.9995471708651509,1.0,8,0.9996,0.9996,1.0,0.9992,1.0,1.0,1.0,1.0
Fast-SB,385.0,0.9998,0.9995471708651509,1.0,8,0.9996,0.9996,1.0,0.9992,1.0,1.0,1.0,1.0
Fast-SB,386.0,0.9998,0.9995471708651509,1.0,8,0.9996,0.9996,1.0,0.9992,1.0,1.0,1.0,1.0
Fast-SB,387.0,0.9998,0.9995471708651509,1.0,8,0.9996,0.9996,1.0,0.9992,1.0,1.0,1.0,1.0
Fast-SB,388.0,0.9998,0.9995471708651509,1.0,8,0.9996,0.9996,1.0,0.9992,1.0,1.0,1.0,1.0
Fast-SB,389.0,0.9998,0.9995471708651509,1.0,8,0.9996,0.9996,1.0,0.9992,1.0,1.0,1.0,1.0
Fast-SB,390.0,0.9998,0.9995471708651509,1.0,8,0.9996,0.9996,1.0,0.9992,1.0,1.0,1.0,1.0
Fast-SB,391.0,0.9998,0.9995471708651509,1.0,8,0.9996,0.9996,1.0,0.9992,1.0,1.0,1.0,1.0
Fast-SB,392.0,0.9998,0.9995471708651509,1.0,8,0.9996,0.9996,1.0,0.9992,1.0,1.0,1.0,1.0
Fast-SB,393.0,0.9998,0.9995471708651509,1.0,8,0.9996,0.9996,1.0,0.9992,1.0,1.0,1.0,1.0
Fast-SB,394.0,0.9998,0.9995471708651509,1.0,8,0.9996,0.9996,1.0,0.9992,1.0,1.0,1.0,1.0
Fast-SB,395.0,0.9998,0.9995471708651509,1.0,8,0.9996,0.9996,1.0,0.9992,1.0,1.0,1.0,1.0
Fast-SB,396.0,0.9998,0.9995471708651509,1.0,8,0.9996,0.9996,1.0,0.9992,1.0,1.0,1.0,1.0
Fast-SB,397.0,0.9998,0.9995471708651509,1.0,8,0.9996,0.9996,1.0,0.9992,1.0,1.0,1.0,1.0
Fast-SB,398.0,0.9998,0.9995471708651509,1.0,8,0.9996,0.9996,1.0,0.9992,1.0,1.0,1.0,1.0
Fast-SB,399.0,0.99985,0.9996768997245608,1.0,8,0.9996,0.9996,1.0,0.9996,1.0,1.0,1.0,1.0
Fast-SB,400.0,0.99985,0.9996768997245608,1.0,8,0.9996,0.9996,1.0,0.9996,1.0,1.0,1.0,1.0
Fast-SB,401.0,0.99985,0.9996768997245608,1.0,8,0.9996,0.9996,1.0,0.9996,1.0,1.0,1.0,1.0
Fast-SB,402.0,0.99985,0.9996768997245608,1.0,8,0.9996,0.9996,1.0,0.9996,1.0,1.0,1.0,1.0
Fast-SB,403.0,0.99985,0.9996768997245608,1.0,8,0.9996,0.9996,1.0,0.9996,1.0,1.0,1.0,1.0
Fast-SB,404.0,0.99985,0.9996768997245608,1.0,8,0.9996,0.9996,1.0,0.9996,1.0,1.0,1.0,1.0
Fast-SB,405.0,0.99985,0.9996768997245608,1.0,8,0.9996,0.9996,1.0,0.9996,1.0,1.0,1.0,1.0
Fast-SB,406.0,0.99985,0.9996768997245608,1.0,8,0.9996,0.9996,1.0,0.9996,1.0,1.0,1.0,1.0
Fast-SB,407.0,0.99985,0.9996768997245608,1.0,8,0.9996,0.9996,1.0,0.9996,1.0,1.0,1.0,1.0
Fast-SB,408.0,0.99985,0.9996768997245608,1.0,8,0.9996,0.9996,1.0,0.9996,1.0,1.0,1.0,1.0
Fast-SB,409.0,0.99985,0.9996768997245608,1.0,8,0.9996,0.9996,1.0,0.9996,1.0,1.0,1.0,1.0
Fast-SB,410.0,0.99985,0.9996768997245608,1.0,8,0.9996,0.9996,1.0,0.9996,1.0,1.0,1.0,1.0
Fast-SB,411.0,0.99985,0.9996768997245608,1.0,8,0.9996,0.9996,1.0,0.9996,1.0,1.0,1.0,1.0
Fast-SB,412.0,0.99985,0.9996768997245608,1.0,8,0.9996,0.9996,1.0,0.9996,1.0,1.0,1.0,1.0
Fast-SB,413.0,0.99985,0.9996768997245608,1.0,8,0.9996,0.9996,1.0,0.9996,1.0,1.0,1.0,1.0
Fast-SB,414.0,0.99985,0.9996768997245608,1.0,8,0.9996,0.9996,1.0,0.9996,1.0,1.0,1.0,1.0
Fast-SB,415.0,0.99985,0.9996768997245608,1.0,8,0.9996,0.9996,1.0,0.9996,1.0,1.0,1.0,1.0
Fast-SB,416.0,0.99985,0.9996768997245608,1.0,8,0.9996,0.9996,1.0,0.9996,1.0,1.0,1.0,1.0
Fast-SB,417.0,0.99985,0.9996768997245608,1.0,8,0.9996,0.9996,1.0,0.9996,1.0,1.0,1.0,1.0
Fast-SB,418.0,0.99985,0.9996768997245608,1.0,8,0.9996,0.9996,1.0,0.9996,1.0,1.0,1.0,1.0
Fast-SB,419.0,0.99985,0.9996768997245608,1.0,8,0.9996,0.9996,1.0,0.9996,1.0,1.0,1.0,1.0
Fast-SB,420.0,0.99985,0.9996768997245608,1.0,8,0.9996,0.9996,1.0,0.9996,1.0,1.0,1.0,1.0
Fast-SB,421.0,0.99985,0.9996768997245608,1.0,8,0.9996,0.9996,1.0,0.9996,1.0,1.0,1.0,1.0
Fast-SB,422.0,0.99985,0.9996768997245608,1.0,8,0.9996,0.9996,1.0,0.9996,1.0,1.0,1.0,1.0
Fast-SB,423.0,0.99985,0.9996768997245608,1.0,8,0.9996,0.9996,1.0,0.9996,1.0,1.0,1.0,1.0
Fast-SB,424.0,0.99985,0.9996768997245608,1.0,8,0.9996,0.9996,1.0,0.9996,1.0,1.0,1.0,1.0
Fast-SB,425.0,0.99985,0.9996768997245608,1.0,8,0.9996,0.9996,1.0,0.9996,1.0,1.0,1.0,1.0
Fast-SB,426.0,0.99985,0.9996768997245608,1.0,8,0.9996,0.9996,1.0,0.9996,1.0,1.0,1.0,1.0
Fast-SB,427.0,0.9999,0.9997451744068776,1.0,8,0.9996,0.9996,1.0,1.0,1.0,1.0,1.0,1.0
Fast-SB,428.0,0.9999,0.9997451744068776,1.0,8,0.9996,0.9996,1.0,1.0,1.0,1.0,1.0,1.0
Fast-SB,429.0,0.9999,0.9997451744068776,1.0,8,0.9996,0.9996,1.0,1.0,1.0,1.0,1.0,1.0
Fast-SB,430.0,0.9999,0.9997451744068776,1.0,8,0.9996,0.9996,1.0,1.0,1.0,1.0,1.0,1.0
Fast-SB,431.0,0.9999,0.9997451744068776,1.0,8,0.9996,0.9996,1.0,1.0,1.0,1.0,1.0,1.0
Fast-SB,432.0,0.9999,0.9997451744068776,1.0,8,0.9996,0.9996,1.0,1.0,1.0,1.0,1.0,1.0
Fast-SB,433.0,0.9999,0.9997451744068776,1.0,8,0.9996,0.9996,1.0,1.0,1.0,1.0,1.0,1.0
Fast-SB,434.0,0.9999,0.9997451744068776,1.0,8,0.9996,0.9996,1.0,1.0,1.0,1.0,1.0,1.0
Fast-SB,435.0,0.9999,0.9997451744068776,1.0,8,0.9996,0.9996,1.0,1.0,1.0,1.0,1.0,1.0
Fast-SB,436.0,0.9999,0.9997451744068776,1.0,8,0.9996,0.9996,1.0,1.0,1.0,1.0,1.0,1.0
Fast-SB,437.0,0.9999,0.9997451744068776,1.0,8,0.9996,0.9996,1.0,1.0,1.0,1.0,1.0,1.0
Fast-SB,438.0,0.9999,0.9997451744068776,1.0,8,0.9996,0.9996,1.0,1.0,1.0,1.0,1.0,1.0
Fast-SB,439.0,0.9999,0.9997451744068776,1.0,8,0.9996,0.9996,1.0,1.0,1.0,1.0,1.0,1.0
Fast-SB,440.0,0.9999,0.9997451744068776,1.0,8,0.9996,0.9996,1.0,1.0,1.0,1.0,1.0,1.0
Fast-SB,441.0,0.9999,0.9997451744068776,1.0,8,0.9996,0.9996,1.0,1.0,1.0,1.0,1.0,1.0
Fast-SB,442.0,0.9999,0.9997451744068776,1.0,8,0.9996,0.9996,1.0,1.0,1.0,1.0,1.0,1.0
Fast-SB,443.0,0.9999,0.9997451744068776,1.0,8,0.9996,0.9996,1.0,1.0,1.0,1.0,1.0,1.0
Fast-SB,444.0,0.9999,0.9997451744068776,1.0,8,0.9996,0.9996,1.0,1.0,1.0,1.0,1.0,1.0
Fast-SB,445.0,0.9999,0.9997451744068776,1.0,8,0.9996,0.9996,1.0,1.0,1.0,1.0,1.0,1.0
Fast-SB,446.0,0.9999,0.9997451744068776,1.0,8,0.9996,0.9996,1.0,1.0,1.0,1.0,1.0,1.0
Fast-SB,447.0,0.9999,0.9997451744068776,1.0,8,0.9996,0.9996,1.0,1.0,1.0,1.0,1.0,1.0
Fast-SB,448.0,0.9999,0.9997451744068776,1.0,8,0.9996,0.9996,1.0,1.0,1.0,1.0,1.0,1.0
Fast-SB,449.0,0.9999,0.9997451744068776,1.0,8,0.9996,0.9996,1.0,1.0,1.0,1.0,1.0,1.0
Fast-SB,450.0,0.9999,0.9997451744068776,1.0,8,0.9996,0.9996,1.0,1.0,1.0,1.0,1.0,1.0
Fast-SB,451.0,0.9999,0.9997451744068776,1.0,8,0.9996,0.9996,1.0,1.0,1.0,1.0,1.0,1.0
Fast-SB,452.0,0.9999,0.9997451744068776,1.0,8,0.9996,0.9996,1.0,1.0,1.0,1.0,1.0,1.0
Fast-SB,453.0,0.9999,0.9997451744068776,1.0,8,0.9996,0.9996,1.0,1.0,1.0,1.0,1.0,1.0
Fast-SB,454.0,0.9999,0.9997451744068776,1.0,8,0.9996,0.9996,1.0,1.0,1.0,1.0,1.0,1.0
Fast-SB,455.0,0.9999,0.9997451744068776,1.0,8,0.9996,0.9996,1.0,1.0,1.0,1.0,1.0,1.0
Fast-SB,456.0,0.9999,0.9997451744068776,1.0,8,0.9996,0.9996,1.0,1.0,1.0,1.0,1.0,1.0
Fast-SB,457.0,0.9999,0.9997451744068776,1.0,8,0.9996,0.9996,1.0,1.0,1.0,1.0,1.0,1.0
Fast-SB,458.0,0.9999,0.9997451744068776,1.0,8,0.9996,0.9996,1.0,1.0,1.0,1.0,1.0,1.0
Fast-SB,459.0,0.9999,0.9997451744068776,1.0,8,0.9996,0.9996,1.0,1.0,1.0,1.0,1.0,1.0
Fast-SB,460.0,0.9999,0.9997451744068776,1.0,8,0.9996,0.9996,1.0,1.0,1.0,1.0,1.0,1.0
Fast-SB,461.0,0.9999,0.9997451744068776,1.0,8,0.9996,0.9996,1.0,1.0,1.0,1.0,1.0,1.0
Fast-SB,462.0,0.9999,0.9997451744068776,1.0,8,0.9996,0.9996,1.0,1.0,1.0,1.0,1.0,1.0
Fast-SB,463.0,0.9999,0.9997451744068776,1.0,8,0.9996,0.9996,1.0,1.0,1.0,1.0,1.0,1.0
Fast-SB,464.0,0.9999,0.9997451744068776,1.0,8,0.9996,0.9996,1.0,1.0,1.0,1.0,1.0,1.0
Fast-SB,465.0,0.9999,0.9997451744068776,1.0,8,0.9996,0.9996,1.0,1.0,1.0,1.0,1.0,1.0
Fast-SB,466.0,0.9999,0.9997451744068776,1.0,8,0.9996,0.9996,1.0,1.0,1.0,1.0,1.0,1.0
Fast-SB,467.0,0.9999,0.9997451744068776,1.0,8,0.9996,0.9996,1.0,1.0,1.0,1.0,1.0,1.0
Fast-SB,468.0,0.9999,0.9997451744068776,1.0,8,0.9996,0.9996,1.0,1.0,1.0,1.0,1.0,1.0
Fast-SB,469.0,0.9999,0.9997451744068776,1.0,8,0.9996,0.9996,1.0,1.0,1.0,1.0,1.0,1.0
Fast-SB,470.0,0.9999,0.9997451744068776,1.0,8,0.9996,0.9996,1.0,1.0,1.0,1.0,1.0,1.0
Fast-SB,471.0,0.9999,0.9997451744068776,1.0,8,0.9996,0.9996,1.0,1.0,1.0,1.0,1.0,1.0
Fast-SB,472.0,0.9999,0.9997451744068776,1.0,8,0.9996,0.9996,1.0,1.0,1.0,1.0,1.0,1.0
Fast-SB,473.0,0.9999,0.9997451744068776,1.0,8,0.9996,0.9996,1.0,1.0,1.0,1.0,1.0,1.0
Fast-SB,474.0,0.9999,0.9997451744068776,1.0,8,0.9996,0.9996,1.0,1.0,1.0,1.0,1.0,1.0
Fast-SB,475.0,0.9999,0.9997451744068776,1.0,8,0.9996,0.9996,1.0,1.0,1.0,1.0,1.0,1.0
Fast-SB,476.0,0.9999,0.9997451744068776,1.0,8,0.9996,0.9996,1.0,1.0,1.0,1.0,1.0,1.0
Fast-SB,477.0,0.9999,0.9997451744068776,1.0,8,0.9996,0.9996,1.0,1.0,1.0,1.0,1.0,1.0
Fast-SB,478.0,0.9999,0.9997451744068776,1.0,8,0.9996,0.9996,1.0,1.0,1.0,1.0,1.0,1.0
Fast-SB,479.0,0.9999,0.9997451744068776,1.0,8,0.9996,0.9996,1.0,1.0,1.0,1.0,1.0,1.0
Fast-SB,480.0,0.9999,0.9997451744068776,1.0,8,0.9996,0.9996,1.0,1.0,1.0,1.0,1.0,1.0
Fast-SB,481.0,0.9999,0.9997451744068776,1.0,8,0.9996,0.9996,1.0,1.0,1.0,1.0,1.0,1.0
Fast-SB,482.0,0.9999,0.9997451744068776,1.0,8,0.9996,0.9996,1.0,1.0,1.0,1.0,1.0,1.0
Fast-SB,483.0,0.9999,0.9997451744068776,1.0,8,0.9996,0.9996,1.0,1.0,1.0,1.0,1.0,1.0
Fast-SB,484.0,0.9999,0.9997451744068776,1.0,8,0.9996,0.9996,1.0,1.0,1.0,1.0,1.0,1.0
Fast-SB,485.0,0.9999,0.9997451744068776,1.0,8,0.9996,0.9996,1.0,1.0,1.0,1.0,1.0,1.0
Fast-SB,486.0,0.9999,0.9997451744068776,1.0,8,0.9996,0.9996,1.0,1.0,1.0,1.0,1.0,1.0
Fast-SB,487.0,0.9999,0.9997451744068776,1.0,8,0.9996,0.9996,1.0,1.0,1.0,1.0,1.0,1.0
Fast-SB,488.0,0.9999,0.9997451744068776,1.0,8,0.9996,0.9996,1.0,1.0,1.0,1.0,1.0,1.0
Fast-SB,489.0,0.9999,0.9997451744068776,1.0,8,0.9996,0.9996,1.0,1.0,1.0,1.0,1.0,1.0
Fast-SB,490.0,0.9999,0.9997451744068776,1.0,8,0.9996,0.9996,1.0,1.0,1.0,1.0,1.0,1.0
Fast-SB,491.0,0.9999,0.9997451744068776,1.0,8,0.9996,0.9996,1.0,1.0,1.0,1.0,1.0,1.0
Fast-SB,492.0,0.9999,0.9997451744068776,1.0,8,0.9996,0.9996,1.0,1.0,1.0,1.0,1.0,1.0
Fast-SB,493.0,0.9999,0.9997451744068776,1.0,8,0.9996,0.9996,1.0,1.0,1.0,1.0,1.0,1.0
Fast-SB,494.0,0.9999,0.9997451744068776,1.0,8,0.9996,0.9996,1.0,1.0,1.0,1.0,1.0,1.0
Fast-SB,495.0,0.9999,0.9997451744068776,1.0,8,0.9996,0.9996,1.0,1.0,1.0,1.0,1.0,1.0
Fast-SB,496.0,0.9999,0.9997451744068776,1.0,8,0.9996,0.9996,1.0,1.0,1.0,1.0,1.0,1.0
Fast-SB,497.0,0.9999,0.9997451744068776,1.0,8,0.9996,0.9996,1.0,1.0,1.0,1.0,1.0,1.0
Fast-SB,498.0,0.9999,0.9997451744068776,1.0,8,0.9996,0.9996,1.0,1.0,1.0,1.0,1.0,1.0
Fast-SB,499.0,0.9999,0.9997451744068776,1.0,8,0.9996,0.9996,1.0,1.0,1.0,1.0,1.0,1.0
Fast-SB,500.0,0.9999,0.9997451744068776,1.0,8,0.9996,0.9996,1.0,1.0,1.0,1.0,1.0,1.0
Fast-SB,501.0,0.9999,0.9997451744068776,1.0,8,0.9996,0.9996,1.0,1.0,1.0,1.0,1.0,1.0
Fast-SB,502.0,0.9999,0.9997451744068776,1.0,8,0.9996,0.9996,1.0,1.0,1.0,1.0,1.0,1.0
Fast-SB,503.0,0.9999,0.9997451744068776,1.0,8,0.9996,0.9996,1.0,1.0,1.0,1.0,1.0,1.0
Fast-SB,504.0,0.9999,0.9997451744068776,1.0,8,0.9996,0.9996,1.0,1.0,1.0,1.0,1.0,1.0
Fast-SB,505.0,0.9999,0.9997451744068776,1.0,8,0.9996,0.9996,1.0,1.0,1.0,1.0,1.0,1.0
Fast-SB,506.0,0.9999,0.9997451744068776,1.0,8,0.9996,0.9996,1.0,1.0,1.0,1.0,1.0,1.0
Fast-SB,507.0,0.9999,0.9997451744068776,1.0,8,0.9996,0.9996,1.0,1.0,1.0,1.0,1.0,1.0
Fast-SB,508.0,0.9999,0.9997451744068776,1.0,8,0.9996,0.9996,1.0,1.0,1.0,1.0,1.0,1.0
Fast-SB,509.0,0.9999,0.9997451744068776,1.0,8,0.9996,0.9996,1.0,1.0,1.0,1.0,1.0,1.0
Fast-SB,510.0,0.9999,0.9997451744068776,1.0,8,0.9996,0.9996,1.0,1.0,1.0,1.0,1.0,1.0
Fast-SB,511.0,0.9999,0.9997451744068776,1.0,8,0.9996,0.9996,1.0,1.0,1.0,1.0,1.0,1.0
Fast-SB,512.0,0.9999,0.9997451744068776,1.0,8,0.9996,0.9996,1.0,1.0,1.0,1.0,1.0,1.0
Fast-SB,513.0,0.9999,0.9997451744068776,1.0,8,0.9996,0.9996,1.0,1.0,1.0,1.0,1.0,1.0
Fast-SB,514.0,0.9999,0.9997451744068776,1.0,8,0.9996,0.9996,1.0,1.0,1.0,1.0,1.0,1.0
Fast-SB,515.0,0.9999,0.9997451744068776,1.0,8,0.9996,0.9996,1.0,1.0,1.0,1.0,1.0,1.0
Fast-SB,516.0,0.9999,0.9997451744068776,1.0,8,0.9996,0.9996,1.0,1.0,1.0,1.0,1.0,1.0
Fast-SB,517.0,0.9999,0.9997451744068776,1.0,8,0.9996,0.9996,1.0,1.0,1.0,1.0,1.0,1.0
Fast-SB,518.0,0.9999,0.9997451744068776,1.0,8,0.9996,0.9996,1.0,1.0,1.0,1.0,1.0,1.0
Fast-SB,519.0,0.9999,0.9997451744068776,1.0,8,0.9996,0.9996,1.0,1.0,1.0,1.0,1.0,1.0
Fast-SB,520.0,0.9999,0.9997451744068776,1.0,8,0.9996,0.9996,1.0,1.0,1.0,1.0,1.0,1.0
Fast-SB,521.0,0.9999,0.9997451744068776,1.0,8,0.9996,0.9996,1.0,1.0,1.0,1.0,1.0,1.0
Fast-SB,522.0,0.9999,0.9997451744068776,1.0,8,0.9996,0.9996,1.0,1.0,1.0,1.0,1.0,1.0
Fast-SB,523.0,0.9999,0.9997451744068776,1.0,8,0.9996,0.9996,1.0,1.0,1.0,1.0,1.0,1.0
Fast-SB,524.0,0.9999,0.9997451744068776,1.0,8,0.9996,0.9996,1.0,1.0,1.0,1.0,1.0,1.0
Fast-SB,525.0,0.9999,0.9997451744068776,1.0,8,0.9996,0.9996,1.0,1.0,1.0,1.0,1.0,1.0
Fast-SB,526.0,0.9999,0.9997451744068776,1.0,8,0.9996,0.9996,1.0,1.0,1.0,1.0,1.0,1.0
Fast-SB,527.0,0.9999,0.9997451744068776,1.0,8,0.9996,0.9996,1.0,1.0,1.0,1.0,1.0,1.0
Fast-SB,528.0,0.9999,0.9997451744068776,1.0,8,0.9996,0.9996,1.0,1.0,1.0,1.0,1.0,1.0
Fast-SB,529.0,0.9999,0.9997451744068776,1.0,8,0.9996,0.9996,1.0,1.0,1.0,1.0,1.0,1.0
Fast-SB,530.0,0.9999,0.9997451744068776,1.0,8,0.9996,0.9996,1.0,1.0,1.0,1.0,1.0,1.0
Fast-SB,531.0,0.9999,0.9997451744068776,1.0,8,0.9996,0.9996,1.0,1.0,1.0,1.0,1.0,1.0
Fast-SB,532.0,0.9999,0.9997451744068776,1.0,8,0.9996,0.9996,1.0,1.0,1.0,1.0,1.0,1.0
Fast-SB,533.0,0.9999,0.9997451744068776,1.0,8,0.9996,0.9996,1.0,1.0,1.0,1.0,1.0,1.0
Fast-SB,534.0,0.9999,0.9997451744068776,1.0,8,0.9996,0.9996,1.0,1.0,1.0,1.0,1.0,1.0
Fast-SB,535.0,0.9999,0.9997451744068776,1.0,8,0.9996,0.9996,1.0,1.0,1.0,1.0,1.0,1.0
Fast-SB,536.0,0.9999,0.9997451744068776,1.0,8,0.9996,0.9996,1.0,1.0,1.0,1.0,1.0,1.0
Fast-SB,537.0,0.9999,0.9997451744068776,1.0,8,0.9996,0.9996,1.0,1.0,1.0,1.0,1.0,1.0
Fast-SB,538.0,0.9999,0.9997451744068776,1.0,8,0.9996,0.9996,1.0,1.0,1.0,1.0,1.0,1.0
Fast-SB,539.0,0.9999,0.9997451744068776,1.0,8,0.9996,0.9996,1.0,1.0,1.0,1.0,1.0,1.0
Fast-SB,540.0,0.9999,0.9997451744068776,1.0,8,0.9996,0.9996,1.0,1.0,1.0,1.0,1.0,1.0
Fast-SB,541.0,0.9999,0.9997451744068776,1.0,8,0.9996,0.9996,1.0,1.0,1.0,1.0,1.0,1.0
Fast-SB,542.0,0.9999,0.9997451744068776,1.0,8,0.9996,0.9996,1.0,1.0,1.0,1.0,1.0,1.0
Fast-SB,543.0,0.9999,0.9997451744068776,1.0,8,0.9996,0.9996,1.0,1.0,1.0,1.0,1.0,1.0
Fast-SB,544.0,0.9999,0.9997451744068776,1.0,8,0.9996,0.9996,1.0,1.0,1.0,1.0,1.0,1.0
Fast-SB,545.0,0.9999,0.9997451744068776,1.0,8,0.9996,0.9996,1.0,1.0,1.0,1.0,1.0,1.0
Fast-SB,546.0,0.9999,0.9997451744068776,1.0,8,0.9996,0.9996,1.0,1.0,1.0,1.0,1.0,1.0
Fast-SB,547.0,0.9999,0.9997451744068776,1.0,8,0.9996,0.9996,1.0,1.0,1.0,1.0,1.0,1.0
Fast-SB,548.0,0.9999,0.9997451744068776,1.0,8,0.9996,0.9996,1.0,1.0,1.0,1.0,1.0,1.0
Fast-SB,549.0,0.9999,0.9997451744068776,1.0,8,0.9996,0.9996,1.0,1.0,1.0,1.0,1.0,1.0
Fast-SB,550.0,0.9999,0.9997451744068776,1.0,8,0.9996,0.9996,1.0,1.0,1.0,1.0,1.0,1.0
Fast-SB,551.0,0.9999,0.9997451744068776,1.0,8,0.9996,0.9996,1.0,1.0,1.0,1.0,1.0,1.0
Fast-SB,552.0,0.9999,0.9997451744068776,1.0,8,0.9996,0.9996,1.0,1.0,1.0,1.0,1.0,1.0
Fast-SB,553.0,0.9999,0.9997451744068776,1.0,8,0.9996,0.9996,1.0,1.0,1.0,1.0,1.0,1.0
Fast-SB,554.0,0.9999,0.9997451744068776,1.0,8,0.9996,0.9996,1.0,1.0,1.0,1.0,1.0,1.0
Fast-SB,555.0,0.9999,0.9997451744068776,1.0,8,0.9996,0.9996,1.0,1.0,1.0,1.0,1.0,1.0
Fast-SB,556.0,0.9999,0.9997451744068776,1.0,8,0.9996,0.9996,1.0,1.0,1.0,1.0,1.0,1.0
Fast-SB,557.0,0.9999,0.9997451744068776,1.0,8,0.9996,0.9996,1.0,1.0,1.0,1.0,1.0,1.0
Fast-SB,558.0,0.9999,0.9997451744068776,1.0,8,0.9996,0.9996,1.0,1.0,1.0,1.0,1.0,1.0
Fast-SB,559.0,0.9999,0.9997451744068776,1.0,8,0.9996,0.9996,1.0,1.0,1.0,1.0,1.0,1.0
Fast-SB,560.0,0.9999,0.9997451744068776,1.0,8,0.9996,0.9996,1.0,1.0,1.0,1.0,1.0,1.0
Fast-SB,561.0,0.9999,0.9997451744068776,1.0,8,0.9996,0.9996,1.0,1.0,1.0,1.0,1.0,1.0
Fast-SB,562.0,0.9999,0.9997451744068776,1.0,8,0.9996,0.9996,1.0,1.0,1.0,1.0,1.0,1.0
Fast-SB,563.0,0.9999,0.9997451744068776,1.0,8,0.9996,0.9996,1.0,1.0,1.0,1.0,1.0,1.0
Fast-SB,564.0,0.9999,0.9997451744068776,1.0,8,0.9996,0.9996,1.0,1.0,1.0,1.0,1.0,1.0
Fast-SB,565.0,0.9999,0.9997451744068776,1.0,8,0.9996,0.9996,1.0,1.0,1.0,1.0,1.0,1.0
Fast-SB,566.0,0.9999,0.9997451744068776,1.0,8,0.9996,0.9996,1.0,1.0,1.0,1.0,1.0,1.0
Fast-SB,567.0,0.9999,0.9997451744068776,1.0,8,0.9996,0.9996,1.0,1.0,1.0,1.0,1.0,1.0
Fast-SB,568.0,0.9999,0.9997451744068776,1.0,8,0.9996,0.9996,1.0,1.0,1.0,1.0,1.0,1.0
Fast-SB,569.0,0.9999,0.9997451744068776,1.0,8,0.9996,0.9996,1.0,1.0,1.0,1.0,1.0,1.0
Fast-SB,570.0,0.9999,0.9997451744068776,1.0,8,0.9996,0.9996,1.0,1.0,1.0,1.0,1.0,1.0
Fast-SB,571.0,0.9999,0.9997451744068776,1.0,8,0.9996,0.9996,1.0,1.0,1.0,1.0,1.0,1.0
Fast-SB,572.0,0.9999,0.9997451744068776,1.0,8,0.9996,0.9996,1.0,1.0,1.0,1.0,1.0,1.0
Fast-SB,573.0,0.9999,0.9997451744068776,1.0,8,0.9996,0.9996,1.0,1.0,1.0,1.0,1.0,1.0
Fast-SB,574.0,0.9999,0.9997451744068776,1.0,8,0.9996,0.9996,1.0,1.0,1.0,1.0,1.0,1.0
Fast-SB,575.0,0.9999,0.9997451744068776,1.0,8,0.9996,0.9996,1.0,1.0,1.0,1.0,1.0,1.0
Fast-SB,576.0,0.9999,0.9997451744068776,1.0,8,0.9996,0.9996,1.0,1.0,1.0,1.0,1.0,1.0
Fast-SB,577.0,0.9999,0.9997451744068776,1.0,8,0.9996,0.9996,1.0,1.0,1.0,1.0,1.0,1.0
Fast-SB,578.0,0.9999,0.9997451744068776,1.0,8,0.9996,0.9996,1.0,1.0,1.0,1.0,1.0,1.0
Fast-SB,579.0,0.9999,0.9997451744068776,1.0,8,0.9996,0.9996,1.0,1.0,1.0,1.0,1.0,1.0
Fast-SB,580.0,0.9999,0.9997451744068776,1.0,8,0.9996,0.9996,1.0,1.0,1.0,1.0,1.0,1.0
Fast-SB,581.0,0.9999,0.9997451744068776,1.0,8,0.9996,0.9996,1.0,1.0,1.0,1.0,1.0,1.0
Fast-SB,582.0,0.9999,0.9997451744068776,1.0,8,0.9996,0.9996,1.0,1.0,1.0,1.0,1.0,1.0
Fast-SB,583.0,0.9999,0.9997451744068776,1.0,8,0.9996,0.9996,1.0,1.0,1.0,1.0,1.0,1.0
Fast-SB,584.0,0.9999,0.9997451744068776,1.0,8,0.9996,0.9996,1.0,1.0,1.0,1.0,1.0,1.0
Fast-SB,585.0,0.9999,0.9997451744068776,1.0,8,0.9996,0.9996,1.0,1.0,1.0,1.0,1.0,1.0
Fast-SB,586.0,0.9999,0.9997451744068776,1.0,8,0.9996,0.9996,1.0,1.0,1.0,1.0,1.0,1.0
Fast-SB,587.0,0.9999,0.9997451744068776,1.0,8,0.9996,0.9996,1.0,1.0,1.0,1.0,1.0,1.0
Fast-SB,588.0,0.9999,0.9997451744068776,1.0,8,0.9996,0.9996,1.0,1.0,1.0,1.0,1.0,1.0
Fast-SB,589.0,0.9999,0.9997451744068776,1.0,8,0.9996,0.9996,1.0,1.0,1.0,1.0,1.0,1.0
Fast-SB,590.0,0.9999,0.9997451744068776,1.0,8,0.9996,0.9996,1.0,1.0,1.0,1.0,1.0,1.0
Fast-SB,591.0,0.9999,0.9997451744068776,1.0,8,0.9996,0.9996,1.0,1.0,1.0,1.0,1.0,1.0
Fast-SB,592.0,0.9999,0.9997451744068776,1.0,8,0.9996,0.9996,1.0,1.0,1.0,1.0,1.0,1.0
Fast-SB,593.0,0.9999,0.9997451744068776,1.0,8,0.9996,0.9996,1.0,1.0,1.0,1.0,1.0,1.0
Fast-SB,594.0,0.9999,0.9997451744068776,1.0,8,0.9996,0.9996,1.0,1.0,1.0,1.0,1.0,1.0
Fast-SB,595.0,0.9999,0.9997451744068776,1.0,8,0.9996,0.9996,1.0,1.0,1.0,1.0,1.0,1.0
Fast-SB,596.0,0.9999,0.9997451744068776,1.0,8,0.9996,0.9996,1.0,1.0,1.0,1.0,1.0,1.0
Fast-SB,597.0,0.9999,0.9997451744068776,1.0,8,0.9996,0.9996,1.0,1.0,1.0,1.0,1.0,1.0
Fast-SB,598.0,0.9999,0.9997451744068776,1.0,8,0.9996,0.9996,1.0,1.0,1.0,1.0,1.0,1.0
Fast-SB,599.0,0.9999,0.9997451744068776,1.0,8,0.9996,0.9996,1.0,1.0,1.0,1.0,1.0,1.0
Fast-SB,600.0,0.9999,0.9997451744068776,1.0,8,0.9996,0.9996,1.0,1.0,1.0,1.0,1.0,1.0
Fast-SB,601.0,0.9999,0.9997451744068776,1.0,8,0.9996,0.9996,1.0,1.0,1.0,1.0,1.0,1.0
Fast-SB,602.0,0.9999,0.9997451744068776,1.0,8,0.9996,0.9996,1.0,1.0,1.0,1.0,1.0,1.0
Fast-SB,603.0,0.9999,0.9997451744068776,1.0,8,0.9996,0.9996,1.0,1.0,1.0,1.0,1.0,1.0
Fast-SB,604.0,0.9999,0.9997451744068776,1.0,8,0.9996,0.9996,1.0,1.0,1.0,1.0,1.0,1.0
Fast-SB,605.0,0.9999,0.9997451744068776,1.0,8,0.9996,0.9996,1.0,1.0,1.0,1.0,1.0,1.0
Fast-SB,606.0,0.9999,0.9997451744068776,1.0,8,0.9996,0.9996,1.0,1.0,1.0,1.0,1.0,1.0
Fast-SB,607.0,0.9999,0.9997451744068776,1.0,8,0.9996,0.9996,1.0,1.0,1.0,1.0,1.0,1.0
Fast-SB,608.0,0.9999,0.9997451744068776,1.0,8,0.9996,0.9996,1.0,1.0,1.0,1.0,1.0,1.0
Fast-SB,609.0,0.9999,0.9997451744068776,1.0,8,0.9996,0.9996,1.0,1.0,1.0,1.0,1.0,1.0
Fast-SB,610.0,0.9999,0.9997451744068776,1.0,8,0.9996,0.9996,1.0,1.0,1.0,1.0,1.0,1.0
Fast-SB,611.0,0.9999,0.9997451744068776,1.0,8,0.9996,0.9996,1.0,1.0,1.0,1.0,1.0,1.0
Fast-SB,612.0,0.9999,0.9997451744068776,1.0,8,0.9996,0.9996,1.0,1.0,1.0,1.0,1.0,1.0
Fast-SB,613.0,0.9999,0.9997451744068776,1.0,8,0.9996,0.9996,1.0,1.0,1.0,1.0,1.0,1.0
Fast-SB,614.0,0.9999,0.9997451744068776,1.0,8,0.9996,0.9996,1.0,1.0,1.0,1.0,1.0,1.0
Fast-SB,615.0,0.9999,0.9997451744068776,1.0,8,0.9996,0.9996,1.0,1.0,1.0,1.0,1.0,1.0
Fast-SB,616.0,0.9999,0.9997451744068776,1.0,8,0.9996,0.9996,1.0,1.0,1.0,1.0,1.0,1.0
Fast-SB,617.0,0.9999,0.9997451744068776,1.0,8,0.9996,0.9996,1.0,1.0,1.0,1.0,1.0,1.0
Fast-SB,618.0,0.9999,0.9997451744068776,1.0,8,0.9996,0.9996,1.0,1.0,1.0,1.0,1.0,1.0
Fast-SB,619.0,0.9999,0.9997451744068776,1.0,8,0.9996,0.9996,1.0,1.0,1.0,1.0,1.0,1.0
Fast-SB,620.0,0.9999,0.9997451744068776,1.0,8,0.9996,0.9996,1.0,1.0,1.0,1.0,1.0,1.0
Fast-SB,621.0,0.9999,0.9997451744068776,1.0,8,0.9996,0.9996,1.0,1.0,1.0,1.0,1.0,1.0
Fast-SB,622.0,0.9999,0.9997451744068776,1.0,8,0.9996,0.9996,1.0,1.0,1.0,1.0,1.0,1.0
Fast-SB,623.0,0.9999,0.9997451744068776,1.0,8,0.9996,0.9996,1.0,1.0,1.0,1.0,1.0,1.0
Fast-SB,624.0,0.9999,0.9997451744068776,1.0,8,0.9996,0.9996,1.0,1.0,1.0,1.0,1.0,1.0
Fast-SB,625.0,0.9999,0.9997451744068776,1.0,8,0.9996,0.9996,1.0,1.0,1.0,1.0,1.0,1.0
Fast-SB,626.0,0.9999,0.9997451744068776,1.0,8,0.9996,0.9996,1.0,1.0,1.0,1.0,1.0,1.0
Fast-SB,627.0,0.9999,0.9997451744068776,1.0,8,0.9996,0.9996,1.0,1.0,1.0,1.0,1.0,1.0
Fast-SB,628.0,0.9999,0.9997451744068776,1.0,8,0.9996,0.9996,1.0,1.0,1.0,1.0,1.0,1.0
Fast-SB,629.0,0.9999,0.9997451744068776,1.0,8,0.9996,0.9996,1.0,1.0,1.0,1.0,1.0,1.0
Fast-SB,630.0,0.9999,0.9997451744068776,1.0,8,0.9996,0.9996,1.0,1.0,1.0,1.0,1.0,1.0
Fast-SB,631.0,0.9999,0.9997451744068776,1.0,8,0.9996,0.9996,1.0,1.0,1.0,1.0,1.0,1.0
Fast-SB,632.0,0.9999,0.9997451744068776,1.0,8,0.9996,0.9996,1.0,1.0,1.0,1.0,1.0,1.0
Fast-SB,633.0,0.9999,0.9997451744068776,1.0,8,0.9996,0.9996,1.0,1.0,1.0,1.0,1.0,1.0
Fast-SB,634.0,0.9999,0.9997451744068776,1.0,8,0.9996,0.9996,1.0,1.0,1.0,1.0,1.0,1.0
Fast-SB,635.0,0.9999,0.9997451744068776,1.0,8,0.9996,0.9996,1.0,1.0,1.0,1.0,1.0,1.0
Fast-SB,636.0,0.9999,0.9997451744068776,1.0,8,0.9996,0.9996,1.0,1.0,1.0,1.0,1.0,1.0
Fast-SB,637.0,0.9999,0.9997451744068776,1.0,8,0.9996,0.9996,1.0,1.0,1.0,1.0,1.0,1.0
